code,signal_date,signal_idx,signal_type,signal_label,bull_candle_pct,ma5_prior5d_decline_pct,ma5_vs_ma25_pct,close_vs_ma5_pct,volume_ratio,avg_turnover_20,atr14_pct,dd20_pct,runner_score,entry_date,entry_open,next_open_gap_pct,gap_pass,return_5d_pct,return_10d_pct,return_15d_pct,mfe_pct,mae_pct,exit_date,exit_price,exit_reason,exit_pnl_pct,hold_days
1301,2026-08-07,1203,kuitto_pullback_auto,くいっと押し目版,3.0201342281879207,-2.6921406860616615,-0.5926843292494155,2.4471635150166815,2.0386473429951693,218524975.0,1.8147975802698928,-1.3918629550321193,0,2026-08-10,4565.0,-0.869,True,3.286,4.162,4.272,5.586,-1.205,2026-09-01,4775.0,max15_next_open,4.6,16.0
1332,2022-03-03,119,kuitto_pullback_auto,くいっと押し目版,1.7045454545454586,-3.9913700107874983,-1.4447884416924683,0.4113687359760698,1.260578837221173,1383017640.0,2.3942537909018355,-5.954465849387036,2,2022-03-04,533.0,-0.745,True,0.375,6.942,8.443,194.559,-6.754,2022-03-08,520.0,strict_gakutto_next_open,-2.439,3.0
1332,2024-07-12,699,kuitto_pullback_auto,くいっと押し目版,2.5065027193190037,-2.5365085977458346,-1.0052927354519792,2.281575159851812,1.8051310043668123,1049482418.0,1.4236282748393472,-0.4478126076472577,1,2024-07-16,874.0,0.807,False,2.952,1.373,-14.611,79.634,-15.332,2024-08-02,830.3,stop_loss,-5.0,14.0
1332,2026-07-17,1189,kuitto_pullback_auto,くいっと押し目版,1.8407362945177974,-3.5304093116472646,-1.5240788750098266,1.5157558835261264,1.941207075962539,1745996722.5,2.6634858265506596,-2.639632746748277,1,2026-07-21,1279.0,0.511,False,1.056,-2.385,-2.228,5.238,-10.125,2026-08-03,1269.5,strict_gakutto_next_open,-0.743,10.0
1333,2022-11-02,283,kuitto_pullback_auto,くいっと押し目版,1.9921874999999867,-2.35356843628608,-2.8086538267213634,1.798663998128558,1.7140504939626784,475474351.5,1.3906366836278727,-3.2126529099221535,0,2022-11-04,781.7,-0.204,True,4.605,3.838,6.473,103.275,-1.241,2022-11-16,793.0,strict_gakutto_next_open,1.446,9.0
1375,2022-02-02,100,kuitto_pullback_auto,くいっと押し目版,1.6407599309153698,-2.52482747012287,-2.4259122370808517,1.3257575757575912,1.3442367601246106,107149265.0,2.4517538536230123,-5.004035512510086,0,2022-02-03,1188.0,0.935,False,1.936,2.525,-1.515,5.892,-31.481,2022-02-04,1128.6,stop_loss,-5.0,2.0
1377,2024-09-10,739,kuitto_pullback_auto,くいっと押し目版,1.9374068554396384,-2.164502164502169,-0.7023705004389869,0.7957559681697646,1.7195512820512822,236918750.0,1.5037593984962407,-2.4251069900142697,0,2024-09-11,3400.0,-0.585,True,-1.029,4.118,6.765,38.676,-10.735,2024-10-04,3625.0,max15_next_open,6.618,16.0
1377,2026-01-26,1072,kuitto_pullback_auto,くいっと押し目版,1.6250000000000098,-3.347784200385362,-3.8920725883476615,0.9937888198757738,1.5140977443609023,873696675.0,2.5215252152521526,-7.613636363636367,2,2026-01-27,4080.0,0.369,True,-0.49,1.716,2.451,15.564,-2.574,2026-02-18,4200.0,max15_next_open,2.941,16.0
1379,2025-04-10,879,kuitto_pullback_auto,くいっと押し目版,1.5283842794759916,-4.059829059829056,-3.596660244059091,3.2644903397734737,1.2818930041152263,165326900.0,2.2657450076804917,-2.0537124802527673,0,2025-04-11,1839.0,-1.129,True,-0.435,1.74,-1.523,18.651,-6.634,2025-04-28,1843.0,strict_gakutto_next_open,0.218,12.0
1429,2022-07-07,204,kuitto_pullback_auto,くいっと押し目版,3.1088082901554515,-3.061911170928655,-2.9855753102985716,3.2157676348547826,1.440207972270364,23920055.0,2.2014836085187843,-0.6655574043261225,0,2022-07-08,596.0,-0.168,True,0.839,0.671,4.53,88.758,-4.027,2022-07-13,573.0,strict_gakutto_next_open,-3.859,4.0
1429,2022-09-28,259,kuitto_pullback_auto,くいっと押し目版,1.9726858877086473,-3.452311293153898,-1.3024256183534533,1.6949152542373058,2.2453416149068324,45737540.0,2.784863945578232,-4.950495049504955,0,2022-09-29,680.0,1.19,False,4.706,-0.294,5.441,65.441,-4.412,2022-10-21,712.0,max15_next_open,4.706,16.0
1429,2022-12-27,320,kuitto_pullback_auto,くいっと押し目版,2.8846153846153744,-5.405405405405405,-2.5937674939354394,2.490421455938696,1.4163636363636363,89491715.0,4.09712950600801,-3.712035995500562,2,2022-12-28,858.0,0.234,True,-5.361,-5.012,-5.361,31.119,-24.242,2022-12-29,801.0,stop_gap_open,-6.643,2.0
1429,2023-05-22,416,kuitto_pullback_auto,くいっと押し目版,2.9069767441860517,-3.5730137594318756,-1.3781223083548677,1.7007584463341718,1.2509702457956016,75696595.0,2.711864406779661,-3.4896401308615044,0,2023-05-23,889.0,0.452,True,1.8,2.362,0.112,26.547,-26.884,2023-06-01,908.0,strict_gakutto_next_open,2.137,8.0
1429,2024-04-24,645,kuitto_pullback_auto,くいっと押し目版,2.0597322348094638,-2.445432497978983,-1.7578678763821798,2.1438878581735654,1.8877400295420974,156721120.0,3.366008360962952,-6.155303030303028,3,2024-04-25,970.0,-2.119,True,-2.474,-4.021,-5.155,1.031,-32.99,2024-05-13,921.5,stop_loss,-5.0,10.0
1429,2024-06-04,671,kuitto_pullback_auto,くいっと押し目版,1.5981735159817267,-3.049187625194749,-4.310836293470166,1.9706691109074193,1.8423913043478262,88897845.0,2.247191011235955,-6.118143459915615,1,2024-06-05,893.0,0.337,True,1.568,5.375,3.807,7.839,-27.212,2024-06-21,919.0,strict_gakutto_next_open,2.912,13.0
1433,2022-05-06,160,kuitto_pullback_auto,くいっと押し目版,1.7948717948717885,-3.1994667555407474,-1.893837459634018,2.091548088462214,1.6991150442477876,25081635.0,2.4529207148854506,-2.6960784313725505,0,2022-05-09,1192.0,0.084,True,-0.503,-1.594,-0.336,13.674,-39.262,2022-05-20,1166.0,strict_gakutto_next_open,-2.181,10.0
1433,2023-12-27,567,kuitto_pullback_auto,くいっと押し目版,2.0547945205479534,-3.5175879396984855,-0.36872023352282346,0.5204317656129609,1.3029585798816568,84744310.0,4.1021777838652245,-5.61085972850679,2,2023-12-28,1035.0,-0.767,True,5.121,1.546,5.121,30.918,-30.048,2024-01-15,1061.0,strict_gakutto_next_open,2.512,9.0
1433,2024-01-22,581,kuitto_pullback_auto,くいっと押し目版,2.334267040149385,-2.226345083487946,-0.32698162137783093,3.318250377073917,2.5518474374255065,112936660.0,2.398331595411887,-0.27297543221109777,0,2024-01-23,1090.0,-0.547,True,-4.587,-8.257,-9.908,24.312,-33.578,2024-01-30,1013.0,strict_gakutto_next_open,-7.064,6.0
1433,2025-01-20,824,kuitto_pullback_auto,くいっと押し目版,1.5968063872255467,-3.9700805523590343,-2.0944863428549065,1.5765316304130916,1.9863842662632376,86929550.0,2.2102161100196462,-5.390334572490707,0,2025-01-21,1027.0,0.884,False,1.363,-7.498,-5.355,31.938,-14.119,2025-01-31,987.0,strict_gakutto_next_open,-3.895,9.0
1515,2021-11-04,40,kuitto_pullback_auto,くいっと押し目版,3.3033033033033066,-4.447011261911649,-0.3781966622643962,3.645676408556797,3.631455399061033,248830750.0,3.571428571428572,-2.133712660028453,2,2021-11-05,671.0,-2.471,True,-6.408,-5.663,-7.75,575.857,-26.006,2021-11-08,637.45,stop_loss,-5.0,2.0
1515,2023-08-24,482,kuitto_pullback_auto,くいっと押し目版,1.9736842105263053,-2.5862068965517238,-4.234253212555295,2.2877254729432472,2.088050314465409,210828475.0,2.82642089093702,-8.464566929133854,1,2023-08-25,917.0,-1.398,True,11.45,19.52,19.084,394.547,-19.956,2023-09-14,1076.0,strict_gakutto_next_open,17.339,15.0
1515,2025-06-27,932,kuitto_pullback_auto,くいっと押し目版,2.57452574525745,-2.929427430093212,-0.41923014101376,3.4718425369054007,1.9623824451410659,361716450.0,2.4344215889790526,-0.5256241787122251,0,2025-06-30,1520.0,0.396,True,-2.763,-1.842,-3.158,198.355,-4.868,2025-07-07,1478.0,strict_gakutto_next_open,-2.763,6.0
1518,2022-07-13,208,kuitto_pullback_auto,くいっと押し目版,1.6274238227146798,-4.968570282198748,-0.8289540833919307,2.051460361613344,1.4312071372215815,6341833495.0,5.916281333657822,-6.825396825396823,4,2022-07-14,587.0,0.0,True,16.525,12.095,7.155,309.37,-23.85,2022-07-29,651.0,strict_gakutto_next_open,10.903,11.0
1518,2025-11-07,1021,kuitto_pullback_auto,くいっと押し目版,1.566170712607673,-2.1949742658189497,-1.438278940792892,0.24733343638894123,1.8197461212976023,599163655.0,2.75360722546536,-3.854707190511486,0,2025-11-10,1410.0,8.712,False,-7.66,-5.674,-2.411,70.426,-10.213,2025-11-10,1339.5,stop_loss,-5.0,1.0
1662,2024-07-31,711,kuitto_pullback_auto,くいっと押し目版,3.4710743801652955,-3.963221306277742,-4.177677110859435,2.757715036112929,1.2944530844997408,1490037600.0,2.042446371519854,-4.863221884498481,1,2024-08-01,1252.0,0.0,True,-12.141,-8.946,-9.105,125.16,-28.674,2024-08-02,1184.0,stop_gap_open,-5.431,2.0
1663,2022-10-03,262,kuitto_pullback_auto,くいっと押し目版,2.5878003696857776,-4.251761614713956,-2.3071725069987448,2.828557312252955,1.6342412451361867,79316400.0,2.7413127413127416,-3.979238754325265,0,2022-10-04,852.5,2.402,False,9.032,5.748,17.771,233.724,-1.408,2022-10-19,901.5,strict_gakutto_next_open,5.748,11.0
1663,2023-07-03,446,kuitto_pullback_auto,くいっと押し目版,1.8095648427401967,-3.138288824630031,-0.08197865066630339,3.1247272409880456,1.9610091743119267,224885000.0,3.455051085182274,-5.100401606425697,2,2023-07-04,1175.0,-0.55,True,-4.894,-3.149,-3.191,142.128,-14.213,2023-07-11,1126.5,strict_gakutto_next_open,-4.128,6.0
1663,2024-11-20,786,kuitto_pullback_auto,くいっと押し目版,1.9892110586648748,-4.894924021985125,-4.845465141598249,1.7970117108628392,2.139784946236559,203888465.0,2.6942148760330578,-5.763239875389403,0,2024-11-21,1525.0,0.826,False,3.443,5.902,3.77,86.557,-23.115,2024-11-26,1580.0,strict_gakutto_next_open,3.607,4.0
1719,2026-09-17,1231,kuitto_pullback_auto,くいっと押し目版,1.947881021321396,-2.020465699070695,-0.8757376567192443,2.5688559322033955,1.479277566539924,1254357742.5,1.7059496145476007,-1.1485451761102605,1,2026-09-18,1932.0,-0.232,True,,,,0.207,-1.837,,,,,
1766,2026-08-10,1204,kuitto_pullback_auto,くいっと押し目版,1.607963246554367,-3.6965558194774317,-0.22020368841177973,1.685823754789273,1.5,336191950.0,2.201528689848208,-2.9261155815654694,0,2026-08-12,13300.0,0.226,True,0.15,2.331,4.361,4.662,-3.459,2026-09-02,13850.0,max15_next_open,4.135,16.0
1780,2023-12-26,566,kuitto_pullback_auto,くいっと押し目版,1.6176470588235237,-4.1872268433666875,-4.406388842022391,1.6325930283865198,1.5621621621621622,36014740.0,2.005375232582179,-5.729877216916779,0,2023-12-27,1390.0,0.579,False,9.856,14.317,19.353,23.597,-26.259,2024-01-23,1664.0,max15_next_open,19.712,16.0
1780,2024-07-31,711,kuitto_pullback_auto,くいっと押し目版,1.7160686427457161,-2.8232467337438005,-2.0657532589299143,0.6794317479925871,1.312280701754386,38071025.0,1.6652059596844873,-2.68656716417911,0,2024-08-01,1296.0,-0.613,True,-11.497,-8.796,-10.494,30.864,-20.91,2024-08-02,1231.2,stop_loss,-5.0,2.0
1786,2023-02-13,351,kuitto_pullback_auto,くいっと押し目版,1.6949152542372836,-3.583061889250816,-1.62083167264514,1.282916948008106,2.049786628733997,156764930.0,1.8333333333333333,-4.153354632587858,0,2023-02-14,308.0,2.667,False,2.597,5.844,4.87,42.857,-6.494,2023-03-07,323.0,strict_gakutto_next_open,4.87,15.0
1801,2023-02-14,352,kuitto_pullback_auto,くいっと押し目版,1.5151515151515138,-2.9716655148583238,-0.9982191395632278,3.076923076923066,1.5009630200308166,2987644025.0,2.2142037067410203,-3.2222222222222263,1,2023-02-15,4405.0,1.148,False,-0.341,1.249,6.016,369.467,-9.989,2023-03-09,4695.0,max15_next_open,6.583,16.0
1802,2022-05-06,160,kuitto_pullback_auto,くいっと押し目版,1.6797312430011146,-2.6094648385670105,-1.068566340160293,2.160216021602168,1.6705556654142772,1940323080.0,1.9902454373820013,-0.6564551422319487,1,2022-05-09,903.0,-0.551,True,3.322,0.443,1.55,391.584,-3.433,2022-05-12,877.0,strict_gakutto_next_open,-2.879,4.0
1802,2026-06-29,1175,kuitto_pullback_auto,くいっと押し目版,2.538389219680348,-2.3941408173313583,-0.06400522081800863,2.7251036041692878,1.3285789926533853,9612501345.0,3.521219001047852,-1.6531409678388953,3,2026-06-30,3299.0,0.825,False,3.213,-3.547,-1.728,4.062,-12.367,2026-07-22,3229.0,max15_next_open,-2.122,16.0
1803,2022-10-04,263,kuitto_pullback_auto,くいっと押し目版,2.364394993045904,-4.84945377031708,-4.339934874286033,2.6785714285714413,1.2509631260319207,1530439775.0,2.154503105590062,-4.4155844155844175,1,2022-10-05,736.0,0.0,True,-1.223,0.815,0.543,391.576,-10.19,2022-10-13,721.0,strict_gakutto_next_open,-2.038,6.0
1812,2022-05-06,160,kuitto_pullback_auto,くいっと押し目版,1.8181818181818077,-2.9431802697915233,-2.2736555479918374,1.4210086375034958,1.4358778041497589,2144225095.0,2.1585557299843012,-2.608695652173909,1,2022-05-09,1446.0,-0.687,True,-3.32,-5.394,-4.288,456.017,-7.815,2022-05-12,1401.0,strict_gakutto_next_open,-3.112,4.0
1813,2023-10-06,512,kuitto_pullback_auto,くいっと押し目版,2.116935483870974,-4.463149652539888,-0.9439695336871612,3.5787321063394772,1.591867469879518,164653385.0,2.651248060922296,-1.8410852713178327,0,2023-10-10,2027.0,0.049,True,-3.059,-4.292,-3.552,98.076,-8.633,2023-10-17,1994.0,strict_gakutto_next_open,-1.628,6.0
1813,2024-07-31,711,kuitto_pullback_auto,くいっと押し目版,2.615780445969129,-2.5785123966942214,-3.5907405289726024,1.372532407015159,1.506578947368421,134220275.0,2.208823353829622,-7.2480620155038755,1,2024-08-01,2381.0,-0.501,True,-10.878,-0.168,-2.646,68.627,-22.218,2024-08-02,2253.0,stop_gap_open,-5.376,2.0
1813,2026-04-21,1130,kuitto_pullback_auto,くいっと押し目版,2.3026315789473673,-2.7190136275146104,-2.5804280870668106,3.2810839532412484,6.6521739130434785,207222930.0,2.8318787322002756,-2.8124999999999956,0,2026-04-22,3100.0,-0.322,True,-1.452,-8.226,-9.258,1.774,-18.903,2026-04-24,3020.0,strict_gakutto_next_open,-2.581,3.0
1813,2026-07-15,1187,kuitto_pullback_auto,くいっと押し目版,2.71698113207548,-3.2772746873652503,-0.09934462204560512,1.0018552875695752,1.439909297052154,215103435.0,2.7290857562716493,-3.2005689900426737,0,2026-07-16,2718.0,-0.147,True,1.104,-1.177,2.465,12.951,-5.077,2026-07-27,2700.0,strict_gakutto_next_open,-0.662,7.0
1814,2023-03-27,379,kuitto_pullback_auto,くいっと押し目版,1.6393442622950838,-2.181633688482998,-2.3420387531592257,1.6218081435472653,1.9491525423728813,43971855.0,1.77055542081009,-4.071661237785018,0,2023-03-28,1172.0,-0.509,True,-1.024,-1.962,-1.024,284.386,-2.645,2023-04-04,1165.0,strict_gakutto_next_open,-0.597,6.0
1814,2024-10-28,770,kuitto_pullback_auto,くいっと押し目版,2.7010050251256246,-2.1347896239295117,-1.6932740770166599,3.2327314054804823,2.002919708029197,83640000.0,1.5596330275229358,0.0,0,2024-10-29,1629.0,-0.367,True,-0.491,4.543,3.376,176.55,-6.077,2024-11-06,1631.0,strict_gakutto_next_open,0.123,6.0
1814,2026-02-05,1080,kuitto_pullback_auto,くいっと押し目版,2.371541501976293,-2.8681177976952577,-1.9354838709677469,2.2368421052631593,2.915915915915916,325033850.0,2.445302445302445,-3.237858032378582,0,2026-02-06,3970.0,2.188,False,6.423,10.327,12.091,13.476,-22.67,2026-02-27,4330.0,strict_gakutto_next_open,9.068,14.0
1815,2023-04-03,384,kuitto_pullback_auto,くいっと押し目版,2.1416803953871577,-3.046329595938224,-1.5492897300544928,1.3513513513513598,1.389041095890411,93155340.0,2.3079877112135176,-3.125,0,2023-04-04,1861.0,0.054,True,-2.418,-1.236,-0.107,213.81,-3.009,2023-04-06,1805.0,strict_gakutto_next_open,-3.009,3.0
1815,2023-08-10,473,kuitto_pullback_auto,くいっと押し目版,1.9279553526128979,-2.392391410922634,-0.8937437934458781,0.6513026052104243,3.595,51014945.0,1.9519305980231814,-2.2384428223844233,0,2023-08-14,2001.0,-0.398,True,-1.199,-0.2,1.799,191.854,-6.047,2023-09-04,2040.0,max15_next_open,1.949,16.0
1815,2024-07-29,709,kuitto_pullback_auto,くいっと押し目版,2.8363047001620734,-3.9453366275478796,-3.2005093484067326,1.7887222266784297,1.7476635514018692,112508415.0,1.9419115163796015,-3.203661327231122,0,2024-07-30,2521.0,-0.67,True,-16.144,-7.259,-5.791,131.654,-18.683,2024-08-02,2394.95,stop_loss,-5.0,4.0
1833,2023-04-12,391,kuitto_pullback_auto,くいっと押し目版,1.6000000000000014,-2.209595959595956,-3.2869392320119317,1.9916479280436938,2.8315467075038283,487166700.0,1.5410573678290214,-4.078549848942603,0,2023-04-13,3190.0,0.472,True,0.784,3.448,5.799,134.796,-0.47,2023-05-09,3370.0,max15_next_open,5.643,16.0
1833,2024-07-31,711,kuitto_pullback_auto,くいっと押し目版,2.594810379241519,-2.248062015503871,-0.784006272050175,1.5408929276965688,2.096311475409836,412521300.0,1.396609227348527,-1.3435700575815779,0,2024-08-01,5110.0,-0.584,True,-7.045,-12.133,-10.861,46.575,-26.712,2024-08-02,4825.0,stop_gap_open,-5.577,2.0
1833,2026-04-28,1135,kuitto_pullback_auto,くいっと押し目版,2.333333333333343,-2.644308287649144,-4.034307496823375,1.6219794769943618,1.3973747016706444,498197850.0,2.070730572359237,-6.4024390243902385,1,2026-04-30,6080.0,-0.977,True,2.467,-6.908,-8.388,5.263,-10.855,2026-05-15,5980.0,strict_gakutto_next_open,-1.645,9.0
1835,2024-04-24,645,kuitto_pullback_auto,くいっと押し目版,1.620745542949753,-3.6346153846153917,-0.4595286548939814,3.376640506496087,2.9100817438692097,193864775.0,2.030075187969925,-0.31796502384737746,0,2024-04-25,3140.0,0.159,True,-1.115,-0.796,-2.707,85.987,-15.541,2024-05-21,3055.0,max15_next_open,-2.707,16.0
1835,2024-06-14,679,kuitto_pullback_auto,くいっと押し目版,1.9704433497536922,-2.402022756005062,-0.1614987080103325,0.45292785506307887,1.9445350734094617,157050175.0,2.14170692431562,-3.7209302325581395,0,2024-06-17,3070.0,-1.127,True,2.769,3.909,2.932,90.228,-13.616,2024-07-02,3180.0,strict_gakutto_next_open,3.583,12.0
1835,2025-11-21,1031,kuitto_pullback_auto,くいっと押し目版,2.392344497607657,-4.6324037796727335,-2.3836283600262242,2.662508994962831,1.446969696969697,288603175.0,3.0791054739652868,-4.570791527313267,2,2025-11-25,4350.0,1.636,False,0.805,0.0,2.529,34.253,-12.529,2025-12-03,4280.0,strict_gakutto_next_open,-1.609,7.0
1860,2022-08-10,227,kuitto_pullback_auto,くいっと押し目版,1.6129032258064502,-2.9229904440697063,-1.8667725828415915,0.17346053772766545,1.568981269986295,242776085.0,1.9892805607091322,-4.281767955801108,0,2022-08-12,685.0,-1.154,True,1.606,1.606,0.0,143.066,-2.774,2022-08-16,688.0,strict_gakutto_next_open,0.438,3.0
1861,2021-12-02,59,kuitto_pullback_auto,くいっと押し目版,2.007434944237918,-2.782518150001445,-3.4989037227509123,2.0044013560934992,1.2805429864253393,608782724.0,2.600999583506871,-6.02739726027397,1,2021-12-03,690.3,0.627,False,4.954,5.679,3.984,195.958,-11.922,2021-12-21,712.8,strict_gakutto_next_open,3.259,13.0
1861,2022-04-14,148,kuitto_pullback_auto,くいっと押し目版,1.887633769322239,-2.187216349954646,-3.5253392730028366,1.9755437208057058,1.3370707778556412,549269812.0,1.8464103365635098,-6.288448393711555,1,2022-04-15,683.5,-0.292,True,-0.614,-0.614,-1.975,198.903,-11.046,2022-04-22,673.5,strict_gakutto_next_open,-1.463,6.0
1861,2023-11-10,535,kuitto_pullback_auto,くいっと押し目版,2.2376370552696256,-3.8584381899637754,-1.1986723482180661,1.7844015237586053,1.6864864864864866,589741748.0,2.4700622205546714,-3.045092838196295,0,2023-11-13,911.3,-0.274,True,-3.709,-5.081,-5.355,124.185,-17.7,2023-11-20,865.735,stop_loss,-5.0,6.0
1871,2025-08-19,967,kuitto_pullback_auto,くいっと押し目版,3.492239467849223,-4.971440660038084,-0.2908321766144528,3.1377748315103204,4.009271523178808,280365520.0,3.1754533629198867,-4.059609455292912,2,2025-08-20,1856.0,-0.589,True,-0.108,-1.616,0.7,91.272,-7.22,2025-08-27,1855.0,strict_gakutto_next_open,-0.054,6.0
1871,2025-09-25,992,kuitto_pullback_auto,くいっと押し目版,1.982378854625555,-2.0038784744667137,-1.183931431539753,1.4127696856861327,1.9781021897810218,152107845.0,1.8358531317494602,-1.906779661016944,0,2025-09-26,1843.0,-0.486,True,-3.147,-1.628,-2.821,92.621,-6.565,2025-10-02,1795.0,strict_gakutto_next_open,-2.604,5.0
1879,2023-10-24,523,kuitto_pullback_auto,くいっと押し目版,1.8803418803418737,-3.097709672104132,-2.785561232899303,1.051203797897604,2.1357142857142857,90137715.0,2.6486097794822627,-5.546751188589538,0,2023-10-25,1203.0,0.923,False,0.333,-1.746,-5.819,98.67,-13.882,2023-11-09,1182.0,strict_gakutto_next_open,-1.746,11.0
1879,2024-07-11,698,kuitto_pullback_auto,くいっと押し目版,1.9875776397515477,-2.4254183846713517,-0.2847944526993662,1.9495840059605252,1.6544444444444444,199673980.0,1.8922916304158692,-1.5587529976019199,0,2024-07-12,1650.0,0.487,True,2.424,-2.545,-9.939,44.848,-27.273,2024-07-23,1664.0,strict_gakutto_next_open,0.848,7.0
1879,2025-05-21,905,kuitto_pullback_auto,くいっと押し目版,2.4482109227871973,-3.43708688859512,-0.12163638168999347,1.4042500310674777,2.701123595505618,123602195.0,2.5866596638655466,-3.7168141592920367,0,2025-05-22,1620.0,-0.735,True,-0.494,-0.247,-1.79,47.531,-3.148,2025-05-29,1616.0,strict_gakutto_next_open,-0.247,6.0
1885,2024-07-31,711,kuitto_pullback_auto,くいっと押し目版,2.407221664994985,-3.8827412152980023,-2.0287571400433357,2.6336952151186255,1.7856440511307767,124958075.0,2.413600111935078,-2.1093000958772756,0,2024-08-01,1021.0,0.0,True,-12.537,-11.557,-12.047,358.374,-21.841,2024-08-02,958.0,stop_gap_open,-6.17,2.0
1887,2024-10-16,762,kuitto_pullback_auto,くいっと押し目版,3.292181069958855,-2.7424483306836223,-1.302564927233263,2.2403258655804503,1.3270321361058601,121155060.0,1.7216846898121796,-1.7612524461839585,0,2024-10-17,505.0,0.598,False,1.188,1.782,4.158,42.376,-14.455,2024-10-28,498.0,strict_gakutto_next_open,-1.386,8.0
1888,2022-05-06,160,kuitto_pullback_auto,くいっと押し目版,2.1671826625387025,-4.542719614921786,-2.2968593963356265,3.2540675844806133,1.2554744525547445,52905245.0,2.7344877344877347,-4.1162227602905554,0,2022-05-09,1980.0,0.0,True,-3.03,-4.747,-0.758,211.616,-8.333,2022-05-12,1904.0,strict_gakutto_next_open,-3.838,4.0
1888,2022-05-23,171,kuitto_pullback_auto,くいっと押し目版,2.804232804232809,-2.309612983770293,-2.018990091226913,2.5546289454238424,2.1475409836065573,51494420.0,2.9666936254687157,-5.9079903147699735,3,2022-05-24,1927.0,-0.823,True,2.802,6.383,12.818,220.187,-1.194,2022-06-14,2159.0,max15_next_open,12.039,16.0
1893,2022-06-21,192,kuitto_pullback_auto,くいっと押し目版,2.5276461295418606,-3.2139577594123003,-0.6078836874099158,2.301387137452715,1.4421961898000237,623134355.0,2.2562183579132733,-2.844311377245512,0,2022-06-22,658.0,1.387,False,6.079,8.359,5.927,243.009,-18.207,2022-07-07,695.0,strict_gakutto_next_open,5.623,12.0
1893,2024-07-31,711,kuitto_pullback_auto,くいっと押し目版,1.5477996965098662,-2.2069992553983675,-0.48032536612742094,1.4400485068970736,1.4550737113956742,1027102839.0,1.5914524805738173,-1.0644589000591287,1,2024-08-01,659.0,-1.524,True,-9.09,-2.822,-3.278,242.489,-18.331,2024-08-02,622.2,stop_gap_open,-5.584,2.0
1899,2022-09-09,248,kuitto_pullback_auto,くいっと押し目版,2.857142857142847,-4.44670050761421,-3.6201126438658027,2.900698708448024,1.5098039215686274,37656175.0,1.6828336272780717,-2.8000000000000025,0,2022-09-12,2432.5,0.103,True,0.617,-0.514,-0.925,111.305,-11.614,2022-09-28,2385.0,strict_gakutto_next_open,-1.953,11.0
1899,2023-01-11,328,kuitto_pullback_auto,くいっと押し目版,1.5963511972634015,-2.4586499776486415,-3.978896460760606,1.9917582417582347,1.9855072463768115,151467300.0,1.7075517075517073,-5.614406779661019,0,2023-01-12,2230.0,0.112,True,-0.448,2.466,1.121,130.493,-3.587,2023-02-02,2255.0,max15_next_open,1.121,16.0
1899,2023-03-22,376,kuitto_pullback_auto,くいっと押し目版,1.9340159271899804,-4.706907823055129,-1.5273671951984147,1.887650670911989,1.7450980392156863,30539850.0,1.905293367346939,-4.06852248394004,0,2023-03-23,2245.0,0.223,True,1.782,2.004,4.12,128.953,-2.561,2023-04-07,2257.5,strict_gakutto_next_open,0.557,12.0
1899,2026-07-08,1182,kuitto_pullback_auto,くいっと押し目版,2.3513139695712226,-2.63718700053277,-1.3826868241243906,0.9274413529732684,1.5905044510385757,160413850.0,3.127413127413127,-6.801007556675065,3,2026-07-09,3645.0,-1.486,True,4.664,7.545,4.801,41.015,0.0,2026-07-21,3790.0,strict_gakutto_next_open,3.978,8.0
1911,2021-10-28,36,kuitto_pullback_auto,くいっと押し目版,2.1008403361344463,-2.377916966908722,-0.15444537763021904,2.88762808027776,1.6468820435762586,1129692012.0,1.7519106407995315,0.0,1,2021-10-29,725.3,-0.508,True,6.99,8.879,13.291,235.172,-16.269,2021-11-10,774.7,strict_gakutto_next_open,6.811,8.0
1911,2024-03-19,620,kuitto_pullback_auto,くいっと押し目版,3.0781261107556634,-2.799714856799418,-0.37303248112093845,3.4531963470319615,1.66780989710926,3709549734.0,2.4004926108374387,0.0,1,2024-03-21,1520.0,4.828,False,1.822,5.217,9.539,59.934,-20.132,2024-04-11,1618.3,max15_next_open,6.467,16.0
1925,2025-04-10,879,kuitto_pullback_auto,くいっと押し目版,2.33265720081135,-3.486055776892427,-2.260552989479092,3.4786889280879585,1.3,9062802910.0,2.763698145264052,-2.0768633540372616,1,2025-04-11,4852.0,-3.826,True,5.049,4.678,7.007,19.641,-15.89,2025-04-25,5065.0,strict_gakutto_next_open,4.39,11.0
1925,2025-10-20,1008,kuitto_pullback_auto,くいっと押し目版,1.589455320798594,-2.0802263775763885,-2.9719487891781027,1.9372155444042471,1.2801901232578747,7811274615.0,1.6436339847902528,-4.933792853255936,1,2025-10-21,5248.0,0.134,True,2.725,0.534,4.783,10.614,-22.237,2025-10-30,5237.0,strict_gakutto_next_open,-0.21,8.0
1925,2025-11-21,1031,kuitto_pullback_auto,くいっと押し目版,1.5198153135821402,-3.687483899459032,-1.1503356717206037,0.6715250486474034,3.2277422862579854,11534325095.0,2.2537155851539024,-4.037097654118926,1,2025-11-25,5297.0,0.379,True,-2.964,-2.775,-1.491,9.59,-22.956,2025-12-02,5141.0,strict_gakutto_next_open,-2.945,6.0
1926,2022-01-25,94,kuitto_pullback_auto,くいっと押し目版,1.7789757412398854,-2.165457794596859,-3.5189401780169716,1.2658227848101111,1.5314401622718052,245144175.0,1.986228813559322,-5.647176411794108,0,2022-01-26,1888.0,0.0,True,-2.542,-2.86,3.019,131.992,-12.712,2022-01-28,1842.0,strict_gakutto_next_open,-2.436,3.0
1928,2025-06-18,925,kuitto_pullback_auto,くいっと押し目版,1.6842800528401591,-2.1165386849067547,-4.72992480825477,1.4230186441794634,1.6608187134502923,8283264140.0,1.7491764487542336,-6.44181099969614,2,2025-06-19,3067.0,-0.39,True,0.652,5.575,3.587,24.943,-2.185,2025-07-08,3158.0,strict_gakutto_next_open,2.967,14.0
1928,2026-02-04,1079,kuitto_pullback_auto,くいっと押し目版,1.505500868558185,-2.835124036676606,-1.9451151086476104,1.3236229119704124,1.7304989336037202,14692686370.0,1.5646646565072122,-3.8661913901837153,1,2026-02-05,3560.0,1.54,False,5.674,6.096,7.472,7.64,-10.646,2026-03-02,3760.0,max15_next_open,5.618,16.0
1929,2023-08-16,476,kuitto_pullback_auto,くいっと押し目版,2.6119402985074647,-4.584729324634107,-1.0310032173150074,1.5884743258219425,2.496268656716418,106043685.0,2.2142857142857144,-4.264577893820709,0,2023-08-17,1098.0,-0.182,True,-3.005,-1.913,1.093,33.424,-17.213,2023-08-21,1068.0,strict_gakutto_next_open,-2.732,3.0
1929,2026-02-03,1078,kuitto_pullback_auto,くいっと押し目版,1.6717325227963542,-3.17436881736306,-1.585066219212572,1.8419850814431538,1.27020202020202,121790670.0,1.8951526799060432,-3.8102084831056815,0,2026-02-04,1340.0,0.149,True,3.955,4.403,5.896,9.328,-19.851,2026-02-27,1416.0,max15_next_open,5.672,16.0
1930,2021-12-28,77,kuitto_pullback_auto,くいっと押し目版,2.7657142857142825,-4.36697570966108,-2.539950514064193,3.0176660632862173,1.752212389380531,20746348.8,2.5546517539400093,-5.516444257644215,0,2021-12-29,896.0,-0.356,True,-2.344,-5.58,-9.152,103.237,-28.125,2022-01-07,875.0,strict_gakutto_next_open,-2.344,6.0
1930,2023-07-18,456,kuitto_pullback_auto,くいっと押し目版,3.296703296703307,-3.723180479596122,-1.4184397163120588,2.463483758447782,1.5446009389671362,27768505.0,2.0440729483282674,-3.3915724563206573,0,2023-07-19,950.0,1.064,False,3.895,-2.421,-6.105,91.684,-7.579,2023-08-03,902.5,stop_loss,-5.0,12.0
1930,2025-10-20,1008,kuitto_pullback_auto,くいっと押し目版,2.6222537207654106,-2.8551724137931056,-4.203773380613384,2.288782141847978,2.416289592760181,57412345.0,2.451657458563536,-7.060333761232352,1,2025-10-21,1456.0,0.552,False,4.808,-5.082,-5.838,25.069,-10.027,2025-10-29,1383.2,stop_loss,-5.0,7.0
1934,2022-08-05,224,kuitto_pullback_auto,くいっと押し目版,2.499999999999991,-2.5289211729889627,-0.6124569366216415,1.5130674002751032,2.3193548387096774,36898630.0,1.7905536198219125,-1.4686248331108098,0,2022-08-08,738.0,0.0,True,2.304,1.897,1.355,347.832,-5.962,2022-08-30,753.0,max15_next_open,2.033,16.0
1934,2023-08-10,473,kuitto_pullback_auto,くいっと押し目版,1.6470588235294015,-2.6873149624231374,-1.0260202431020882,0.8638804576231562,1.5521885521885521,51072235.0,1.5459656084656084,-2.8121484814398245,0,2023-08-14,865.0,0.116,True,-0.694,5.896,12.023,282.081,-1.156,2023-08-21,859.0,strict_gakutto_next_open,-0.694,6.0
1938,2022-10-04,263,kuitto_pullback_auto,くいっと押し目版,1.9011406844106515,-2.7722772277227747,-2.938863770395117,1.7721518987341867,1.708133971291866,20993685.0,1.9278606965174128,-2.4271844660194164,0,2022-10-05,814.0,1.244,False,-5.528,-2.948,-3.071,298.649,-12.285,2022-10-11,773.3,stop_loss,-5.0,4.0
1938,2023-10-24,523,kuitto_pullback_auto,くいっと押し目版,2.078337330135893,-3.689410311824637,-4.048297631086994,1.9642286809326004,1.5673469387755101,36689535.0,3.1323414252153485,-7.127272727272727,3,2023-10-25,1275.0,-0.157,True,1.49,-1.725,-2.118,154.51,-30.118,2023-10-27,1231.0,strict_gakutto_next_open,-3.451,3.0
1938,2025-11-21,1031,kuitto_pullback_auto,くいっと押し目版,2.938295788442713,-3.423029381002185,-0.6217817934518588,2.7470916023071723,1.5605381165919283,92560490.0,2.8714149789316297,-2.323420074349447,0,2025-11-25,2116.0,0.666,False,1.371,0.473,2.741,53.355,-1.749,2025-12-03,2092.0,strict_gakutto_next_open,-1.134,7.0
1939,2021-11-12,46,kuitto_pullback_auto,くいっと押し目版,2.145680406549988,-3.7373371924746657,-2.654834940110984,1.7931500168811176,3.5675675675675675,16962592.5,1.784727157861485,-4.116607773851577,0,2021-11-15,545.3,0.479,True,-1.65,-2.201,0.624,332.606,-5.557,2021-12-07,552.7,max15_next_open,1.357,16.0
1939,2022-06-21,192,kuitto_pullback_auto,くいっと押し目版,1.8230088495575059,-2.3238900048486832,-0.40286165829427345,1.8843197676477574,1.4622641509433962,30129679.5,2.026272007151546,-2.2762018005775597,0,2022-06-22,573.7,-0.278,True,1.046,1.917,2.196,311.191,-4.532,2022-06-24,564.0,strict_gakutto_next_open,-1.691,3.0
1939,2022-10-04,263,kuitto_pullback_auto,くいっと押し目版,1.90011770640659,-3.385696165479568,-3.2283234175363384,1.7939931465430492,1.6611570247933884,27364038.0,2.0768505421970747,-3.5492599076874076,0,2022-10-05,606.0,0.0,True,-1.535,-0.281,1.205,289.274,-9.62,2022-10-13,590.0,strict_gakutto_next_open,-2.64,6.0
1939,2024-07-30,710,kuitto_pullback_auto,くいっと押し目版,2.609053497942382,-4.428396456010297,-2.319658701964422,3.5172791736552966,2.8802083333333335,73609240.5,2.1296222026149034,-1.8346456692913349,0,2024-07-31,1225.0,-1.741,True,-8.841,-1.494,1.902,92.571,-15.649,2024-08-05,1156.7,stop_gap_open,-5.576,4.0
1942,2025-10-06,999,kuitto_pullback_auto,くいっと押し目版,1.8368846436443764,-2.398910028709067,-0.8952604438835388,3.417400388001801,1.651329743840757,3254404940.0,2.4238988524702814,-0.3355704697986628,1,2025-10-07,4170.0,0.289,True,0.935,4.005,6.307,78.897,-2.758,2025-10-29,4853.0,max15_next_open,16.379,16.0
1942,2026-09-17,1231,kuitto_pullback_auto,くいっと押し目版,2.278481012658218,-3.89633224320427,-0.9350791999074959,3.1439200525202438,1.3588833688194937,3743119455.0,2.958931097191352,-2.432292565119887,3,2026-09-18,5642.0,-0.248,True,,,,0.532,-1.985,,,,,
1944,2023-08-24,482,kuitto_pullback_auto,くいっと押し目版,1.5568240788790932,-2.205172501397279,-1.7557290869187892,1.6676190970959404,1.3738670694864048,515056715.0,1.9618220308051684,-1.904761904761909,0,2023-08-25,1960.0,0.153,True,2.143,8.673,9.643,337.755,-1.173,2023-09-15,2173.0,max15_next_open,10.867,16.0
1944,2025-10-06,999,kuitto_pullback_auto,くいっと押し目版,1.533682780042711,-3.27013126583251,-2.8387968908414996,3.359683794466406,1.4128999492127983,2192070840.0,2.3927888555039605,-2.078262497659611,1,2025-10-07,5213.0,-0.325,True,-2.993,-1.554,-1.055,64.589,-4.143,2025-10-29,5998.0,max15_next_open,15.059,16.0
1945,2022-05-19,169,kuitto_pullback_auto,くいっと押し目版,1.882613510520481,-2.745180217937959,-3.5033038274529416,-0.9474590869939625,1.282122905027933,37087850.0,3.1444099378881987,-9.715407262021591,3,2022-05-20,920.0,0.0,True,0.435,3.478,7.283,188.804,-5.978,2022-06-10,981.0,max15_next_open,6.63,16.0
1945,2023-06-02,425,kuitto_pullback_auto,くいっと押し目版,1.7259978425026912,-3.309888291270169,-1.0412257682214432,0.8340461933276311,2.1707317073170733,36384310.0,1.658839569762157,-3.578732106339466,0,2023-06-05,958.0,1.591,False,2.296,5.115,1.461,177.349,-4.489,2023-06-21,985.0,strict_gakutto_next_open,2.818,13.0
1945,2025-03-03,852,kuitto_pullback_auto,くいっと押し目版,1.5625,-3.2205536457391104,-1.5619855872992527,2.657004830917864,1.6113744075829384,34436355.0,2.2882999353587588,-2.899824253075567,0,2025-03-04,1088.0,-1.538,True,3.768,4.504,5.055,144.21,-15.901,2025-03-14,1113.0,strict_gakutto_next_open,2.298,9.0
1946,2022-03-10,124,kuitto_pullback_auto,くいっと押し目版,2.8315946348733245,-3.5870516185476653,-0.04816955684008306,3.915662650602414,1.548780487804878,28646100.0,2.919254658385093,-3.08988764044944,2,2022-03-11,669.0,-3.043,True,0.897,2.99,-1.345,275.785,-10.314,2022-03-18,661.0,strict_gakutto_next_open,-1.196,6.0
1946,2023-04-14,393,kuitto_pullback_auto,くいっと押し目版,1.9461077844311392,-2.6553837175371964,-1.273885350318471,1.7025089605734678,1.9649122807017543,32571425.0,1.6152716593245229,-2.295552367288378,0,2023-04-17,675.0,-0.881,True,2.222,2.667,8.0,272.444,-2.222,2023-04-27,674.0,strict_gakutto_next_open,-0.148,9.0
1946,2024-10-15,761,kuitto_pullback_auto,くいっと押し目版,1.7429193899782147,-2.75876817792986,-3.452360805550869,2.322524101665202,1.8795589482612383,190908270.0,2.7837259100642395,-3.711340206185565,0,2024-10-16,924.0,-1.071,True,-1.515,-1.623,0.325,172.078,-13.853,2024-10-23,900.0,strict_gakutto_next_open,-2.597,6.0
1946,2025-10-06,999,kuitto_pullback_auto,くいっと押し目版,1.8076644974692746,-3.185341789992957,-2.6148790299733715,2.400000000000002,1.3998459167950694,162235195.0,1.953125,-2.89655172413793,0,2025-10-07,1412.0,0.284,True,-3.116,0.354,4.178,78.045,-4.32,2025-10-29,1680.0,max15_next_open,18.98,16.0
1946,2026-02-06,1081,kuitto_pullback_auto,くいっと押し目版,1.6190476190476089,-4.470675713356275,-0.8037508372404467,2.9227356033568075,1.2743122820612165,607886125.0,3.5212210469942424,-3.960396039603964,2,2026-02-09,2200.0,3.093,False,0.682,2.727,3.955,14.273,-14.909,2026-03-04,2187.0,max15_next_open,-0.591,16.0
1946,2026-07-27,1194,kuitto_pullback_auto,くいっと押し目版,1.6957136128120665,-2.2517429809685408,-3.9267734553775857,2.84870426829269,2.0536193029490617,332190280.0,3.099980149540131,-5.925925925925924,3,2026-07-28,2135.0,-1.112,True,-3.7,-3.934,-0.281,8.431,-8.759,2026-07-29,2028.25,stop_loss,-5.0,2.0
1946,2026-08-05,1201,kuitto_pullback_auto,くいっと押し目版,2.3456199138343736,-3.1839847473784544,-3.173349876863496,3.776332394913129,1.7994634473507714,421064580.0,3.7585193104369905,-3.3890646181653827,2,2026-08-06,2121.0,-0.795,True,-0.094,-0.047,3.253,9.147,-4.338,2026-08-12,2065.0,strict_gakutto_next_open,-2.64,4.0
1950,2024-03-08,613,kuitto_pullback_auto,くいっと押し目版,2.886075949367095,-3.3323617992810584,-2.5987972508590973,1.8342187030169432,1.5296912114014252,141999185.0,1.782199100112486,-3.0071599045346065,0,2024-03-11,2017.0,-0.738,True,-1.487,3.57,3.768,166.733,-22.757,2024-03-13,1969.0,strict_gakutto_next_open,-2.38,3.0
1950,2024-05-27,665,kuitto_pullback_auto,くいっと押し目版,1.586489252814749,-2.0078700433861396,-4.873001308057246,1.8471010774756325,1.2683823529411764,137425980.0,2.123065851025549,-8.440959409594095,1,2024-05-28,1980.0,-0.252,True,1.869,-1.364,-4.848,171.717,-21.313,2024-06-07,1938.0,strict_gakutto_next_open,-2.121,9.0
1950,2025-08-22,970,kuitto_pullback_auto,くいっと押し目版,1.642335766423364,-4.162309140347209,-2.456289374955767,1.0522496371552892,1.3014128728414442,281152875.0,2.064631956912029,-4.655939746662097,0,2025-08-25,2765.0,-0.718,True,-1.447,-0.398,-0.759,94.575,-4.593,2025-08-28,2729.0,strict_gakutto_next_open,-1.302,4.0
1951,2022-10-04,263,kuitto_pullback_auto,くいっと押し目版,2.9203956665096564,-2.16626550638771,-0.971724858251255,2.8816272718711566,1.8616816431322207,965821605.0,1.5887544949329848,-0.1827318410232981,1,2022-10-05,1091.0,-0.137,True,-1.604,0.321,0.871,180.293,-6.324,2022-10-13,1070.5,strict_gakutto_next_open,-1.879,6.0
1951,2024-06-14,679,kuitto_pullback_auto,くいっと押し目版,2.106286454957873,-2.361517851579542,-2.2216690522123383,0.2736761710794289,2.3593323216995445,674107852.5,1.5527950310559007,-3.432424149555624,0,2024-06-17,1572.0,-0.222,True,1.463,1.749,1.972,94.529,-14.09,2024-07-08,1600.0,max15_next_open,1.781,16.0
1951,2026-08-06,1202,kuitto_pullback_auto,くいっと押し目版,1.7533718689788147,-2.321549709806281,-1.902515009905792,1.769058814460811,1.2777959986880945,1558423405.0,2.3061108556279923,-2.384473197781889,1,2026-08-07,2675.0,1.307,False,-1.589,-5.028,-1.439,3.738,-5.907,2026-08-19,2541.25,stop_loss,-5.0,8.0
1952,2022-05-19,169,kuitto_pullback_auto,くいっと押し目版,2.4390243902439046,-4.651162790697672,-3.674412405029537,1.7066420664206605,1.4487179487179487,101782540.0,2.7777777777777777,-5.161290322580648,0,2022-05-20,882.0,0.0,True,-0.51,6.009,7.88,398.866,-1.871,2022-05-27,878.0,strict_gakutto_next_open,-0.454,6.0
1952,2022-12-23,318,kuitto_pullback_auto,くいっと押し目版,1.6465422612513825,-2.1396636150734505,-2.7069355965205655,0.7178594735697263,2.042016806722689,44893110.0,1.6430114162295586,-6.370070778564207,1,2022-12-26,927.5,0.162,True,1.078,-0.377,-0.216,374.394,-1.941,2023-01-06,915.0,strict_gakutto_next_open,-1.348,8.0
1952,2025-10-06,999,kuitto_pullback_auto,くいっと押し目版,3.0547163477677053,-4.108878807517824,-3.8733170055333277,3.4645456996495128,1.7198067632850242,307365500.0,2.908329455560726,-4.806201550387601,0,2025-10-07,3075.0,0.163,True,-6.569,-4.455,-2.439,43.089,-10.211,2025-10-10,2921.25,stop_loss,-5.0,4.0
1959,2021-11-12,46,kuitto_pullback_auto,くいっと押し目版,1.8705035971223083,-2.5591098748261487,-2.2690527958967532,0.96976611523103,1.7805343511450382,498014600.0,1.8260694108151736,-4.8387096774193505,0,2021-11-15,3555.0,0.424,True,-0.422,-4.36,-1.406,197.609,-27.314,2021-11-18,3475.0,strict_gakutto_next_open,-2.25,4.0
1959,2021-12-28,77,kuitto_pullback_auto,くいっと押し目版,2.0408163265306145,-3.4122955442752345,-1.8394361354650113,2.1599532983070713,3.019704433497537,284027400.0,1.846938775510204,-3.4482758620689613,0,2021-12-29,3510.0,0.286,True,0.285,-1.282,-3.276,201.425,-26.382,2022-01-11,3475.0,strict_gakutto_next_open,-0.997,7.0
1959,2026-04-23,1132,kuitto_pullback_auto,くいっと押し目版,3.252299605781861,-2.0439523428619655,-1.6539971245831286,1.0567606962188059,2.0660611065235344,1743462890.0,2.221111161613866,-2.9538904899135465,1,2026-04-24,9430.0,0.011,True,-2.121,4.327,-7.529,7.37,-18.091,2026-04-28,9350.0,strict_gakutto_next_open,-0.848,3.0
1964,2022-12-08,307,kuitto_pullback_auto,くいっと押し目版,3.4061696658097773,-2.8383738225086774,-0.10412433969929635,2.2626159908478494,3.3506493506493507,16856765.0,1.846754861049454,-1.2277470841006721,0,2022-12-09,1605.0,-0.249,True,0.312,0.187,1.059,225.234,-1.682,2022-12-19,1597.0,strict_gakutto_next_open,-0.498,7.0
1964,2025-06-25,930,kuitto_pullback_auto,くいっと押し目版,3.0721966205837115,-2.9691211401425166,-4.167399331809385,2.5993883792049033,2.180722891566265,80020600.0,1.9054715776027253,-4.551920341394022,0,2025-06-26,3360.0,0.149,True,0.0,-1.637,1.935,55.357,-3.423,2025-07-17,3395.0,max15_next_open,1.042,16.0
1964,2026-06-17,1167,kuitto_pullback_auto,くいっと押し目版,2.499999999999991,-2.8110486433634785,-4.522253494251782,2.42318261304022,1.2620320855614973,140657100.0,2.909407665505227,-6.605922551252852,1,2026-06-18,4100.0,0.0,True,-2.195,-2.073,-1.951,4.634,-8.415,2026-06-25,4075.0,strict_gakutto_next_open,-0.61,6.0
1968,2021-11-12,46,kuitto_pullback_auto,くいっと押し目版,2.327673451028911,-2.246215494211923,-2.508526693410129,3.0951194090723666,3.984126984126984,60437460.0,1.9065934065934056,-2.0452099031216364,0,2021-11-15,910.0,0.0,True,-2.89,-3.374,-0.297,251.648,-6.451,2021-11-22,890.0,strict_gakutto_next_open,-2.198,6.0
1969,2025-01-31,833,kuitto_pullback_auto,くいっと押し目版,2.762711864406775,-2.8435861702833742,-4.114866276640194,3.2175689479060354,1.8460207612456747,1014708375.0,2.4080488207158175,-4.5797922568460825,1,2025-02-03,3005.0,-0.874,True,-2.446,-10.15,-9.8,91.314,-18.22,2025-02-10,2964.5,strict_gakutto_next_open,-1.348,6.0
1969,2026-02-03,1078,kuitto_pullback_auto,くいっと押し目版,2.554585152838418,-2.4622921232435147,-1.588260681916276,2.995351284975012,1.803125,2096314655.0,2.4422883907661426,-2.693184172363783,1,2026-02-04,4700.0,0.064,True,16.021,5.702,6.319,22.319,-15.213,2026-02-18,4975.0,strict_gakutto_next_open,5.851,10.0
1975,2022-03-10,124,kuitto_pullback_auto,くいっと押し目版,2.344827586206888,-2.574407994785999,-2.2452691879564446,3.0383824918069235,2.8181818181818183,14807546.0,1.8550250288794767,-4.565916398713831,0,2022-03-11,721.3,-2.79,True,13.517,11.784,12.644,573.783,0.0,2022-03-28,813.8,strict_gakutto_next_open,12.824,11.0
1976,2023-08-10,473,kuitto_pullback_auto,くいっと押し目版,2.3153252480705655,-5.311203319502078,-3.838069614931894,1.4207650273224015,1.3920704845814977,90474425.0,2.101293103448276,-6.827309236947787,1,2023-08-14,929.0,0.108,True,-1.83,-0.431,4.844,127.126,-2.368,2023-08-21,920.0,strict_gakutto_next_open,-0.969,6.0
1976,2025-06-17,924,kuitto_pullback_auto,くいっと押し目版,1.8143754361479303,-2.4747060432048107,-0.5826050769870861,1.7859634435607674,1.8555858310626703,100782515.0,1.860374033095075,-2.3427041499330614,0,2025-06-18,1453.0,-0.411,True,3.923,3.235,3.097,45.217,0.0,2025-07-01,1498.0,strict_gakutto_next_open,3.097,10.0
1979,2023-06-02,425,kuitto_pullback_auto,くいっと押し目版,3.4199726402188713,-2.2287078800742877,-1.0491943686098182,2.2450635650527406,1.3627118644067797,274121650.0,2.012471655328798,-1.4341590612777066,0,2023-06-05,1915.0,1.323,False,3.133,5.091,3.655,165.274,-2.219,2023-06-20,1977.5,strict_gakutto_next_open,3.264,12.0
1979,2024-07-30,710,kuitto_pullback_auto,くいっと押し目版,1.7964071856287456,-3.8461538461538436,-3.548013883532586,1.959216313474621,1.5464333781965007,469882050.0,2.1638655462184873,-5.904059040590404,1,2024-07-31,2515.0,-1.373,True,-11.034,-6.561,-6.064,101.988,-20.517,2024-08-02,2389.25,stop_loss,-5.0,3.0
1980,2024-07-08,695,kuitto_pullback_auto,くいっと押し目版,2.516862981979262,-2.1174433249370295,-2.364668247278534,1.8442581961474636,1.3171368861024033,880128984.0,2.600272162287286,-7.00456621004567,2,2024-07-09,1016.7,-0.157,True,5.901,-3.383,-1.475,261.955,-26.065,2024-07-18,992.0,strict_gakutto_next_open,-2.429,7.0
1980,2024-10-30,772,kuitto_pullback_auto,くいっと押し目版,2.4905196269344954,-4.258146407250962,-2.844028620363981,2.9717651419980617,2.207233626588465,397590450.0,2.419999999999998,-2.600564916723491,0,2024-10-31,1001.7,0.17,True,13.138,18.299,16.801,267.375,-2.935,2024-11-19,1173.3,strict_gakutto_next_open,17.131,13.0
1982,2024-04-23,644,kuitto_pullback_auto,くいっと押し目版,2.1456208230742124,-4.354395604395611,-3.4453746741514135,3.7068780801371437,1.3605769230769231,70095485.0,2.8482880755608027,-4.473684210526319,0,2024-04-24,1466.0,0.964,False,1.398,1.978,5.048,137.722,-17.292,2024-05-09,1456.0,strict_gakutto_next_open,-0.682,9.0
2002,2022-12-21,316,kuitto_pullback_auto,くいっと押し目版,3.122966818477546,-2.422628107559621,-3.170339876499828,2.721970187945555,2.114036928241712,1545493750.0,1.5187021180712035,-5.429594272076377,1,2022-12-22,1589.0,0.252,True,4.028,3.021,0.881,47.137,-3.776,2023-01-17,1603.0,max15_next_open,0.881,16.0
2002,2026-03-18,1107,kuitto_pullback_auto,くいっと押し目版,2.067120622568086,-2.3320007614696325,-2.840533131675982,2.0820158583450876,1.396311356375254,1868006820.0,2.0456788862793154,-3.914835164835162,1,2026-03-19,2062.0,-1.739,True,1.794,4.583,4.51,6.62,-10.96,2026-03-24,2037.5,strict_gakutto_next_open,-1.188,3.0
2004,2023-06-02,425,kuitto_pullback_auto,くいっと押し目版,1.6968762051677633,-2.2727272727272596,-1.9797016013856306,2.1855382469193163,1.6283987915407856,81534650.0,1.5033317081098654,-2.079465280356485,0,2023-06-05,2668.0,1.176,False,2.061,1.162,-0.9,49.175,-3.673,2023-06-16,2714.0,strict_gakutto_next_open,1.724,10.0
2053,2022-05-16,166,kuitto_pullback_auto,くいっと押し目版,3.134479271991908,-3.2505910165484653,-1.272479126525372,3.6796096767635733,3.7686746987951807,58038250.0,2.5140056022408963,-0.2932551319648091,0,2022-05-17,1020.0,0.0,True,2.059,-0.196,-0.196,105.196,-3.137,2022-05-25,1026.0,strict_gakutto_next_open,0.588,7.0
2060,2022-05-16,166,kuitto_pullback_auto,くいっと押し目版,1.538461538461533,-2.9038112522686066,-1.572153912032781,2.5481665630826544,2.4878048780487805,29456865.0,2.326839826839827,-1.3452914798206317,0,2022-05-17,660.0,0.0,True,1.667,-0.152,0.909,127.273,-2.879,2022-05-25,656.0,strict_gakutto_next_open,-0.606,7.0
2108,2022-01-24,93,kuitto_pullback_auto,くいっと押し目版,1.7354877318970674,-2.6272577996715896,-1.1134108914424345,2.249488752556239,1.4666666666666666,18687605.0,1.9831932773109244,-1.39211136890951,0,2022-01-25,1714.0,0.824,False,-1.109,-1.05,0.117,248.891,-7.118,2022-01-28,1667.0,strict_gakutto_next_open,-2.742,4.0
2108,2025-10-20,1008,kuitto_pullback_auto,くいっと押し目版,2.0358868184955137,-3.076818583169183,-0.4532703177037911,2.623724578329978,2.9574468085106385,70193865.0,2.181264795400744,-0.43771043771043683,0,2025-10-21,2951.0,-0.203,True,5.557,3.016,8.438,102.643,-0.983,2025-11-12,3240.0,max15_next_open,9.793,16.0
2120,2026-07-29,1196,kuitto_pullback_auto,くいっと押し目版,1.5075376884422065,-2.4752475247524774,-0.2428166734115833,2.4340770791075217,1.4291606016496847,105412080.0,2.2984441301272986,-0.9803921568627416,0,2026-07-30,201.0,-0.495,True,2.488,10.448,21.393,23.881,-0.995,2026-08-21,246.0,max15_next_open,22.388,16.0
2124,2023-04-12,391,kuitto_pullback_auto,くいっと押し目版,1.9811627151672617,-4.789307592351966,-2.7975552895217803,1.7696246839955965,1.3379501385041552,200110244.0,2.7832120109190206,-3.577460463687998,0,2023-04-13,624.0,-0.637,True,3.253,0.529,0.609,88.942,-12.051,2023-04-27,627.3,strict_gakutto_next_open,0.529,11.0
2124,2024-03-15,618,kuitto_pullback_auto,くいっと押し目版,1.671309192200554,-3.3073406829792873,-1.2497944417036666,1.3044684984734989,1.7352185089974292,256373895.0,2.4755381604696676,-4.823989569752285,0,2024-03-18,743.0,1.781,False,2.826,6.864,5.114,58.681,-20.727,2024-04-09,783.0,max15_next_open,5.384,16.0
2127,2023-10-27,526,kuitto_pullback_auto,くいっと押し目版,2.7155569193004103,-2.5513988192363724,-4.830112679479837,1.7817507373286023,1.5066859722340515,2643149606.5,2.844340125893524,-6.949270326615709,2,2023-10-30,709.5,5.975,False,-4.045,-9.288,-4.369,52.713,-31.896,2023-10-30,674.025,stop_loss,-5.0,1.0
2127,2026-02-02,1077,kuitto_pullback_auto,くいっと押し目版,2.1684387241186265,-2.083333333333337,-1.6456863153966994,1.863475325689734,1.387964390197867,1425539020.5,2.010915279435063,-2.3140716960941776,1,2026-02-03,742.7,1.698,False,-2.222,-6.853,-4.686,2.828,-18.177,2026-02-10,721.2,strict_gakutto_next_open,-2.895,6.0
2130,2023-09-27,505,kuitto_pullback_auto,くいっと押し目版,2.66222961730449,-2.5471546026116343,-2.1229844572979717,1.8487949818422056,1.4146341463414633,124758050.0,2.570039360963186,-5.368098159509205,0,2023-09-28,1222.0,-0.972,True,-8.838,-4.092,-3.437,20.949,-44.435,2023-10-02,1199.0,strict_gakutto_next_open,-1.882,3.0
2130,2024-07-29,709,kuitto_pullback_auto,くいっと押し目版,2.5330396475770955,-3.3633247643530373,-0.4833040421792556,2.759381898454749,1.4872389791183294,48021860.0,2.6085622218812334,-0.8519701810436597,0,2024-07-30,940.0,0.967,False,-23.936,-15.851,-10.957,57.234,-27.766,2024-08-01,893.0,stop_loss,-5.0,3.0
2130,2025-01-24,828,kuitto_pullback_auto,くいっと押し目版,2.361396303901442,-3.481201511836085,-3.9632350053026455,1.942740286298572,2.300518134715026,30608645.0,2.142140707837799,-6.208842897460021,1,2025-01-27,1012.0,1.505,False,-1.779,15.711,23.123,46.047,-14.822,2025-02-03,996.0,strict_gakutto_next_open,-1.581,6.0
2130,2025-03-27,869,kuitto_pullback_auto,くいっと押し目版,2.1034180543382908,-2.446067606590807,-3.548787441720047,1.286732742131802,1.2842377260981912,56837815.0,2.9123237277743717,-5.744336569579289,0,2025-03-28,1132.0,-2.833,True,-8.569,-8.657,-5.654,30.565,-23.852,2025-04-03,1040.0,stop_gap_open,-8.127,5.0
2130,2025-07-14,943,kuitto_pullback_auto,くいっと押し目版,2.1186440677966045,-2.080943798132051,-2.109663302962017,0.5004170141784892,2.0338983050847457,48859240.0,2.786010669828097,-5.1927616050354,0,2025-07-15,1210.0,0.415,True,-0.413,-3.223,7.934,22.149,-28.76,2025-07-17,1207.0,strict_gakutto_next_open,-0.248,3.0
2146,2024-07-31,711,kuitto_pullback_auto,くいっと押し目版,2.350728725905027,-3.9349949785446925,-3.1450905902980497,2.630586460494033,1.583399209486166,906584692.5,2.9037338408032043,-7.243289305496381,2,2024-08-01,213.7,-1.837,True,-12.494,-14.6,-12.447,13.711,-51.427,2024-08-01,203.015,stop_loss,-5.0,1.0
2148,2021-10-28,36,kuitto_pullback_auto,くいっと押し目版,2.2686832740213436,-3.810424909685184,-1.7064846416382284,2.3415242165242045,6.359534206695779,231978650.0,3.1908283104455357,-2.954833262980161,2,2021-10-29,2305.0,0.261,True,-1.866,-0.824,-5.293,6.725,-61.952,2021-11-02,2189.75,stop_loss,-5.0,3.0
2148,2022-05-02,159,kuitto_pullback_auto,くいっと押し目版,2.28739002932552,-2.983515207801246,-3.1414813116257823,3.2196969696969724,1.8737300435413642,104148030.0,3.58781127129751,-7.724867724867723,3,2022-05-06,1775.0,1.778,False,-11.324,-2.141,-1.127,19.155,-50.592,2022-05-09,1686.25,stop_loss,-5.0,2.0
2148,2022-09-15,252,kuitto_pullback_auto,くいっと押し目版,3.4229828850855792,-3.1665318386686625,-2.7013855044210833,0.8944543828264706,1.47979797979798,85322480.0,3.7065180682201957,-7.03296703296703,3,2022-09-16,1677.0,-0.887,True,-7.096,-2.206,1.491,26.118,-47.704,2022-09-21,1593.15,stop_loss,-5.0,3.0
2148,2023-05-12,410,kuitto_pullback_auto,くいっと押し目版,2.2515527950310643,-5.304029304029312,-4.831754041130054,1.4950678175092547,1.7201309328968903,91095000.0,2.3538344722854974,-7.318789584799434,1,2023-05-15,1317.0,0.0,True,-2.885,-4.86,-3.645,60.592,-33.409,2023-05-24,1251.15,stop_loss,-5.0,8.0
2148,2024-12-03,795,kuitto_pullback_auto,くいっと押し目版,2.3255813953488413,-2.556117814973402,-2.706468175133503,2.0949350304958925,2.122448979591837,94767765.0,1.7486085343228197,-3.4482758620689613,0,2024-12-04,1550.0,0.649,False,-2.516,0.258,-1.742,23.871,-27.935,2024-12-11,1511.0,strict_gakutto_next_open,-2.516,6.0
2153,2024-07-31,711,kuitto_pullback_auto,くいっと押し目版,3.246013667425962,-4.342204503825031,-3.5009755040104173,1.8196113669549652,1.3577981651376148,53419100.0,2.4150973130564966,-3.768577494692149,0,2024-08-01,1798.0,-0.827,True,-9.288,-7.341,-7.397,7.731,-21.524,2024-08-02,1708.1,stop_loss,-5.0,2.0
2154,2021-12-22,73,kuitto_pullback_auto,くいっと押し目版,1.9642857142857073,-4.821511358368092,-2.4730801088628573,3.9189517107498073,2.0530673692133985,573903865.0,2.756233842048203,-1.7775229357798183,0,2021-12-23,1713.0,0.0,True,-1.459,1.226,-10.741,41.623,-23.643,2021-12-27,1627.35,stop_loss,-5.0,3.0
2154,2022-09-05,244,kuitto_pullback_auto,くいっと押し目版,3.07210031347962,-3.6717827626918553,-2.7619047619047654,0.6366307541625815,1.641804788213628,343639855.0,2.2679874869655894,-5.895821408128221,1,2022-09-06,1629.0,-0.912,True,4.052,3.008,-4.42,48.926,-9.085,2022-09-28,1540.0,stop_gap_open,-5.463,15.0
2154,2025-09-02,977,kuitto_pullback_auto,くいっと押し目版,2.0879120879120805,-4.150943396226414,-1.88263954184118,1.165196558858761,1.966,767315765.0,2.114408734430263,-4.374678332475557,0,2025-09-03,1897.0,2.099,False,-3.848,-5.904,-5.64,11.017,-13.969,2025-09-08,1825.0,strict_gakutto_next_open,-3.795,4.0
2154,2026-08-10,1204,kuitto_pullback_auto,くいっと押し目版,3.112244897959182,-4.414493602890901,-0.9510951699679526,2.7871020242091316,1.9794412229836584,359331765.0,2.505831625079522,-2.8365384615384626,0,2026-08-12,2062.0,2.029,False,-1.697,-1.358,-0.097,1.018,-7.662,2026-08-20,2030.0,strict_gakutto_next_open,-1.552,7.0
2157,2024-12-03,795,kuitto_pullback_auto,くいっと押し目版,2.4604569420035194,-2.453775704164518,-3.3999931863863853,2.8037383177569986,2.018013381369017,365436355.0,2.1808380298946335,-3.6363636363636376,0,2024-12-04,1160.0,-0.515,True,0.517,0.431,-1.724,27.931,-22.155,2024-12-13,1155.0,strict_gakutto_next_open,-0.431,8.0
2157,2026-06-29,1175,kuitto_pullback_auto,くいっと押し目版,3.2017075773745907,-2.808635506183199,-1.0930813879591605,3.5553651745555914,1.9897796231236027,363863160.0,1.8318806322942829,-0.5144032921810648,0,2026-06-30,967.0,0.0,True,1.448,7.032,10.445,13.65,-2.378,2026-07-22,1050.0,max15_next_open,8.583,16.0
2163,2021-11-25,54,kuitto_pullback_auto,くいっと押し目版,1.8845700824499323,-2.3191733639494894,-2.012248468941369,1.6212406015037484,1.3870967741935485,12868375.0,1.601981833195706,-2.1493212669683293,0,2021-11-26,434.5,0.462,True,-6.444,-0.345,-4.258,202.762,-7.94,2021-11-29,412.775,stop_loss,-5.0,2.0
2168,2022-09-13,250,kuitto_pullback_auto,くいっと押し目版,1.879327398615227,-2.8114396509936967,-3.856075516404578,2.3551624763986867,1.4456521739130435,168581260.0,2.7565880721220526,-6.575963718820866,1,2022-09-14,1994.0,-3.204,True,-2.608,-0.201,7.121,51.956,-34.905,2022-09-20,1990.0,strict_gakutto_next_open,-0.201,4.0
2168,2024-06-04,671,kuitto_pullback_auto,くいっと押し目版,2.882380288238018,-3.6689038031319954,-3.140563975778421,2.3305280680662177,1.2504767959313414,552772415.0,2.5498676650958623,-3.740756850804694,0,2024-06-05,2184.0,-1.31,True,-0.549,0.046,0.366,14.377,-38.416,2024-06-21,2203.0,strict_gakutto_next_open,0.87,13.0
2170,2023-08-09,472,kuitto_pullback_auto,くいっと押し目版,2.450980392156854,-3.5781544256120457,-2.473834443387246,1.9512195121951237,1.7411764705882353,104543040.0,1.9993164730006836,-2.7906976744186074,0,2023-08-10,412.0,-1.435,True,2.184,5.583,12.136,81.796,-11.65,2023-08-21,412.0,strict_gakutto_next_open,0.0,7.0
2170,2025-09-26,993,kuitto_pullback_auto,くいっと押し目版,2.063789868667909,-2.306002928257689,-3.7535054289206893,1.6062756817332824,1.3134962805526036,182214040.0,1.5625,-4.056437389770728,0,2025-09-29,544.0,0.0,True,-6.434,-6.25,-6.434,37.684,-12.5,2025-10-02,515.0,stop_gap_open,-5.331,4.0
2170,2026-03-27,1113,kuitto_pullback_auto,くいっと押し目版,1.8726591760299671,-2.4754277393520208,-1.4456593527555572,1.2658227848101111,1.4480624327233584,307465740.0,2.9149159663865545,-3.2028469750889688,0,2026-03-30,530.0,-2.574,True,14.528,9.623,3.962,41.321,-2.264,2026-04-13,574.0,strict_gakutto_next_open,8.302,11.0
2181,2025-02-13,841,kuitto_pullback_auto,くいっと押し目版,1.572739187418093,-2.5312125876517877,-0.8138263721390149,1.6882435269419016,1.489234687127927,1443530705.5,1.5883256528417815,-2.187631468237272,1,2025-02-14,231.5,-0.43,True,-1.425,1.253,4.881,31.922,-5.832,2025-03-10,241.4,max15_next_open,4.276,16.0
2198,2022-05-12,164,kuitto_pullback_auto,くいっと押し目版,2.6929982046678624,-2.471678681771361,-3.621812262615298,0.6333567909922566,2.02,64221100.0,2.0104895104895104,-4.507512520868118,0,2022-05-13,570.0,-0.35,True,3.509,2.105,5.088,49.825,-1.228,2022-05-27,587.0,strict_gakutto_next_open,2.982,11.0
2198,2023-12-19,561,kuitto_pullback_auto,くいっと押し目版,2.6016260162601723,-5.418279249776714,-3.7960888781255586,-0.7237256135934622,1.935663009616687,140853645.0,2.0941815712021734,-8.017492711370267,1,2023-12-20,630.0,-0.158,True,2.857,8.73,10.794,35.556,-0.476,2024-01-16,700.0,max15_next_open,11.111,16.0
2201,2022-05-19,169,kuitto_pullback_auto,くいっと押し目版,2.3076923076922995,-3.2170254887404104,-1.140204833257652,1.8116866547588595,1.276307295029051,695532025.0,2.631578947368421,-2.8014616321559105,0,2022-05-20,1987.5,-0.376,True,-1.635,-1.761,-1.887,50.164,-10.566,2022-06-03,1970.0,strict_gakutto_next_open,-0.881,11.0
2201,2022-12-08,307,kuitto_pullback_auto,くいっと押し目版,2.57452574525745,-3.3651298357180726,-0.8067572689371416,3.3024017467248923,2.2872670807453415,601542700.0,1.6795621815436874,-1.1749347258485643,0,2022-12-09,1890.0,-0.132,True,1.587,3.175,2.778,57.91,-3.968,2022-12-30,1957.5,max15_next_open,3.571,16.0
2201,2023-12-06,552,kuitto_pullback_auto,くいっと押し目版,1.7550553223960375,-2.409549228944252,-2.0948123505561966,1.1414919033713833,1.5844370860927153,1222769820.0,1.6980020354598533,-5.809641532756493,1,2023-12-07,2671.5,0.169,True,-2.34,-5.372,-3.987,11.716,-12.933,2023-12-11,2650.0,strict_gakutto_next_open,-0.805,3.0
2206,2022-06-17,190,kuitto_pullback_auto,くいっと押し目版,2.8011204481792618,-2.7367856184598915,-2.468538238141338,1.1855527984560243,2.609903381642512,848778600.0,1.9073569482288828,-3.926701570680624,1,2022-06-20,3655.0,-0.409,True,3.146,7.114,9.85,72.093,-10.534,2022-07-06,3910.0,strict_gakutto_next_open,6.977,13.0
2212,2022-01-21,92,kuitto_pullback_auto,くいっと押し目版,2.9569892473118253,-4.3898043254376855,-3.323302028744879,2.77740507178319,1.8889934148635936,790460045.0,1.8696381947034688,-2.2959183673469385,0,2022-01-24,1571.0,2.546,False,4.201,4.456,6.302,163.081,-11.203,2022-02-03,1612.0,strict_gakutto_next_open,2.61,9.0
2212,2022-06-16,189,kuitto_pullback_auto,くいっと押し目版,2.6156941649899457,-2.1379853095487844,-2.9053177691309995,2.1907560780122903,1.7174603174603174,1006820105.0,1.6666666666666667,-3.2258064516129004,1,2022-06-17,1525.0,-0.327,True,7.475,8.656,16.721,171.016,-3.869,2022-07-08,1748.0,max15_next_open,14.623,16.0
2212,2023-10-19,520,kuitto_pullback_auto,くいっと押し目版,1.8745218056618107,-2.7308726838015662,-4.4392215437332405,2.0189250277745874,1.3302057613168725,1917401585.0,2.3402714446649857,-5.197579209683156,1,2023-10-20,2662.0,-0.038,True,8.471,20.285,18.52,55.259,-7.588,2023-11-13,3134.0,max15_next_open,17.731,16.0
2212,2026-02-24,1091,kuitto_pullback_auto,くいっと押し目版,3.0498533724340193,-3.9003679592414464,-0.4901960784313597,3.03776683087027,1.7970415488361975,2006248155.0,2.7136352548987723,-1.9804741980474216,1,2026-02-25,3490.0,-0.683,True,-2.579,-4.04,-8.883,13.553,-16.533,2026-03-04,3355.0,strict_gakutto_next_open,-3.868,6.0
2217,2024-09-19,745,kuitto_pullback_auto,くいっと押し目版,1.7879863389807849,-3.0631381537820523,-1.0932296711023803,1.94637084333793,1.2753623188405796,45460329.0,2.2631578947368416,-2.357551230166377,0,2024-09-20,1511.7,-0.546,True,1.654,0.767,0.992,24.033,-3.42,2024-10-01,1511.7,strict_gakutto_next_open,0.0,7.0
2220,2021-12-28,77,kuitto_pullback_auto,くいっと押し目版,1.5139886974115724,-2.8353193614121253,-1.2431980481653615,0.9715475364330262,1.451086956521739,76327192.5,1.3672066764850281,-3.6423841059602613,0,2021-12-29,1435.0,-1.375,True,-1.394,-1.164,-4.063,13.24,-18.815,2022-01-19,1401.7,strict_gakutto_next_open,-2.321,13.0
2220,2022-03-10,124,kuitto_pullback_auto,くいっと押し目版,1.9704797047970457,-2.9112401736477667,-1.4881857898639161,3.577265026462162,1.4549356223175967,86178801.0,1.965487649789598,-0.9534050179211384,0,2022-03-11,1363.3,-1.332,True,1.225,-0.242,-1.584,19.196,-14.546,2022-03-24,1365.0,strict_gakutto_next_open,0.125,9.0
2220,2024-04-24,645,kuitto_pullback_auto,くいっと押し目版,1.9513264634948513,-2.4317338377785047,-2.381075580392533,2.6988824594725846,2.5303643724696356,147989010.0,1.30568356374808,-1.988336963394921,0,2024-04-25,1395.0,0.0,True,-1.914,-2.387,-5.613,12.781,-16.487,2024-05-07,1368.3,strict_gakutto_next_open,-1.914,6.0
2220,2024-10-29,771,kuitto_pullback_auto,くいっと押し目版,1.6498625114573784,-2.2921760391197865,-2.974313619933866,2.0296952626289944,1.9896907216494846,119931891.0,1.7821222960988494,-3.455434273086444,0,2024-10-30,1418.3,-1.623,True,2.002,-1.058,-2.933,8.44,-17.859,2024-11-11,1435.0,strict_gakutto_next_open,1.177,8.0
2220,2025-11-07,1021,kuitto_pullback_auto,くいっと押し目版,2.237154150197629,-3.4782079005878264,-2.495298646436883,1.0674877309243325,1.5574324324324325,244643440.5,2.025273110868101,-2.759398496240606,0,2025-11-10,1303.3,0.773,False,-0.253,4.097,2.685,18.008,-10.612,2025-11-19,1306.7,strict_gakutto_next_open,0.261,8.0
2222,2022-12-13,310,kuitto_pullback_auto,くいっと押し目版,3.0303030303030276,-2.617936754795236,-0.33624041189451725,3.0574591460200473,1.5431266846361187,670391350.0,2.53014249177932,-1.6352201257861632,0,2022-12-14,1558.0,-0.384,True,-6.418,-3.466,-3.466,78.883,-9.114,2022-12-20,1480.1,stop_loss,-5.0,5.0
2222,2023-08-31,487,kuitto_pullback_auto,くいっと押し目版,3.4389140271493313,-3.8206559665038498,-0.8765652951699399,3.140227395776929,2.6729249011857705,2137553800.0,3.1808523934508184,-5.3807947019867575,3,2023-09-01,2300.0,0.612,False,3.826,1.217,0.783,21.174,-38.261,2023-09-13,2346.0,strict_gakutto_next_open,2.0,9.0
2222,2023-12-25,565,kuitto_pullback_auto,くいっと押し目版,1.7341040462427681,-5.067064083457518,-4.862838524331703,1.2704842570429031,1.399670510708402,1153524310.0,2.75974025974026,-6.323185011709597,2,2023-12-26,2210.0,0.455,True,-4.661,-3.575,-10.0,26.109,-35.747,2024-01-04,2099.5,stop_loss,-5.0,5.0
2222,2025-03-11,858,kuitto_pullback_auto,くいっと押し目版,2.5195482189400487,-2.8032683846637374,-3.3374135045340036,1.6496532713098144,1.334178284748627,1072160785.0,2.3728813559322033,-6.0135404221425715,2,2025-03-12,2385.0,1.059,False,2.851,7.002,-3.04,16.855,-27.945,2025-03-14,2281.0,strict_gakutto_next_open,-4.361,3.0
2229,2023-01-20,335,kuitto_pullback_auto,くいっと押し目版,1.7439832577607284,-2.7251104315324404,-3.743171965802783,1.6801450083658631,1.4874037788663401,1077351430.0,1.7532690141534846,-5.903225806451617,2,2023-01-23,2901.0,-0.549,True,-1.172,-2.792,0.827,25.371,-10.427,2023-01-30,2868.0,strict_gakutto_next_open,-1.138,6.0
2229,2024-06-19,682,kuitto_pullback_auto,くいっと押し目版,1.8187723286781532,-2.6798129187207698,-0.8263931729385221,1.5680684248039922,1.346938775510204,853357280.0,1.825017088174983,-1.8779342723004744,1,2024-06-20,3140.0,0.159,True,-0.478,-2.516,-3.312,12.134,-17.197,2024-06-27,3110.0,strict_gakutto_next_open,-0.955,6.0
2264,2022-06-17,190,kuitto_pullback_auto,くいっと押し目版,3.0621489400253665,-3.9669248482311126,-3.573094894882367,2.6937242724055954,1.8531598513011152,1338665112.0,2.5567611010649007,-6.370370370370382,2,2022-06-20,570.0,0.211,True,4.053,6.368,12.281,140.053,-13.053,2022-06-22,561.3,strict_gakutto_next_open,-1.526,3.0
2264,2023-02-10,350,kuitto_pullback_auto,くいっと押し目版,2.8103448275861975,-2.18239289797566,-1.1106379239250175,1.9037528197415998,2.3800539083557952,1117105992.0,1.7117462446994587,-0.7159507159507306,1,2023-02-13,599.4,0.52,False,-1.468,-1.668,-2.503,128.278,-5.422,2023-02-24,591.3,strict_gakutto_next_open,-1.351,9.0
2264,2024-05-31,669,kuitto_pullback_auto,くいっと押し目版,2.528445006321123,-3.6093366690145956,-0.6834579168042532,2.1410579345088054,1.8716329966329965,1071102886.0,3.0517879161528976,-5.642815590459572,3,2024-06-03,816.5,0.678,False,-1.653,-1.041,-0.453,67.581,-17.171,2024-06-24,815.0,max15_next_open,-0.184,16.0
2264,2025-10-17,1007,kuitto_pullback_auto,くいっと押し目版,1.7575757575757578,-2.141048995717887,-3.6069680591960473,1.0082779863317182,1.502671199611462,1004800214.0,2.1909299753254485,-6.825749167591566,2,2025-10-20,849.8,1.227,False,1.059,-2.271,0.553,61.014,-3.942,2025-10-29,843.0,strict_gakutto_next_open,-0.8,8.0
2266,2022-03-15,127,kuitto_pullback_auto,くいっと押し目版,2.5930851063829863,-2.354446577095326,-1.4757391573091527,0.8364919618350619,1.4966442953020134,25183510.0,2.3516341079529672,-2.7112232030264805,0,2022-03-16,1550.0,0.454,True,2.387,-1.032,-1.29,5.29,-34.645,2022-03-29,1569.0,strict_gakutto_next_open,1.226,9.0
2266,2025-02-18,844,kuitto_pullback_auto,くいっと押し目版,1.716738197424883,-2.86624203821656,-3.7976364360642667,2.225672877846785,1.2941176470588236,33287815.0,2.1880650994575044,-6.25,1,2025-02-19,1190.0,0.422,True,-2.857,0.756,6.387,12.605,-14.874,2025-02-21,1152.0,strict_gakutto_next_open,-3.193,3.0
2266,2025-06-26,931,kuitto_pullback_auto,くいっと押し目版,3.330486763450047,-3.7098103874690813,-3.6611393859793284,3.1015678254942225,2.4411764705882355,23462780.0,1.6824085005903187,-3.585657370517925,0,2025-06-27,1210.0,0.0,True,7.934,2.81,3.884,10.744,-16.281,2025-07-17,1255.0,strict_gakutto_next_open,3.719,15.0
2267,2023-01-10,327,kuitto_pullback_auto,くいっと押し目版,2.665121668597914,-2.5588302490290205,-1.340952029860376,3.4563288183091956,1.9101782363977486,3148646500.0,1.8864882296033538,0.0,1,2023-01-11,4495.0,1.467,False,-2.558,2.447,3.003,16.018,-49.032,2023-01-18,4405.0,strict_gakutto_next_open,-2.002,6.0
2267,2024-04-16,639,kuitto_pullback_auto,くいっと押し目版,3.284487114704393,-3.039811727789765,-3.790322580645167,2.7996647108130768,2.459369817578773,5304693737.5,1.8229894697605071,-5.282669138090823,1,2024-04-17,3065.0,-0.033,True,1.175,0.489,2.316,13.051,-25.253,2024-05-13,3130.0,max15_next_open,2.121,16.0
2269,2026-06-23,1171,kuitto_pullback_auto,くいっと押し目版,1.5350877192982448,-3.333512265822114,-2.0324410949410954,2.3487151146725616,2.00807657792402,3689593780.0,2.134757790805307,-2.0882897171557,1,2026-06-24,3688.0,-0.432,True,2.603,5.369,2.278,24.946,-2.44,2026-07-13,3804.0,strict_gakutto_next_open,3.145,14.0
2270,2023-10-06,512,kuitto_pullback_auto,くいっと押し目版,2.3482498892335,-2.593192868719596,-1.7492010034709238,0.9968520461699937,1.3154406891981445,336443210.0,1.9727891156462583,-2.8186790071518697,0,2023-10-10,2313.0,0.13,True,-4.237,-1.167,0.519,74.665,-11.587,2023-10-16,2257.0,strict_gakutto_next_open,-2.421,5.0
2270,2024-04-23,644,kuitto_pullback_auto,くいっと押し目版,1.6640866873065097,-3.3185341259688528,-2.891130853787083,1.8374941851449833,1.440343347639485,501925920.0,1.9277829136984066,-5.128205128205132,0,2024-04-24,2605.0,-0.837,True,-1.19,-0.307,-4.837,55.086,-8.061,2024-04-26,2519.0,strict_gakutto_next_open,-3.301,3.0
2270,2025-08-20,968,kuitto_pullback_auto,くいっと押し目版,1.6666666666666607,-3.9454456892352496,-1.243250923557826,3.1220775483778107,1.7612055641421946,786449075.0,2.20738452339429,-2.714625042416019,0,2025-08-21,2896.0,1.012,False,1.416,0.932,2.728,39.503,-3.66,2025-08-29,2895.0,strict_gakutto_next_open,-0.035,7.0
2282,2022-02-10,106,kuitto_pullback_auto,くいっと押し目版,1.8561484918793614,-4.744608399545969,-1.3976951913731606,3.027458343111955,1.8335661080074488,2642924325.0,3.050764725024406,-2.2271714922049046,3,2022-02-14,4320.0,-1.595,True,2.315,0.0,-3.356,71.759,-19.213,2022-03-08,4140.0,max15_next_open,-4.167,16.0
2282,2022-04-07,143,kuitto_pullback_auto,くいっと押し目版,2.083333333333326,-2.6507154585972303,-0.6696962449174837,0.28894774861545347,1.4591463414634147,1567042100.0,1.9893671754416051,-4.252873563218396,1,2022-04-08,4165.0,0.0,True,-0.12,-1.08,-1.441,78.151,-16.206,2022-04-12,4150.0,strict_gakutto_next_open,-0.36,3.0
2282,2025-07-15,944,kuitto_pullback_auto,くいっと押し目版,1.8278907373177278,-2.12118786520451,-1.6755698862633839,1.1135130725619113,2.130730050933786,2617860210.0,1.7849939491730538,-3.9333462507265993,1,2025-07-16,4830.0,-2.582,True,2.07,3.996,9.545,53.623,-0.973,2025-08-07,5300.0,max15_next_open,9.731,16.0
2288,2025-05-14,900,kuitto_pullback_auto,くいっと押し目版,2.4677509814918785,-2.8391167192428957,-0.27821054974405124,1.9417475728155331,5.808764940239044,84565915.0,2.0838220345609506,-3.1796502384737635,0,2025-05-15,1822.0,-0.274,True,0.274,-0.11,-1.756,36.004,-3.897,2025-05-23,1800.0,strict_gakutto_next_open,-1.207,7.0
2292,2021-10-14,26,kuitto_pullback_auto,くいっと押し目版,1.8275862068965587,-2.34281137364839,-4.806804437450407,0.8607145296809726,1.4846547314578005,208784930.0,2.0898843790818056,-8.006230529595015,1,2021-10-15,2967.0,0.474,True,2.629,8.527,14.257,27.401,-25.143,2021-11-08,3390.0,max15_next_open,14.257,16.0
2292,2023-01-23,336,kuitto_pullback_auto,くいっと押し目版,1.928571428571435,-2.4346006278339827,-2.826611513271282,1.2415750266051795,1.7171314741035857,108096450.0,2.212433677044749,-5.496688741721856,0,2023-01-24,2872.0,0.631,False,0.94,1.985,-2.228,24.478,-22.667,2023-02-08,2877.0,strict_gakutto_next_open,0.174,12.0
2301,2024-01-19,580,kuitto_pullback_auto,くいっと押し目版,2.758620689655178,-2.2179253867151916,-1.5843026564384965,3.388458424887242,2.5780669144981414,167316390.0,2.313039309683605,-3.5078251484079837,0,2024-01-22,1786.0,-0.112,True,-0.952,-1.064,0.56,31.971,-19.765,2024-02-05,1771.0,strict_gakutto_next_open,-0.84,11.0
2301,2025-01-17,823,kuitto_pullback_auto,くいっと押し目版,2.8001898433792194,-2.9580936729663,-2.3100370928054725,1.7857142857142794,1.5899053627760253,138667050.0,2.0116079672866376,-5.538595726122986,0,2025-01-20,2185.0,0.877,False,-0.046,3.295,-2.197,5.172,-31.076,2025-02-05,2172.0,strict_gakutto_next_open,-0.595,13.0
2307,2021-11-02,39,kuitto_pullback_auto,くいっと押し目版,3.3898305084745672,-5.094659073418506,-2.7476159002927103,3.6407766990291357,2.3455882352941178,38710830.0,3.546336567413851,-7.173913043478263,3,2021-11-04,650.0,1.483,False,-4.462,9.846,17.308,300.0,-9.077,2021-11-09,617.5,stop_loss,-5.0,4.0
2307,2026-03-27,1113,kuitto_pullback_auto,くいっと押し目版,2.708333333333335,-2.4257125530624646,-2.140487173262118,1.9226793467024939,2.575107296137339,46335815.0,2.1443059982613732,-2.952755905511806,0,2026-03-30,958.0,-2.84,True,0.313,1.357,4.175,15.136,-6.889,2026-04-14,966.0,strict_gakutto_next_open,0.835,12.0
2307,2026-09-14,1228,kuitto_pullback_auto,くいっと押し目版,2.422480620155043,-3.3045437476530215,-2.587835285228546,2.482063215047492,1.3282674772036474,32294250.0,2.0408163265306123,-3.2936870997255285,0,2026-09-15,1054.0,-0.284,True,0.569,,,3.89,-0.474,,,,,
2317,2022-10-04,263,kuitto_pullback_auto,くいっと押し目版,2.9126213592232997,-2.883229216722727,-2.8794070132091565,3.718199608610573,1.871552403467297,272129640.0,2.644878706199461,-4.072398190045245,0,2022-10-05,428.0,0.943,False,-1.168,-0.467,-0.701,29.673,-45.093,2022-10-24,423.0,strict_gakutto_next_open,-1.168,13.0
2317,2022-12-28,321,kuitto_pullback_auto,くいっと押し目版,2.261306532663321,-3.90290337934317,-3.3215277113046837,0.7425742574257432,2.906409529211571,175678945.0,2.5623025623025626,-5.128205128205132,0,2022-12-29,402.0,-1.229,True,0.249,-3.98,0.498,38.06,-41.542,2023-01-05,396.0,strict_gakutto_next_open,-1.493,4.0
2325,2022-06-24,195,kuitto_pullback_auto,くいっと押し目版,2.073613271124941,-2.2114510754316807,-3.7125272979948387,1.494845360824737,2.5454545454545454,13700975.0,1.846477544801567,-6.238095238095243,1,2022-06-27,1989.0,1.016,False,-4.324,-3.72,-2.162,239.367,-4.324,2022-07-04,1931.0,strict_gakutto_next_open,-2.916,6.0
2325,2023-03-22,376,kuitto_pullback_auto,くいっと押し目版,1.83486238532109,-3.004177406452757,-1.0472997332179546,1.1021040167592533,1.56,10764440.0,1.9305019305019304,-2.2887323943661997,0,2023-03-23,2198.0,-0.991,True,3.276,-0.273,0.91,207.097,-1.228,2023-04-05,2213.0,strict_gakutto_next_open,0.682,10.0
2325,2026-02-02,1077,kuitto_pullback_auto,くいっと押し目版,2.4590163934426146,-4.138613861386142,-3.619945344370079,2.7326895418122055,2.4339622641509435,185075325.0,2.842857142857143,-8.59232175502742,1,2026-02-03,5030.0,0.6,False,-1.193,-11.233,-7.256,6.759,-15.01,2026-02-10,4970.0,strict_gakutto_next_open,-1.193,6.0
2326,2023-05-02,405,kuitto_pullback_auto,くいっと押し目版,1.980198019801982,-3.067129629629628,-2.0168983374216465,2.32465726207034,1.3829787234042554,257800325.0,2.142857142857143,-2.8301886792452824,0,2023-05-08,5290.0,2.718,False,5.293,1.323,6.994,56.522,-35.35,2023-05-29,5760.0,max15_next_open,8.885,16.0
2326,2023-07-31,465,kuitto_pullback_auto,くいっと押し目版,1.8115942028985588,-2.4891774891774854,-3.7401018099547545,3.1950055086301887,1.4902597402597402,308540550.0,2.2114895780376207,-5.387205387205385,0,2023-08-01,5320.0,-5.338,True,-6.109,-10.808,-12.03,55.639,-35.714,2023-08-02,5054.0,stop_loss,-5.0,2.0
2327,2025-10-21,1009,kuitto_pullback_auto,くいっと押し目版,2.420749279538903,-3.855127208087994,-3.2076439370289367,2.3440649657317403,1.3183552352691819,1244953425.0,2.540397138033604,-4.462365591397854,1,2025-10-22,3601.0,1.322,False,1.638,4.832,2.749,29.27,-14.607,2025-11-07,3679.0,strict_gakutto_next_open,2.166,12.0
2331,2022-01-24,93,kuitto_pullback_auto,くいっと押し目版,2.5912838633686652,-2.475360990144404,-4.55521746912474,2.0862634786685375,1.2557718424626527,1045176675.0,2.033787108413974,-5.633802816901412,1,2022-01-25,863.0,-0.918,True,-3.708,-5.446,-0.927,54.693,-22.132,2022-01-28,853.0,strict_gakutto_next_open,-1.159,4.0
2331,2024-10-08,757,kuitto_pullback_auto,くいっと押し目版,1.8737672583826415,-2.006880733944949,-1.090432705274913,0.603817686014807,1.5009067357512953,986045085.0,1.967224450283502,-2.9591357444809785,1,2024-10-09,1041.0,0.774,False,-0.913,0.865,0.817,28.242,-5.168,2024-10-17,1033.0,strict_gakutto_next_open,-0.768,6.0
2337,2022-06-21,192,kuitto_pullback_auto,くいっと押し目版,2.0408163265306145,-4.812129202373095,-2.579179473473192,2.8806584362139898,1.8182513870288886,277393390.0,2.4523809523809526,-4.458598726114649,0,2022-06-22,302.0,0.667,False,3.642,2.318,1.987,75.166,-19.868,2022-07-06,307.0,strict_gakutto_next_open,1.656,11.0
2337,2024-04-12,637,kuitto_pullback_auto,くいっと押し目版,1.891252955082745,-2.7551942186088474,-0.06492301984788451,0.0,1.2756766777901372,346808160.0,2.751077229035466,-6.911447084233258,1,2024-04-15,423.0,-1.856,True,0.709,-0.473,-1.655,25.059,-27.66,2024-04-22,438.0,strict_gakutto_next_open,3.546,6.0
2353,2022-06-23,194,kuitto_pullback_auto,くいっと押し目版,2.4096385542168752,-3.1727379553466384,-0.38452295121363944,2.533172496984304,2.247567417292188,308283700.0,3.697478991596639,-3.9548022598870025,2,2022-06-24,170.0,0.0,True,0.0,0.0,-1.176,88.824,-7.059,2022-07-13,168.0,strict_gakutto_next_open,-1.176,14.0
2353,2023-02-16,354,kuitto_pullback_auto,くいっと押し目版,2.777777777777768,-3.002309468822173,-1.5410958904109484,2.371541501976293,1.2735350007703765,545935790.0,2.5096525096525095,-3.3582089552238847,0,2023-02-17,257.0,-0.772,True,-1.946,3.891,-3.891,18.288,-33.852,2023-02-24,251.0,strict_gakutto_next_open,-2.335,5.0
2353,2023-08-10,473,kuitto_pullback_auto,くいっと押し目版,1.9138755980861344,-2.2492970946579205,-2.8009645705805886,1.6221374045801484,1.2983729927394139,609339355.0,1.9450033534540576,-2.73972602739726,0,2023-08-14,214.0,0.469,True,-1.402,2.336,3.738,42.056,-20.561,2023-08-21,213.0,strict_gakutto_next_open,-0.467,6.0
2353,2023-11-15,538,kuitto_pullback_auto,くいっと押し目版,1.9704433497536922,-3.241182078169691,-1.0861132660977546,1.4705882352941124,1.287220888791912,405048860.0,2.0358868184955146,-2.8169014084507005,0,2023-11-16,207.0,0.0,True,-0.966,-1.449,-5.314,46.86,-17.874,2023-12-07,196.65,stop_loss,-5.0,15.0
2353,2024-05-07,651,kuitto_pullback_auto,くいっと押し目版,1.538461538461533,-2.010050251256279,-2.378097521982414,1.3306038894575156,1.8652538984406237,276489205.0,2.3809523809523814,-3.8834951456310662,0,2024-05-08,198.0,0.0,True,3.03,-1.01,-2.02,53.535,-13.131,2024-05-29,194.0,max15_next_open,-2.02,16.0
2353,2024-12-19,807,kuitto_pullback_auto,くいっと押し目版,2.898550724637672,-3.803339517625226,-4.639647900238408,2.4038461538461453,1.623342175066313,290430475.0,2.7498323272971157,-6.167400881057272,1,2024-12-20,214.0,0.469,True,1.402,-0.935,-2.804,42.056,-7.477,2025-01-06,216.0,strict_gakutto_next_open,0.935,8.0
2359,2022-09-08,247,kuitto_pullback_auto,くいっと押し目版,1.9704433497536922,-4.739715084542673,-3.539966055120014,1.1730205278592365,1.2602739726027397,10985150.0,1.562654047126097,-4.6710526315789425,0,2022-09-09,1429.0,-1.38,True,-1.819,-4.199,-5.038,64.311,-5.948,2022-09-16,1408.0,strict_gakutto_next_open,-1.47,6.0
2371,2023-01-12,329,kuitto_pullback_auto,くいっと押し目版,1.9394512771996109,-2.4387947269303267,-2.732954015483624,3.3275795934023744,1.7418591549295774,2098329430.0,2.645011600928074,-3.6656236030397804,1,2023-01-13,2145.0,-0.464,True,2.564,1.026,-1.818,80.373,-36.993,2023-02-03,2145.0,max15_next_open,0.0,16.0
2371,2024-04-24,645,kuitto_pullback_auto,くいっと押し目版,1.9722222222222197,-2.315123251165896,-2.7004515365393944,3.3735075467447695,1.6197053406998159,1439356247.5,2.759076935050784,-2.4448578262024956,1,2024-04-25,1828.5,-0.381,True,-1.258,3.91,3.527,111.594,-14.356,2024-05-07,1825.0,strict_gakutto_next_open,-0.191,6.0
2378,2022-01-21,92,kuitto_pullback_auto,くいっと押し目版,2.1442495126705596,-2.0404307576043723,-4.221976401179939,0.8662175168431263,2.1692745376955904,93252315.0,2.9648309705561613,-7.174490699734282,3,2022-01-24,1035.0,-1.24,True,-1.836,4.058,6.087,25.121,-20.0,2022-01-27,983.25,stop_loss,-5.0,4.0
2378,2024-05-30,668,kuitto_pullback_auto,くいっと押し目版,1.8478260869565277,-3.2003325020781292,-4.594218327737288,0.5364806866952732,1.4218181818181819,37406810.0,1.7304467144381768,-7.043650793650791,1,2024-05-31,941.0,0.427,True,0.0,1.275,3.719,37.62,-3.719,2024-06-04,932.0,strict_gakutto_next_open,-0.956,3.0
2384,2023-05-12,410,kuitto_pullback_auto,くいっと押し目版,3.001579778830954,-2.2844958879074007,-0.8767055627585396,1.5260043600124673,1.941358024691358,232754000.0,1.7966695880806312,-1.3615733736762503,0,2023-05-15,3190.0,-2.147,True,0.157,-1.881,-3.292,69.592,-31.881,2023-05-22,3195.0,strict_gakutto_next_open,0.157,6.0
2384,2024-07-12,699,kuitto_pullback_auto,くいっと押し目版,3.1261913839115474,-2.1166791323859346,-1.6923768159353147,3.0240706886045077,1.780612244897959,205845340.0,2.0992870345920256,-1.0968921389396757,0,2024-07-16,2705.0,0.0,True,1.627,2.07,-13.567,100.0,-17.006,2024-07-26,2750.0,strict_gakutto_next_open,1.664,9.0
2384,2026-04-30,1136,kuitto_pullback_auto,くいっと押し目版,2.977667493796532,-2.685851318944843,-3.247246486897082,1.8155053974484803,2.2195121951219514,238361300.0,2.0740103270223753,-5.142857142857138,0,2026-05-01,4170.0,0.482,True,6.954,17.026,15.228,29.736,-1.679,2026-05-18,4695.0,strict_gakutto_next_open,12.59,9.0
2395,2022-07-29,219,kuitto_pullback_auto,くいっと押し目版,3.3266129032258007,-5.16548689496844,-1.437998621097203,2.428300189867083,1.4600662495399337,1790586585.0,5.264808362369338,-6.733393994540493,4,2022-08-01,2088.0,1.854,False,-2.059,7.567,12.404,54.454,-53.544,2022-08-01,1983.6,stop_loss,-5.0,1.0
2395,2023-06-16,435,kuitto_pullback_auto,くいっと押し目版,2.5217790004585128,-4.193238403075039,-2.5160580574186575,1.7473607571896643,1.3155598642753272,1741412080.0,3.2935088167646307,-6.833333333333336,4,2023-06-19,2230.0,-0.268,True,-3.767,-4.484,-6.323,10.538,-56.502,2023-06-26,2125.0,strict_gakutto_next_open,-4.709,6.0
2395,2025-07-23,949,kuitto_pullback_auto,くいっと押し目版,1.7543859649122862,-2.898343803540826,-1.6679149622630507,1.9481470631316666,3.0850927703134996,304663220.0,2.5297619047619047,-2.8611304954640593,0,2025-07-24,1405.0,0.934,False,-1.708,4.626,10.32,42.705,-24.057,2025-08-15,1554.0,max15_next_open,10.605,16.0
2395,2026-05-08,1139,kuitto_pullback_auto,くいっと押し目版,3.0890804597701216,-3.9940225512837935,-3.494199030448275,1.241710173557209,1.6308557151780136,306687125.0,2.697859631657541,-7.059585492227982,1,2026-05-11,1437.0,0.139,True,-15.101,-10.926,-15.31,6.054,-25.748,2026-05-11,1365.15,stop_loss,-5.0,1.0
2410,2022-06-27,196,kuitto_pullback_auto,くいっと押し目版,2.14861235452104,-2.429805615550751,-0.6940929795387185,3.840553330906449,1.6009389671361502,27485225.0,3.2615500187805186,0.0,2,2022-06-28,1141.0,0.0,True,0.351,3.067,1.139,161.525,-4.47,2022-07-13,1153.0,strict_gakutto_next_open,1.052,12.0
2410,2022-11-07,285,kuitto_pullback_auto,くいっと押し目版,2.304469273743015,-3.034408019506918,-1.8041517226388581,1.3420033204206039,1.6706827309236947,48905335.0,3.3739639200390052,-5.116580310880825,2,2022-11-08,1479.0,0.956,False,1.69,7.64,9.331,101.758,-8.384,2022-11-17,1493.0,strict_gakutto_next_open,0.947,8.0
2410,2024-01-22,581,kuitto_pullback_auto,くいっと押し目版,3.1573754316724267,-3.3358677057593655,-1.9965794884605703,2.499999999999991,1.8739495798319328,42877465.0,2.1589123454259753,-3.950390445567298,0,2024-01-23,2061.0,-1.435,True,0.291,-10.82,-11.839,44.784,-33.673,2024-02-01,1910.0,stop_gap_open,-7.327,8.0
2429,2021-12-21,72,kuitto_pullback_auto,くいっと押し目版,1.9321766561514186,-2.4272939054632903,-0.7808560382634777,-0.4697366394578739,1.3810975609756098,105572695.0,3.0395136778115504,-4.046028210838903,2,2021-12-22,2635.0,1.934,False,-0.493,-7.4,-9.526,18.786,-42.77,2021-12-24,2617.0,strict_gakutto_next_open,-0.683,3.0
2429,2025-01-14,820,kuitto_pullback_auto,くいっと押し目版,2.0082389289392433,-3.4224705647575404,-2.201276861418233,1.987232289950569,1.958762886597938,88396880.0,1.8641378813009302,-2.6535626535626577,0,2025-01-15,1987.0,0.303,True,-0.956,2.315,-0.604,48.364,-12.934,2025-01-22,1962.0,strict_gakutto_next_open,-1.258,6.0
2429,2025-11-05,1019,kuitto_pullback_auto,くいっと押し目版,1.5841584158415856,-2.4941724941724863,-0.7286836377401351,1.882745471877989,2.961038961038961,105018720.0,1.949317738791423,-2.099236641221369,0,2025-11-06,2574.0,0.351,True,-0.932,-2.02,1.36,14.53,-11.111,2025-11-11,2482.0,strict_gakutto_next_open,-3.574,4.0
2432,2026-07-27,1194,kuitto_pullback_auto,くいっと押し目版,2.1884118382659468,-2.1519756838905724,-2.3531688749465762,1.2305405293801863,1.3692244224422443,3138378430.0,2.2304128667579617,-7.993995121035846,2,2026-07-28,2478.5,1.101,False,1.392,-0.888,-0.363,6.072,-3.329,2026-08-06,2452.0,strict_gakutto_next_open,-1.069,8.0
2461,2025-10-20,1008,kuitto_pullback_auto,くいっと押し目版,2.0449897750511203,-2.52302763315978,-3.7704659949622243,2.0449897750511203,1.8597014925373134,44246165.0,1.5459490409390209,-5.313092979127132,0,2025-10-21,497.0,-0.401,True,3.622,2.012,6.036,10.463,-24.346,2025-11-12,527.0,max15_next_open,6.036,16.0
2462,2023-03-23,377,kuitto_pullback_auto,くいっと押し目版,2.931596091205213,-4.472253564468154,-2.637573933579951,1.7494901792422413,2.496969696969697,71633575.0,2.4261603375527425,-5.200000000000005,0,2023-03-24,1888.0,-0.422,True,7.415,3.443,3.814,9.375,-36.07,2023-04-07,1983.0,strict_gakutto_next_open,5.032,11.0
2471,2023-07-03,446,kuitto_pullback_auto,くいっと押し目版,1.883239171374762,-3.7997807818779594,-3.9285454941543785,2.229780801209369,1.702118138424821,494535065.0,2.825455505677317,-6.884681583476759,1,2023-07-04,541.0,0.0,True,14.603,13.124,5.176,25.693,-58.965,2023-07-26,569.0,max15_next_open,5.176,16.0
2475,2024-07-31,711,kuitto_pullback_auto,くいっと押し目版,2.2752497225305257,-3.049040511727086,-1.6742276949665125,1.2303636163901954,1.6855670103092784,48650405.0,1.6084024494225253,-3.051025775907412,0,2024-08-01,1843.0,0.0,True,-12.859,-8.41,-8.953,19.316,-19.696,2024-08-02,1750.0,stop_gap_open,-5.046,2.0
2491,2023-07-13,454,kuitto_pullback_auto,くいっと押し目版,2.033132530120474,-2.5029446407538236,-4.6524985640436505,2.033132530120474,1.4870466321243523,200981560.0,2.013705851344228,-8.19783197831978,1,2023-07-14,1365.0,0.738,False,-2.784,-3.004,-8.498,24.176,-70.11,2023-08-03,1311.0,strict_gakutto_next_open,-3.956,14.0
2491,2024-07-05,694,kuitto_pullback_auto,くいっと押し目版,2.586206896551735,-3.2055518836748287,-2.1050173472111022,1.3801329016868369,1.4024390243902438,212744630.0,2.1488595438175273,-4.952076677316297,0,2024-07-08,1190.0,0.0,True,3.445,0.336,1.597,5.21,-65.714,2024-07-19,1214.0,strict_gakutto_next_open,2.017,9.0
2491,2025-07-08,939,kuitto_pullback_auto,くいっと押し目版,2.902374670184704,-4.933299773470933,-4.152790392572414,2.6585943669386713,1.7344766410408043,163488820.0,2.042124542124542,-5.109489051094895,0,2025-07-09,781.0,0.128,True,0.896,4.225,3.585,9.859,-47.759,2025-07-31,809.0,max15_next_open,3.585,16.0
2492,2022-06-09,184,kuitto_pullback_auto,くいっと押し目版,2.591792656587466,-3.109656301145658,-2.0300813676337626,-0.3775167785234901,3.431003849570625,504865165.0,4.977443609022556,-6.496062992125983,3,2022-06-10,463.0,-2.526,True,-20.95,-25.27,-19.006,57.451,-56.587,2022-06-13,425.0,stop_gap_open,-8.207,2.0
2501,2023-08-09,472,kuitto_pullback_auto,くいっと押し目版,2.3600439077936297,-3.2515073212747603,-0.31152647975080106,2.970406360424027,1.9557702084392476,742899995.0,1.8613558023745678,-0.5333333333333301,0,2023-08-10,746.4,0.054,True,9.459,14.952,19.614,194.547,-0.241,2023-09-01,896.0,max15_next_open,20.043,16.0
2502,2023-08-25,483,kuitto_pullback_auto,くいっと押し目版,1.5245434746188558,-3.5839000183789715,-2.5582417008838454,1.4407035007644398,1.4389943560800411,8948384907.0,2.2186861543297187,-4.149311962882907,1,2023-08-28,1826.0,0.44,True,5.602,5.602,8.614,12.103,-20.455,2023-09-12,1924.0,strict_gakutto_next_open,5.367,12.0
2502,2024-02-21,602,kuitto_pullback_auto,くいっと押し目版,1.5701228060337469,-4.232354428745156,-2.6093613298337703,1.696723336402628,1.3127152597174387,9245243421.0,2.018282054719973,-3.551650692225772,1,2024-02-22,1815.0,0.204,True,-5.73,-4.501,-1.471,12.782,-19.972,2024-02-27,1740.7,strict_gakutto_next_open,-4.094,3.0
2502,2025-07-16,945,kuitto_pullback_auto,くいっと押し目版,1.5281501340482562,-3.6250324591015293,-2.8489551739285024,1.9216277317257058,1.7399256431369614,9464901260.0,1.8107057980308574,-3.8100076200152433,1,2025-07-17,1874.5,-1.003,True,4.641,2.374,2.401,6.989,-22.513,2025-08-08,1950.0,max15_next_open,4.028,16.0
2502,2025-09-01,976,kuitto_pullback_auto,くいっと押し目版,2.1545919741448927,-2.7485136121831677,-2.251625126922152,1.5474405654315682,1.490704699031545,8991790592.5,1.7042672592369401,-4.1929780247537245,1,2025-09-02,1902.5,0.316,True,-1.209,-4.599,-6.071,3.233,-23.653,2025-09-09,1880.0,strict_gakutto_next_open,-1.183,6.0
2531,2023-10-06,512,kuitto_pullback_auto,くいっと押し目版,2.3495465787304104,-2.2824302134646923,-2.7732701544852745,3.605107235249938,1.31783309848129,816678380.0,2.123007882170186,-2.9319781078967933,0,2023-10-10,1257.0,1.248,False,-3.5,-3.381,-2.466,115.553,-20.756,2023-10-17,1225.5,strict_gakutto_next_open,-2.506,6.0
2531,2026-02-24,1091,kuitto_pullback_auto,くいっと押し目版,3.092783505154628,-2.786106946526734,-2.2903997607417015,2.027802576202009,1.562058526740666,655111867.5,2.640625,-2.5875190258751957,0,2026-02-25,1612.0,0.75,False,0.682,-2.45,-7.816,68.083,-15.199,2026-03-05,1622.5,strict_gakutto_next_open,0.651,7.0
256A,2026-05-26,399,kuitto_pullback_auto,くいっと押し目版,2.196118488253318,-4.181800333758712,-2.6301621168916656,2.44726602498464,1.7884816753926702,485313235.0,3.3054901120868134,-6.364061768834817,3,2026-05-27,2017.0,0.8,False,-5.255,-5.801,-1.091,18.741,-6.495,2026-06-02,1930.0,strict_gakutto_next_open,-4.313,5.0
2579,2022-04-20,152,kuitto_pullback_auto,くいっと押し目版,1.6949152542372836,-2.0058503969912267,-1.8194969953260642,2.0119013884953407,1.2680806675938805,808595025.0,1.840277777777778,-2.7683997299122187,0,2022-04-21,1440.0,0.0,True,-0.972,2.361,4.514,223.611,-12.014,2022-04-28,1418.0,strict_gakutto_next_open,-1.528,6.0
2579,2023-11-28,546,kuitto_pullback_auto,くいっと押し目版,1.7657751233445929,-3.514956188941487,-2.254645952509171,1.8451143451143404,2.06193724420191,1944279577.5,2.8031932344256916,-4.763061968408266,1,2023-11-29,1958.5,-0.051,True,4.417,8.042,6.74,137.937,-13.122,2023-12-15,2068.0,strict_gakutto_next_open,5.591,13.0
2579,2025-07-17,946,kuitto_pullback_auto,くいっと押し目版,2.207505518763786,-2.65989498149265,-2.1739130434782594,1.950940238692933,1.587997797761057,1784938700.0,1.5242209194692995,-2.690205968894499,1,2025-07-18,2326.5,0.497,True,-0.043,-4.234,12.465,100.301,-4.234,2025-07-29,2297.5,strict_gakutto_next_open,-1.247,7.0
2579,2026-04-30,1136,kuitto_pullback_auto,くいっと押し目版,1.8479880774962654,-2.8339848240974908,-3.3227450353070176,0.9632431154709797,2.019362646228318,3029078830.0,2.318240729127472,-5.789909015715466,1,2026-05-01,3277.0,-4.097,True,2.35,9.551,5.279,42.203,-6.195,2026-05-01,3113.15,stop_loss,-5.0,1.0
2585,2022-07-29,147,kuitto_pullback_auto,くいっと押し目版,2.5322179516165555,-4.358175365705874,-0.9521172551155921,2.2363497001668176,1.5183246073298429,125261050.0,3.8919514884233744,-5.776023270309583,2,2022-08-01,450.0,-0.772,True,-8.0,11.178,2.111,570.0,-20.778,2022-08-03,427.5,stop_loss,-5.0,3.0
2585,2023-02-02,272,kuitto_pullback_auto,くいっと押し目版,1.6643788606726329,-3.9337542560576644,-4.998860936635518,1.4867596176903808,3.467811158798283,104978828.0,3.7781796262808904,-8.607126330402581,3,2023-02-03,597.0,0.759,False,-6.734,10.218,12.898,405.025,-9.129,2023-02-07,581.8,strict_gakutto_next_open,-2.546,3.0
2585,2023-02-13,279,kuitto_pullback_auto,くいっと押し目版,3.391915641476273,-3.5935521407303717,-4.755815205685976,3.93258426966292,3.3268292682926828,92561018.0,3.4858308443214066,-6.619047619047624,3,2023-02-14,624.8,6.204,False,13.444,6.962,16.117,382.554,-1.889,2023-02-28,663.8,strict_gakutto_next_open,6.242,10.0
2585,2025-02-12,768,kuitto_pullback_auto,くいっと押し目版,3.4285714285714253,-3.4297671033478916,-4.391074469038447,1.7902333864467046,1.8821039903264813,445329205.0,3.0386740331491713,-6.70103092783505,3,2025-02-13,2200.0,1.289,False,-22.864,-26.773,-33.182,37.045,-57.682,2025-02-14,1935.0,stop_gap_open,-12.045,2.0
2585,2026-01-19,995,kuitto_pullback_auto,くいっと押し目版,3.2448377581120846,-2.4158461186169045,-2.7277699284444568,2.4950216703760075,2.0208891269416176,834372280.0,3.502040816326531,-5.251759610178663,3,2026-01-20,1753.0,0.171,True,5.134,-7.872,-8.785,8.842,-46.891,2026-01-28,1716.0,strict_gakutto_next_open,-2.111,7.0
2587,2022-03-15,127,kuitto_pullback_auto,くいっと押し目版,1.5469613259668558,-2.180483592400695,-0.8076839118096535,1.1223591549295753,1.3631208447399297,3447783400.0,2.8058448624281045,-3.161222339304526,1,2022-03-16,4585.0,-0.218,True,3.49,2.944,1.745,28.615,-10.491,2022-03-31,4695.0,strict_gakutto_next_open,2.399,11.0
2590,2023-06-02,425,kuitto_pullback_auto,くいっと押し目版,2.0408163265306145,-2.6092113065823264,-2.500791389680268,1.4610389610389518,2.15,144391825.0,1.5642857142857143,-3.474903474903479,0,2023-06-05,2535.0,1.4,False,-0.592,0.394,-0.789,42.012,-5.325,2023-06-26,2515.0,max15_next_open,-0.789,16.0
2590,2023-10-06,512,kuitto_pullback_auto,くいっと押し目版,1.9927536231884035,-3.110639802050197,-3.565924057727343,2.2520886305848142,1.25,139980500.0,1.700076122811469,-5.218855218855223,0,2023-10-10,2830.0,0.533,False,-4.064,-2.12,0.177,27.208,-15.194,2023-10-16,2720.0,strict_gakutto_next_open,-3.887,5.0
2593,2024-09-19,745,kuitto_pullback_auto,くいっと押し目版,1.5815085158150888,-2.046252572950713,-4.028645006526266,2.3096244562886836,1.8782954135066812,1587206465.0,2.4294268605645852,-6.390134529147984,2,2024-09-20,3332.0,-0.24,True,3.782,1.621,0.66,11.645,-21.068,2024-10-03,3377.0,strict_gakutto_next_open,1.351,9.0
2593,2025-01-22,826,kuitto_pullback_auto,くいっと押し目版,1.5685113939035267,-2.8987201215592284,-4.328567166234409,2.914717524289312,1.929760665972945,932897710.0,1.8210955710955712,-4.613674263479705,1,2025-01-23,3433.0,0.029,True,-0.087,-2.447,0.641,7.719,-23.391,2025-01-30,3439.0,strict_gakutto_next_open,0.175,6.0
2659,2023-09-27,505,kuitto_pullback_auto,くいっと押し目版,1.7598343685300222,-2.3426359747402703,-1.4098938481085344,2.161712741633748,1.7928994082840237,171038500.0,1.4169452114518237,-1.4042126379137376,0,2023-09-28,2462.5,0.203,True,-0.203,1.523,-3.452,41.523,-11.066,2023-10-16,2375.0,strict_gakutto_next_open,-3.553,12.0
2664,2021-10-28,36,kuitto_pullback_auto,くいっと押し目版,2.4747937671860676,-2.545551982851013,-2.55007484496399,2.2218158544390576,1.4793388429752066,188681115.0,1.8879376437515971,-2.951388888888884,0,2021-10-29,2236.0,0.0,True,5.188,2.281,0.447,74.195,-11.404,2021-11-12,2259.0,strict_gakutto_next_open,1.029,10.0
2664,2023-05-12,410,kuitto_pullback_auto,くいっと押し目版,2.22626079054975,-4.815006915629327,-2.1914219460818174,1.800742014297363,1.4037626628075253,141889850.0,1.6825396825396823,-3.681506849315064,0,2023-05-15,2252.0,0.089,True,-2.265,-3.863,-3.419,72.957,-5.329,2023-05-22,2211.0,strict_gakutto_next_open,-1.821,6.0
2670,2025-06-04,915,kuitto_pullback_auto,くいっと押し目版,2.956893480584255,-2.9600446272923686,-0.7828924549270533,3.092783505154628,2.532208224387925,2127615305.0,2.1502718734552646,-3.1014249790444204,1,2025-06-05,2855.0,-1.211,True,2.522,1.121,0.876,14.536,-16.795,2025-06-16,2854.0,strict_gakutto_next_open,-0.035,8.0
2670,2025-07-23,949,kuitto_pullback_auto,くいっと押し目版,2.162916448630736,-3.102018986495514,-1.2654522681479041,0.951428866903381,1.7206635764820688,1803443310.0,2.268348008488012,-3.8259441707717556,1,2025-07-24,2922.5,-0.205,True,-2.994,2.224,1.745,11.891,-18.717,2025-07-28,2924.0,strict_gakutto_next_open,0.051,3.0
2674,2023-05-31,423,kuitto_pullback_auto,くいっと押し目版,1.726726726726735,-4.170286707211135,-3.7519918875851044,1.9717037928958403,1.6419753086419753,112146425.0,2.6884554559831315,-7.634628493524199,1,2023-06-01,1345.0,-0.738,True,-2.602,1.115,4.089,130.112,-3.123,2023-06-07,1336.0,strict_gakutto_next_open,-0.669,5.0
2674,2024-03-14,617,kuitto_pullback_auto,くいっと押し目版,2.831858407079646,-3.7864187733817056,-3.8140562973655756,2.1807949349278877,1.5336927223719676,79152740.0,2.5981476928120646,-6.441223832528175,1,2024-03-15,1743.0,0.0,True,1.606,-2.467,-5.967,77.567,-9.868,2024-04-03,1655.85,stop_loss,-5.0,13.0
2676,2022-01-28,97,kuitto_pullback_auto,くいっと押し目版,2.4606971975392966,-2.095413811280966,-1.5205700813266554,0.806993947545398,1.9283387622149837,50649520.0,2.811398074907081,-3.8486209108402836,0,2022-01-31,749.5,0.0,True,3.669,4.136,4.536,200.467,-3.803,2022-02-10,771.5,strict_gakutto_next_open,2.935,9.0
2678,2021-11-09,43,kuitto_pullback_auto,くいっと押し目版,3.3810143042912966,-2.236742900226185,-2.8394630470582327,2.080123266563949,1.5658362989323844,637386455.0,2.3000898472596587,-3.8112522686025385,0,2021-11-10,1581.0,-0.566,True,-1.581,-3.795,-13.219,54.333,-33.523,2021-11-12,1533.0,strict_gakutto_next_open,-3.036,3.0
2678,2024-06-04,671,kuitto_pullback_auto,くいっと押し目版,2.1860465116279038,-2.4110320284697395,-4.2046287569379,0.07287965746560765,1.3682877406281662,832112010.0,2.6172052799271732,-8.343763037129747,2,2024-06-05,2180.0,-0.774,True,0.459,-0.092,2.11,4.679,-51.789,2024-06-07,2135.0,strict_gakutto_next_open,-2.064,3.0
2678,2026-04-06,1119,kuitto_pullback_auto,くいっと押し目版,2.1533161068044704,-5.053908355795144,-4.42578530090657,3.780189009450474,1.786291626252829,617734985.0,2.914960250542038,-5.947660586835846,1,2026-04-07,1194.0,0.675,False,-3.853,1.089,-2.596,10.804,-5.779,2026-04-14,1163.0,strict_gakutto_next_open,-2.596,6.0
2681,2026-07-17,1189,kuitto_pullback_auto,くいっと押し目版,2.5316455696202445,-2.766798418972327,-3.000903413331246,2.5005061753391455,2.9745042492917846,277644040.0,2.72310405643739,-2.644230769230771,0,2026-07-21,2075.0,2.469,False,1.253,0.048,11.133,19.711,-2.988,2026-08-04,2050.0,strict_gakutto_next_open,-1.205,11.0
2685,2024-06-19,682,kuitto_pullback_auto,くいっと押し目版,2.3054755043227626,-4.808475957620217,-2.1763392857142905,1.2549914432401499,1.7468030690537084,840234375.0,2.535211267605634,-4.697986577181212,1,2024-06-20,3565.0,0.423,True,4.208,-8.696,-12.903,13.745,-27.938,2024-07-01,3386.75,stop_loss,-5.0,8.0
2695,2025-05-14,900,kuitto_pullback_auto,くいっと押し目版,1.9169329073482455,-2.5481665630826655,-2.8877071481573147,1.5600127347978443,1.4878048780487805,1029283475.0,1.9816390506045678,-5.760709010339737,1,2025-05-15,1595.0,0.0,True,-3.762,0.157,-0.627,31.505,-5.078,2025-05-21,1547.5,strict_gakutto_next_open,-2.978,5.0
2695,2025-08-25,971,kuitto_pullback_auto,くいっと押し目版,2.638522427440626,-3.8412291933418663,-4.22185010402395,3.0463576158940464,1.956896551724138,1117570300.0,2.377892030848329,-6.714628297362113,2,2025-08-26,1940.0,-0.257,True,0.129,1.675,-7.345,4.768,-21.959,2025-09-16,1843.0,stop_loss,-5.0,15.0
2726,2025-06-05,916,kuitto_pullback_auto,くいっと押し目版,3.170028818443793,-5.113636363636365,-4.482477587612066,1.8202502844141044,1.5056730273336771,3089800775.0,3.0526735833998404,-11.05590062111801,4,2025-06-06,1790.0,0.0,True,4.05,4.19,-0.698,64.693,-26.592,2025-06-16,1807.5,strict_gakutto_next_open,0.978,7.0
2726,2026-06-23,1171,kuitto_pullback_auto,くいっと押し目版,2.9197080291970767,-2.383623107122823,-0.4683840749414525,1.147776183644189,1.3757807078417765,1163461385.0,2.983789260385005,-2.6243093922651894,3,2026-06-24,1424.0,0.993,False,3.371,8.708,1.826,11.306,-7.725,2026-07-13,1480.0,strict_gakutto_next_open,3.933,14.0
2730,2022-01-14,87,kuitto_pullback_auto,くいっと押し目版,1.6068052930056753,-2.070895522388061,-0.17798311053885962,1.95371775417299,1.5889391979301424,347152100.0,1.3820598006644518,-0.09293680297397522,0,2022-01-17,1077.0,0.186,True,-0.371,-0.464,-1.486,150.604,-2.693,2022-02-07,1055.0,max15_next_open,-2.043,16.0
2730,2023-03-23,377,kuitto_pullback_auto,くいっと押し目版,2.127659574468077,-2.077459563733497,-0.20240468853844895,1.710307249886478,1.5184461275348156,833545420.0,1.5093537414965985,-1.538461538461533,1,2023-03-24,1342.0,-0.149,True,-4.993,-4.024,-3.055,101.118,-5.738,2023-03-30,1274.9,stop_loss,-5.0,5.0
2730,2025-02-27,850,kuitto_pullback_auto,くいっと押し目版,2.0231213872832443,-2.79184960036023,-2.699548953167419,1.7642988929889247,1.799174917491749,891138780.0,1.5135572642654795,-4.284164859002171,1,2025-02-28,1766.0,0.057,True,4.983,4.757,7.078,52.831,-4.304,2025-03-14,1831.0,strict_gakutto_next_open,3.681,11.0
2733,2022-09-08,247,kuitto_pullback_auto,くいっと押し目版,1.8072289156626509,-3.864059590316571,-0.1685934489402685,1.93003618817853,1.2837837837837838,112660825.0,2.569737954353339,-3.318077803203656,0,2022-09-09,2097.5,-0.71,True,0.358,-3.099,-1.073,77.116,-10.846,2022-09-28,1992.625,stop_loss,-5.0,12.0
2734,2025-11-06,1020,kuitto_pullback_auto,くいっと押し目版,1.8234165067178454,-4.377165785154114,-2.262914991811815,1.009139375475998,1.3893992932862191,94548540.0,1.9254072976975896,-3.9819004524886847,0,2025-11-07,1061.0,0.0,True,2.545,4.147,7.634,18.756,-11.122,2025-12-01,1153.0,max15_next_open,8.671,16.0
2737,2024-07-31,711,kuitto_pullback_auto,くいっと押し目版,1.7069701280227667,-2.950819672131144,-4.856134345919349,0.4777965148960117,1.5858895705521472,225163750.0,3.866133866133866,-11.619283065512976,3,2024-08-01,7030.0,-1.678,True,-19.061,-16.927,-12.233,521.622,-35.775,2024-08-02,6560.0,stop_gap_open,-6.686,2.0
2742,2021-12-03,60,kuitto_pullback_auto,くいっと押し目版,1.5413533834586435,-3.3201696650577817,-3.794175773076036,1.9938071142663105,1.4848484848484849,53116185.0,2.0257047654307927,-6.41025641025641,1,2021-12-06,2723.0,0.815,False,2.461,1.983,-2.277,94.271,-4.15,2021-12-16,2800.0,strict_gakutto_next_open,2.828,9.0
2742,2022-08-05,224,kuitto_pullback_auto,くいっと押し目版,3.1147540983606614,-2.2250476795931395,-0.20484098894117952,2.1435531016563925,2.02,53294100.0,2.232568703156938,-1.2558869701726816,0,2022-08-08,3145.0,0.0,True,0.477,-0.954,-0.318,68.203,-10.048,2022-08-17,3105.0,strict_gakutto_next_open,-1.272,7.0
2742,2023-03-08,367,kuitto_pullback_auto,くいっと押し目版,1.5898251192368873,-2.616995073891626,-1.0114253605544188,0.7568590350047311,1.462962962962963,147588675.0,2.168566957299352,-5.052005943536408,0,2023-03-09,3195.0,0.0,True,-3.443,-3.13,-0.626,65.571,-7.074,2023-03-14,3035.25,stop_loss,-5.0,4.0
2742,2023-03-23,377,kuitto_pullback_auto,くいっと押し目版,2.4834437086092676,-3.367088607594937,-3.7824493343241783,1.2894357900248732,1.2971698113207548,103050115.0,2.1878606046618967,-5.206738131699851,0,2023-03-24,3060.0,-1.131,True,3.758,-0.49,2.778,72.876,-1.471,2023-04-06,3055.0,strict_gakutto_next_open,-0.163,10.0
2742,2026-06-29,1175,kuitto_pullback_auto,くいっと押し目版,2.732240437158473,-3.6793692509855425,-1.9080104460907132,2.146155935886984,1.6767676767676767,117013925.0,2.4886018237082066,-2.9677419354838697,0,2026-06-30,3765.0,0.133,True,1.062,0.266,0.133,9.562,-3.586,2026-07-02,3730.0,strict_gakutto_next_open,-0.93,3.0
2749,2021-12-07,62,kuitto_pullback_auto,くいっと押し目版,2.8340080971659853,-4.127725856697828,-2.7603513174404015,2.4193548387096753,1.4407114624505928,81221325.0,2.924634420697413,-5.576208178438657,2,2021-12-08,253.0,-0.394,True,-2.767,-4.348,-4.743,215.02,-18.972,2021-12-13,248.0,strict_gakutto_next_open,-1.976,4.0
2749,2022-09-01,242,kuitto_pullback_auto,くいっと押し目版,2.734375,-2.6819923371647514,-1.9065190651906705,3.0564263322883978,3.904587155963303,56785815.0,2.2270505160239,-4.363636363636358,0,2022-09-02,265.0,0.76,False,2.642,3.019,2.264,200.755,-3.396,2022-09-27,268.0,max15_next_open,1.132,16.0
2749,2024-11-12,780,kuitto_pullback_auto,くいっと押し目版,2.7982326951399017,-3.341757933164846,-2.460407239819018,1.188750362423896,1.4879494271039115,167200605.0,3.141629144494474,-4.120879120879117,2,2024-11-13,688.0,-1.433,True,-7.122,-4.651,-1.89,15.843,-25.145,2024-11-13,653.6,stop_loss,-5.0,1.0
2749,2025-01-15,821,kuitto_pullback_auto,くいっと押し目版,2.0537124802527673,-4.415740462601381,-2.890420147569983,1.4128728414442682,1.560084700899947,193829130.0,2.642636001769129,-4.860088365243009,0,2025-01-16,648.0,0.31,True,-1.235,0.617,-8.796,22.994,-20.525,2025-01-23,638.0,strict_gakutto_next_open,-1.543,6.0
2749,2026-06-26,1174,kuitto_pullback_auto,くいっと押し目版,2.123893805309729,-2.76356192425794,-3.480262712438209,1.1925640126271508,1.3904715127701375,114441650.0,1.8445159692993314,-4.311774461028195,0,2026-06-29,578.0,0.173,True,5.017,6.228,6.92,19.377,-0.346,2026-07-21,620.0,max15_next_open,7.266,16.0
2752,2024-07-31,711,kuitto_pullback_auto,くいっと押し目版,1.664254703328516,-2.41776778183862,-1.7773884540393858,1.050057537399307,1.302491103202847,93341390.0,1.204880528723945,-2.0905923344947785,0,2024-08-01,1388.0,-1.21,True,-3.17,-2.882,-0.576,1.657,-25.36,2024-08-05,1312.0,stop_gap_open,-5.476,3.0
2760,2026-09-15,1229,kuitto_pullback_auto,くいっと押し目版,2.506265664160412,-2.7183064710127547,-1.1557325304715316,0.4667157946450562,1.3214285714285714,487481175.0,4.0516940272441495,-4.772991850989527,2,2026-09-16,4100.0,0.244,True,12.439,,,13.049,0.0,,,,,
2767,2023-07-19,457,kuitto_pullback_auto,くいっと押し目版,1.6821146584277358,-5.382267056012735,-0.3683904384677139,2.932999721990548,1.304332695319297,2515447020.0,4.087489148258898,-6.265822784810126,4,2023-07-20,2949.0,-0.439,True,-0.17,4.442,11.902,14.615,-63.717,2023-07-21,2801.55,stop_loss,-5.0,2.0
2767,2026-02-05,1080,kuitto_pullback_auto,くいっと押し目版,2.0168067226890685,-2.3132059079061684,-0.6976333451077288,1.211649622054245,1.4204862495017936,711103010.0,2.612379383384326,-2.359249329758717,0,2026-02-06,1798.0,-1.263,True,-9.511,-15.128,-14.405,48.888,-26.529,2026-02-13,1708.1,stop_loss,-5.0,5.0
2767,2026-09-11,1227,kuitto_pullback_auto,くいっと押し目版,2.7903159622486573,-3.4181364132979675,-0.4948745139625399,1.1222347812045896,1.4203039120594891,1406430225.0,2.703165098374679,-4.0964777947932625,1,2026-09-14,2506.0,0.04,True,5.626,,,6.824,0.0,2026-09-25,2595.0,strict_gakutto_next_open,3.551,7.0
2784,2022-01-04,80,kuitto_pullback_auto,くいっと押し目版,1.5483870967741842,-2.1550624840601995,-1.7866245284942406,2.11496042558712,1.8057437008940667,972137660.0,2.046650934833908,-2.5386996904024794,1,2022-01-05,1595.0,1.334,False,1.505,-3.762,0.125,68.37,-4.263,2022-01-14,1578.0,strict_gakutto_next_open,-1.066,7.0
2792,2024-04-23,644,kuitto_pullback_auto,くいっと押し目版,1.9423190111830468,-3.1452358926919444,-2.3864189800320124,2.874792112140656,1.640250260688217,258588815.0,1.7032332563510393,-6.175514626218847,1,2024-04-24,1738.0,0.346,True,-2.186,-0.863,-2.704,2.704,-24.338,2024-05-02,1703.0,strict_gakutto_next_open,-2.014,6.0
2792,2024-06-14,679,kuitto_pullback_auto,くいっと押し目版,3.1430404105195597,-4.148418491484184,-4.39182645748597,1.7979235249430348,1.5309446254071661,293921635.0,1.7990405117270787,-5.300353356890463,0,2024-06-17,1605.0,-0.187,True,-1.682,-1.433,-1.558,11.215,-18.069,2024-06-24,1582.0,strict_gakutto_next_open,-1.433,6.0
2801,2022-12-09,308,kuitto_pullback_auto,くいっと押し目版,2.147651006711415,-3.6809815950920144,-2.422611036339173,0.9283819628647105,1.4219158545281674,3769014400.0,1.7927538952506101,-3.792667509481673,1,2022-12-12,1510.0,-0.788,True,-0.927,-5.166,-8.079,35.828,-20.397,2022-12-16,1482.0,strict_gakutto_next_open,-1.854,5.0
2802,2023-10-06,512,kuitto_pullback_auto,くいっと押し目版,1.6015154124332742,-2.3027557568893853,-3.1882488323292435,3.1324290309047598,1.2813973567111643,9538748320.0,2.5605326876513317,-3.7834311806914545,1,2023-10-10,2993.5,1.475,False,-4.61,-7.132,-9.805,111.792,-18.39,2023-10-16,2843.825,stop_loss,-5.0,5.0
2802,2024-06-25,686,kuitto_pullback_auto,くいっと押し目版,3.432413305024773,-2.4334283529166334,-1.992352586033408,3.483679105006021,1.643961179007908,8127210280.0,2.0832315136112602,-0.8816547982366862,1,2024-06-26,2900.5,-0.77,True,-0.448,2.896,4.465,118.583,-15.773,2024-07-18,2995.0,max15_next_open,3.258,16.0
2804,2025-12-18,1049,kuitto_pullback_auto,くいっと押し目版,1.7611447440836647,-2.2274830517593824,-3.3537875581887477,1.2041598248494711,1.633879781420765,57684480.0,1.2825465502588274,-5.421994884910486,0,2025-12-19,1855.0,0.324,True,0.162,2.102,3.019,9.057,-9.003,2026-01-15,1921.0,max15_next_open,3.558,16.0
2811,2023-09-27,505,kuitto_pullback_auto,くいっと押し目版,1.751152073732709,-2.343796711509716,-2.205899944972134,1.2844036697247763,1.372533543804262,664179910.0,1.2271394064872325,-3.2992700729926994,0,2023-09-28,3270.0,-1.268,True,-3.394,-1.896,-6.269,31.407,-23.777,2023-10-16,3169.0,strict_gakutto_next_open,-3.089,12.0
2815,2023-06-06,427,kuitto_pullback_auto,くいっと押し目版,1.7171717171717171,-4.81579946828713,-4.615372911785299,0.3907963472504772,1.2725366876310273,345190045.0,2.4826216484607744,-9.115523465703967,1,2023-06-07,5070.0,0.695,False,1.479,5.266,4.596,35.897,-13.905,2023-06-28,5315.0,max15_next_open,4.832,16.0
2815,2024-05-31,669,kuitto_pullback_auto,くいっと押し目版,2.9182879377431803,-2.8625235404896476,-0.2661113039453933,2.281515854601701,2.327272727272727,382660575.0,2.592492573588982,-2.037037037037037,0,2024-06-03,5340.0,0.945,False,-4.869,-3.371,-5.993,29.026,-16.948,2024-06-05,5073.0,stop_loss,-5.0,3.0
2815,2024-10-30,772,kuitto_pullback_auto,くいっと押し目版,2.490421455938696,-2.569916855631138,-2.399578757334142,3.0828516377649384,4.547511312217194,179062850.0,1.668891855807744,-2.7272727272727226,0,2024-10-31,5320.0,-0.561,True,-1.504,0.94,0.564,29.511,-7.143,2024-11-18,5380.0,strict_gakutto_next_open,1.128,12.0
2871,2022-01-25,94,kuitto_pullback_auto,くいっと押し目版,2.2170361726954413,-2.5607605612205653,-2.998437049513658,2.7766914352757244,1.515843179377014,1148015435.0,1.9053055011959121,-2.846580406654342,1,2022-01-26,1319.5,0.419,True,-0.455,-0.303,1.023,79.538,-17.734,2022-02-02,1252.5,strict_gakutto_next_open,-5.078,6.0
2871,2025-04-04,875,kuitto_pullback_auto,くいっと押し目版,3.3860045146726803,-2.685927716137526,-0.563512561634183,2.996570529038056,2.0027029240724055,2287359097.5,2.105427323767935,-0.9729729729729741,1,2025-04-07,1782.5,-2.702,True,3.59,7.209,6.199,32.903,-8.668,2025-04-28,1880.5,max15_next_open,5.498,16.0
2871,2026-05-29,1154,kuitto_pullback_auto,くいっと押し目版,1.9871256647075342,-4.309016524095421,-3.1111158922942916,1.1491700438572172,1.3510998307952622,2440497322.5,2.628587109926298,-4.781813430885807,1,2026-06-01,1851.5,1.619,False,4.51,15.069,10.559,27.95,-1.782,2026-06-18,2055.0,strict_gakutto_next_open,10.991,14.0
2875,2024-09-10,739,kuitto_pullback_auto,くいっと押し目版,3.1479421579532874,-3.275231332042172,-2.761844795017987,2.818556792477933,1.735509456985967,3315690865.0,2.5388609018502253,-5.2615447486718425,1,2024-09-11,9165.0,-1.165,True,0.098,5.259,2.684,35.352,-15.461,2024-09-19,9250.0,strict_gakutto_next_open,0.927,6.0
2875,2026-05-15,1144,kuitto_pullback_auto,くいっと押し目版,2.369668246445489,-2.526608051827861,-2.4403792030810334,2.486240273296647,3.003835616438356,4106736850.0,2.7149470899470898,-1.7288444040036377,1,2026-05-18,10980.0,1.667,False,0.501,1.639,-7.832,5.282,-13.024,2026-06-02,10540.0,strict_gakutto_next_open,-4.007,12.0
2882,2024-12-26,812,kuitto_pullback_auto,くいっと押し目版,1.573676680972813,-2.8539863745166594,-1.173015041532588,0.8045433033601501,2.2356687898089174,59053145.0,1.1837692823608317,-3.663500678426057,0,2024-12-27,2130.0,0.0,True,0.751,1.502,-1.408,6.056,-11.174,2025-01-10,2171.0,strict_gakutto_next_open,1.925,7.0
2884,2022-10-28,280,kuitto_pullback_auto,くいっと押し目版,3.463203463203457,-2.638190954773878,-2.6817689681019385,2.267864783911011,10.57943925233645,16498890.0,2.1667662881052,-6.090373280943028,1,2022-10-31,478.0,0.0,True,0.209,2.72,2.092,300.418,-3.556,2022-11-21,495.0,strict_gakutto_next_open,3.556,15.0
2897,2026-06-08,1160,kuitto_pullback_auto,くいっと押し目版,1.5879089343791897,-2.067476996478468,-2.82920771710915,2.1979290965780107,1.6626179657462425,4099847677.5,2.355394135055152,-3.066812705366917,1,2026-06-09,2658.0,0.113,True,2.596,-1.185,6.226,18.059,-1.655,2026-06-18,2662.0,strict_gakutto_next_open,0.15,8.0
2910,2022-06-17,190,kuitto_pullback_auto,くいっと押し目版,2.577319587628857,-3.9626063904004583,-1.9091038609488464,1.161946259985469,2.258445945945946,124397840.0,1.8869859501589579,-4.523646333104869,0,2022-06-20,1402.0,0.646,False,2.354,3.709,4.636,23.609,-13.409,2022-07-11,1467.0,max15_next_open,4.636,16.0
2910,2025-02-27,850,kuitto_pullback_auto,くいっと押し目版,1.9871794871794801,-2.0971995479090677,-0.9877107454803968,2.00025644313373,2.016509433962264,74725610.0,1.3693095088443925,-0.7485963817841501,0,2025-02-28,1595.0,0.251,True,1.442,2.696,1.693,3.574,-23.887,2025-03-24,1625.0,max15_next_open,1.881,16.0
2914,2026-04-23,1132,kuitto_pullback_auto,くいっと押し目版,2.4092178770949824,-2.977951062113471,-2.601124883667605,1.540592002769614,1.6545369601328903,23352210680.0,1.4246748818859285,-3.9148239148239172,1,2026-04-24,5885.0,0.324,True,0.017,5.013,7.833,22.651,-3.212,2026-05-11,6000.0,strict_gakutto_next_open,1.954,8.0
2930,2023-02-28,361,kuitto_pullback_auto,くいっと押し目版,3.384615384615386,-3.664302600472802,-0.5969058350590917,2.941176470588247,1.3690819616494145,343835325.0,2.806122448979592,-2.8901734104046284,0,2023-03-01,336.0,0.0,True,6.25,4.167,4.167,9.524,-66.667,2023-03-10,349.0,strict_gakutto_next_open,3.869,8.0
2930,2023-04-03,384,kuitto_pullback_auto,くいっと押し目版,2.0588235294117574,-3.0778164924506246,-2.185284203184934,3.0897207367795554,1.4696625284140583,236031255.0,3.0465212021407986,-2.801120448179273,2,2023-04-04,350.0,0.865,False,-6.0,-2.571,-9.714,3.714,-68.0,2023-04-06,332.5,stop_loss,-5.0,3.0
2930,2023-12-18,560,kuitto_pullback_auto,くいっと押し目版,3.015075376884413,-3.61328125,-1.1755329746961474,3.3266129032258007,1.9852206910325545,118924920.0,2.64808362369338,-2.843601895734593,0,2023-12-19,205.0,0.0,True,-2.927,6.341,6.829,22.927,-45.366,2023-12-26,200.0,strict_gakutto_next_open,-2.439,6.0
2930,2024-02-19,600,kuitto_pullback_auto,くいっと押し目版,3.153153153153143,-3.157894736842104,-2.3231256599788863,3.153153153153143,1.7290264692687303,228797205.0,2.963194011228946,-6.147540983606559,3,2024-02-20,230.0,0.437,True,-4.348,-12.174,-12.609,0.0,-51.304,2024-02-28,217.0,strict_gakutto_next_open,-5.652,6.0
2930,2024-07-23,705,kuitto_pullback_auto,くいっと押し目版,2.3121387283236983,-3.850385038503845,-2.517825311942967,1.1428571428571344,1.396117747440273,125139290.0,2.5423728813559325,-6.349206349206349,1,2024-07-24,175.0,-1.13,True,0.571,-6.286,-4.571,5.714,-36.0,2024-07-31,177.0,strict_gakutto_next_open,1.143,6.0
2930,2024-12-26,812,kuitto_pullback_auto,くいっと押し目版,2.8368794326241176,-3.314917127071826,-3.221365638766527,3.1294452347083945,1.6458176337603616,101309520.0,2.561576354679803,-2.684563758389258,0,2024-12-27,147.0,1.379,False,5.442,17.687,8.163,25.85,-23.81,2025-01-23,161.0,strict_gakutto_next_open,9.524,15.0
2931,2024-10-07,756,kuitto_pullback_auto,くいっと押し目版,2.6548672566371723,-4.111349036402567,-3.960817717206133,2.882483370288247,2.01910438636711,453230080.0,2.92487684729064,-5.882352941176472,3,2024-10-08,460.0,-0.862,True,-5.87,-10.435,-10.435,17.609,-30.87,2024-10-10,437.0,stop_loss,-5.0,3.0
2975,2023-02-08,348,kuitto_pullback_auto,くいっと押し目版,1.7964071856287456,-2.9232995658466043,-0.7983441750443521,1.3412816691505292,1.5431818181818182,155940400.0,2.9936974789915967,-4.090267983074758,2,2023-02-09,680.0,0.0,True,0.0,-2.353,-1.176,171.471,-27.353,2023-02-13,660.0,strict_gakutto_next_open,-2.941,3.0
2975,2023-03-22,376,kuitto_pullback_auto,くいっと押し目版,1.8099547511312153,-2.8078385492834035,-0.9156311314584609,1.2601260126012592,1.399756986634265,66634955.0,2.253968253968254,-2.877697841726623,0,2023-03-23,670.0,-0.741,True,4.328,0.0,-0.299,175.522,-26.269,2023-04-04,685.0,strict_gakutto_next_open,2.239,9.0
2975,2025-11-10,1022,kuitto_pullback_auto,くいっと押し目版,1.853486319505726,-4.869800473452813,-2.8280114360511144,2.2686990428925746,2.3276089828269484,268843265.0,2.977222084674424,-5.487305487305482,2,2025-11-11,1146.0,-0.693,True,-0.087,2.531,8.202,61.082,-2.705,2025-11-18,1128.0,strict_gakutto_next_open,-1.571,6.0
2980,2026-03-25,1111,kuitto_pullback_auto,くいっと押し目版,2.8842504743832986,-2.948294829482956,-2.780221713883513,2.224736048265452,1.3604766633565044,834415165.0,3.8256837224008007,-7.157534246575348,4,2026-03-26,2700.0,-0.406,True,12.222,30.0,35.556,53.704,-18.556,2026-04-16,3730.0,max15_next_open,38.148,16.0
2982,2023-08-04,469,kuitto_pullback_auto,くいっと押し目版,2.1052631578947434,-3.462321792260703,-3.670655039545734,2.1052631578947434,2.203113941967445,80568820.0,2.1723122238586154,-4.433497536945808,0,2023-08-07,195.0,0.515,False,2.564,3.077,7.692,166.154,-18.462,2023-08-29,212.0,max15_next_open,8.718,16.0
2982,2024-03-19,620,kuitto_pullback_auto,くいっと押し目版,2.5751072961373467,-2.752293577981657,-0.39095699473057355,1.9624573378839605,1.6392177045805456,154251625.0,2.749551703526599,-2.4489795918367308,0,2024-03-21,247.0,3.347,False,0.0,-1.619,-1.619,110.121,-35.628,2024-04-04,245.0,strict_gakutto_next_open,-0.81,11.0
3002,2021-12-03,60,kuitto_pullback_auto,くいっと押し目版,2.774274905422436,-4.091456077015643,-4.864091559370531,2.130325814536338,1.4102564102564104,143852550.0,1.8229623137598598,-8.83668903803132,1,2021-12-06,2037.5,0.0,True,0.982,-0.245,-0.736,133.865,-12.27,2021-12-14,2027.5,strict_gakutto_next_open,-0.491,7.0
3002,2023-12-27,567,kuitto_pullback_auto,くいっと押し目版,2.6530612244898055,-3.506392870980235,-0.19620405221431048,0.9027081243731194,1.7329545454545454,372990075.0,2.051973871059358,-3.824091778202676,0,2023-12-28,2515.0,0.0,True,1.988,3.777,3.579,89.463,-9.225,2024-01-24,2610.0,max15_next_open,3.777,16.0
3003,2022-06-21,192,kuitto_pullback_auto,くいっと押し目版,2.5936599423631135,-4.804367606915372,-1.584857475494783,1.8889524899828203,1.3390070921985815,2379019320.0,2.2672552166934192,-4.2152466367712975,1,2022-06-22,1070.0,0.187,True,1.776,-2.43,-1.963,95.701,-5.888,2022-06-30,1062.0,strict_gakutto_next_open,-0.748,7.0
3028,2025-07-09,940,kuitto_pullback_auto,くいっと押し目版,1.6550522648083543,-4.063470741331532,-2.373861992682713,1.7082098657835054,2.8361486486486487,457652210.0,2.071857020443139,-4.656862745098033,0,2025-07-10,2334.0,0.0,True,-1.2,-1.628,3.642,7.412,-20.694,2025-07-17,2297.0,strict_gakutto_next_open,-1.585,6.0
3031,2023-05-19,415,kuitto_pullback_auto,くいっと押し目版,2.657342657342654,-2.060439560439564,-3.6384156500241738,2.3424428332403657,2.030601092896175,227193695.0,2.3452705332814325,-4.177545691906004,0,2023-05-22,731.0,-0.409,True,-2.052,-1.231,0.274,33.516,-36.936,2023-05-29,722.0,strict_gakutto_next_open,-1.231,6.0
3031,2025-05-22,906,kuitto_pullback_auto,くいっと押し目版,3.2216494845360932,-2.3128574981347905,-4.1185920841244394,1.6755521706016907,1.5023132848645075,199367920.0,2.639557695737471,-7.076566125290018,1,2025-05-23,804.0,0.375,True,3.358,2.114,4.726,5.597,-31.592,2025-06-03,820.0,strict_gakutto_next_open,1.99,8.0
3034,2022-09-13,250,kuitto_pullback_auto,くいっと押し目版,1.5447154471544655,-2.9486366518706286,-0.6093039749830664,1.281219591307159,2.6176853055916776,168605920.0,2.0416333066453163,-1.730920535011804,0,2022-09-14,1234.0,-1.201,True,-0.162,-2.188,-0.162,115.154,-10.211,2022-09-16,1218.0,strict_gakutto_next_open,-1.297,3.0
3034,2022-10-28,280,kuitto_pullback_auto,くいっと押し目版,2.4267782426778295,-2.5324675324675416,-1.1698596825605478,1.74563591022443,3.302325581395349,97430870.0,1.908263305322129,-2.1582733812949617,0,2022-10-31,1238.0,1.144,False,-7.27,-7.593,-6.058,114.459,-10.501,2022-11-07,1193.0,strict_gakutto_next_open,-3.635,5.0
3034,2024-11-12,780,kuitto_pullback_auto,くいっと押し目版,1.8772563176895352,-3.3532253481102448,-3.494223146768616,2.7526944363530426,2.1187270501835984,177246035.0,2.4551989470486992,-5.110961667787494,0,2024-11-13,1399.0,-0.85,True,4.789,4.932,5.718,89.778,0.0,2024-12-04,1463.0,max15_next_open,4.575,16.0
3034,2026-06-29,1175,kuitto_pullback_auto,くいっと押し目版,2.799121844127339,-2.37689192069922,-1.0348172900722208,2.0041389826816136,2.0724431818181817,235252695.0,2.406376325223095,-3.1540847983454023,0,2026-06-30,1873.0,0.0,True,7.208,9.984,12.066,41.751,-1.869,2026-07-22,2100.0,max15_next_open,12.12,16.0
3036,2025-08-21,969,kuitto_pullback_auto,くいっと押し目版,2.5304136253041287,-2.135774218154063,-0.38598861333590806,2.053666569795598,1.891025641025641,310753805.0,1.8679232490338327,-0.706880301602264,0,2025-08-22,2115.0,0.38,True,1.277,3.735,1.749,78.96,-3.783,2025-09-02,2139.0,strict_gakutto_next_open,1.135,8.0
3036,2026-09-09,1225,kuitto_pullback_auto,くいっと押し目版,3.43283582089553,-3.797101449275364,-3.039073806078152,3.43283582089553,1.3551609322974474,480477625.0,3.6487322201607912,-7.723035952063917,3,2026-09-10,3430.0,-1.01,True,-3.061,,,0.875,-6.56,2026-09-11,3250.0,stop_gap_open,-5.248,2.0
3038,2022-03-18,130,kuitto_pullback_auto,くいっと押し目版,2.3376623376623273,-3.036594861147157,-0.24190155658392332,3.848181338956236,4.13942275939502,6566954425.0,3.698332124728064,-0.8805031446540879,3,2022-03-22,3945.0,0.127,True,-2.662,-6.717,-1.521,24.766,-36.223,2022-03-24,3747.75,stop_loss,-5.0,3.0
3038,2022-09-29,260,kuitto_pullback_auto,くいっと押し目版,2.0467836257309857,-5.391061452513968,-3.8461538461538436,2.9498525073746285,1.2736245275094498,3972542650.0,2.7015963978714694,-3.724137931034488,1,2022-09-30,3455.0,-1.003,True,3.039,-2.605,-7.091,42.46,-27.178,2022-10-11,3405.0,strict_gakutto_next_open,-1.447,7.0
3038,2023-07-12,453,kuitto_pullback_auto,くいっと押し目版,1.5089163237311354,-3.1268404990094867,-3.1410530821917804,2.204298105077074,1.943292045963289,3502956530.0,1.4324324324324325,-2.0645844362096377,1,2023-07-13,3765.0,1.757,False,0.452,-1.301,-0.159,30.73,-33.174,2023-07-24,3750.0,strict_gakutto_next_open,-0.398,7.0
3038,2023-09-13,496,kuitto_pullback_auto,くいっと押し目版,1.9283746556473913,-2.1497078602138675,-2.1094916147159526,3.711178383226832,2.9013851380782296,3027532420.0,1.386100386100386,0.0,1,2023-09-14,3720.0,0.541,False,-5.914,-4.731,-0.323,32.312,-32.366,2023-09-21,3534.0,stop_loss,-5.0,5.0
3038,2025-11-07,1021,kuitto_pullback_auto,くいっと押し目版,2.592087312414737,-2.659631743297086,-2.3571367374914276,3.098437071565674,1.5597558284915791,10620358325.0,2.3366261398176293,-3.067800979633928,1,2025-11-10,3761.0,0.027,True,2.101,2.898,-0.08,6.142,-33.103,2025-11-21,3828.0,strict_gakutto_next_open,1.781,10.0
3040,2022-06-24,195,kuitto_pullback_auto,くいっと押し目版,2.5359256128486996,-4.607397793640489,-4.928672407145617,2.4839472794863315,1.9009287925696594,77607470.0,3.3623837003886465,-6.835637480798773,3,2022-06-27,1214.0,0.082,True,-0.494,4.366,4.201,124.794,-28.913,2022-07-19,1270.0,max15_next_open,4.613,16.0
3040,2023-10-20,521,kuitto_pullback_auto,くいっと押し目版,1.7431192660550376,-3.319723060536117,-3.276544606249132,1.3155490590170071,1.3641975308641976,24085635.0,2.5376787324487955,-6.255283178360105,1,2023-10-23,1091.0,-1.623,True,-0.642,3.3,11.916,150.137,-20.898,2023-10-26,1081.0,strict_gakutto_next_open,-0.917,4.0
3046,2022-01-31,98,kuitto_pullback_auto,くいっと押し目版,2.9069767441860517,-3.1319910514541416,-0.680816980376453,1.9585253456221308,1.7963340122199594,409334000.0,3.1678773204196933,-2.4793388429752095,2,2022-02-01,7090.0,0.141,True,-5.219,-6.629,-7.334,45.698,-58.97,2022-02-04,6735.5,stop_loss,-5.0,4.0
3046,2024-04-12,637,kuitto_pullback_auto,くいっと押し目版,1.8270401948842885,-3.771827706635622,-4.114978707646733,0.8930726526671595,1.3041044776119404,550082825.0,2.8708133971291865,-7.624309392265194,1,2024-04-15,3770.0,-9.809,True,-13.263,-13.528,-8.488,174.005,-14.456,2024-04-15,3581.5,stop_loss,-5.0,1.0
3048,2022-05-19,169,kuitto_pullback_auto,くいっと押し目版,3.0527289546715908,-2.034987504462704,-0.17009264620728715,0.9606670291825159,2.3297385620915034,601733580.0,2.231341369581944,-2.0228671943711474,0,2022-05-20,1115.0,0.09,True,0.269,2.242,0.448,69.148,-7.354,2022-06-06,1120.0,strict_gakutto_next_open,0.448,12.0
3048,2022-12-27,320,kuitto_pullback_auto,くいっと押し目版,3.1796502384737746,-2.4699077692668547,-0.45643285048654336,3.327495621716281,3.8861024033437825,541871500.0,1.705921197446621,-0.2305918524212136,0,2022-12-28,1308.0,0.77,False,-5.046,-7.875,-7.569,44.19,-21.024,2023-01-05,1242.6,stop_loss,-5.0,5.0
3048,2023-10-26,525,kuitto_pullback_auto,くいっと押し目版,2.308402585410896,-2.8735632183908066,-1.6928263312429803,2.138643067846613,1.8807065840789172,710994655.0,2.153171738009283,-3.315881326352532,0,2023-10-27,1111.0,0.271,True,4.41,6.211,5.131,69.757,-1.26,2023-11-20,1170.0,max15_next_open,5.311,16.0
3050,2025-04-11,880,kuitto_pullback_auto,くいっと押し目版,1.8796992481203034,-4.721339878717878,-4.433853264009235,2.387789028260534,1.3214285714285714,363313465.0,2.514496573537164,-5.045550105115626,0,2025-04-14,1341.0,-1.033,True,-2.461,-0.373,0.224,30.201,-5.22,2025-04-16,1293.0,strict_gakutto_next_open,-3.579,3.0
3064,2025-07-11,942,kuitto_pullback_auto,くいっと押し目版,2.6925820256776145,-2.1803347868898593,-2.2663087548583816,2.979042986910807,1.9242411359578266,3263207265.0,2.2920645945476643,-3.760026737967914,1,2025-07-14,2890.0,0.365,True,-6.332,-6.453,-10.554,0.346,-41.713,2025-07-15,2745.5,stop_loss,-5.0,2.0
3064,2025-09-09,982,kuitto_pullback_auto,くいっと押し目版,2.3668639053254337,-2.1831507543565554,-3.421207511981106,2.6868742827747205,1.5547728432873915,3197537437.5,2.0437654830718412,-7.420620763467712,2,2025-09-10,2550.0,-1.734,True,-7.196,-12.863,-17.902,1.216,-33.941,2025-09-11,2422.5,stop_loss,-5.0,2.0
3076,2021-10-29,37,kuitto_pullback_auto,くいっと押し目版,1.8035121025154144,-2.3774283071230418,-3.6298103178359575,1.293917642614284,1.2755716004813478,157500225.0,1.6050616050616053,-5.21431727794962,0,2021-11-01,2200.0,2.564,False,-0.818,-1.091,-6.727,38.182,-31.045,2021-11-10,2163.0,strict_gakutto_next_open,-1.682,7.0
3076,2023-06-02,425,kuitto_pullback_auto,くいっと押し目版,1.8526687251874785,-4.455487239956191,-3.5765088396667366,1.3786441868633759,1.6448863636363635,181720030.0,2.1097568520695416,-5.330053300533011,0,2023-06-05,2347.0,1.646,False,-1.278,0.511,1.278,29.527,-23.605,2023-06-26,2362.0,max15_next_open,0.639,16.0
3086,2023-01-19,334,kuitto_pullback_auto,くいっと押し目版,2.946428571428572,-4.912401236688424,-3.425012973534003,3.2598961132007886,1.3152201773722254,2262027180.0,2.7567835460289927,-6.79062247372676,2,2023-01-20,1171.0,1.561,False,3.245,3.416,3.245,208.881,-1.537,2023-02-02,1208.0,strict_gakutto_next_open,3.16,10.0
3086,2023-03-29,381,kuitto_pullback_auto,くいっと押し目版,1.6949152542372836,-2.4639999999999995,-3.180424267332682,2.857142857142847,1.7327525910853945,2031346940.0,3.015873015873016,-7.284768211920534,4,2023-03-30,1259.0,-0.079,True,2.78,7.625,9.373,187.292,-2.621,2023-04-10,1324.0,strict_gakutto_next_open,5.163,8.0
3086,2023-09-27,505,kuitto_pullback_auto,くいっと押し目版,1.8298555377207038,-2.705566984601948,-0.33258575870329654,1.3872019433612603,1.341075794621027,2173858857.5,2.0041433975860206,-2.249614791987675,1,2023-09-28,1577.0,-0.567,True,-8.37,-5.834,-12.08,129.36,-22.257,2023-10-03,1498.15,stop_loss,-5.0,4.0
3086,2024-10-28,770,kuitto_pullback_auto,くいっと押し目版,3.4482758620689724,-3.652152491223748,-0.9946548333417349,2.183739733876622,1.8208572600492208,3427340342.5,3.101913662661326,-3.805813605034458,3,2024-10-29,1614.5,0.592,False,0.619,6.968,7.402,124.032,-3.809,2024-11-15,1685.0,strict_gakutto_next_open,4.367,13.0
3087,2023-01-18,333,kuitto_pullback_auto,くいっと押し目版,1.7365269461077748,-2.302515054906129,-1.9373892498523282,2.3370678231538378,2.614483493077742,238988540.0,1.6143950222820145,-1.5072463768115996,0,2023-01-19,1695.0,-0.235,True,4.307,9.735,7.139,103.835,-0.118,2023-02-03,1857.0,strict_gakutto_next_open,9.558,12.0
3088,2024-02-22,603,kuitto_pullback_auto,くいっと押し目版,3.0355427473583108,-3.7344858156028393,-2.3375078969861462,2.035768645357683,1.647809442790302,3307449917.5,2.657094909565542,-3.8199426111908186,1,2024-02-26,2692.0,0.392,True,-8.395,-12.593,-11.924,26.04,-24.889,2024-02-27,2557.4,stop_loss,-5.0,2.0
3088,2024-07-31,711,kuitto_pullback_auto,くいっと押し目版,2.1041666666666625,-4.412598170188653,-0.05780637378104414,2.707573661930507,1.541335603480893,3402920100.0,2.540297898388084,-1.980000000000004,1,2024-08-01,2325.5,-5.101,True,-2.494,-4.386,-3.935,45.904,-13.051,2024-08-05,2127.5,stop_gap_open,-8.514,3.0
3088,2025-11-21,1031,kuitto_pullback_auto,くいっと押し目版,3.472465801473157,-4.318634231924157,-0.9464183740267806,3.7016205575280514,3.156031159021166,4616187622.5,2.9721549636803872,-1.3707790036777023,3,2025-11-25,2929.5,-0.695,True,-3.106,-2.799,-1.365,0.239,-25.875,2025-12-02,2886.5,strict_gakutto_next_open,-1.468,6.0
3088,2026-08-10,1204,kuitto_pullback_auto,くいっと押し目版,2.6706827309237013,-5.2239669740345,-1.1381111039918013,3.5565277271438545,1.271594253072529,4108766862.5,2.9756083931714676,-5.033432392273407,3,2026-08-12,2556.0,-0.02,True,-2.68,1.721,1.937,4.088,-4.421,2026-08-18,2467.0,strict_gakutto_next_open,-3.482,5.0
3091,2022-03-10,124,kuitto_pullback_auto,くいっと押し目版,1.7608897126969447,-4.01801801801801,-3.7485780321770967,2.9922146140137107,1.400921658986175,57399275.0,1.9516003122560497,-3.6419482229047784,0,2022-03-11,1087.0,-1.002,True,4.37,3.542,5.152,169.641,0.0,2022-03-23,1108.0,strict_gakutto_next_open,1.932,8.0
3092,2023-04-13,392,kuitto_pullback_auto,くいっと押し目版,3.3967253127224817,-3.521266073194862,-1.7966891751672098,3.293778193197072,1.2787590579710144,2522114547.0,2.082367322851242,-0.6449721489299232,1,2023-04-14,1025.0,0.816,False,-0.976,-4.459,-5.102,82.244,-15.678,2023-04-21,1016.7,strict_gakutto_next_open,-0.81,6.0
3092,2023-08-10,473,kuitto_pullback_auto,くいっと押し目版,2.2642363862787285,-3.899286504304833,-3.6712515885846786,1.3372523502883205,1.3382452804563358,4884742282.5,2.2054055763786757,-5.709812108559509,1,2023-08-14,890.3,-1.439,True,0.0,7.099,10.637,109.817,-0.685,2023-08-21,886.0,strict_gakutto_next_open,-0.483,6.0
3093,2024-03-14,617,kuitto_pullback_auto,くいっと押し目版,1.9354838709677358,-3.109815354713308,-2.556265629341481,1.368691189050475,1.6643356643356644,263809080.0,3.2700421940928273,-5.952380952380953,3,2024-03-15,1405.0,-1.195,True,1.566,8.897,1.708,67.189,-11.103,2024-04-05,1420.0,strict_gakutto_next_open,1.068,15.0
3093,2025-07-24,950,kuitto_pullback_auto,くいっと押し目版,3.440496333897358,-3.427199301462569,-1.5235395721688305,3.103215651000668,1.4399791231732777,507969170.0,3.7311107649166537,-2.8086910439851565,2,2025-07-25,1816.0,-0.981,True,-4.02,-3.91,-3.634,29.35,-12.775,2025-07-31,1725.2,stop_loss,-5.0,5.0
3093,2025-08-07,960,kuitto_pullback_auto,くいっと押し目版,3.0106257378984758,-4.006715165081132,-3.2938046712958857,1.7018300501223882,1.5819317635752042,486383700.0,3.086369218174376,-7.525172231054588,3,2025-08-08,1745.0,0.0,True,0.287,3.438,2.693,34.613,-9.226,2025-08-27,1792.0,strict_gakutto_next_open,2.693,13.0
3097,2022-05-26,174,kuitto_pullback_auto,くいっと押し目版,3.230303030303028,-2.7447795823665966,-2.9316712834718373,1.266349583828763,1.2589424572317263,461319388.5,3.1657035502511928,-5.372222222222223,2,2022-05-27,1726.7,1.374,False,5.594,12.544,11.195,248.063,-2.705,2022-06-14,1896.7,strict_gakutto_next_open,9.845,13.0
3097,2022-12-09,308,kuitto_pullback_auto,くいっと押し目版,2.055852119821777,-3.6872857456473507,-1.349742303125978,1.0174672489082992,3.3118279569892475,737627382.0,2.2540464765857062,-4.673012733341563,0,2022-12-12,2260.0,-2.304,True,-6.491,-7.522,-3.54,165.929,-9.735,2022-12-12,2147.0,stop_loss,-5.0,1.0
3097,2026-03-18,1107,kuitto_pullback_auto,くいっと押し目版,1.5306122448979664,-3.6144578313253017,-1.4479309510365468,1.8006957233476673,1.501466275659824,719524500.0,2.928930366116296,-5.0572519083969425,2,2026-03-19,4855.0,-2.412,True,-1.339,-1.751,-4.222,23.79,-14.624,2026-04-01,4710.0,strict_gakutto_next_open,-2.987,9.0
3097,2026-06-25,1173,kuitto_pullback_auto,くいっと押し目版,1.9629225736095934,-2.9617093293843877,-1.5843867441065917,1.4319809069212486,1.4962057335581787,1391722150.0,3.0863254392666155,-7.057654075546715,4,2026-06-26,4690.0,0.321,True,-0.64,7.463,8.316,28.145,-2.239,2026-07-03,4730.0,strict_gakutto_next_open,0.853,6.0
3099,2023-07-19,457,kuitto_pullback_auto,くいっと押し目版,1.6027874564459976,-2.0377564233626244,-1.0902891397302494,1.334445371142623,1.5987505645039892,3396649007.5,1.979227905153831,-2.0161290322580627,1,2023-07-20,1458.0,0.0,True,1.783,7.75,16.598,187.517,-1.303,2023-08-10,1715.0,max15_next_open,17.627,16.0
3106,2023-08-23,481,kuitto_pullback_auto,くいっと押し目版,2.4943310657596474,-3.6422964988094386,-3.7404995524038642,3.026987600291764,1.2777777777777777,46002980.0,2.079646017699115,-3.6658141517476595,0,2023-08-24,2261.0,0.044,True,2.433,6.59,7.873,421.451,-2.433,2023-09-14,2449.0,max15_next_open,8.315,16.0
3106,2024-04-23,644,kuitto_pullback_auto,くいっと押し目版,2.5899280575539585,-3.761312217194568,-1.8488929468158055,3.6337209302325535,1.49609375,114962325.0,2.7549589260669203,-1.109570041608876,0,2024-04-24,3600.0,0.982,False,2.5,4.028,20.0,227.5,-5.694,2024-05-20,4380.0,max15_next_open,21.667,16.0
3106,2024-07-16,700,kuitto_pullback_auto,くいっと押し目版,2.8753993610223683,-3.338053813473596,-1.710807698634642,1.0460251046025215,1.5348837209302326,256210825.0,2.4253179532682636,-4.921259842519687,0,2024-07-17,4845.0,0.311,True,-3.096,-6.295,-18.369,143.344,-29.928,2024-07-25,4602.75,stop_loss,-5.0,7.0
3106,2025-03-21,865,kuitto_pullback_auto,くいっと押し目版,2.6890756302520913,-4.297626683771649,-0.48495316548196055,1.9692923898531278,2.1943396226415093,395445850.0,3.1564180500350716,-5.855161787365182,2,2025-03-24,6210.0,1.637,False,-4.509,-12.56,-10.306,89.855,-22.061,2025-03-27,5899.5,stop_loss,-5.0,4.0
3107,2023-10-27,526,kuitto_pullback_auto,くいっと押し目版,2.4021352313167155,-2.676021577407184,-1.592710938551678,3.5854422405414033,1.69237012987013,616223720.0,2.3433039592900586,-0.6044905008635526,0,2023-10-30,2856.5,-0.73,True,3.378,3.501,1.978,35.235,-27.061,2023-11-20,2960.0,strict_gakutto_next_open,3.623,15.0
3107,2024-04-09,634,kuitto_pullback_auto,くいっと押し目版,2.2351993556182004,-3.1122288588494307,-2.1016259200530074,2.2805108989080836,1.3793949304987736,1076462382.5,2.1807028897830554,-1.8557896771699167,1,2024-04-10,2526.5,-0.473,True,4.156,5.897,7.243,52.899,-17.534,2024-04-22,2593.0,strict_gakutto_next_open,2.632,9.0
3107,2025-12-10,1043,kuitto_pullback_auto,くいっと押し目版,1.8365945760384417,-3.594836146971203,-0.3170503385742318,1.6725502964664019,2.222049689440994,1020287000.0,1.8913582625027088,-2.481919789612097,1,2025-12-11,3013.0,1.568,False,1.062,2.058,4.016,28.211,-5.742,2026-01-06,3134.0,max15_next_open,4.016,16.0
3107,2026-02-03,1078,kuitto_pullback_auto,くいっと押し目版,2.321778940483976,-2.1118536300525514,-1.8834341930681786,3.202612223358292,1.40973930152484,928917060.0,2.1195726612792765,-1.6656191074795768,1,2026-02-04,3120.0,-0.288,True,2.564,0.0,0.449,23.814,-8.974,2026-02-16,3111.0,strict_gakutto_next_open,-0.288,8.0
3110,2023-03-23,377,kuitto_pullback_auto,くいっと押し目版,2.769535113748778,-3.177304964538996,-1.7116132865658606,1.3065522620905101,2.110599078341014,239004505.0,1.9111783308125974,-3.3038622615169766,0,2023-03-24,411.2,-1.059,True,-2.724,-6.274,-8.074,1500.195,-12.938,2023-03-28,408.2,strict_gakutto_next_open,-0.73,3.0
3132,2024-04-24,645,kuitto_pullback_auto,くいっと押し目版,2.507946183654819,-4.3529887322520615,-4.288685384589586,3.1411548234469677,1.3681856304165503,2428180765.5000005,2.9484044392934488,-4.926705164963852,3,2024-04-25,2304.3,-2.124,True,-3.094,-5.177,-7.23,86.434,-35.742,2024-05-02,2237.3,strict_gakutto_next_open,-2.908,5.0
3132,2026-07-06,1180,kuitto_pullback_auto,くいっと押し目版,2.257266542980818,-3.7167496659783694,-2.3808941797648364,3.511956930011273,1.6756048387096774,2192166660.0,4.401918009417254,-3.1341534856473396,3,2026-07-07,3271.0,-1.089,True,-3.332,0.397,-5.778,31.336,-11.281,2026-07-08,3081.0,stop_gap_open,-5.809,2.0
3139,2023-03-22,376,kuitto_pullback_auto,くいっと押し目版,1.882845188284521,-2.5341332230037206,-2.4069932078878753,2.3969722455845277,1.910216718266254,59541085.0,2.0790554414784395,-2.2579026593075757,0,2023-03-23,1947.0,-0.051,True,4.931,2.619,5.907,123.934,-7.088,2023-04-06,1993.0,strict_gakutto_next_open,2.363,11.0
3148,2023-12-06,552,kuitto_pullback_auto,くいっと押し目版,1.6366612111292866,-2.390057361376674,-2.125351033954559,1.238995761330286,1.5115979381443299,323807225.0,1.6908212560386473,-3.7209302325581395,0,2023-12-07,3085.0,-0.644,True,-1.621,-2.107,0.0,19.125,-13.874,2023-12-11,3075.0,strict_gakutto_next_open,-0.324,3.0
3151,2022-03-15,127,kuitto_pullback_auto,くいっと押し目版,1.6666666666666607,-2.7680798004987572,-2.2623982420216793,1.3030148185999124,1.5585106382978724,29858620.0,2.7562601333093135,-3.8787878787878816,0,2022-03-16,798.0,0.631,False,-0.752,-2.882,-5.764,116.416,-20.426,2022-03-31,758.1,stop_loss,-5.0,11.0
3151,2022-06-21,192,kuitto_pullback_auto,くいっと押し目版,1.9316493313521477,-4.484814078910027,-3.046852543834422,1.6898903053661485,1.3448275862068966,26388300.0,1.7076218242399002,-3.9215686274509776,0,2022-06-22,706.0,2.915,False,-0.142,-3.258,-2.55,144.618,-10.057,2022-06-30,692.0,strict_gakutto_next_open,-1.983,7.0
3151,2024-12-20,808,kuitto_pullback_auto,くいっと押し目版,2.970297029702973,-4.288862519071024,-3.8854109961894423,1.2389380530973382,3.250388802488336,96541485.0,2.5474525474525476,-7.741935483870965,1,2024-12-23,1145.0,0.087,True,8.297,8.21,4.192,50.83,-3.755,2025-01-10,1239.0,strict_gakutto_next_open,8.21,11.0
3151,2026-05-07,1138,kuitto_pullback_auto,くいっと押し目版,1.857142857142846,-4.526301481582173,-4.1947177628171906,1.4224751066856278,1.9777397260273972,127271325.0,1.813263874974955,-6.184210526315792,1,2026-05-08,1415.0,-0.771,True,-0.848,9.117,12.58,22.049,-4.594,2026-05-29,1593.0,max15_next_open,12.58,16.0
3153,2022-10-04,263,kuitto_pullback_auto,くいっと押し目版,2.268041237113394,-2.5979216626698665,-2.568096493330141,1.6601762656281993,1.60546875,49971390.0,1.6993087557603686,-2.935420743639927,0,2022-10-05,994.0,0.202,True,-1.308,1.308,2.213,267.706,-2.817,2022-10-27,1009.0,max15_next_open,1.509,16.0
3153,2023-08-10,473,kuitto_pullback_auto,くいっと押し目版,1.8882769472855943,-4.70021090689966,-3.945939423192968,1.6802763819095512,1.3048543689320389,57462200.0,2.0628792057363485,-5.267008046817844,0,2023-08-14,1293.0,-0.154,True,-2.552,-2.243,1.856,182.676,-7.038,2023-08-21,1265.0,strict_gakutto_next_open,-2.166,6.0
3153,2025-03-03,852,kuitto_pullback_auto,くいっと押し目版,1.5294117647058902,-5.2861462649792745,-2.2328953748816605,1.9130845536136087,1.597883597883598,50443050.0,2.2678364509187223,-4.482567791920311,0,2025-03-04,1716.0,-0.579,True,1.923,3.73,3.73,112.995,-21.795,2025-03-26,1780.0,max15_next_open,3.73,16.0
3154,2023-11-17,540,kuitto_pullback_auto,くいっと押し目版,1.8842530282638048,-4.957832864809619,-0.6544990155909258,1.3658275307980805,1.7402597402597402,12797305.0,2.642007926023778,-5.845771144278611,0,2023-11-20,762.0,0.661,False,-0.394,-0.131,1.575,34.514,-15.092,2023-11-22,739.0,strict_gakutto_next_open,-3.018,3.0
3156,2022-05-19,169,kuitto_pullback_auto,くいっと押し目版,1.855670103092777,-2.8073286052009427,-0.777976059190344,-0.17176922299687591,2.146067415730337,65864345.0,2.201417004048583,-3.2321253672869754,0,2022-05-20,1976.0,0.0,True,3.087,2.429,3.34,217.814,-6.781,2022-06-03,2022.0,strict_gakutto_next_open,2.328,11.0
3156,2024-02-16,599,kuitto_pullback_auto,くいっと押し目版,3.4482758620689724,-3.253051798086437,-3.4558456239976776,2.1172305807066527,1.407114624505929,209316670.0,2.457142857142857,-6.103286384976525,1,2024-02-19,3030.0,1.0,False,0.0,-2.805,-4.686,107.261,-39.208,2024-03-04,3030.0,strict_gakutto_next_open,0.0,10.0
3156,2025-08-22,970,kuitto_pullback_auto,くいっと押し目版,1.610429447852768,-2.712801733801651,-2.135497783634832,1.377199693955622,1.3834808259587021,141310035.0,2.2129380053908356,-4.504504504504503,0,2025-08-25,2664.0,0.528,False,-1.877,-1.464,0.263,135.736,-7.32,2025-09-01,2614.0,strict_gakutto_next_open,-1.877,6.0
3176,2023-03-23,377,kuitto_pullback_auto,くいっと押し目版,2.0535714285714324,-4.418287273967946,-2.4674601517366113,1.9625334522747506,1.6223958333333333,48256815.0,1.9935008123984501,-4.987531172069826,0,2023-03-24,571.5,0.0,True,5.774,4.462,9.799,114.698,-1.487,2023-04-06,593.0,strict_gakutto_next_open,3.762,10.0
3179,2023-01-06,326,kuitto_pullback_auto,くいっと押し目版,3.1986531986532007,-2.48796147672552,-4.4961434752617935,0.6237688772160244,1.351394422310757,401341755.0,3.7869960382195296,-5.401234567901236,2,2023-01-10,1235.0,0.734,False,-10.121,-8.178,-11.093,25.263,-33.846,2023-01-12,1173.25,stop_loss,-5.0,3.0
3182,2024-10-10,759,kuitto_pullback_auto,くいっと押し目版,2.7407407407407325,-4.6927846674182705,-0.6350228257052559,2.1204535414519166,3.2972972972972974,300597505.0,3.3525594808940156,-5.517711171662121,2,2024-10-11,1361.0,-1.875,True,-0.588,-3.38,-8.67,46.73,-25.496,2024-10-21,1341.0,strict_gakutto_next_open,-1.47,6.0
3186,2021-12-07,62,kuitto_pullback_auto,くいっと押し目版,3.1654034774855067,-4.489164086687314,-1.5166262586936208,3.9532794249775405,1.4985915492957746,809008835.0,3.997407087294728,-4.49855550969872,2,2021-12-08,2342.0,1.21,False,4.654,2.391,7.43,84.671,-46.584,2021-12-17,2348.0,strict_gakutto_next_open,0.256,8.0
3186,2022-11-18,294,kuitto_pullback_auto,くいっと押し目版,1.7857142857142794,-2.7841902763203863,-0.05866697192570269,2.011597107881724,1.39158001521684,1712748325.0,3.3734335839599,-2.962206332992845,3,2022-11-21,2899.0,1.719,False,4.001,3.277,-5.864,49.189,-56.847,2022-12-05,2988.0,strict_gakutto_next_open,3.07,10.0
3186,2025-02-26,849,kuitto_pullback_auto,くいっと押し目版,3.0529172320217013,-4.235847823244865,-1.0919555687044502,3.263086335825971,1.8482733284349744,605621450.0,2.4640270854885733,-1.3636363636363669,0,2025-02-27,1525.0,0.395,True,-4.0,-2.885,3.016,183.607,-15.475,2025-03-14,1475.0,strict_gakutto_next_open,-3.279,12.0
3193,2025-07-16,945,kuitto_pullback_auto,くいっと押し目版,1.9736842105263053,-3.0589719331441168,-1.8312914752424692,0.7474813129671798,1.3801169590643274,216594950.0,2.258064516129032,-4.61538461538461,0,2025-07-17,1550.0,0.0,True,1.774,-1.129,-1.774,24.516,-18.71,2025-07-22,1540.0,strict_gakutto_next_open,-0.645,3.0
3193,2025-08-06,959,kuitto_pullback_auto,くいっと押し目版,2.6490066225165476,-3.8911736792154428,-2.145977897712681,1.7728168089297336,1.847769028871391,268113525.0,2.3087557603686637,-2.515723270440251,0,2025-08-07,1552.5,0.161,True,3.221,4.831,1.127,24.316,-18.841,2025-08-25,1580.0,strict_gakutto_next_open,1.771,12.0
3196,2024-10-29,771,kuitto_pullback_auto,くいっと押し目版,2.3608017817371874,-2.9025810376292815,-3.0208603825846003,2.552659764369869,2.0,195974530.0,2.1882382195698122,-3.566932438103232,0,2024-10-30,2287.0,-0.479,True,2.23,2.011,-9.357,4.941,-32.007,2024-11-14,2320.0,strict_gakutto_next_open,1.443,11.0
3196,2025-10-06,999,kuitto_pullback_auto,くいっと押し目版,1.6585365853658551,-2.020105313547149,-0.05263978788114798,1.628791573198085,1.4925619834710744,110972215.0,1.1139292569234986,-1.2322274881516604,0,2025-10-07,2072.0,-0.576,True,-1.255,0.386,0.386,3.427,-24.952,2025-10-15,2055.0,strict_gakutto_next_open,-0.82,6.0
3197,2021-12-03,60,kuitto_pullback_auto,くいっと押し目版,2.915254237288134,-3.671875000000002,-3.405088062622308,2.5121555915721183,1.6151876116736152,3355165355.0,2.517410126105778,-6.122448979591832,2,2021-12-06,1520.0,0.132,True,2.105,0.066,1.382,147.632,-4.605,2021-12-17,1540.0,strict_gakutto_next_open,1.316,10.0
3199,2025-05-23,907,kuitto_pullback_auto,くいっと押し目版,1.6077170418006492,-2.6063963737093965,-2.5697006198398986,1.7385705086928605,1.376543209876543,45292190.0,2.5994575045207955,-5.4458408138839065,0,2025-05-26,1567.0,-0.823,True,0.128,0.893,-2.106,7.849,-18.826,2025-06-13,1541.0,strict_gakutto_next_open,-1.659,15.0
3201,2023-12-22,564,kuitto_pullback_auto,くいっと押し目版,1.5974440894568787,-4.600484261501203,-4.639019678860324,0.6488368412723489,1.2564575645756457,198971975.0,2.2911051212938007,-7.558139534883724,1,2023-12-25,1288.0,1.258,False,4.193,4.891,15.062,64.053,-13.121,2024-01-15,1379.0,strict_gakutto_next_open,7.065,12.0
3201,2026-02-03,1078,kuitto_pullback_auto,くいっと押し目版,1.7112299465240621,-2.7972027972028024,-0.07720186142265995,2.049576134778408,1.491395793499044,218485860.0,2.7790295929097186,-6.074074074074076,1,2026-02-04,1910.0,0.421,True,4.241,4.712,7.539,10.628,-13.508,2026-02-27,2057.0,max15_next_open,7.696,16.0
3221,2022-08-12,228,kuitto_pullback_auto,くいっと押し目版,1.8961625282166938,-3.2551968155683286,-3.0576112743883166,3.0499497762761507,3.1320754716981134,107397930.0,2.224824355971897,-3.8346825734980827,0,2022-08-15,2270.0,0.576,False,4.67,1.542,-3.172,67.181,-13.744,2022-08-29,2269.0,strict_gakutto_next_open,-0.044,11.0
3221,2024-06-04,671,kuitto_pullback_auto,くいっと押し目版,2.53623188405796,-2.2090059473237056,-0.8955607610123928,1.9672839950998,2.0375,77663620.0,1.7465926299848562,-2.7491408934707917,0,2024-06-05,2788.0,-1.484,True,1.722,4.519,4.448,36.119,-15.459,2024-06-26,2932.0,max15_next_open,5.165,16.0
3231,2021-11-12,46,kuitto_pullback_auto,くいっと押し目版,2.6641651031894975,-4.243727598566316,-4.895283863904543,2.2574375840932692,1.572970639032815,2267874335.0,2.976190476190476,-7.379823967501675,4,2021-11-15,546.0,-0.219,True,-1.941,-8.718,-5.568,113.553,-10.147,2021-11-22,529.0,strict_gakutto_next_open,-3.114,6.0
3231,2022-01-28,97,kuitto_pullback_auto,くいっと押し目版,1.826313827804693,-2.090357383681718,-0.43041606886659034,3.594721674503276,2.301708898055392,1727861750.0,2.669420623300563,0.0,1,2022-01-31,541.2,-0.952,True,1.996,3.437,5.026,115.447,-5.174,2022-02-16,560.4,strict_gakutto_next_open,3.548,12.0
3231,2024-02-22,603,kuitto_pullback_auto,くいっと押し目版,3.2984714400643655,-2.0105820105820182,-3.357695925899129,3.011178263892611,1.938176197836167,3123196615.0,2.5645304850912316,-5.169867060561295,1,2024-02-26,776.0,0.727,False,-1.392,-2.01,-1.314,50.258,-15.129,2024-02-29,737.2,stop_loss,-5.0,4.0
3231,2024-03-15,618,kuitto_pullback_auto,くいっと押し目版,3.207547169811309,-4.023852735286493,-1.5665657692103485,3.2854984894259864,1.499436196203721,3604371415.0,2.8280416371301715,-2.1216768916155426,1,2024-03-18,771.2,0.705,False,4.046,10.581,10.218,51.193,-14.601,2024-04-09,864.0,max15_next_open,12.033,16.0
3231,2024-07-31,711,kuitto_pullback_auto,くいっと押し目版,2.1435452793834298,-4.970123674093296,-0.6129765989436708,2.817106283941051,1.4720561864913329,3722738915.0,3.053525112001888,-3.394077448747146,3,2024-08-01,820.2,-3.301,True,-8.656,-2.414,-0.415,42.16,-19.703,2024-08-01,779.19,stop_loss,-5.0,1.0
3232,2024-07-31,711,kuitto_pullback_auto,くいっと押し目版,2.029520295202958,-3.415154749199578,-4.164028979390865,1.4678899082568808,1.5857707509881422,64178640.0,1.5499870834409712,-6.112054329371819,1,2024-08-01,552.0,-0.181,True,-6.884,-5.616,-5.072,14.674,-19.928,2024-08-02,524.4,stop_loss,-5.0,2.0
3245,2022-11-21,295,kuitto_pullback_auto,くいっと押し目版,2.866779089376048,-3.0672823218997447,-2.389123548046468,3.1102096010818148,1.5507507507507508,138782490.0,2.0491803278688523,-2.2435897435897467,0,2022-11-22,610.0,0.0,True,3.607,0.492,0.328,137.049,-3.77,2022-12-02,614.0,strict_gakutto_next_open,0.656,8.0
3284,2022-10-04,263,kuitto_pullback_auto,くいっと押し目版,2.1907216494845283,-2.567298105682958,-2.38914659085242,1.3030148185999124,1.4940711462450593,60965990.0,1.8825436858223743,-3.9951573849878907,0,2022-10-05,796.0,0.378,True,-2.638,0.754,-2.136,77.136,-10.678,2022-10-25,803.0,strict_gakutto_next_open,0.879,14.0
3288,2022-08-31,241,kuitto_pullback_auto,くいっと押し目版,2.434456928838946,-3.7262629881762765,-4.6340774230008375,1.2962962962963065,2.167563412759416,1851018500.0,3.2123269783233224,-9.43708609271523,4,2022-09-01,5410.0,-1.097,True,-2.218,-1.664,-4.991,117.93,-26.691,2022-09-16,5360.0,strict_gakutto_next_open,-0.924,12.0
3288,2023-10-24,523,kuitto_pullback_auto,くいっと押し目版,3.0283911671924235,-4.399145953349725,-4.240705632852415,2.743173524600473,1.8049052396878484,1750299115.0,2.7891989618872657,-5.388180764774042,1,2023-10-25,4929.0,0.612,False,-0.02,1.785,-6.979,139.197,-19.537,2023-11-13,5005.0,strict_gakutto_next_open,1.542,13.0
3288,2024-05-31,669,kuitto_pullback_auto,くいっと押し目版,1.8664268045873733,-2.6099141706078077,-4.472799615833168,1.6606822262118515,1.463970378809456,1427728375.0,2.5323241879533267,-7.513270722743981,2,2024-06-03,4507.0,-0.508,True,2.507,7.477,5.813,161.593,-2.019,2024-06-24,4792.0,max15_next_open,6.323,16.0
3289,2022-02-02,100,kuitto_pullback_auto,くいっと押し目版,2.2047244094488105,-2.3714197720973162,-1.4338029917447703,2.1725440806045215,1.872862859221535,1699143800.0,3.0376403257759192,-2.1116138763197623,3,2022-02-03,650.0,0.154,True,2.0,2.308,-2.462,145.846,-10.769,2022-02-22,654.0,strict_gakutto_next_open,0.615,13.0
3289,2023-12-15,559,kuitto_pullback_auto,くいっと押し目版,1.6061606160616027,-3.3063072549226136,-1.739839202499005,0.28012421011487376,1.5498138660572776,3034700997.0,2.7075728515745827,-4.537467700258391,1,2023-12-18,903.3,-2.198,True,-1.295,-0.21,9.487,76.907,-8.901,2024-01-12,1002.0,max15_next_open,10.927,16.0
3289,2024-02-16,599,kuitto_pullback_auto,くいっと押し目版,1.84346035015448,-2.1114983982431057,-2.1489227201165972,1.7303102625298328,1.613030507169666,2943155527.0,2.9542204180691374,-4.315432994678281,3,2024-02-19,991.0,0.212,True,0.383,2.22,-0.626,61.251,-16.963,2024-02-21,970.2,strict_gakutto_next_open,-2.099,3.0
3289,2024-07-31,711,kuitto_pullback_auto,くいっと押し目版,2.913533834586457,-3.9645184648805176,-1.5609450444141415,2.4992979500140455,1.2918608616573832,2483760220.0,2.6027397260273974,-2.882483370288247,1,2024-08-01,1036.0,-5.388,True,-8.301,-3.137,-1.207,54.247,-20.569,2024-08-02,981.3,stop_gap_open,-5.28,2.0
3289,2024-12-20,808,kuitto_pullback_auto,くいっと押し目版,2.34947000327832,-5.191013562480585,-4.621728113571033,2.144087944685591,1.8501554065107149,2843965207.0,1.9187944235990362,-6.5269461077844255,2,2024-12-23,939.9,0.352,True,2.862,1.021,0.011,70.018,-3.075,2025-01-20,945.0,max15_next_open,0.543,16.0
3289,2025-04-10,879,kuitto_pullback_auto,くいっと押し目版,2.192758796532379,-4.994873008360945,-3.1911911911912005,3.606584498304266,1.4094912111812314,2982912412.5,3.846592529227259,-5.605275553462086,3,2025-04-11,962.8,-3.912,True,3.677,3.801,5.214,65.974,-0.395,2025-04-28,996.1,strict_gakutto_next_open,3.459,12.0
3289,2026-02-03,1078,kuitto_pullback_auto,くいっと押し目版,2.103786816269282,-2.4555868029357386,-1.8770039494144797,2.096627164995457,1.2659318198408642,2888632775.0,2.035910518053375,-2.9980013324450328,1,2026-02-04,1458.0,0.137,True,7.167,5.83,6.619,9.602,-15.501,2026-02-27,1560.0,max15_next_open,6.996,16.0
3289,2026-05-29,1154,kuitto_pullback_auto,くいっと押し目版,2.129307007355785,-2.0275935665828304,-2.263234872815545,1.7432891082999058,1.5550176632212482,5385985445.0,3.186938156612152,-5.684662138005003,3,2026-06-01,1318.5,-0.038,True,-2.313,0.455,-1.706,6.333,-6.56,2026-06-02,1252.575,stop_loss,-5.0,2.0
3291,2023-02-17,355,kuitto_pullback_auto,くいっと押し目版,2.9356060606060552,-2.117691154422796,-0.22485072934775863,2.9258592936274974,1.3883575883575883,808188625.0,1.9122092259166774,0.0,0,2023-02-20,2174.0,0.0,True,4.048,5.29,2.484,28.519,-14.857,2023-03-08,2265.0,strict_gakutto_next_open,4.186,12.0
3291,2024-06-25,686,kuitto_pullback_auto,くいっと押し目版,1.6296646197449194,-2.6711340685932394,-0.727591869090094,2.262464946052556,1.683019827147941,3382469850.0,1.9537863948740082,-1.8028297581013208,1,2024-06-26,2125.5,-1.208,True,-1.788,-2.964,5.128,31.451,-12.915,2024-07-02,2100.0,strict_gakutto_next_open,-1.2,5.0
3291,2026-08-10,1204,kuitto_pullback_auto,くいっと押し目版,1.5493581230632936,-5.437017994858618,-1.2166962699822426,3.1196619617009924,2.0702042304886943,1306105162.5,2.285465188690995,-3.1658927817644567,1,2026-08-12,2299.5,0.24,True,-0.087,1.848,3.914,4.457,-5.088,2026-09-02,2365.5,max15_next_open,2.87,16.0
3302,2021-12-03,60,kuitto_pullback_auto,くいっと押し目版,1.9792182088075316,-2.249066980946779,-1.8464433424152715,2.895656515227163,1.8207070707070707,47037655.0,2.1868718375268594,-1.716738197424894,0,2021-12-06,2058.0,-0.146,True,3.499,2.478,1.846,83.431,-32.313,2021-12-15,2114.0,strict_gakutto_next_open,2.721,8.0
3302,2026-01-15,1065,kuitto_pullback_auto,くいっと押し目版,2.373417721518978,-3.3404842169782456,-4.1377227423739065,1.921865154379332,1.2875,104760500.0,1.8767939942592187,-6.6378066378066425,1,2026-01-16,3210.0,-0.773,True,3.115,-5.763,-4.984,11.215,-16.636,2026-01-22,3125.0,strict_gakutto_next_open,-2.648,5.0
3315,2024-04-09,634,kuitto_pullback_auto,くいっと押し目版,2.400000000000002,-4.147465437788012,-3.834355828220859,2.0733652312599604,1.3193437339778804,579842040.0,3.515625,-7.246376811594201,3,2024-04-10,128.0,0.0,True,3.906,3.125,0.0,19.531,-46.094,2024-04-22,134.0,strict_gakutto_next_open,4.688,9.0
3315,2025-01-20,824,kuitto_pullback_auto,くいっと押し目版,3.3333333333333437,-4.872881355932213,-3.598971722365041,3.3333333333333437,1.306897380437395,189822640.0,3.302611367127496,-4.123711340206182,2,2025-01-21,93.0,0.0,True,4.301,4.301,9.677,64.516,-25.806,2025-02-12,102.0,max15_next_open,9.677,16.0
3315,2025-09-24,991,kuitto_pullback_auto,くいっと押し目版,2.0000000000000018,-2.17821782178218,-0.8775428799361773,2.6156941649899235,1.4659639389736476,300564630.0,3.1512605042016806,-2.857142857142858,2,2025-09-25,102.0,0.0,True,-2.941,-10.784,-10.784,50.0,-15.686,2025-10-02,100.0,strict_gakutto_next_open,-1.961,6.0
3349,2022-12-09,308,kuitto_pullback_auto,くいっと押し目版,2.0640569395017794,-2.7287993282955503,-2.4417437841453893,2.4285714285714244,1.4433534743202416,3586137550.0,1.9575612671846983,-4.080267558528428,1,2022-12-12,7085.0,-1.185,True,-2.188,-0.141,-5.857,41.778,-20.748,2022-12-14,7000.0,strict_gakutto_next_open,-1.2,3.0
3349,2026-08-07,1203,kuitto_pullback_auto,くいっと押し目版,2.492854874563344,-4.447866654588273,-1.5520238390861696,1.7625173414049788,1.354655056932351,3191575915.0,3.903950426026336,-7.838378069674468,4,2026-08-10,6500.0,0.697,False,-2.215,-0.554,0.046,7.4,-3.8,2026-08-18,6318.0,strict_gakutto_next_open,-2.8,6.0
3360,2022-08-05,224,kuitto_pullback_auto,くいっと押し目版,3.0351437699680517,-2.6158503454164483,-0.7113452469203918,2.4622716441620396,1.431447414092329,651820910.0,1.910299003322259,-0.4245465071401,0,2022-08-08,2580.0,0.0,True,0.155,0.271,-1.86,12.713,-31.841,2022-08-24,2550.0,strict_gakutto_next_open,-1.163,12.0
3360,2023-02-08,348,kuitto_pullback_auto,くいっと押し目版,2.118126272912413,-2.3410840409491263,-2.561141519283694,1.7533890737884583,1.5359342915811087,428030930.0,1.6867057952020057,-1.9554165037152904,0,2023-02-09,2485.0,-0.878,True,0.523,0.121,-3.501,14.245,-29.235,2023-02-16,2510.0,strict_gakutto_next_open,1.006,6.0
3360,2023-10-26,525,kuitto_pullback_auto,くいっと押し目版,1.8278574733919584,-4.098651525904906,-2.7433437533685434,1.6209476309226867,1.7503961965134707,483445182.5,2.4523647223033724,-4.822664359861594,0,2023-10-27,2220.0,0.886,False,6.892,4.977,-4.437,27.883,-20.788,2023-11-09,2309.0,strict_gakutto_next_open,4.009,9.0
3360,2026-06-08,1160,kuitto_pullback_auto,くいっと押し目版,1.7401960784313664,-4.3763988761369665,-4.8875038718942605,2.4129083193526135,1.8842408943382618,601427962.5,2.820318683965998,-8.102723046269645,1,2026-06-09,2076.0,0.024,True,2.336,0.53,5.275,24.855,-1.108,2026-06-30,2189.0,max15_next_open,5.443,16.0
3371,2022-10-18,272,kuitto_pullback_auto,くいっと押し目版,2.215189873417711,-3.4908866234167446,-3.6680365576887697,2.8334925183062687,1.263157894736842,87431525.0,3.9694825298540475,-6.9164265129682985,3,2022-10-19,1597.5,-1.084,True,5.321,5.477,4.225,51.8,-14.304,2022-11-04,1647.5,strict_gakutto_next_open,3.13,12.0
3382,2023-06-06,427,kuitto_pullback_auto,くいっと押し目版,2.151338997366725,-5.2924605516112555,-3.9354389528062694,2.9070233042364,1.621684616621122,14835526153.5,2.1018621456364674,-4.990757855822547,1,2023-06-07,2065.0,0.438,True,-0.015,-0.775,-1.419,30.896,-22.518,2023-06-28,2054.3,max15_next_open,-0.518,16.0
3387,2022-10-28,280,kuitto_pullback_auto,くいっと押し目版,2.7870680044593144,-2.9629629629629672,-4.96393720831565,2.9017857142857206,3.243637798382324,836615120.0,3.044623489308956,-7.243460764587528,4,2022-10-31,462.5,0.325,True,0.108,-0.324,3.243,80.216,-5.405,2022-11-22,478.0,max15_next_open,3.351,16.0
3388,2026-09-15,1229,kuitto_pullback_auto,くいっと押し目版,2.091439688715946,-2.888324395521691,-1.6969098777617542,1.3226491600695223,1.5978260869565217,61316765.0,1.483699720955557,-2.869042110134201,0,2026-09-16,2107.0,0.381,True,1.519,,,1.661,0.0,,,,,
3393,2022-12-01,302,kuitto_pullback_auto,くいっと押し目版,3.076923076923066,-4.214685544945674,-2.2647206844489176,3.501544799176104,2.340684410646388,308930945.0,4.850746268656716,-3.287890938251803,2,2022-12-02,1195.0,-0.912,True,-12.05,-15.732,-18.159,175.732,-25.69,2022-12-06,1135.25,stop_loss,-5.0,3.0
3393,2023-09-25,503,kuitto_pullback_auto,くいっと押し目版,2.556480380499404,-2.8723650683344815,-2.9266377159752444,2.617489589530031,1.304247990815155,305462755.0,3.06832298136646,-6.351791530944628,3,2023-09-26,1746.0,1.217,False,-4.639,-8.591,-14.089,88.717,-30.871,2023-10-02,1658.7,stop_loss,-5.0,5.0
3393,2023-12-15,559,kuitto_pullback_auto,くいっと押し目版,1.6600790513833896,-3.3625057577153394,-3.409264638434495,1.7727128838240125,1.5414141414141413,122046720.0,2.3828038213730283,-5.718475073313778,0,2023-12-18,1257.0,-2.255,True,1.432,6.683,8.592,162.132,-0.08,2023-12-25,1294.0,strict_gakutto_next_open,2.944,6.0
3397,2022-06-21,192,kuitto_pullback_auto,くいっと押し目版,2.227272727272722,-3.5083114610673594,-2.6582992525736704,1.8199927562477347,1.4821428571428572,951973870.0,2.725020644095789,-3.7655113393239237,1,2022-06-22,2263.0,0.622,False,1.812,11.754,13.831,138.224,-3.093,2022-07-13,2580.0,max15_next_open,14.008,16.0
3397,2025-11-21,1031,kuitto_pullback_auto,くいっと押し目版,1.769316909294516,-2.3394679381489203,-1.8350583356323558,2.987171932369348,1.7776869636289334,2061980935.0,2.4113430583501008,-0.48182216381953413,1,2025-11-25,4507.0,-0.814,True,-1.93,-3.528,-5.813,3.395,-22.521,2025-12-02,4405.0,strict_gakutto_next_open,-2.263,6.0
3402,2024-10-24,768,kuitto_pullback_auto,くいっと押し目版,2.078436224174207,-2.275109586430346,-0.4988631350323902,0.504287663223546,1.4309666051812902,5036534642.5,1.7816022300327257,-3.7784256559766694,1,2024-10-25,818.8,-0.764,True,2.125,15.743,10.112,70.371,-1.038,2024-11-05,826.3,strict_gakutto_next_open,0.916,7.0
3405,2024-03-12,615,kuitto_pullback_auto,くいっと押し目版,1.9243986254295464,-2.0776993602005134,-2.0004747336217044,-0.22202785440355033,1.3845594179466452,2299867000.0,2.1144398420190735,-6.9344210856604915,2,2024-03-13,1483.0,0.0,True,6.473,9.002,9.71,59.912,-4.686,2024-04-04,1645.0,max15_next_open,10.924,16.0
3405,2024-11-22,788,kuitto_pullback_auto,くいっと押し目版,2.6382546930492135,-5.341246290801194,-3.2892105699542484,2.022290584497455,1.2617147994156648,2653158105.0,2.971188475390156,-6.4724919093851145,4,2024-11-25,2068.5,2.249,False,-1.74,4.859,9.717,14.648,-29.127,2024-12-16,2270.5,max15_next_open,9.766,16.0
3407,2022-04-08,144,kuitto_pullback_auto,くいっと押し目版,2.3569023569023573,-4.25648520277675,-0.021738550076855212,1.468624833110832,1.8976682475158084,4299787113.5,2.2992749731471536,-4.573991031390134,1,2022-04-11,1063.0,-0.094,True,0.47,2.117,1.505,79.304,-17.215,2022-05-06,1064.5,max15_next_open,0.141,16.0
3407,2024-05-21,661,kuitto_pullback_auto,くいっと押し目版,2.57142857142858,-4.3049081436797305,-3.462884509117692,2.7475672581568356,1.8636028672874656,5408810025.0,2.7225096166600347,-4.90066225165563,1,2024-05-22,1061.0,-1.486,True,-1.037,-2.592,-3.534,79.642,-17.059,2024-05-28,1048.0,strict_gakutto_next_open,-1.225,5.0
3415,2024-03-08,613,kuitto_pullback_auto,くいっと押し目版,3.0303030303030276,-2.7009222661396715,-1.3280212483399723,2.960969044414541,2.1190365910143587,89079310.0,3.571428571428571,-1.6077170418006381,2,2024-03-11,304.0,-0.654,True,5.592,2.632,0.658,95.395,-29.276,2024-03-25,321.0,strict_gakutto_next_open,5.592,10.0
3433,2024-07-30,710,kuitto_pullback_auto,くいっと押し目版,1.8672199170124415,-4.287993617869967,-3.832682878014604,2.185223725286156,1.4580559254327563,174577630.0,2.2876054698865294,-4.335119337554794,0,2024-07-31,1924.0,-2.037,True,-11.642,-7.38,-4.47,79.834,-28.846,2024-08-02,1827.8,stop_loss,-5.0,3.0
3436,2023-05-18,414,kuitto_pullback_auto,くいっと押し目版,1.5425531914893709,-2.472498690413827,-1.685807607206824,2.293430500482252,2.0465284340430263,8909636285.0,1.8184539399835367,-0.8826583592938753,1,2023-05-19,1962.0,2.776,False,3.721,2.497,1.809,202.701,-62.003,2023-06-09,2005.0,max15_next_open,2.192,16.0
3436,2023-07-28,464,kuitto_pullback_auto,くいっと押し目版,1.5237159007126966,-2.290513456766563,-0.13442693214361645,0.7364416699180643,1.6392305266477452,12627710862.5,2.6299408652349827,-2.317332702766617,1,2023-07-31,2080.0,0.702,False,-4.279,-8.365,-7.572,185.529,-64.159,2023-08-03,2010.0,strict_gakutto_next_open,-3.365,4.0
3436,2024-01-11,574,kuitto_pullback_auto,くいっと押し目版,1.9722939657196514,-2.059635818939287,-0.8371593148115086,3.2228929980510523,1.2794782855636018,9300708765.0,1.902897930989112,-0.9803921568627416,1,2024-01-12,2218.5,2.164,False,4.958,7.302,0.203,167.703,-66.396,2024-02-02,2244.5,max15_next_open,1.172,16.0
3436,2025-05-28,910,kuitto_pullback_auto,くいっと押し目版,1.9278350515463893,-2.9288618297295566,-1.2328969386750543,2.6431626593580004,1.4829430379746835,5075194013.0,3.4142958285772087,-2.350617283950618,3,2025-05-29,997.7,0.91,False,-4.53,9.652,2.987,495.269,-6.084,2025-06-02,947.815,stop_loss,-5.0,3.0
3443,2026-09-09,1225,kuitto_pullback_auto,くいっと押し目版,2.6706231454005858,-3.4644995722839966,-1.5369418053981843,2.0950132782531883,1.7440597420230821,370163715.0,2.2140792733278283,-2.9453015427770013,0,2026-09-10,1376.0,-0.578,True,1.817,,,5.015,-1.526,,,,,
3445,2023-04-12,391,kuitto_pullback_auto,くいっと押し目版,2.3659305993690927,-3.8068709377901633,-2.0376175548589393,3.839999999999999,1.559748427672956,256590900.0,2.729473915914594,-0.15384615384614886,0,2023-04-13,3230.0,-0.462,True,-3.096,-7.368,-5.108,167.802,-34.83,2023-04-19,3090.0,strict_gakutto_next_open,-4.334,5.0
3445,2024-09-12,741,kuitto_pullback_auto,くいっと押し目版,1.646706586826352,-4.644326866549086,-1.9095344533371805,3.9816232771822335,1.4846698113207548,331499000.0,3.9238375762676205,-3.5511363636363646,2,2024-09-13,3380.0,-0.442,True,13.462,6.509,14.349,155.917,-37.722,2024-10-01,3630.0,strict_gakutto_next_open,7.396,11.0
3445,2025-12-23,1052,kuitto_pullback_auto,くいっと押し目版,2.8649386084584005,-2.548116020601787,-0.1318029545829047,3.6568600494913284,2.311138014527845,323574625.0,2.605153467222433,0.0,0,2025-12-24,3755.0,-0.398,True,0.399,0.0,3.329,130.36,-9.055,2026-01-08,3750.0,strict_gakutto_next_open,-0.133,9.0
3457,2026-02-24,1091,kuitto_pullback_auto,くいっと押し目版,3.342618384401108,-2.193220953416719,-0.689932101920121,2.2789928321999664,2.728285077951002,82121195.0,2.1370812475933767,-0.8904719501335756,0,2026-02-25,1116.0,0.27,True,-1.792,-1.613,-3.405,2.33,-18.728,2026-03-04,1080.0,strict_gakutto_next_open,-3.226,6.0
3475,2023-04-28,403,kuitto_pullback_auto,くいっと押し目版,1.5483870967741842,-2.085452695829093,-2.698756356678922,1.8111254851228997,1.9119638826185101,108444395.0,1.7335269558903612,-5.7485029940119725,0,2023-05-01,799.0,1.525,False,-1.126,3.254,7.134,131.289,-24.155,2023-05-12,777.0,strict_gakutto_next_open,-2.753,7.0
3482,2022-09-14,251,kuitto_pullback_auto,くいっと押し目版,1.8277656078860893,-2.2815375579194663,-3.194391844369049,-1.0312707917498387,1.3921078921078922,687511922.4,3.0741896758703495,-10.569350087176089,3,2022-09-15,1500.0,0.84,False,-3.22,-12.553,-6.833,111.387,-27.72,2022-09-20,1480.0,strict_gakutto_next_open,-1.333,3.0
3482,2024-01-22,581,kuitto_pullback_auto,くいっと押し目版,1.9199601047251047,-3.6354114652474068,-4.289622707689789,3.308396097659605,1.7583333333333333,214146909.0,2.8248143294014847,-5.763688760806918,0,2024-01-23,1659.2,1.48,False,-0.904,-1.561,-2.411,91.104,-7.335,2024-02-02,1618.3,strict_gakutto_next_open,-2.465,9.0
3486,2025-01-07,816,kuitto_pullback_auto,くいっと押し目版,1.8586005830903751,-2.912345503622671,-1.7610225107108524,1.9180280046674492,1.286697247706422,244299410.0,2.8162535139279323,-1.5151515151515138,0,2025-01-08,1397.0,-0.036,True,-2.827,-3.185,10.236,116.893,-5.261,2025-01-16,1382.5,strict_gakutto_next_open,-1.038,6.0
3486,2025-10-22,1010,kuitto_pullback_auto,くいっと押し目版,2.6315789473684292,-4.072586230779884,-1.224547913996854,1.1964826293786812,1.4539170506912442,240939705.0,3.4086284086284087,-5.549949545913224,2,2025-10-23,2792.0,-0.57,True,-6.948,-4.62,-2.865,4.943,-39.971,2025-10-29,2652.4,stop_loss,-5.0,5.0
3496,2022-10-17,271,kuitto_pullback_auto,くいっと押し目版,2.774274905422436,-4.019370460048421,-2.5232729054385117,2.412666499120375,1.2622950819672132,88705550.0,3.584574934268186,-2.1608643457383003,2,2022-10-18,2040.0,0.123,True,-0.123,4.167,6.005,205.392,-1.961,2022-10-26,2032.5,strict_gakutto_next_open,-0.368,7.0
3496,2025-07-22,948,kuitto_pullback_auto,くいっと押し目版,3.033980582524265,-3.864168618266983,-2.697359130066379,2.685050798258337,2.2994350282485874,400111950.0,3.0119468282012454,-5.139664804469268,2,2025-07-23,4220.0,-0.589,True,-1.659,16.943,17.891,47.63,-7.227,2025-07-30,4105.0,strict_gakutto_next_open,-2.725,6.0
3496,2025-11-07,1021,kuitto_pullback_auto,くいっと押し目版,2.8511087645195277,-2.4160524160524166,-2.641002685765448,1.7763845350052154,1.9191176470588236,209172050.0,2.97741273100616,-4.8828125,2,2025-11-10,4940.0,1.437,False,9.717,6.478,1.012,26.113,-20.749,2025-11-20,5150.0,strict_gakutto_next_open,4.251,9.0
3496,2026-09-09,1225,kuitto_pullback_auto,くいっと押し目版,2.748414376321362,-4.158215010141985,-0.5698483197854598,2.402022756005051,1.4100580270793037,215896200.0,2.5793650793650795,-2.7027027027026973,0,2026-09-10,4820.0,-0.823,True,-1.141,,,2.905,-3.631,2026-09-14,4680.0,strict_gakutto_next_open,-2.905,3.0
3498,2023-01-31,342,kuitto_pullback_auto,くいっと押し目版,3.4696406443618377,-4.549696686887539,-3.8056452745401037,1.5815085158150888,1.4151898734177215,772952950.0,5.312232677502139,-11.264612114771522,3,2023-02-01,2095.0,0.359,True,1.909,-1.432,-2.983,419.332,-17.064,2023-02-14,2050.0,strict_gakutto_next_open,-2.148,10.0
3498,2023-03-22,376,kuitto_pullback_auto,くいっと押し目版,1.806451612903226,-4.927463731865933,-4.726442259954322,2.787910369984359,1.6008064516129032,392767125.0,3.711750860039833,-7.719298245614037,3,2023-03-23,1952.5,-1.014,True,-0.64,5.25,0.896,457.234,-11.012,2023-04-11,1915.0,strict_gakutto_next_open,-1.921,14.0
3501,2023-12-22,564,kuitto_pullback_auto,くいっと押し目版,2.4844720496894457,-2.456660795401877,-3.1876889255289864,1.4760147601476037,1.3431372549019607,60085900.0,1.878121878121878,-5.5897887323943625,0,2023-12-25,1082.0,0.886,False,2.819,11.599,13.031,33.734,-14.464,2024-01-19,1217.5,max15_next_open,12.523,16.0
3539,2021-12-07,62,kuitto_pullback_auto,くいっと押し目版,1.8846373500856606,-4.394141145139818,-4.936134785180646,2.7886609817930452,1.3839779005524862,86990095.0,2.158071748878924,-5.207226354941552,0,2021-12-08,900.0,0.897,False,-4.778,-8.722,-10.167,103.0,-20.722,2021-12-14,867.5,strict_gakutto_next_open,-3.611,5.0
3539,2022-03-15,127,kuitto_pullback_auto,くいっと押し目版,3.392857142857153,-2.5230139788612216,-1.2765859919325218,0.8125362739408004,1.2536023054755043,72458510.0,2.4673081667900316,-3.5535813436979424,0,2022-03-16,869.5,0.115,True,0.633,2.588,1.035,110.121,-17.941,2022-03-18,873.5,strict_gakutto_next_open,0.46,3.0
3561,2022-11-14,290,kuitto_pullback_auto,くいっと押し目版,1.9480519480519431,-2.3481368044920847,-3.453136011275537,2.3201251303440973,6.1559902200489,136700115.0,3.1301182893539585,-6.2126642771804015,3,2022-11-15,789.0,0.51,False,24.842,17.997,15.336,214.322,-3.042,2022-11-29,916.0,strict_gakutto_next_open,16.096,10.0
3561,2024-03-18,619,kuitto_pullback_auto,くいっと押し目版,2.4771838331160367,-3.5377358490566,-1.8044164037854804,1.0023130300693905,1.7323318538750427,970900545.0,4.348418756815704,-6.816834617664491,4,2024-03-19,1562.0,-0.636,True,5.378,1.408,11.396,12.804,-42.766,2024-03-28,1621.0,strict_gakutto_next_open,3.777,7.0
3561,2024-08-30,732,kuitto_pullback_auto,くいっと押し目版,1.558441558441559,-2.7637344118638274,-4.665984215566487,1.5760304814686599,1.2737169517884914,411337820.0,3.702350505419559,-5.173807599029912,2,2024-09-02,1175.0,0.171,True,0.426,-1.191,5.447,48.851,-23.915,2024-09-10,1151.0,strict_gakutto_next_open,-2.043,7.0
3563,2024-04-03,630,kuitto_pullback_auto,くいっと押し目版,2.8101439342015144,-3.6868014901543233,-2.2325994509339586,3.236107861085502,3.0325619496211345,4439311669.0,2.3390476190476193,-3.6918138041733495,1,2024-04-04,1513.0,0.867,False,4.56,-2.789,-0.892,305.486,-33.477,2024-04-16,1550.0,strict_gakutto_next_open,2.445,9.0
3569,2021-11-18,50,kuitto_pullback_auto,くいっと押し目版,2.153432032301472,-3.4544677212484,-1.8540980765898496,0.5031779661017088,1.5903790087463556,572667335.0,2.722880983750549,-4.488255033557042,0,2021-11-19,2270.0,-0.307,True,2.996,3.965,10.837,61.454,-19.471,2021-12-01,2292.0,strict_gakutto_next_open,0.969,8.0
3569,2023-05-24,418,kuitto_pullback_auto,くいっと押し目版,3.020292590844731,-4.661054497120065,-2.8977180918867473,0.905981325691041,2.8679245283018866,409940635.0,2.5423728813559325,-5.086956521739127,0,2023-05-25,2183.0,0.0,True,1.191,3.39,6.825,67.888,-8.337,2023-06-07,2283.0,strict_gakutto_next_open,4.581,10.0
3569,2023-09-19,499,kuitto_pullback_auto,くいっと押し目版,1.5040825096690913,-4.814259536898213,-1.989217960966283,2.7850304612706767,1.5391425908667289,264837170.0,1.8960928994798596,-3.5130718954248352,0,2023-09-20,2363.0,0.042,True,-1.566,-4.824,-6.306,55.099,-15.32,2023-09-21,2244.85,stop_loss,-5.0,2.0
3569,2026-07-02,1178,kuitto_pullback_auto,くいっと押し目版,3.453453453453448,-3.6102142647490454,-1.489967944912729,3.7963241940343506,1.2865264354747015,513830250.0,2.114866265809662,-0.14492753623188692,0,2026-07-03,3375.0,-2.032,True,-3.704,-3.259,-5.778,7.111,-6.963,2026-07-09,3315.0,strict_gakutto_next_open,-1.778,5.0
3580,2022-05-16,166,kuitto_pullback_auto,くいっと押し目版,1.6151685393258397,-4.323740035130386,-0.7998657567960699,1.9875951508316891,1.6692667706708268,83090265.0,2.9469839075920623,-3.7898936170212782,2,2022-05-17,1447.0,0.0,True,1.382,-6.012,-10.919,3.179,-56.876,2022-05-26,1414.0,strict_gakutto_next_open,-2.281,8.0
3580,2023-08-23,481,kuitto_pullback_auto,くいっと押し目版,1.5647226173541862,-2.4861878453038666,-2.953934003184533,0.990099009900991,1.5359477124183007,36881415.0,1.8507402961184471,-5.804749340369398,0,2023-08-24,716.0,0.28,True,3.073,6.285,4.33,29.888,-12.849,2023-09-11,735.0,strict_gakutto_next_open,2.654,13.0
3580,2024-03-08,613,kuitto_pullback_auto,くいっと押し目版,2.3778071334213946,-2.384004101512438,-2.0388249794576874,1.572739187418093,1.3149038461538463,36649685.0,1.7972350230414749,-1.6497461928933976,0,2024-03-11,761.0,-1.806,True,0.394,1.708,0.657,22.076,-18.003,2024-03-14,761.0,strict_gakutto_next_open,0.0,4.0
3580,2024-07-29,709,kuitto_pullback_auto,くいっと押し目版,1.6107382550335503,-2.6343799893560504,-1.6397820745646774,2.7694814010317703,1.9760765550239234,24055295.0,1.8210983204378184,-0.39473684210525883,0,2024-07-30,749.0,-1.057,True,-15.22,-8.278,-6.008,24.032,-16.689,2024-08-02,711.55,stop_loss,-5.0,4.0
3580,2025-02-10,839,kuitto_pullback_auto,くいっと押し目版,2.1518987341772045,-3.553050722862039,-0.6471355473061102,1.8682150971976785,1.4908256880733946,25632185.0,2.0623119136130286,-1.9441069258809285,0,2025-02-12,804.0,-0.372,True,0.746,-1.99,-0.249,15.547,-15.299,2025-02-21,793.0,strict_gakutto_next_open,-1.368,8.0
3591,2022-10-04,263,kuitto_pullback_auto,くいっと押し目版,1.5901862789641008,-3.468259629101267,-2.0339044118971805,2.795145273997801,1.7763801537386443,335675220.0,1.7409915665729618,-2.015775635407535,0,2022-10-05,2260.0,1.073,False,3.274,4.823,6.504,167.92,-1.77,2022-10-27,2400.0,max15_next_open,6.195,16.0
3591,2023-12-26,566,kuitto_pullback_auto,くいっと押し目版,2.073170731707319,-2.195915951464922,-0.5988670731121859,1.0564443102927923,1.6674786845310596,440262055.0,1.5574330090459123,-1.4714537963507968,0,2023-12-27,3351.0,0.09,True,2.686,6.535,3.104,80.692,-1.492,2024-01-17,3503.0,strict_gakutto_next_open,4.536,12.0
3591,2024-07-31,711,kuitto_pullback_auto,くいっと押し目版,2.8397089885003446,-2.3924755730070135,-3.446379633636232,2.2828065916624007,1.251948051948052,973022150.0,1.887592097541892,-6.006006006006004,2,2024-08-01,4350.0,-0.73,True,-9.195,-3.333,-1.149,39.195,-17.517,2024-08-02,4132.5,stop_loss,-5.0,2.0
3591,2026-08-07,1203,kuitto_pullback_auto,くいっと押し目版,2.083810396152974,-3.0290881553744042,-1.8642421626288264,2.130584192439855,1.4011363636363636,395605175.0,2.155034288277895,-2.3866871031311576,0,2026-08-10,4461.0,0.067,True,-5.402,-3.721,-4.618,1.838,-12.105,2026-08-13,4197.0,strict_gakutto_next_open,-5.918,3.0
3608,2022-06-28,197,kuitto_pullback_auto,くいっと押し目版,2.60869565217392,-2.110667427267554,-2.334013142986635,2.6682134570765736,1.565236620964175,165607510.0,3.208232445520581,-8.997429305912597,3,2022-06-29,350.0,-1.13,True,-4.571,-3.143,-5.429,339.714,-13.429,2022-07-04,339.0,strict_gakutto_next_open,-3.143,4.0
3608,2025-05-22,906,kuitto_pullback_auto,くいっと押し目版,1.8357487922705307,-2.5288211230940716,-0.1329282187618741,0.20916524054002128,3.4274530271398747,313909855.0,3.124152886961236,-5.13051305130513,2,2025-05-23,1062.0,0.759,False,5.744,-2.919,3.296,44.915,-11.582,2025-05-27,1046.0,strict_gakutto_next_open,-1.507,3.0
3612,2023-08-16,476,kuitto_pullback_auto,くいっと押し目版,1.7146356399265095,-2.979780063852433,-4.134463171617464,0.8377853326857698,1.6987951807228916,235891935.0,2.231874086178722,-6.842400448681996,1,2023-08-17,830.0,-0.06,True,-2.53,-3.253,1.687,108.193,-10.241,2023-08-21,803.5,strict_gakutto_next_open,-3.193,3.0
3632,2022-09-28,259,kuitto_pullback_auto,くいっと押し目版,2.0594965675057253,-4.985597163749167,-0.853759294960077,3.240740740740744,2.226555246053853,749728175.0,3.042921204356182,-4.086021505376348,2,2022-09-29,899.0,0.785,False,-2.002,-8.454,-7.23,3.671,-60.289,2022-10-03,854.05,stop_loss,-5.0,3.0
3632,2022-10-18,272,kuitto_pullback_auto,くいっと押し目版,1.5186915887850372,-4.336966394187092,-3.421305401820418,2.8889415107743233,1.8867044993919742,841269520.0,3.542659871773796,-3.871681415929207,3,2022-10-19,871.0,0.23,True,-3.559,-5.281,-8.266,0.23,-59.013,2022-10-20,827.45,stop_loss,-5.0,2.0
3632,2023-06-28,443,kuitto_pullback_auto,くいっと押し目版,1.8927444794952786,-2.1626561072190187,-3.0535272463943053,0.5291005291005346,1.2614165087023954,382618940.0,2.067669172932331,-6.240928882438313,1,2023-06-29,638.0,-1.238,True,-3.918,-2.508,-1.724,2.821,-44.044,2023-07-06,606.1,stop_loss,-5.0,6.0
3632,2023-09-27,505,kuitto_pullback_auto,くいっと押し目版,1.559792027729645,-2.961198093941453,-4.295051353874879,2.0905923344947785,1.3541105121293802,251005465.0,1.9624573378839592,-5.483870967741932,0,2023-09-28,581.0,-0.853,True,0.344,-0.688,-2.582,8.09,-38.554,2023-10-16,551.95,stop_loss,-5.0,12.0
3632,2025-11-21,1031,kuitto_pullback_auto,くいっと押し目版,2.538071065989844,-3.18315377081293,-2.017006130116672,1.9172552976791213,8.748154224774405,278272470.0,2.881895332390382,-1.9417475728155331,0,2025-11-25,409.0,1.238,False,-1.467,-2.445,-0.978,6.112,-12.714,2025-12-02,399.0,strict_gakutto_next_open,-2.445,6.0
3632,2026-06-26,1174,kuitto_pullback_auto,くいっと押し目版,1.85185185185186,-2.570694087403602,-4.488727858293073,1.4225500526870327,2.1034410626503504,283642730.0,1.9666048237476808,-8.333333333333337,1,2026-06-29,370.0,-3.896,True,7.027,6.216,6.216,17.297,-1.351,2026-07-13,393.0,strict_gakutto_next_open,6.216,11.0
3632,2026-09-14,1228,kuitto_pullback_auto,くいっと押し目版,2.676399026763998,-2.98013245033113,-2.0456707897240634,2.476930548810108,1.8018790849673203,257424340.0,2.132701421800948,-1.8604651162790753,0,2026-09-15,426.0,0.948,False,-0.939,,,1.174,-1.643,,,,,
3635,2024-06-18,681,kuitto_pullback_auto,くいっと押し目版,3.4608378870673917,-3.293413173652693,-0.2323067032902859,3.9759830123746065,1.280588484335309,1881872210.0,3.2193158953722336,-0.9071877180739651,3,2024-06-19,1426.0,0.423,True,-1.473,-2.454,-2.735,78.436,-11.781,2024-06-20,1354.7,stop_loss,-5.0,2.0
3635,2024-10-29,771,kuitto_pullback_auto,くいっと押し目版,2.6046818331684873,-3.6760045633160043,-4.939073112265291,2.180194378775946,1.7335518329691673,1151282147.5,2.400844656628718,-7.2429210134128175,2,2024-10-30,1568.0,0.771,False,2.487,4.624,4.464,62.277,-9.598,2024-11-20,1630.0,strict_gakutto_next_open,3.954,15.0
3636,2022-03-15,127,kuitto_pullback_auto,くいっと押し目版,1.9815059445178251,-4.196704428424303,-0.8139965114435266,2.8510524913402557,2.265957446808511,217843850.0,2.3408586232420427,-1.2787723785166238,0,2022-03-16,3900.0,1.036,False,1.795,2.692,3.59,47.949,-7.308,2022-04-07,4030.0,max15_next_open,3.333,16.0
3649,2023-07-19,457,kuitto_pullback_auto,くいっと押し目版,2.5041736227044975,-2.2431729518855748,-3.0648380658038654,1.9594818997010988,3.693548387096774,48029385.0,2.4080967892042815,-5.5384615384615365,0,2023-07-20,614.0,0.0,True,-0.814,0.651,5.7,109.935,-2.769,2023-08-10,639.0,max15_next_open,4.072,16.0
3649,2026-05-26,1151,kuitto_pullback_auto,くいっと押し目版,3.401360544217691,-4.07792207792208,-4.811876119785008,2.178004840010761,2.6105072463768115,70497745.0,2.922932330827068,-6.172839506172845,3,2026-05-27,760.0,0.0,True,4.079,6.974,3.026,20.395,-1.711,2026-06-12,795.0,strict_gakutto_next_open,4.605,13.0
3656,2023-09-27,505,kuitto_pullback_auto,くいっと押し目版,2.564102564102555,-2.7445460942997935,-2.218454147237525,1.156069364161838,1.8914346140289038,150498860.0,2.8316326530612246,-4.761904761904767,0,2023-09-28,282.0,0.714,False,-6.738,-3.901,-3.191,73.05,-62.766,2023-10-03,276.0,strict_gakutto_next_open,-2.128,4.0
3656,2024-07-30,710,kuitto_pullback_auto,くいっと押し目版,1.7316017316017396,-4.083333333333339,-1.5022191874359825,1.81975736568456,2.980470588235294,171795675.0,2.9483282674772036,-5.241935483870963,2,2024-07-31,233.0,-0.851,True,-13.305,-12.017,-17.167,91.416,-54.936,2024-08-02,215.0,strict_gakutto_next_open,-7.725,3.0
3656,2024-10-17,763,kuitto_pullback_auto,くいっと押し目版,2.7027027027026973,-2.4468085106382986,-0.51735287777539,2.925243770314201,1.4502717391304347,84005555.0,2.669172932330827,-0.5235602094240788,0,2024-10-18,190.0,0.0,True,-9.474,-4.211,-4.737,134.737,-44.737,2024-10-24,178.0,strict_gakutto_next_open,-6.316,5.0
3657,2023-06-02,425,kuitto_pullback_auto,くいっと押し目版,2.1505376344086002,-3.884093711467329,-0.48358360906083364,1.236146632566082,1.260387811634349,47064085.0,2.112781954887218,-3.455284552845528,0,2023-06-05,965.0,1.579,False,-1.036,-15.648,-16.062,1.14,-70.881,2023-06-12,910.0,stop_gap_open,-5.699,6.0
3657,2024-02-13,596,kuitto_pullback_auto,くいっと押し目版,2.8282828282828243,-2.4661893396976997,-1.5672477210938784,3.3712428919577597,1.4105120072496602,212711865.0,3.017120404153803,-6.088560885608851,3,2024-02-14,504.0,-0.982,True,3.175,2.976,3.77,7.143,-44.246,2024-03-06,511.0,strict_gakutto_next_open,1.389,15.0
3657,2024-04-24,645,kuitto_pullback_auto,くいっと押し目版,1.855670103092777,-2.1346469622331665,-1.904684051336547,2.9166666666666563,1.371212121212121,58569705.0,1.995373048004627,-4.263565891472865,0,2024-04-25,492.0,-0.405,True,-2.846,0.0,-2.236,3.252,-42.886,2024-05-07,481.0,strict_gakutto_next_open,-2.236,6.0
3657,2026-09-14,1228,kuitto_pullback_auto,くいっと押し目版,1.9553072625698276,-2.6601520086862007,-0.03339641545141436,1.6146993318485459,2.285097192224622,57738875.0,2.270058708414873,-2.144772117962468,0,2026-09-15,369.0,1.096,False,1.626,,,7.317,-0.271,,,,,
3659,2021-12-09,64,kuitto_pullback_auto,くいっと押し目版,1.7937219730941756,-4.302645139127459,-3.495729746550935,1.666069509136503,1.3483389291394239,7567591395.0,3.9616110761485213,-11.293474013286442,4,2021-12-10,2227.0,-1.894,True,2.11,2.245,-0.135,99.102,-17.984,2021-12-21,2257.0,strict_gakutto_next_open,1.347,8.0
3660,2024-07-10,697,kuitto_pullback_auto,くいっと押し目版,1.9480519480519431,-2.7385892116182586,-2.890508530727176,0.4264392324093924,1.5093951093951095,481868990.0,2.4719441916894147,-8.365758754863817,1,2024-07-11,472.0,0.212,True,-3.39,-8.263,-9.958,45.127,-32.415,2024-07-22,448.4,stop_loss,-5.0,7.0
3660,2024-12-04,796,kuitto_pullback_auto,くいっと押し目版,3.0162412993039345,-2.9904848210240087,-1.0918432883750828,2.9684601113172615,1.5049412254239052,833760040.0,3.072715572715573,-2.844638949671774,3,2024-12-05,445.0,0.225,True,-0.899,6.517,4.944,53.933,-20.225,2024-12-12,449.0,strict_gakutto_next_open,0.899,6.0
3660,2025-07-08,939,kuitto_pullback_auto,くいっと押し目版,2.835538752362954,-2.6522226372805213,-0.9426847662141746,3.540159878188054,1.7922915940006976,530450050.0,2.783613445378151,-0.5484460694698323,0,2025-07-09,547.0,0.551,False,-0.366,3.108,2.742,25.229,-35.101,2025-07-17,539.0,strict_gakutto_next_open,-1.463,7.0
3661,2025-09-16,986,kuitto_pullback_auto,くいっと押し目版,2.600364963503643,-3.369119315702207,-4.83056957462148,1.415945165945165,1.3301023155627356,998423625.0,3.147430604078003,-12.82945736434109,4,2025-09-17,1115.0,-0.845,True,-4.753,-8.924,-11.659,3.318,-47.085,2025-09-24,1062.5,strict_gakutto_next_open,-4.709,5.0
3661,2026-03-27,1113,kuitto_pullback_auto,くいっと押し目版,1.6975308641975273,-4.653937947494025,-4.452136548102182,2.9044347282948246,1.407738607050731,593924265.0,3.5118144374593543,-8.725761772853192,3,2026-03-30,622.0,-5.615,True,9.325,13.505,19.936,41.318,-5.145,2026-04-15,722.0,strict_gakutto_next_open,16.077,13.0
3662,2022-10-28,280,kuitto_pullback_auto,くいっと押し目版,3.373819163292846,-2.809278350515454,-2.019310631229232,1.4569536423840956,2.75,70450175.0,2.6855650876538606,-5.66502463054187,0,2022-10-31,766.0,0.0,True,-2.611,2.48,4.961,78.851,-31.462,2022-11-07,746.0,strict_gakutto_next_open,-2.611,5.0
3663,2023-06-30,445,kuitto_pullback_auto,くいっと押し目版,1.91256830601092,-4.20233463035019,-4.051948051948062,0.9745533297238929,1.296195652173913,175443515.0,3.0831099195710454,-6.281407035175879,3,2023-07-03,750.0,0.536,False,-0.667,-1.733,-4.8,181.867,-14.133,2023-07-21,712.5,stop_loss,-5.0,14.0
3663,2024-04-24,645,kuitto_pullback_auto,くいっと押し目版,1.7964071856287456,-5.121841155234652,-2.652409387585053,1.0461245839277211,1.3243243243243243,159495365.0,2.831932773109244,-6.593406593406592,1,2024-04-25,843.0,-0.824,True,-1.779,-2.847,-2.728,150.771,-19.336,2024-05-07,835.0,strict_gakutto_next_open,-0.949,6.0
3665,2022-04-04,140,kuitto_pullback_auto,くいっと押し目版,1.552795031055898,-5.275567344532872,-0.830737279335414,0.7083461656914203,1.7227238525206923,323232940.0,4.303189165574486,-5.763688760806918,2,2022-04-05,655.0,0.153,True,-10.076,-14.198,-20.763,4.58,-62.443,2022-04-07,633.0,strict_gakutto_next_open,-3.359,3.0
3665,2024-02-16,599,kuitto_pullback_auto,くいっと押し目版,1.7543859649122862,-5.429362880886435,-3.9586144849302674,1.87353629976581,1.288888888888889,121710520.0,2.8530377668308704,-5.94594594594594,1,2024-02-19,350.0,0.575,False,1.714,-0.571,2.0,50.0,-29.714,2024-03-04,350.0,strict_gakutto_next_open,0.0,10.0
3668,2022-05-19,169,kuitto_pullback_auto,くいっと押し目版,3.3613445378151363,-4.1022404544020175,-3.81957532353312,0.42455911169170246,1.3601479426722145,156572440.0,2.9732868757259,-5.238828967642528,2,2022-05-20,615.0,0.0,True,0.65,2.927,6.016,22.439,-43.577,2022-05-30,630.0,strict_gakutto_next_open,2.439,7.0
3668,2026-09-14,1228,kuitto_pullback_auto,くいっと押し目版,2.594339622641506,-2.265372168284796,-0.486344930789373,2.208646616541343,1.300531914893617,210754390.0,2.1839080459770113,-2.0270270270270285,0,2026-09-15,439.0,0.92,False,3.417,,,4.556,-0.683,,,,,
3673,2022-04-27,157,kuitto_pullback_auto,くいっと押し目版,3.064066852367686,-2.5174076057846717,-1.3704543002050262,1.2035010940919078,2.1052123552123554,122972585.0,2.625482625482625,-4.639175257731953,0,2022-04-28,185.0,0.0,True,-2.703,-2.162,1.351,191.892,-8.919,2022-05-10,179.0,strict_gakutto_next_open,-3.243,5.0
3676,2023-06-13,432,kuitto_pullback_auto,くいっと押し目版,1.8547140649149974,-3.0844403725759584,-3.952926976463478,3.5186930568645858,1.4673008323424495,142500255.0,2.850639497073488,-2.152932442464739,0,2023-06-14,1340.0,1.669,False,0.299,-7.463,-4.552,10.0,-49.254,2023-06-26,1289.0,strict_gakutto_next_open,-3.806,9.0
3676,2025-10-08,1001,kuitto_pullback_auto,くいっと押し目版,2.598752598752596,-4.6271974136189105,-2.1806339915083073,3.9823008849557473,1.42008486562942,73836160.0,2.634245187436677,-3.3300685602350666,0,2025-10-09,1014.0,2.736,False,-6.41,-4.043,-7.002,4.536,-32.939,2025-10-14,963.0,stop_gap_open,-5.03,3.0
3676,2026-03-27,1113,kuitto_pullback_auto,くいっと押し目版,1.7621145374449254,-2.88110083852936,-0.21591610117212,2.009273570324588,1.2920908379013312,171284590.0,2.535559678416821,-3.0430220356768123,0,2026-03-30,851.0,-7.9,True,0.47,-1.293,3.29,24.559,-20.094,2026-04-13,839.0,strict_gakutto_next_open,-1.41,11.0
3678,2023-05-09,407,kuitto_pullback_auto,くいっと押し目版,2.0803443328550886,-4.520472657323438,-1.9079337303491317,2.359372752121991,1.6163009404388715,368434915.0,3.9152695512498745,-7.71725032425421,3,2023-05-10,1399.0,-1.687,True,-3.145,-2.144,-3.36,41.315,-25.733,2023-05-25,1350.0,strict_gakutto_next_open,-3.503,12.0
3678,2023-12-19,561,kuitto_pullback_auto,くいっと押し目版,1.9886363636363535,-2.1775544388609736,-2.5950646689007706,2.0756326414557824,2.0318725099601593,66122395.0,2.904894548348587,-5.277044854881263,0,2023-12-20,1436.0,0.0,True,-3.76,-2.855,-7.033,37.674,-21.24,2023-12-27,1376.0,strict_gakutto_next_open,-4.178,6.0
3678,2025-07-23,949,kuitto_pullback_auto,くいっと押し目版,1.7018779342723,-2.961432506887063,-1.5324873448443244,1.7018779342723,1.785,148463920.0,2.8151018052922265,-2.5857223159078124,0,2025-07-24,1740.0,0.404,True,-1.149,1.207,1.494,13.621,-31.667,2025-07-30,1687.0,strict_gakutto_next_open,-3.046,5.0
3678,2026-07-28,1195,kuitto_pullback_auto,くいっと押し目版,2.734375,-4.420893262679792,-2.740774766498233,3.5107052896725444,1.5101214574898785,68337175.0,2.547528517110266,-3.095062638172441,0,2026-07-29,1315.0,0.0,True,-6.388,-2.281,-3.422,1.065,-7.529,2026-08-04,1249.25,stop_loss,-5.0,5.0
3678,2026-08-12,1205,kuitto_pullback_auto,くいっと押し目版,2.635782747603832,-5.427782888684463,-3.603631518606887,3.2626165220186465,2.3973214285714284,61931340.0,2.418010005558644,-4.814814814814817,0,2026-08-13,1289.0,0.311,True,-1.474,0.543,-0.233,2.793,-5.043,2026-08-20,1280.0,strict_gakutto_next_open,-0.698,6.0
3679,2023-01-20,335,kuitto_pullback_auto,くいっと押し目版,2.1857923497267784,-2.941176470588236,-1.8183774478157888,2.465753424657535,1.3606089438629876,97644555.0,2.291825821237586,-2.0942408376963373,0,2023-01-23,378.0,1.07,False,0.0,0.529,7.407,118.783,-6.349,2023-01-31,377.0,strict_gakutto_next_open,-0.265,7.0
3679,2024-01-22,581,kuitto_pullback_auto,くいっと押し目版,2.6819923371647514,-2.9521674140508325,-1.1468935135956149,2.9581252401075675,1.3383911368015415,208402980.0,2.731876332622601,-2.1897810218978075,0,2024-01-23,535.0,-0.187,True,-0.748,-0.561,-5.234,26.542,-33.832,2024-02-08,519.0,strict_gakutto_next_open,-2.991,13.0
3679,2024-06-20,683,kuitto_pullback_auto,くいっと押し目版,2.6315789473684292,-2.491327656890585,-0.623112995439068,0.8403361344537785,1.8102508178844057,214717805.0,2.7243589743589745,-2.8037383177570097,0,2024-06-21,620.0,-0.641,True,-2.903,-6.29,-7.581,2.097,-42.903,2024-07-02,589.0,stop_loss,-5.0,8.0
3679,2024-07-09,696,kuitto_pullback_auto,くいっと押し目版,2.4179620034542326,-2.8018679119413026,-4.143373890167712,1.7152658662092701,2.5512021371326803,191724085.0,2.2765598650927488,-6.907378335949765,1,2024-07-10,590.0,-0.506,True,4.576,1.186,-1.017,7.288,-40.0,2024-07-25,585.0,strict_gakutto_next_open,-0.847,11.0
3679,2025-01-22,826,kuitto_pullback_auto,くいっと押し目版,1.9736842105263053,-2.73972602739726,-3.734299924133855,1.795096322241685,1.5466273497972725,181322685.0,1.7972350230414749,-5.8704453441295605,1,2025-01-23,464.0,-0.215,True,1.509,-1.724,1.293,25.216,-23.707,2025-02-03,463.0,strict_gakutto_next_open,-0.216,8.0
3679,2025-02-21,847,kuitto_pullback_auto,くいっと押し目版,2.4498886414253906,-4.702864471996582,-2.7172966382163266,2.9543419874664245,2.049464922711058,276562620.0,3.214285714285715,-3.765690376569042,2,2025-02-25,452.0,-1.739,True,-5.752,-4.867,1.549,28.54,-21.681,2025-02-27,444.0,strict_gakutto_next_open,-1.77,3.0
3679,2025-07-17,946,kuitto_pullback_auto,くいっと押し目版,1.982378854625555,-2.394185549380079,-2.1404109589041043,1.2685914260717412,1.2633819951338199,107837690.0,1.5735883986423942,-4.536082474226799,0,2025-07-18,463.0,0.0,True,4.752,11.879,12.527,25.486,-19.87,2025-08-12,539.0,max15_next_open,16.415,16.0
3687,2024-04-10,635,kuitto_pullback_auto,くいっと押し目版,1.873327386262269,-5.0126405718769025,-1.7670682730923648,3.7521577178159404,1.9504132231404958,1442965700.0,5.016262196647485,-5.188875051888752,3,2024-04-11,2284.0,0.0,True,-10.771,-12.172,-15.806,61.559,-49.431,2024-04-15,2105.0,stop_gap_open,-7.837,3.0
368A,2026-09-14,298,kuitto_pullback_auto,くいっと押し目版,2.3622047244094446,-3.0687397708674347,-4.463470932417202,0.4354544177552988,1.3584656084656084,131231945.0,2.1228771228771226,-8.038585209003212,1,2026-09-15,1431.0,0.07,True,-0.21,,,3.215,-0.908,2026-09-25,1425.0,strict_gakutto_next_open,-0.419,6.0
3694,2023-09-27,505,kuitto_pullback_auto,くいっと押し目版,2.650602409638547,-3.8772213247172838,-4.199173932996791,2.0359281437125842,1.2802139037433156,94955210.0,2.297116029510396,-6.167400881057272,1,2023-09-28,852.0,0.0,True,-5.164,0.587,-4.577,45.305,-55.399,2023-10-04,807.0,strict_gakutto_next_open,-5.282,5.0
3694,2024-07-31,711,kuitto_pullback_auto,くいっと押し目版,1.6442451420029869,-4.9326068253513045,-2.7071274045489035,2.163461538461542,1.3173198482932995,92432450.0,2.972689075630252,-5.027932960893855,2,2024-08-01,674.0,-0.882,True,-14.54,-14.985,-6.38,20.03,-43.62,2024-08-02,626.0,stop_gap_open,-7.122,2.0
3694,2024-09-19,745,kuitto_pullback_auto,くいっと押し目版,1.675041876046901,-4.0207522697795035,-2.936962750716321,1.8114726601811348,1.44,81470875.0,3.5655448340786067,-7.610350076103501,3,2024-09-20,604.0,-0.494,True,2.152,-0.993,-0.828,33.94,-37.086,2024-10-03,615.0,strict_gakutto_next_open,1.821,9.0
3694,2025-11-12,1024,kuitto_pullback_auto,くいっと押し目版,3.207547169811331,-3.311499272197971,-4.487546521614661,2.472836268265266,1.3833333333333333,76419945.0,2.859754505092713,-5.851979345955249,0,2025-11-13,556.0,1.645,False,-3.417,-7.554,-9.712,4.496,-31.655,2025-11-20,541.0,strict_gakutto_next_open,-2.698,6.0
3696,2023-09-27,505,kuitto_pullback_auto,くいっと押し目版,2.947368421052632,-3.2606480538006966,-2.7613733555980957,2.408376963350789,1.6226415094339623,67211730.0,2.4101665205959684,-3.0723488602576787,0,2023-09-28,976.0,-0.204,True,-8.709,-3.279,-7.377,297.029,-10.246,2023-10-03,930.0,strict_gakutto_next_open,-4.713,4.0
3696,2023-10-12,515,kuitto_pullback_auto,くいっと押し目版,1.8338727076591121,-3.898553762313983,-3.0275152630258373,1.7680034497628228,1.7034883720930232,72470155.0,2.8904358353510897,-4.259634888438136,0,2023-10-13,936.0,-0.847,True,-3.419,-2.885,2.564,313.996,-6.41,2023-10-20,889.2,stop_loss,-5.0,6.0
3696,2025-11-26,1033,kuitto_pullback_auto,くいっと押し目版,3.207547169811331,-4.238217025940793,-2.257577431591351,3.051996985681993,1.2536363636363637,560561005.0,3.316792896317576,-2.538975501113583,2,2025-11-27,2210.0,1.005,False,-5.611,-7.059,-8.145,4.932,-36.968,2025-12-02,2164.0,strict_gakutto_next_open,-2.081,4.0
3696,2026-01-15,1065,kuitto_pullback_auto,くいっと押し目版,3.1729785056294757,-2.677590168848032,-3.3010476378731,3.0253475061324586,1.5334620334620335,381892680.0,2.568735827664399,-4.680851063829783,0,2026-01-16,1993.0,-1.141,True,-4.215,-8.279,-6.974,16.357,-30.105,2026-01-21,1919.0,strict_gakutto_next_open,-3.713,4.0
3697,2023-07-13,454,kuitto_pullback_auto,くいっと押し目版,3.2620856150267885,-4.114386752354737,-2.619653808585931,2.987984637248786,1.9908675799086757,6273502230.0,2.920356144966968,-6.384455239417064,4,2023-07-14,1866.7,6.444,False,12.391,15.535,17.143,28.891,-69.309,2023-08-03,2126.0,strict_gakutto_next_open,13.891,14.0
3708,2021-11-18,50,kuitto_pullback_auto,くいっと押し目版,2.66909090909091,-2.927980461836077,-2.7660632502067406,-0.2797281833208598,1.7560975609756098,50657091.0,2.7236665013813126,-6.922924770884153,1,2021-11-19,1376.7,-2.479,True,-1.939,0.843,-1.213,65.032,-34.241,2021-12-13,1373.3,max15_next_open,-0.247,16.0
3708,2024-10-28,770,kuitto_pullback_auto,くいっと押し目版,2.888503755054872,-2.0253738840189883,-2.0485006485251644,2.664822043249848,1.7830188679245282,48220860.0,1.4312069577971545,-1.8346456692913349,0,2024-10-29,1245.0,-0.136,True,-1.47,-3.076,-4.819,82.49,-17.671,2024-11-06,1223.3,strict_gakutto_next_open,-1.743,6.0
3741,2022-07-20,212,kuitto_pullback_auto,くいっと押し目版,1.5519299641862272,-2.420189475360235,-0.8528784648187515,3.16112862802167,3.721518987341772,29105180.0,2.230743394536498,-2.5210084033613467,0,2022-07-21,1251.0,-1.959,True,-2.038,-5.635,-8.713,248.521,-15.987,2022-07-25,1235.5,strict_gakutto_next_open,-1.239,3.0
3741,2024-03-29,627,kuitto_pullback_auto,くいっと押し目版,2.862985685071573,-4.228660924040717,-1.8186188110879686,2.611179110567119,1.6542553191489362,318300300.0,4.309855154785572,-7.536764705882348,3,2024-04-01,2525.0,0.398,True,-8.812,-5.644,-9.901,72.673,-38.614,2024-04-02,2398.75,stop_loss,-5.0,2.0
3762,2024-08-13,719,kuitto_pullback_auto,くいっと押し目版,1.6491754122938573,-3.9901197035910996,-2.3247310586378744,0.1871736774701871,1.5063113604488079,413982210.0,4.7302991993257475,-6.310456011054811,3,2024-08-14,2048.0,0.688,False,7.471,17.627,18.555,27.637,-20.264,2024-09-04,2382.0,max15_next_open,16.309,16.0
3762,2025-11-11,1023,kuitto_pullback_auto,くいっと押し目版,1.5732546705998107,-3.655230438440693,-3.0353180125625268,0.1745539177657074,1.5940514469453375,444768010.0,2.7866131931959615,-8.136949755446865,1,2025-11-12,2079.0,0.629,False,-0.722,4.281,7.071,23.04,-21.453,2025-12-04,2250.0,max15_next_open,8.225,16.0
3763,2022-01-14,87,kuitto_pullback_auto,くいっと押し目版,2.0964360587002018,-4.973753280839888,-3.2249459841553474,0.6753031973539159,2.117241379310345,35353265.0,2.1805025911802094,-6.165703275529866,1,2022-01-17,736.5,0.821,False,-3.123,-6.246,-8.35,242.159,-18.737,2022-01-19,699.675,stop_loss,-5.0,3.0
3765,2023-06-02,425,kuitto_pullback_auto,くいっと押し目版,1.952837140751651,-4.2912416461484355,-0.3467599163094248,1.563647041550431,1.4475497702909648,870305490.0,2.003200991274717,-4.388389771941947,1,2023-06-05,2809.0,1.518,False,-0.125,4.913,1.442,23.852,-25.169,2023-06-23,2920.0,strict_gakutto_next_open,3.952,15.0
3765,2023-11-21,542,kuitto_pullback_auto,くいっと押し目版,2.782212086659075,-4.6212923728813475,-3.290045594053248,3.347855996331117,1.4929512364224635,771190955.0,2.3978573013407716,-2.635558435947294,0,2023-11-22,2253.0,-0.022,True,1.332,1.487,0.333,54.416,-6.547,2023-12-01,2305.5,strict_gakutto_next_open,2.33,7.0
3765,2025-07-08,939,kuitto_pullback_auto,くいっと押し目版,2.315243563622893,-2.4775020949466264,-1.7421321880359386,3.0097340842128784,3.0808402291534054,515417867.5,1.9680355849798281,-1.5329768270944788,0,2025-07-09,2751.5,-0.38,True,1.817,5.452,5.27,10.812,-22.769,2025-07-22,2800.0,strict_gakutto_next_open,1.763,9.0
3769,2022-09-09,248,kuitto_pullback_auto,くいっと押し目版,2.0408163265306145,-3.4845735027223212,-2.9742997401097315,2.3065476190476275,1.3162816281628162,2395635150.0,2.9545454545454546,-5.1724137931034475,3,2022-09-12,11220.0,2.0,False,-7.041,-11.765,-5.169,18.717,-48.217,2022-09-16,10659.0,stop_loss,-5.0,5.0
3769,2023-07-13,454,kuitto_pullback_auto,くいっと押し目版,3.488372093023262,-4.601990049751247,-4.302183064816944,3.2482598607888713,1.2996550024642681,2472835025.0,2.272873194221509,-6.63029794376836,2,2023-07-14,11335.0,1.888,False,-3.441,-4.72,-8.116,1.147,-48.743,2023-07-24,11060.0,strict_gakutto_next_open,-2.426,6.0
3771,2022-05-19,169,kuitto_pullback_auto,くいっと押し目版,2.058047493403703,-4.8592562153277115,-1.2156459300006306,2.763018065887346,1.3728813559322033,17409570.0,3.2242576451469933,-3.733200597312092,2,2022-05-20,963.5,-0.362,True,3.062,4.93,6.435,136.637,-7.006,2022-06-10,1034.0,max15_next_open,7.317,16.0
3771,2022-08-12,228,kuitto_pullback_auto,くいっと押し目版,2.237692690203885,-3.717366628830876,-0.8471947578612804,0.4985824616287049,1.7872340425531914,17895185.0,2.9182879377431905,-4.94683310217291,2,2022-08-15,1013.5,-1.411,True,-0.197,0.345,-4.637,124.963,-11.593,2022-08-22,1012.0,strict_gakutto_next_open,-0.148,6.0
3771,2023-05-31,423,kuitto_pullback_auto,くいっと押し目版,2.576212966938596,-3.3662703064813337,-1.8405426894253396,2.929771650150803,2.528735632183908,30138620.0,2.4786222567721103,-1.8891170431211468,0,2023-06-01,1180.5,-1.172,True,4.235,7.2,15.205,93.139,0.0,2023-06-22,1350.0,max15_next_open,14.358,16.0
3771,2023-08-10,473,kuitto_pullback_auto,くいっと押し目版,1.9269369731031771,-2.1555838370983293,-2.681464552384827,2.0990831590799397,3.1904761904761907,39804705.0,2.745737917065211,-3.8257575757575712,0,2023-08-14,1270.0,0.039,True,-0.551,0.315,0.551,79.528,-5.512,2023-08-21,1258.0,strict_gakutto_next_open,-0.945,6.0
3771,2025-11-21,1031,kuitto_pullback_auto,くいっと押し目版,2.8955532574974185,-2.054173799214576,-4.18467583497053,2.0094320278859934,1.5140845070422535,159937775.0,2.024407753050969,-10.158013544018063,1,2025-11-25,1992.0,0.101,True,-0.201,0.05,-0.301,3.414,-19.026,2025-12-10,1973.0,strict_gakutto_next_open,-0.954,12.0
3774,2024-05-07,651,kuitto_pullback_auto,くいっと押し目版,1.8587360594795488,-2.3073843578265363,-1.3584552506708092,1.5454174850831892,1.597215554488718,895791117.5,2.150677789363921,-2.560455192034139,1,2024-05-08,2720.0,-0.73,True,-16.912,-12.537,-17.114,34.191,-23.915,2024-05-10,2584.0,stop_loss,-5.0,3.0
3774,2024-06-14,679,kuitto_pullback_auto,くいっと押し目版,1.7015405840423048,-2.2884418075567514,-3.475752405410637,0.7517084282460118,1.2604821802935011,1443103425.0,2.5984302832595847,-10.028478437754274,2,2024-06-17,2200.0,-0.52,True,1.227,7.705,15.636,65.909,-4.636,2024-07-08,2535.0,max15_next_open,15.227,16.0
3774,2026-09-10,1226,kuitto_pullback_auto,くいっと押し目版,3.093750000000006,-2.7609387191645185,-3.9143803216650896,1.5076923076922988,1.3562231759656653,1874486295.0,2.5007578053955744,-6.305026980971318,2,2026-09-11,3280.0,-0.576,True,4.756,,,6.372,-0.305,,,,,
3778,2022-06-24,195,kuitto_pullback_auto,くいっと押し目版,1.85185185185186,-3.688969258589503,-3.6634518497193014,2.726933134105347,1.9069767441860466,32665390.0,2.1298701298701297,-4.679376083188913,0,2022-06-27,554.0,0.727,False,-3.791,-1.264,0.0,1881.949,-12.816,2022-07-04,540.0,strict_gakutto_next_open,-2.527,6.0
3778,2023-04-03,384,kuitto_pullback_auto,くいっと押し目版,2.254428341384873,-2.1662949984071256,-0.2127933969564122,2.5848142164781818,1.7477477477477477,128497430.0,2.7446569178852642,-2.7565084226646275,0,2023-04-04,636.0,0.157,True,-1.73,-2.83,-3.145,1626.415,-6.604,2023-04-07,609.0,strict_gakutto_next_open,-4.245,4.0
3778,2023-05-30,422,kuitto_pullback_auto,くいっと押し目版,3.1152647975077885,-3.5757211538461675,-0.9812940815700832,2.5085165685970967,1.8640256959314776,164101805.0,2.9348295209322397,-4.196816208393628,2,2023-05-31,663.0,0.151,True,2.262,12.971,122.172,1556.109,-3.771,2023-06-21,1413.0,max15_next_open,113.122,16.0
3788,2023-10-27,526,kuitto_pullback_auto,くいっと押し目版,1.983805668016192,-2.3189080192337563,-3.861986948832108,-0.126873364523028,1.338235294117647,99757400.0,3.1049736289910963,-8.333333333333337,3,2023-10-30,2500.0,-0.754,True,7.04,6.0,0.12,32.0,-31.76,2023-11-14,2600.0,strict_gakutto_next_open,4.0,11.0
3788,2026-02-05,1080,kuitto_pullback_auto,くいっと押し目版,3.2155797101449224,-3.0658091798079434,-3.635857073204707,2.954463317672573,1.6863905325443787,49186620.0,3.2282329342443425,-4.922820191906552,2,2026-02-06,2292.0,0.57,False,-7.504,-10.209,-10.995,4.756,-20.157,2026-02-09,2177.4,stop_loss,-5.0,2.0
3834,2025-12-10,1043,kuitto_pullback_auto,くいっと押し目版,1.6224188790560534,-2.2484865955606725,-1.6028237472514695,1.2937371361364303,1.2964824120603016,20470500.0,1.2751399543852375,-1.851851851851849,0,2025-12-11,690.0,0.145,True,-1.159,0.725,1.449,4.058,-15.072,2025-12-18,682.0,strict_gakutto_next_open,-1.159,6.0
3835,2025-06-02,913,kuitto_pullback_auto,くいっと押し目版,2.5590551181102317,-3.164315669081208,-3.0825298003188895,2.0368194281237706,1.7408829174664107,30716430.0,2.2621332602138744,-4.92700729927007,0,2025-06-03,525.0,0.768,False,2.857,-1.333,-3.048,2.857,-27.429,2025-06-12,523.0,strict_gakutto_next_open,-0.381,8.0
3836,2022-11-22,296,kuitto_pullback_auto,くいっと押し目版,1.5288394718554477,-2.267072159247996,-1.493943845450274,2.771525042205969,1.603813559322034,116226275.0,3.427202503177863,-2.7944111776447067,2,2022-11-24,1499.0,2.601,False,0.067,0.467,3.803,58.039,-29.887,2022-12-15,1540.0,max15_next_open,2.735,16.0
3836,2024-03-08,613,kuitto_pullback_auto,くいっと押し目版,3.0864197530864113,-4.85800778434482,-2.525744297896193,1.1048887543514407,2.2880434782608696,71424495.0,2.764114627887083,-4.571428571428571,0,2024-03-11,1306.0,-2.246,True,-3.522,-0.536,-1.225,81.394,-19.525,2024-03-27,1304.0,strict_gakutto_next_open,-0.153,12.0
3836,2025-10-07,1000,kuitto_pullback_auto,くいっと押し目版,1.7892644135188762,-3.60348807386508,-1.1666097375128137,2.0869334042270538,1.252892561983471,105321370.0,1.9019717261904763,-2.6615969581749055,0,2025-10-08,1539.0,0.195,True,-2.014,0.975,-1.494,23.977,-31.709,2025-10-15,1497.0,strict_gakutto_next_open,-2.729,5.0
3837,2022-02-22,113,kuitto_pullback_auto,くいっと押し目版,2.823086574654954,-2.4779402876828227,-0.7526908083457906,1.2228260869565188,4.54054054054054,62219095.0,4.480083674714548,-3.5314891112419033,2,2022-02-24,819.5,0.0,True,4.942,-6.223,-1.891,138.438,-21.293,2022-03-07,795.0,strict_gakutto_next_open,-2.99,8.0
3837,2022-08-12,228,kuitto_pullback_auto,くいっと押し目版,2.0531400966183666,-3.223545900490543,-0.14208650419035296,1.8931629084770307,2.8333333333333335,27965400.0,2.1344040574809804,-3.4285714285714253,0,2022-08-15,859.5,1.716,False,-3.49,-6.806,-11.402,127.341,-24.956,2022-08-22,828.5,strict_gakutto_next_open,-3.607,6.0
3837,2022-12-12,309,kuitto_pullback_auto,くいっと押し目版,2.8089887640449396,-4.343206269092836,-1.585439065655192,1.4834326909746398,1.5421686746987953,21678780.0,2.083333333333333,-4.811443433029905,0,2022-12-13,741.5,1.298,False,-3.439,-11.733,-11.396,163.52,-13.014,2022-12-20,719.5,strict_gakutto_next_open,-2.967,6.0
3837,2023-06-02,425,kuitto_pullback_auto,くいっと押し目版,2.5360230547550433,-4.227879331613771,-3.538275258980228,3.3821478382147774,1.3172690763052208,63504940.0,2.5977676061993096,-5.723370429252784,0,2023-06-05,905.5,1.799,False,-1.491,-1.933,-4.694,115.792,-22.639,2023-06-14,903.0,strict_gakutto_next_open,-0.276,8.0
3837,2026-04-06,1119,kuitto_pullback_auto,くいっと押し目版,2.1680216802167918,-2.6688232915487164,-4.789841468502298,3.2452416815007545,1.4097859327217126,151742570.0,3.273020083364911,-5.395232120451698,2,2026-04-07,1520.0,0.796,False,-3.092,1.776,-2.632,6.118,-14.605,2026-04-14,1497.0,strict_gakutto_next_open,-1.513,6.0
3837,2026-06-29,1175,kuitto_pullback_auto,くいっと押し目版,2.9389600602863553,-3.191017875609403,-3.2400070434935757,3.579011222323336,2.216326530612245,103576635.0,2.5256222547584186,-3.0518097941802713,0,2026-06-30,1396.0,2.196,False,5.158,6.662,7.736,10.817,-7.02,2026-07-17,1450.0,strict_gakutto_next_open,3.868,14.0
3843,2022-04-14,148,kuitto_pullback_auto,くいっと押し目版,2.5345622119815614,-3.8393645189761627,-0.9121437647485964,1.9006182734142563,2.2753164556962027,96548235.0,3.065810593900481,-5.419766206163656,2,2022-04-15,881.0,-1.011,True,-2.611,-0.341,3.405,117.594,-15.664,2022-04-22,850.0,strict_gakutto_next_open,-3.519,6.0
3843,2022-09-26,257,kuitto_pullback_auto,くいっと押し目版,1.7006802721088343,-2.2083426277046736,-1.5317776682939988,2.0013645667500635,1.5684410646387832,33846195.0,2.054467271858576,-0.7743362831858391,0,2022-09-27,893.0,-0.446,True,0.336,7.391,12.654,114.67,-0.672,2022-10-04,915.0,strict_gakutto_next_open,2.464,6.0
3843,2025-12-12,1045,kuitto_pullback_auto,くいっと押し目版,2.472348731294738,-2.368653143505106,-1.378012813993701,1.5081206496519783,1.834625322997416,53498700.0,2.0861678004535147,-2.295285359801491,0,2025-12-15,1600.0,1.587,False,2.062,3.812,7.313,13.75,-17.688,2026-01-08,1695.0,max15_next_open,5.937,16.0
3843,2026-03-27,1113,kuitto_pullback_auto,くいっと押し目版,1.6337644656228667,-3.9143570208853173,-4.685101844384909,1.869541484716164,1.2917888563049853,103249765.0,3.1623768060472686,-7.8395061728395055,3,2026-03-30,1446.0,-3.148,True,6.639,7.123,7.192,25.864,-8.921,2026-04-14,1532.0,strict_gakutto_next_open,5.947,12.0
3844,2022-05-19,169,kuitto_pullback_auto,くいっと押し目版,2.186588921282806,-2.6662864475654136,-2.1157277593678248,1.41782407407407,1.4510739856801909,209046485.0,3.61218667210108,-3.509979353062631,2,2022-05-20,2836.0,1.141,False,1.199,-2.75,0.67,6.312,-56.7,2022-05-30,2826.0,strict_gakutto_next_open,-0.353,7.0
3844,2025-10-20,1008,kuitto_pullback_auto,くいっと押し目版,1.6476552598225558,-2.9556650246305383,-3.2946544660599097,1.7250126839168045,1.8022388059701493,325225680.0,2.2399358745992166,-4.238805970149251,0,2025-10-21,1615.0,0.686,False,1.053,-0.557,-2.539,8.297,-23.963,2025-10-29,1574.0,strict_gakutto_next_open,-2.539,7.0
3844,2026-06-29,1175,kuitto_pullback_auto,くいっと押し目版,3.0278884462151323,-2.080706179066827,-3.5239300151201913,3.3903726211418572,2.7619461337966986,261115440.0,1.828527234559717,-3.6512667660208664,0,2026-06-30,1299.0,0.464,True,3.31,4.619,5.312,14.165,-4.773,2026-07-22,1366.0,max15_next_open,5.158,16.0
3853,2024-10-21,765,kuitto_pullback_auto,くいっと押し目版,1.5655577299412915,-2.580893682588603,-3.454821564160959,2.0448289421942434,1.619289340101523,28156045.0,2.3259014588494353,-8.141592920353979,1,2024-10-22,535.0,3.083,False,-5.981,-7.103,-7.29,414.579,-25.981,2024-10-23,508.25,stop_loss,-5.0,2.0
3853,2024-12-11,801,kuitto_pullback_auto,くいっと押し目版,1.855670103092777,-2.7294303797468333,-1.3431403901502992,0.08103727714747766,1.2815789473684212,54353730.0,3.8172353961827645,-7.835820895522383,3,2024-12-12,494.0,0.0,True,5.061,5.263,20.445,457.287,-19.838,2024-12-25,522.0,strict_gakutto_next_open,5.668,10.0
3854,2024-11-19,785,kuitto_pullback_auto,くいっと押し目版,2.12418300653594,-2.2566086395873652,-2.79729211904457,2.6609724047306216,1.2566844919786095,90429475.0,2.274285714285714,-2.34375,0,2024-11-20,3125.0,0.0,True,5.12,4.32,-7.552,6.24,-39.68,2024-12-04,3275.0,strict_gakutto_next_open,4.8,11.0
3854,2025-02-07,838,kuitto_pullback_auto,くいっと押し目版,1.871345029239757,-2.402886534623061,-1.1755947765129116,2.5188323917137323,1.2727272727272727,112448700.0,1.858837679733202,-0.9101251422070522,0,2025-02-10,2636.0,0.88,False,-6.639,-9.636,-12.936,17.223,-28.49,2025-02-12,2504.2,stop_loss,-5.0,2.0
3854,2025-11-21,1031,kuitto_pullback_auto,くいっと押し目版,3.042155584528472,-2.1567462002207716,-3.877839727053356,2.63180676997663,2.1777777777777776,163675535.0,2.108814846056516,-5.537848605577689,0,2025-11-25,2403.0,1.35,False,1.748,4.328,2.414,10.404,-13.442,2025-12-08,2450.0,strict_gakutto_next_open,1.956,10.0
3854,2026-05-08,1139,kuitto_pullback_auto,くいっと押し目版,1.7699115044247815,-2.333798997452552,-0.8127508618823165,1.3768785156577978,1.3957115009746588,153334915.0,2.008281573498965,-2.0283975659229236,0,2026-05-11,2420.0,0.207,True,-3.14,6.281,5.413,9.628,-14.05,2026-05-13,2369.0,strict_gakutto_next_open,-2.107,3.0
3861,2025-02-10,839,kuitto_pullback_auto,くいっと押し目版,2.0465423337184374,-3.5172987145872026,-0.4063036232026973,2.039805921378357,3.8167489253303613,2948390746.0,2.156835562949099,-1.7323585505403805,1,2025-02-12,624.9,1.067,False,-2.416,0.016,-0.096,58.537,-8.401,2025-02-18,608.0,strict_gakutto_next_open,-2.704,5.0
3863,2022-11-02,283,kuitto_pullback_auto,くいっと押し目版,1.6073478760045834,-3.5674470457079166,-4.052258635961026,2.123240249249947,1.6505190311418685,679672270.0,2.1146085552865213,-5.951115834218912,1,2022-11-04,879.0,-0.678,True,6.598,8.76,11.035,83.39,-6.712,2022-11-28,978.0,max15_next_open,11.263,16.0
3863,2024-07-11,698,kuitto_pullback_auto,くいっと押し目版,2.02127659574467,-2.2703384486020606,-2.065527065527073,2.566844919786093,1.653763440860215,652530680.0,1.3555787278415017,-1.134020618556697,0,2024-07-12,961.0,0.209,True,0.104,-1.249,-5.931,67.742,-14.672,2024-07-23,955.0,strict_gakutto_next_open,-0.624,7.0
3863,2026-06-25,1173,kuitto_pullback_auto,くいっと押し目版,2.975206611570247,-2.509778357235981,-3.1440487648379922,3.1798608810864604,1.3839592997156966,1488921545.0,2.8491171749598716,-1.0325655281969826,1,2026-06-26,1256.0,0.803,False,5.334,5.016,15.844,27.309,-1.433,2026-07-10,1314.0,strict_gakutto_next_open,4.618,11.0
3865,2023-02-10,350,kuitto_pullback_auto,くいっと押し目版,1.534526854219953,-4.01548137397193,-1.2462141899607704,-0.20110608345902392,1.299674267100977,134609245.0,2.3209787693414894,-5.588585017835912,0,2023-02-13,791.0,-0.378,True,-3.793,4.172,4.678,262.2,-6.574,2023-02-15,751.45,stop_loss,-5.0,3.0
3865,2024-07-09,696,kuitto_pullback_auto,くいっと押し目版,1.9943019943019946,-4.140710883107346,-4.905646735593949,2.071849458277897,1.2754237288135593,340490195.0,3.4517158818834797,-6.932409012131712,3,2024-07-10,1063.0,-1.024,True,4.516,0.847,9.313,105.08,-23.895,2024-07-25,1075.0,strict_gakutto_next_open,1.129,11.0
3865,2025-07-23,949,kuitto_pullback_auto,くいっと押し目版,2.5432349949135347,-3.9158386908240694,-3.0357774025055906,2.0656136087484844,1.8284883720930232,208751435.0,2.2037981859410434,-4.091341579448149,0,2025-07-24,1005.0,-0.298,True,-0.1,3.184,1.393,6.866,-19.502,2025-08-15,1018.0,max15_next_open,1.294,16.0
3877,2025-01-23,827,kuitto_pullback_auto,くいっと押し目版,1.9621109607577791,-2.1339417527848625,-0.6456144142197195,2.4333877107123314,3.2883435582822087,50707175.0,1.8058583752014408,-0.1986754966887383,0,2025-01-24,1513.0,0.398,True,-0.198,-1.124,-5.155,50.694,-20.687,2025-02-04,1488.0,strict_gakutto_next_open,-1.652,8.0
3880,2024-01-25,584,kuitto_pullback_auto,くいっと押し目版,1.80342651036971,-2.8029171426060873,-1.1683824315178337,1.7300414489097138,1.2756869772998805,302088660.0,1.5152473744147792,-1.996527777777779,0,2024-01-26,1125.0,-0.354,True,0.4,1.6,-4.889,10.578,-34.933,2024-02-14,1135.0,strict_gakutto_next_open,0.889,13.0
3880,2024-07-31,711,kuitto_pullback_auto,くいっと押し目版,1.9856213625470742,-2.757635929586577,-1.4343367991973555,1.9856213625470742,2.071923281832712,285915864.0,1.603286497546314,-1.2813432011487769,0,2024-08-01,895.5,0.201,True,-10.028,-5.103,-2.736,38.917,-18.258,2024-08-02,850.725,stop_loss,-5.0,2.0
3880,2025-12-18,1049,kuitto_pullback_auto,くいっと押し目版,2.219755826859049,-2.387152777777779,-0.4921562596124307,1.678074630161186,1.6387891226269882,270832665.0,1.9543973941368076,-3.661087866108792,0,2025-12-19,922.0,0.109,True,0.651,5.64,7.267,34.924,-3.145,2025-12-23,900.0,strict_gakutto_next_open,-2.386,3.0
3880,2026-05-07,1138,kuitto_pullback_auto,くいっと押し目版,1.7894736842105186,-2.6240846216436187,-3.81915192361697,0.8342022940563076,1.5482796892341841,314733480.0,1.8540404786526812,-7.904761904761903,1,2026-05-08,964.0,-0.31,True,2.386,-0.622,-2.075,7.158,-7.365,2026-05-12,960.0,strict_gakutto_next_open,-0.415,3.0
3901,2023-06-29,444,kuitto_pullback_auto,くいっと押し目版,2.0399999999999974,-3.1956352299298496,-0.34738341844493537,2.449799196787139,1.2795698924731183,154879975.0,2.545220361762894,-2.035330261136714,0,2023-06-30,2551.0,0.0,True,-5.057,-2.47,5.449,35.829,-52.489,2023-07-06,2427.0,strict_gakutto_next_open,-4.861,5.0
3901,2023-07-13,454,kuitto_pullback_auto,くいっと押し目版,1.5510204081632617,-4.068117313150433,-2.6250019898438337,1.6838319437632698,2.338235294117647,119473950.0,2.2881258612769866,-4.454685099846389,0,2023-07-14,2500.0,0.482,True,7.6,9.08,11.64,38.6,-51.52,2023-08-01,2635.0,strict_gakutto_next_open,5.4,12.0
3901,2024-06-14,679,kuitto_pullback_auto,くいっと押し目版,2.4558976132825983,-3.3704166940951796,-4.305316877571219,0.7414461601251698,1.9411764705882353,59293300.0,2.7225812674833603,-8.438948995363216,1,2024-06-17,2964.0,0.068,True,-0.54,2.733,0.202,9.818,-59.109,2024-06-24,2960.0,strict_gakutto_next_open,-0.135,6.0
3901,2026-07-01,1177,kuitto_pullback_auto,くいっと押し目版,2.7575020275750095,-2.718078381795186,-2.990001886436522,2.657591962404804,1.3294964028776979,113298845.0,2.1986695230578417,-4.087812263436785,0,2026-07-02,1270.0,0.237,True,8.189,8.583,5.591,29.37,-0.63,2026-07-17,1352.0,strict_gakutto_next_open,6.457,12.0
3903,2023-08-07,470,kuitto_pullback_auto,くいっと押し目版,2.262443438914019,-4.3692129629629655,-3.298438505175749,2.5098276383429097,1.989423666462293,1090761315.0,3.47661188369153,-5.702364394993042,3,2023-08-08,686.0,1.18,False,-1.603,-5.539,-11.224,26.093,-72.157,2023-08-17,647.0,stop_gap_open,-5.685,7.0
3921,2021-11-12,46,kuitto_pullback_auto,くいっと押し目版,2.8527370855821133,-2.034971359662341,-2.0531908506933982,2.206558381857193,2.2819148936170213,77297710.0,2.5380167059327476,-3.6823104693140762,0,2021-11-15,1338.0,0.3,True,3.513,1.644,-6.054,62.481,-39.836,2021-11-25,1342.0,strict_gakutto_next_open,0.299,8.0
3921,2025-10-09,1002,kuitto_pullback_auto,くいっと押し目版,1.7048481619605704,-3.5204762393513223,-3.6305446836268795,0.9518773135906988,1.314868804664723,111958300.0,2.4320886028586397,-8.528988979396267,1,2025-10-10,1899.0,-0.524,True,-5.213,-3.054,-3.897,2.001,-24.329,2025-10-15,1836.0,strict_gakutto_next_open,-3.318,3.0
3921,2026-04-08,1121,kuitto_pullback_auto,くいっと押し目版,2.337334175615924,-2.034991934483188,-4.110252621890675,2.2985602424854923,1.6167664670658684,66284645.0,2.257495590828924,-4.705882352941182,0,2026-04-09,1625.0,0.309,True,-0.862,-3.631,-5.292,5.354,-11.569,2026-04-13,1562.0,strict_gakutto_next_open,-3.877,3.0
3922,2023-06-30,445,kuitto_pullback_auto,くいっと押し目版,2.7338129496402797,-3.9950576606260335,-1.1138124045909414,2.0583190394511064,1.3085585585585586,67375680.0,2.465986394557823,-3.186440677966107,0,2023-07-03,1449.0,1.471,False,-2.692,8.075,9.317,130.504,-3.727,2023-07-13,1420.0,strict_gakutto_next_open,-2.001,9.0
3922,2024-07-11,698,kuitto_pullback_auto,くいっと押し目版,2.8021978021977922,-2.5425531914893607,-0.45880494297401153,1.6958365039678291,2.4729064039408866,37118860.0,2.542567000076353,-2.4504692387904092,0,2024-07-12,1959.0,4.703,False,-1.787,-8.014,-17.509,70.495,-27.667,2024-07-22,1861.05,stop_loss,-5.0,6.0
3922,2025-11-12,1024,kuitto_pullback_auto,くいっと押し目版,3.0584192439862434,-2.3232391056200785,-0.5224560878379303,2.543937632496762,2.277566539923954,188375910.0,2.9033487352927168,-2.3127035830618925,0,2025-11-13,2999.0,0.0,True,-7.169,-5.302,-9.203,0.534,-34.278,2025-11-17,2849.05,stop_loss,-5.0,3.0
3923,2024-12-13,803,kuitto_pullback_auto,くいっと押し目版,2.442748091603053,-4.556023135604614,-2.8039101403128597,1.2677331723513374,1.3266122579612738,1768866833.0,3.181463345397771,-6.0925545810785575,4,2024-12-16,982.0,-2.434,True,-4.022,-4.735,-9.47,42.057,-26.487,2024-12-19,925.0,stop_gap_open,-5.804,4.0
3925,2022-12-26,319,kuitto_pullback_auto,くいっと押し目版,2.679006332196776,-2.9464538672206997,-3.9465831095195414,2.3300970873786353,1.445793581960104,222333415.0,2.7141501761995124,-6.766917293233088,1,2022-12-27,2113.0,0.237,True,5.159,6.436,3.975,28.632,-46.048,2023-01-20,2190.0,max15_next_open,3.644,16.0
3925,2023-04-12,391,kuitto_pullback_auto,くいっと押し目版,2.2499999999999964,-3.435630187222549,-1.4901960784313717,1.7615445859872736,1.4349881796690307,112882940.0,2.03981837233671,-3.674046161092792,0,2023-04-13,2028.0,-0.831,True,-0.099,-0.838,1.134,34.024,-43.787,2023-05-09,2068.0,max15_next_open,1.972,16.0
3932,2022-05-02,159,kuitto_pullback_auto,くいっと押し目版,2.1666666666666723,-2.481469545601034,-1.2754636271159914,1.2219286657859874,1.6335403726708075,159465175.0,2.7359589839198324,-4.517133956386288,0,2022-05-06,3065.0,0.0,True,-6.852,-8.777,-7.928,31.321,-40.424,2022-05-10,2911.75,stop_loss,-5.0,3.0
3939,2022-01-24,93,kuitto_pullback_auto,くいっと押し目版,2.941176470588225,-2.527716186252771,-4.500691085003461,2.8946178199909633,1.3115438108484005,47678805.0,3.1397174254317117,-7.14285714285714,3,2022-01-25,463.0,1.758,False,-2.592,-2.16,-7.775,48.596,-24.622,2022-01-25,439.85,stop_loss,-5.0,1.0
3939,2024-10-07,756,kuitto_pullback_auto,くいっと押し目版,2.264150943396226,-3.1181217901687486,-1.4875418371141702,2.3027557568894075,2.714867617107943,67165640.0,2.859778597785978,-3.0411449016100156,0,2024-10-08,540.0,-0.369,True,3.704,3.889,-0.37,8.704,-35.37,2024-10-24,541.0,strict_gakutto_next_open,0.185,12.0
3939,2026-03-25,1111,kuitto_pullback_auto,くいっと押し目版,1.7964071856287456,-2.9695333590435857,-4.12002132358541,1.2708498808578161,1.70595690747782,68673935.0,3.3333333333333335,-8.108108108108103,3,2026-03-26,510.0,0.0,True,2.549,4.902,7.843,14.314,-7.451,2026-04-16,560.0,max15_next_open,9.804,16.0
3939,2026-07-29,1196,kuitto_pullback_auto,くいっと押し目版,3.292181069958855,-3.2219089810712864,-0.9892895102608157,3.633360858794399,1.9848139711465451,67839555.0,1.8355150825270345,-1.3752455795677854,0,2026-07-30,496.0,-1.195,True,1.815,5.645,7.661,10.081,-4.435,2026-08-21,533.0,max15_next_open,7.46,16.0
3941,2023-06-02,425,kuitto_pullback_auto,くいっと押し目版,2.2946859903381744,-2.068155111633374,-2.997540717368097,1.2915570437694202,1.932915057915058,903422925.0,2.3022432113341202,-6.512141280353201,2,2023-06-05,855.1,0.956,False,0.468,-0.094,1.474,94.714,-21.249,2023-06-19,862.3,strict_gakutto_next_open,0.842,11.0
3946,2024-06-14,679,kuitto_pullback_auto,くいっと押し目版,3.0589123867069468,-2.646887725421765,-1.96978975301082,1.4724473860340481,2.1310344827586207,71136005.0,1.9865989635135843,-4.513645906228136,0,2024-06-17,2725.0,-0.147,True,2.239,5.248,2.239,76.881,-25.651,2024-07-03,2850.0,strict_gakutto_next_open,4.587,13.0
3950,2022-01-24,93,kuitto_pullback_auto,くいっと押し目版,3.4510525710341744,-2.4131709517365763,-2.91828011737435,3.4320152738481324,2.2672413793103448,136399110.0,2.3629489603024556,-4.532908704883232,0,2022-01-25,897.3,-0.222,True,-0.736,1.081,1.939,72.295,-21.732,2022-02-16,916.7,max15_next_open,2.162,16.0
3950,2022-04-20,152,kuitto_pullback_auto,くいっと押し目版,1.9883186280601484,-2.331154684095871,-4.9063739116937395,1.4863728545283728,1.7685185185185186,57904333.5,2.1192710055875663,-7.129116215910381,1,2022-04-21,826.3,0.682,False,-6.571,-2.977,-7.745,87.099,-15.007,2022-04-27,784.985,stop_loss,-5.0,5.0
3950,2022-05-10,162,kuitto_pullback_auto,くいっと押し目版,2.6504481434058924,-3.9472724177347485,-2.7171999687059856,0.7388605463547027,1.4026548672566372,75577381.5,2.904542133680215,-4.251761614713956,0,2022-05-11,791.7,-1.247,True,-3.714,-7.667,-2.198,95.276,-11.292,2022-05-13,731.7,stop_gap_open,-7.579,3.0
3950,2022-09-08,247,kuitto_pullback_auto,くいっと押し目版,2.4900133155792314,-3.831170506436876,-3.1898017289934577,2.708833733653604,2.3891402714932126,54509209.5,1.5145047235472058,-4.18274617204032,0,2022-09-09,762.0,-1.0,True,-0.171,-2.454,-3.504,102.887,-4.895,2022-09-16,755.7,strict_gakutto_next_open,-0.827,6.0
3950,2022-10-04,263,kuitto_pullback_auto,くいっと押し目版,1.776412448243625,-2.2422348832935146,-1.1405940594059416,1.7546670939828424,1.5486111111111112,55028698.5,2.155043119610052,-2.018773305902022,0,2022-10-05,772.0,1.312,False,-1.775,0.557,3.07,100.259,-2.591,2022-10-13,757.7,strict_gakutto_next_open,-1.852,6.0
3950,2025-06-23,928,kuitto_pullback_auto,くいっと押し目版,1.9016829894456633,-2.419443730021653,-0.23792636291651847,0.7862019673857912,1.9815078236130867,145049836.5,1.3010037457177532,-3.5980930107043285,0,2025-06-24,1063.3,-0.784,True,3.452,5.05,6.837,45.396,0.0,2025-07-11,1110.0,strict_gakutto_next_open,4.392,14.0
3950,2026-02-24,1091,kuitto_pullback_auto,くいっと押し目版,1.933488012374318,-3.2932799287939574,-0.08253851797505041,0.810769466115957,1.3735050597976082,169911250.0,2.0539778885757642,-3.795620437956204,0,2026-02-25,1320.0,0.152,True,-0.379,1.894,1.439,17.121,-8.636,2026-02-27,1318.0,strict_gakutto_next_open,-0.152,3.0
3962,2025-10-06,999,kuitto_pullback_auto,くいっと押し目版,2.1682567215958404,-4.252423881612522,-0.6504406210658731,3.660682858148534,2.2057350933090576,710594755.0,2.3465922871695364,-1.6694490818030094,0,2025-10-07,1168.0,-0.849,True,-7.192,-0.942,-2.397,2.226,-23.973,2025-10-14,1115.0,strict_gakutto_next_open,-4.538,5.0
3962,2026-07-29,1196,kuitto_pullback_auto,くいっと押し目版,1.5873015873015817,-3.772802653399665,-0.10287624844612653,2.9821926625187567,1.5587084148727985,268509315.0,2.3288690476190474,-1.4373716632443578,0,2026-07-30,962.0,0.208,True,-1.143,3.222,5.301,8.42,-3.846,2026-08-20,981.0,strict_gakutto_next_open,1.975,15.0
3964,2025-11-12,1024,kuitto_pullback_auto,くいっと押し目版,1.5979381443298912,-4.564190208102959,-2.177468820282158,2.988818058313303,1.7773167358229598,236157405.0,3.6710879176632605,-5.7388809182209455,2,2025-11-13,975.0,-1.065,True,-5.949,1.179,-0.564,65.744,-6.308,2025-11-18,926.25,stop_loss,-5.0,4.0
3968,2021-12-07,62,kuitto_pullback_auto,くいっと押し目版,3.297576479936426,-3.8026325917943526,-1.9049687417588612,2.7911757729105924,1.3688888888888888,45997696.5,3.332417582417582,-3.596588802373002,2,2021-12-08,262.0,0.769,False,-3.702,-1.908,-3.817,208.779,-35.878,2021-12-15,252.3,strict_gakutto_next_open,-3.702,6.0
3968,2023-07-19,457,kuitto_pullback_auto,くいっと押し目版,2.2081148219707414,-2.5245365321701185,-1.0106230892735324,2.8439704493695483,1.3217391304347825,71009884.5,3.2001080205239,-2.552631578947362,2,2023-07-20,368.0,-0.621,True,-0.543,1.712,-6.603,119.837,-21.658,2023-07-27,368.7,strict_gakutto_next_open,0.19,6.0
3968,2025-11-10,1022,kuitto_pullback_auto,くいっと押し目版,1.7214397496087663,-3.571428571428581,-1.8963807635101637,2.653190145293749,2.3444444444444446,85586310.0,2.813186813186813,-3.129657228017879,0,2025-11-11,660.0,1.538,False,9.394,12.727,18.636,22.576,-26.818,2025-11-28,784.0,strict_gakutto_next_open,18.788,13.0
3968,2026-09-14,1228,kuitto_pullback_auto,くいっと押し目版,3.392568659127626,-3.9962825278810565,-1.7602735389096402,3.1260070899129744,1.659037095501184,177353845.0,3.0133928571428568,-6.02055800293686,3,2026-09-15,640.0,0.0,True,4.688,,,5.0,-1.406,,,,,
3983,2024-02-29,607,kuitto_pullback_auto,くいっと押し目版,2.341137123745818,-2.948172709579755,-4.087605689562535,1.4962777327338417,1.5025553662691653,141071690.0,4.09793547048449,-6.198910081743869,3,2024-03-01,2753.0,-0.036,True,-0.109,7.555,0.254,22.23,-35.162,2024-03-06,2716.0,strict_gakutto_next_open,-1.344,4.0
3984,2022-06-24,195,kuitto_pullback_auto,くいっと押し目版,1.820464532328936,-3.106796116504862,-4.666063262195119,1.311680199875087,1.5149700598802396,46989840.0,3.4481240091597676,-9.637883008356551,3,2022-06-27,1621.0,-0.062,True,-3.455,-1.974,-2.714,108.205,-27.884,2022-06-29,1580.0,strict_gakutto_next_open,-2.529,3.0
3984,2024-10-15,761,kuitto_pullback_auto,くいっと押し目版,2.6460859977949225,-2.113053738067139,-2.947305745757667,1.9938650306748462,2.0036630036630036,132256450.0,2.9001074113856067,-5.145185939887931,0,2024-10-16,1822.0,-2.148,True,-3.732,1.592,1.866,20.692,-27.936,2024-10-23,1730.9,stop_loss,-5.0,6.0
3992,2023-03-02,363,kuitto_pullback_auto,くいっと押し目版,2.1226415094339535,-2.85162358568668,-0.20768431983385627,2.4028001135181,3.015625,95074964.0,3.51039260969977,-3.9059032401242866,2,2023-03-03,216.5,0.0,True,13.072,20.323,26.928,188.684,-0.323,2023-03-27,275.3,max15_next_open,27.159,16.0
3992,2023-07-18,456,kuitto_pullback_auto,くいっと押し目版,2.319587628865971,-5.203452527743535,-4.039149443561207,2.769867978255247,1.2728155339805824,228916110.0,3.3645196113709965,-8.944954128440363,3,2023-07-19,410.0,3.275,False,-8.415,-2.561,-7.317,52.439,-38.537,2023-07-21,389.5,stop_loss,-5.0,3.0
3992,2023-11-02,530,kuitto_pullback_auto,くいっと押し目版,2.828618968386021,-3.1432274789371495,-3.4360950545921587,2.760226139008992,2.1413502109704643,55252565.0,3.0397595931576515,-4.037267080745344,2,2023-11-06,315.0,1.942,False,10.317,11.27,9.206,98.413,-20.0,2023-11-28,345.5,max15_next_open,9.683,16.0
3993,2023-11-06,531,kuitto_pullback_auto,くいっと押し目版,1.777434312210202,-2.255581216320246,-0.9379576828394409,3.570305127398554,1.5369009114966186,790363300.0,4.319882850634559,-1.237345331833517,2,2023-11-07,2603.0,-1.177,True,-2.536,15.252,13.369,163.158,-11.179,2023-11-14,2740.0,strict_gakutto_next_open,5.263,6.0
3994,2023-07-13,454,kuitto_pullback_auto,くいっと押し目版,2.645502645502651,-2.034171276521246,-4.453779231531363,3.341737987854687,1.4135041892557911,3119919815.0,2.6558664702994603,-9.976798143851507,2,2023-07-14,5860.0,0.687,False,-3.379,-0.171,-3.276,20.307,-53.063,2023-07-21,5498.0,stop_gap_open,-6.177,5.0
4004,2022-09-08,247,kuitto_pullback_auto,くいっと押し目版,1.927597555242122,-3.174457963589772,-3.424072154637847,2.05234419130107,1.5492882244326642,3252587515.0,2.286505007907222,-5.078809106830118,1,2022-09-09,2184.0,0.738,False,-3.068,-5.54,-5.632,838.416,-9.57,2022-09-16,2096.0,strict_gakutto_next_open,-4.029,6.0
4004,2023-10-12,515,kuitto_pullback_auto,くいっと押し目版,2.818872451019594,-2.244578941039721,-0.45043233460686505,3.886397608370684,1.901782711066263,4411182310.0,2.8888086442043277,0.0,1,2023-10-13,2537.5,-1.322,True,-0.69,-5.419,-1.695,707.685,-11.921,2023-10-24,2410.625,stop_loss,-5.0,8.0
4005,2024-05-14,656,kuitto_pullback_auto,くいっと押し目版,2.7446300715990413,-3.46626478089499,-2.960716683256548,2.695610687022887,1.4507405884546611,5268426457.5,3.480172556827611,-3.6912751677852462,3,2024-05-15,346.5,0.61,False,-5.83,-6.291,-6.291,84.358,-18.442,2024-05-16,329.175,stop_loss,-5.0,2.0
4005,2026-04-30,1136,kuitto_pullback_auto,くいっと押し目版,1.757188498402562,-3.646110561934446,-2.785981114852709,0.5247169290251374,1.5748706225544506,5468377135.0,2.4150594303655537,-8.3288361216046,2,2026-05-01,509.5,-0.02,True,2.728,19.666,16.467,25.378,-7.478,2026-05-22,592.1,strict_gakutto_next_open,16.212,13.0
4008,2026-09-15,1229,kuitto_pullback_auto,くいっと押し目版,1.6783216783216703,-4.167779855730702,-4.287006010318606,1.000277854959708,1.4094631483166515,260182690.0,2.0730988406366673,-7.211231652839823,1,2026-09-16,1459.0,0.344,True,6.58,,,6.58,0.0,,,,,
4021,2024-07-31,711,kuitto_pullback_auto,くいっと押し目版,2.2875131164742823,-4.151217152990494,-2.8070546679797137,2.0348350360073653,1.348210850327049,3330762185.0,2.3579928483498445,-4.375122621149696,1,2024-08-01,4740.0,-2.749,True,-5.316,-1.139,3.65,83.692,-18.861,2024-08-02,4503.0,stop_loss,-5.0,2.0
4021,2025-01-22,826,kuitto_pullback_auto,くいっと押し目版,1.9696969696969768,-3.367185548988605,-3.954848877410422,1.181271477663226,1.7639894667544438,2236246565.0,1.804287836977287,-4.943502824858759,1,2025-01-23,4665.0,-0.976,True,1.308,-2.422,-3.43,86.645,-17.556,2025-02-03,4630.0,strict_gakutto_next_open,-0.75,8.0
4021,2026-09-09,1225,kuitto_pullback_auto,くいっと押し目版,3.2649374112788676,-3.0688348208827487,-0.5614316507093098,0.8469022533649229,1.538679731820526,4858469120.0,2.8466097761273965,-3.8798798798798773,1,2026-09-10,7886.0,-1.45,True,3.221,,,6.15,-2.308,,,,,
4022,2022-02-28,116,kuitto_pullback_auto,くいっと押し目版,2.578616352201246,-3.328845918492207,-0.7551240560949135,3.071284125379159,1.3098591549295775,65380660.0,2.413068231584478,-1.9242333132892475,0,2022-03-01,328.6,0.736,False,-7.486,-8.947,-5.234,755.143,-16.312,2022-03-07,315.6,strict_gakutto_next_open,-3.956,5.0
4022,2023-12-14,558,kuitto_pullback_auto,くいっと押し目版,2.499999999999991,-4.1682600382409,-2.0338123744710668,2.0103503184713434,3.3595800524934383,90239325.0,1.8257839721254376,-4.25035030359645,0,2023-12-15,406.2,-0.927,True,4.234,3.447,5.121,591.777,-0.246,2023-12-27,415.6,strict_gakutto_next_open,2.314,9.0
4022,2024-06-27,688,kuitto_pullback_auto,くいっと押し目版,1.5808947191389144,-2.7981742409208143,-1.6504075905385496,2.5884910659691673,1.5055350553505535,126163285.0,2.514191106906339,-2.893890675241162,0,2024-06-28,602.0,-0.331,True,3.322,6.811,1.827,366.777,-31.827,2024-07-16,635.0,strict_gakutto_next_open,5.482,12.0
4022,2024-11-22,788,kuitto_pullback_auto,くいっと押し目版,1.5774027879676966,-5.390663738754697,-1.7915665282936533,2.6696329254727535,1.6971608832807572,134255190.0,3.1290305938193224,-2.773876404494391,2,2024-11-25,556.6,0.506,False,-3.917,-2.443,-2.084,404.851,-20.086,2024-11-28,534.0,strict_gakutto_next_open,-4.06,4.0
4023,2023-02-14,352,kuitto_pullback_auto,くいっと押し目版,1.9608563140307567,-2.055878084179985,-1.6636564347890737,2.738763005609224,2.3729216152019004,663153390.0,2.1860481866964414,-2.228873239436624,0,2023-02-15,2786.7,0.36,True,0.596,2.63,3.348,76.015,-14.774,2023-03-09,2910.0,max15_next_open,4.425,16.0
4025,2023-08-10,473,kuitto_pullback_auto,くいっと押し目版,2.0408163265306145,-4.160548213411652,-2.917654028436012,1.7035341978133722,1.6666666666666667,60352050.0,2.1785714285714284,-3.961584633853543,0,2023-08-14,4000.0,0.0,True,-5.875,-8.0,-4.75,59.5,-29.9,2023-08-17,3875.0,strict_gakutto_next_open,-3.125,4.0
4027,2022-11-07,285,kuitto_pullback_auto,くいっと押し目版,1.706749418153608,-2.265321955003885,-0.170110887096786,3.4237929946355328,1.6810933940774488,39348405.0,2.250190694126621,-0.9818731117824719,0,2022-11-08,1311.0,0.0,True,-1.449,-1.144,-1.831,91.991,-20.595,2022-11-15,1292.0,strict_gakutto_next_open,-1.449,6.0
4027,2026-09-15,1229,kuitto_pullback_auto,くいっと押し目版,2.2747156605424257,-4.0324563560363735,-1.2278193591792053,-0.46828437633035236,1.4012875536480687,132262770.0,3.9594280826102897,-6.8896853843090415,3,2026-09-16,2339.0,0.043,True,0.898,,,4.233,-0.47,2026-09-18,2374.0,strict_gakutto_next_open,1.496,3.0
4041,2026-06-12,1164,kuitto_pullback_auto,くいっと押し目版,1.7142857142857126,-2.7427931710047537,-2.35973319881172,2.1814006888633664,1.852035749751738,522183875.0,2.1268057784911716,-2.3319615912208547,0,2026-06-15,3600.0,1.124,False,-1.667,-0.556,2.083,13.75,-2.5,2026-06-22,3515.0,strict_gakutto_next_open,-2.361,6.0
4042,2025-11-26,1033,kuitto_pullback_auto,くいっと押し目版,1.565946184384659,-2.13512210092508,-0.16165276630516479,2.4198211823317495,1.4276484348891612,3507482617.5,1.5681712424383432,0.0,1,2025-11-27,2305.0,0.109,True,-0.239,1.497,0.499,33.883,-3.839,2025-12-04,2295.0,strict_gakutto_next_open,-0.434,6.0
4043,2022-05-30,176,kuitto_pullback_auto,くいっと押し目版,1.5476190476190421,-3.419002209559252,-2.5393922341024333,2.610369301094684,1.5943502824858757,843902660.0,2.294423044716128,-5.901820187534468,2,2022-05-31,1700.0,-0.352,True,2.118,3.176,1.941,239.294,-1.647,2022-06-20,1778.0,strict_gakutto_next_open,4.588,15.0
4044,2023-10-10,513,kuitto_pullback_auto,くいっと押し目版,1.6035482770385467,-4.590595198947711,-3.1834482023116006,2.512908777969014,1.4878482513337286,484920845.0,2.2114554350954623,-4.703999999999997,0,2023-10-11,2978.0,0.0,True,-1.679,-3.627,-4.567,60.846,-13.365,2023-10-24,2829.1,stop_loss,-5.0,10.0
4044,2024-07-31,711,kuitto_pullback_auto,くいっと押し目版,1.742627345844494,-2.4434624382635772,-0.8909273024408249,0.9308510638297962,1.6164817749603804,279281250.0,2.0327498588368154,-2.4421593830334154,0,2024-08-01,3745.0,-1.318,True,-11.215,-6.409,-6.542,27.904,-30.814,2024-08-02,3510.0,stop_gap_open,-6.275,2.0
4044,2026-04-30,1136,kuitto_pullback_auto,くいっと押し目版,1.8610421836228186,-4.8614372945044675,-2.2027281052682257,1.1582060128142002,1.4849023090586146,243601300.0,1.9227423003306074,-4.866743916570105,0,2026-05-01,4095.0,-0.244,True,2.564,-2.076,-4.762,16.972,-6.96,2026-05-14,3890.25,stop_loss,-5.0,7.0
4045,2022-06-24,195,kuitto_pullback_auto,くいっと押し目版,1.9723865877712132,-2.5409047160731446,-1.160300587937546,1.8317904274177677,1.5105708245243128,258946325.0,1.9756838905775076,-2.9107981220657275,0,2022-06-27,1040.0,0.58,False,-1.154,-0.288,-1.635,84.856,-3.173,2022-07-01,1023.0,strict_gakutto_next_open,-1.635,5.0
4046,2024-05-29,667,kuitto_pullback_auto,くいっと押し目版,1.6587677725118377,-3.9628623188405765,-4.643226009250534,1.0124793972215773,2.254428341384863,794202600.0,3.8794538794538793,-9.684210526315784,3,2024-05-30,1686.0,-1.748,True,11.388,15.777,29.3,50.297,-21.234,2024-06-20,2196.0,max15_next_open,30.249,16.0
4046,2025-05-07,895,kuitto_pullback_auto,くいっと押し目版,1.75675675675675,-4.267113574835635,-1.7638218777188963,1.046698872785834,1.4417156693185749,586184270.0,2.940618478467084,-4.502219403931518,2,2025-05-08,1492.0,-0.93,True,-4.625,-1.273,1.676,69.839,-6.367,2025-05-13,1484.0,strict_gakutto_next_open,-0.536,4.0
4046,2025-05-19,903,kuitto_pullback_auto,くいっと押し目版,3.082191780821919,-2.6410564225690325,-2.263538674327059,2.3948836576404897,1.261324954176486,682452870.0,3.2700522069292832,-4.565630944831955,2,2025-05-20,1528.0,1.528,False,-0.851,5.105,10.34,65.838,-5.432,2025-05-22,1451.6,stop_loss,-5.0,3.0
4047,2025-11-18,1028,kuitto_pullback_auto,くいっと押し目版,1.6048144433299827,-2.699002542538631,-1.6025890977150348,0.35664751337427525,1.7741935483870968,255728440.0,3.8640530249612186,-6.97887970615243,3,2025-11-19,1012.0,-0.099,True,-0.791,-2.174,0.099,335.277,-2.668,2025-11-21,997.0,strict_gakutto_next_open,-1.482,3.0
4051,2025-02-10,839,kuitto_pullback_auto,くいっと押し目版,2.945736434108537,-3.255954175459752,-1.723193082871577,2.850061957868655,1.736040609137056,198741300.0,2.86144578313253,-1.3372956909361022,0,2025-02-12,6710.0,1.054,False,-9.389,-13.562,-22.504,7.899,-36.289,2025-02-17,6374.5,stop_loss,-5.0,4.0
4051,2025-10-06,999,kuitto_pullback_auto,くいっと押し目版,2.2580645161290214,-2.4123512383403045,-1.5327150953116875,3.662524525833888,2.205574912891986,218548600.0,2.760252365930599,-1.0920436817472678,0,2025-10-07,6310.0,-0.473,True,-8.082,-1.902,-5.705,12.678,-24.564,2025-10-07,5994.5,stop_loss,-5.0,1.0
4053,2025-06-11,920,kuitto_pullback_auto,くいっと押し目版,2.39043824701195,-3.0454895913646807,-4.379451432035141,1.8225039619651273,2.126819126819127,55448240.0,2.140077821011673,-3.2015065913371,0,2025-06-12,514.0,0.0,True,0.584,-2.724,-4.669,8.366,-26.265,2025-06-20,514.0,strict_gakutto_next_open,0.0,7.0
4053,2025-07-17,946,kuitto_pullback_auto,くいっと押し目版,2.947368421052632,-2.067824648469807,-3.259811871553675,2.47275775356246,1.665966386554622,73647685.0,2.1618463336254745,-4.305283757338552,0,2025-07-18,489.0,0.0,True,11.247,11.247,12.474,13.906,-22.495,2025-07-31,526.0,strict_gakutto_next_open,7.566,9.0
4053,2026-02-03,1078,kuitto_pullback_auto,くいっと押し目版,2.0044543429844186,-2.347826086956528,-2.356610639403911,1.5971606033717833,1.3560666137985726,55659855.0,2.448533998752339,-3.983228511530401,0,2026-02-04,457.0,-0.218,True,0.438,-8.096,-10.066,11.597,-17.068,2026-02-13,434.15,stop_loss,-5.0,7.0
4061,2025-06-26,931,kuitto_pullback_auto,くいっと押し目版,1.7277486910994844,-2.3618791668820083,-3.4762374124843842,2.273923570902192,1.5353003161222338,1003907302.5,1.6340710241893979,-5.519085825431558,1,2025-06-27,1949.0,0.309,True,4.541,5.413,5.593,140.739,-0.308,2025-07-17,2049.5,strict_gakutto_next_open,5.156,15.0
4063,2022-12-14,311,kuitto_pullback_auto,くいっと押し目版,1.7744705208929679,-2.4194008559201174,-0.35354877471085455,3.0784393298162183,1.8067468619246863,20135028150.0,1.480395307729391,-0.39215686274509665,1,2022-12-15,3510.0,-1.294,True,-4.217,-5.783,-8.177,125.926,-10.028,2022-12-21,3386.0,strict_gakutto_next_open,-3.533,5.0
4063,2024-04-09,634,kuitto_pullback_auto,くいっと押し目版,2.6345024599270017,-5.486464512632128,-3.6151585649565443,2.6931749610950684,1.7507888791381145,44040670960.0,2.6077448143321034,-5.920861216176898,2,2024-04-10,6495.0,0.433,True,-2.694,-4.419,-6.482,22.094,-47.267,2024-04-17,6358.0,strict_gakutto_next_open,-2.109,6.0
4063,2026-07-01,1177,kuitto_pullback_auto,くいっと押し目版,2.5137692416325352,-5.121052916644098,-3.2297091447017534,3.1283741546854538,1.7076319264894626,50755338835.0,3.5620805699328915,-4.999345635388042,3,2026-07-02,7180.0,-1.088,True,-3.621,7.103,-2.925,7.103,-21.616,2026-07-03,6821.0,stop_loss,-5.0,2.0
4064,2021-12-06,61,kuitto_pullback_auto,くいっと押し目版,1.7147310989867437,-3.38311490399269,-4.315422526746005,2.4654522613065444,1.5791044776119403,42006910.0,1.8117131910235358,-5.708092485549132,0,2021-12-07,1312.0,0.536,False,-1.448,-3.43,-2.363,199.543,-7.927,2021-12-14,1293.0,strict_gakutto_next_open,-1.448,6.0
4071,2022-10-03,262,kuitto_pullback_auto,くいっと押し目版,1.9754170324846276,-2.948784273150551,-1.2313289257354643,2.84221710642818,1.306,272818305.0,4.655310251522046,-2.599580712788263,2,2022-10-04,2388.0,2.798,False,-1.047,-3.643,0.251,52.848,-51.298,2022-10-14,2268.6,stop_loss,-5.0,8.0
4072,2022-01-17,88,kuitto_pullback_auto,くいっと押し目版,2.0075757575757525,-2.487819282444992,-0.1760536888514519,1.4847753994573498,1.6054421768707483,103550855.0,3.5223595565222006,-2.1438953488372103,2,2022-01-18,2689.0,-0.149,True,1.859,-3.719,-2.269,89.29,-23.02,2022-01-20,2563.0,strict_gakutto_next_open,-4.686,3.0
4072,2025-01-28,830,kuitto_pullback_auto,くいっと押し目版,1.8087855297157729,-2.6793937871556595,-2.586322269807284,1.494075218959301,3.4642857142857144,45228810.0,1.8189509306260576,-6.11596505162828,1,2025-01-29,2356.0,-0.338,True,-4.032,6.112,4.032,116.044,-8.319,2025-02-03,2271.0,strict_gakutto_next_open,-3.608,4.0
4078,2022-05-06,160,kuitto_pullback_auto,くいっと押し目版,1.5258855585831066,-2.218393280206765,-2.4304219571630092,2.037463029904707,1.4285714285714286,71166340.0,1.7176596886741815,-3.321224701608716,0,2022-05-09,1853.0,-0.537,True,0.324,1.835,1.133,255.1,-7.825,2022-05-13,1810.0,strict_gakutto_next_open,-2.321,5.0
4078,2024-10-30,772,kuitto_pullback_auto,くいっと押し目版,2.965779467680618,-2.3390059224829507,-0.3553584716548541,3.1776270669816364,5.183066361556064,174146400.0,2.1655412534289935,-0.40456050018389256,0,2024-10-31,2705.0,-0.111,True,5.36,-3.993,-5.25,143.253,-19.852,2024-11-12,2650.0,strict_gakutto_next_open,-2.033,8.0
4078,2026-04-30,1136,kuitto_pullback_auto,くいっと押し目版,3.4867503486750273,-3.1810766721043993,-0.5266075388026592,3.3714126497631725,2.37403400309119,313615425.0,2.7820562187139006,-0.8021390374331583,0,2026-05-01,3715.0,0.135,True,8.614,-9.421,13.863,77.12,-12.651,2026-05-14,3630.0,strict_gakutto_next_open,-2.288,7.0
4082,2022-10-18,272,kuitto_pullback_auto,くいっと押し目版,1.5079365079365026,-3.6817472698908005,-3.934862697749286,3.0454398968739804,2.182711198428291,174188735.0,2.842622584608511,-6.91411935953421,1,2022-10-19,1291.0,0.938,False,1.239,-3.331,-0.31,240.821,-55.848,2022-11-01,1263.0,strict_gakutto_next_open,-2.169,10.0
4082,2023-08-10,473,kuitto_pullback_auto,くいっと押し目版,2.152852529601712,-3.354037267080745,-2.531434757265394,1.3455788124733026,1.3765642775881684,97673150.0,1.783832605750414,-3.2619775739041845,0,2023-08-14,955.0,0.632,False,-3.351,-1.152,0.733,360.733,-40.314,2023-08-21,920.0,strict_gakutto_next_open,-3.665,6.0
4088,2023-10-10,513,kuitto_pullback_auto,くいっと押し目版,2.170963364993206,-4.379944464818997,-2.2834116856951026,2.6836851579119747,1.281019290307216,1190054795.0,1.6486435211534811,-2.4611398963730546,1,2023-10-11,1900.0,0.93,False,-2.842,-2.921,-0.184,69.211,-13.105,2023-10-18,1857.0,strict_gakutto_next_open,-2.263,6.0
4088,2025-01-20,824,kuitto_pullback_auto,くいっと押し目版,2.0490698301429022,-3.405930202046714,-1.5645371577574951,2.730431006405376,1.3819385503310133,896319055.0,1.5474617852424986,-1.3037809647979182,1,2025-01-21,1903.0,0.555,False,1.629,-0.158,0.578,68.944,-13.242,2025-02-04,1920.0,strict_gakutto_next_open,0.893,11.0
4095,2026-07-21,1190,kuitto_pullback_auto,くいっと押し目版,1.645338208409508,-2.6882993841781055,-2.9545294159158852,1.0786571324687966,1.3867235079171742,397060295.0,1.8371017471736897,-3.472222222222221,0,2026-07-22,1664.0,-0.24,True,-0.18,0.0,3.786,8.233,-1.983,2026-07-29,1662.0,strict_gakutto_next_open,-0.12,6.0
4097,2022-10-04,263,kuitto_pullback_auto,くいっと押し目版,1.9138755980861344,-3.7788018433179804,-4.103315625572446,1.7191977077363862,1.7132616487455197,23858220.0,1.9002906326849989,-6.167400881057272,1,2022-10-05,647.0,1.252,False,-3.4,-2.782,-2.937,94.281,-5.564,2022-10-13,618.0,strict_gakutto_next_open,-4.482,6.0
4097,2024-03-06,611,kuitto_pullback_auto,くいっと押し目版,2.0905923344947785,-2.0496470052379867,-0.9193288899103647,1.9485038274182243,2.7337278106508878,32547460.0,1.942142044531123,-2.006688963210701,0,2024-03-07,885.0,0.683,False,1.808,3.616,1.243,42.034,-18.192,2024-03-15,893.0,strict_gakutto_next_open,0.904,7.0
4097,2025-07-14,943,kuitto_pullback_auto,くいっと押し目版,2.7079303675048294,-2.329611089718897,-2.2834886207423244,3.75146541617819,1.9005988023952096,68133490.0,2.044659671778316,-1.8484288354898348,0,2025-07-15,1061.0,-0.094,True,-3.299,1.602,2.828,18.473,-5.844,2025-07-23,1032.0,strict_gakutto_next_open,-2.733,6.0
4097,2026-05-26,1151,kuitto_pullback_auto,くいっと押し目版,3.289473684210531,-2.993688007213713,-1.5179157848646319,1.7969618377176921,1.5419708029197081,86551565.0,2.2163005329520344,-2.65721877767936,0,2026-05-27,1095.0,-0.364,True,-3.562,-1.644,0.365,14.795,-4.658,2026-06-03,1064.0,strict_gakutto_next_open,-2.831,6.0
4099,2022-12-14,311,kuitto_pullback_auto,くいっと押し目版,2.595419847328251,-2.1611886537595604,-1.239023216648627,2.3142509135201106,4.437908496732026,43564660.0,1.9238945578231292,-2.819956616052066,0,2022-12-15,665.5,-0.967,True,-3.531,-1.352,-2.63,466.491,-7.513,2022-12-21,653.0,strict_gakutto_next_open,-1.878,5.0
4099,2024-09-18,744,kuitto_pullback_auto,くいっと押し目版,1.5808261091279974,-4.363927534781309,-3.5137034434293724,3.6312558526688132,2.2639109697933226,121405500.0,2.836345381526104,-3.488372093023251,0,2024-09-19,1007.0,1.104,False,5.511,4.618,1.44,274.379,-24.578,2024-10-11,1024.5,max15_next_open,1.738,16.0
4109,2023-08-23,481,kuitto_pullback_auto,くいっと押し目版,2.068045363575721,-2.4093264248704727,-1.7406939323266202,1.438705827753095,1.312849162011173,143254510.0,2.182539682539683,-2.392344497607657,0,2023-08-24,3030.0,-0.98,True,2.64,6.766,8.086,167.327,-0.825,2023-09-14,3270.0,max15_next_open,7.921,16.0
4112,2023-02-20,356,kuitto_pullback_auto,くいっと押し目版,1.794453507340954,-5.417051400430905,-3.8353601496725953,1.1673151750972721,2.240506329113924,102374850.0,2.93040293040293,-7.41839762611276,3,2023-02-21,1552.5,-0.481,True,1.449,3.06,-5.282,93.559,-20.193,2023-03-07,1592.5,strict_gakutto_next_open,2.576,10.0
4112,2023-09-27,505,kuitto_pullback_auto,くいっと押し目版,2.511773940345363,-2.2242535039610045,-1.702880859375,1.3660353927351654,1.4325581395348836,59806675.0,1.9579960621308248,-3.9705882352941146,0,2023-09-28,1615.0,-1.072,True,-7.74,-2.167,-6.811,86.068,-23.282,2023-10-04,1520.0,stop_gap_open,-5.882,5.0
4112,2026-04-13,1124,kuitto_pullback_auto,くいっと押し目版,1.9650655021834051,-5.318975363028233,-0.8125787877755419,0.25762129669386624,1.717579250720461,177396020.0,3.7442643010094834,-6.7864271457085845,3,2026-04-14,2356.0,0.899,False,-0.934,-3.862,4.287,12.351,-16.553,2026-04-16,2352.0,strict_gakutto_next_open,-0.17,3.0
4114,2022-05-19,169,kuitto_pullback_auto,くいっと押し目版,1.5841584158415856,-2.052451539338651,-0.7850985221674933,-0.5042668735453892,1.3884892086330936,479381900.0,2.7151211361737677,-3.57142857142857,0,2022-05-20,1272.5,-0.78,True,-1.179,5.305,10.413,114.813,-1.862,2022-06-10,1390.0,max15_next_open,9.234,16.0
4114,2026-04-30,1136,kuitto_pullback_auto,くいっと押し目版,1.6969125618666148,-3.2641757842647445,-4.184952837385469,1.0443986511802228,1.267380649845707,1320744487.5,1.4831981460023176,-6.175255490323983,2,2026-05-01,2136.5,-0.973,True,2.387,-3.674,-5.968,27.943,-7.676,2026-05-14,2126.0,strict_gakutto_next_open,-0.491,7.0
4116,2023-10-27,526,kuitto_pullback_auto,くいっと押し目版,1.6402609506057653,-2.193303114490419,-3.111959673978304,1.7578562364708672,1.4652777777777777,49355712.0,1.837782609834691,-3.9964788732394396,0,2023-10-30,543.8,-0.275,True,3.347,-1.655,-1.011,160.39,-2.942,2023-11-09,541.5,strict_gakutto_next_open,-0.423,8.0
4116,2024-07-16,700,kuitto_pullback_auto,くいっと押し目版,2.465179341797108,-2.9231895350759096,-0.7840582856867284,1.0674512473860975,1.8818681318681318,161146360.0,2.116306645357529,-4.040170841509871,0,2024-07-17,832.5,0.144,True,-4.805,-5.706,-18.739,70.09,-26.126,2024-07-19,820.0,strict_gakutto_next_open,-1.502,3.0
4151,2023-07-14,455,kuitto_pullback_auto,くいっと押し目版,1.6871165644171793,-2.6087934330372153,-3.2001427572977192,1.851140640602189,3.0465477114041892,2642244112.5,1.6645119586296058,-4.311744542666429,1,2023-07-18,2648.5,-0.132,True,3.077,2.549,0.491,26.487,-23.542,2023-08-08,2664.0,max15_next_open,0.585,16.0
4183,2021-11-18,50,kuitto_pullback_auto,くいっと押し目版,1.5220700152207112,-3.1962118970109477,-4.05753040224509,1.614868982327855,1.4786609023389867,4016387075.0,2.9770828871278647,-5.255681818181824,3,2021-11-19,1652.5,-0.9,True,-4.992,-5.295,-3.782,49.924,-20.0,2021-11-26,1620.0,strict_gakutto_next_open,-1.967,5.0
4183,2023-10-27,526,kuitto_pullback_auto,くいっと押し目版,2.145922746781115,-2.9422738659986014,-3.4840568130447225,3.6980556614563564,1.4261429491307147,3211126080.0,2.183373349339736,-2.807554874936191,1,2023-10-30,1876.0,-1.471,True,5.011,7.036,9.009,32.063,-29.531,2023-11-21,2028.5,max15_next_open,8.129,16.0
4183,2026-08-05,1201,kuitto_pullback_auto,くいっと押し目版,1.614818332937551,-3.315929284602004,-1.4882202006064937,1.321272968365217,3.123192990995376,4486737452.5,3.1182185423830666,-3.1462200090538683,3,2026-08-06,2075.0,-3.015,True,7.783,1.831,2.916,12.843,-0.892,2026-08-28,2142.0,max15_next_open,3.229,16.0
4183,2026-09-16,1230,kuitto_pullback_auto,くいっと押し目版,1.853568118628357,-4.617734255682315,-1.7525127940797414,2.9604646805321266,1.3716848980876681,4577714980.0,3.456063954244118,-5.258620689655169,3,2026-09-17,2200.0,0.091,True,,,,2.023,-3.591,,,,,
4187,2024-12-03,795,kuitto_pullback_auto,くいっと押し目版,1.5567086730911894,-3.333092850443675,-4.429369513168391,2.1473307485833537,1.4323189926547744,356089535.0,2.593847758081335,-7.650825749915735,1,2024-12-04,2759.0,0.693,False,-0.326,0.0,2.392,124.357,-29.358,2024-12-12,2738.0,strict_gakutto_next_open,-0.761,7.0
4187,2025-11-26,1033,kuitto_pullback_auto,くいっと押し目版,2.5572005383580176,-3.4572394073303925,-0.819410450143665,2.1995708154506355,2.11558854718982,381095875.0,2.924634420697413,-2.3076923076923106,2,2025-11-27,3805.0,-0.131,True,2.234,3.548,2.76,62.681,-11.038,2025-12-17,3860.0,strict_gakutto_next_open,1.445,15.0
4188,2022-05-20,170,kuitto_pullback_auto,くいっと押し目版,1.6339869281045694,-5.0193908554207916,-1.7323211982482878,0.8404451246400768,1.3392395637128214,4250032359.0,3.3670188332567754,-5.425130762680941,3,2022-05-23,780.6,0.399,True,-2.46,1.845,0.807,67.179,-23.892,2022-05-26,764.2,strict_gakutto_next_open,-2.101,4.0
4188,2024-06-19,682,kuitto_pullback_auto,くいっと押し目版,2.4605214836577405,-2.753769326803024,-1.1232511529256084,2.9494969373446978,1.8080191129116028,4669802868.5,2.1368834272060084,-1.2389380530973493,1,2024-06-20,845.0,0.956,False,6.012,7.953,9.172,54.438,-29.692,2024-07-09,900.3,strict_gakutto_next_open,6.544,14.0
4188,2024-07-31,711,kuitto_pullback_auto,くいっと押し目版,1.961231470923619,-4.031048778336399,-2.7632777271818565,2.1359223300970953,1.374621184570999,3884317778.5,1.838834393072818,-3.26698398961488,1,2024-08-01,887.0,-0.805,True,-5.49,-6.088,-3.157,47.125,-33.021,2024-08-05,790.1,strict_gakutto_next_open,-10.924,3.0
4189,2022-02-28,116,kuitto_pullback_auto,くいっと押し目版,1.5075376884422065,-4.223982214811739,-3.9070090215128306,2.1159818011121434,1.2962382445141065,503414440.0,3.763386542735906,-7.882736156351788,3,2022-03-01,2850.0,0.778,False,-11.684,-10.175,-3.614,25.263,-37.93,2022-03-07,2661.0,stop_gap_open,-6.632,5.0
4189,2024-03-12,615,kuitto_pullback_auto,くいっと押し目版,1.8824609733700592,-2.066262914143213,-2.6412559224948673,0.7354276375521884,1.3541114058355437,309158765.0,1.7028262409064572,-5.413469735720378,0,2024-03-13,2219.0,0.0,True,0.361,3.605,5.858,60.883,-20.279,2024-03-18,2206.0,strict_gakutto_next_open,-0.586,4.0
4194,2022-06-14,187,kuitto_pullback_auto,くいっと押し目版,2.430555555555558,-2.5083612040133763,-1.8084393837910273,0.6139154160982319,2.2755344418052257,1527225700.0,4.63680387409201,-5.750798722044726,3,2022-06-15,6100.0,3.39,False,-6.557,4.59,7.213,104.262,-9.836,2022-06-15,5795.0,stop_loss,-5.0,1.0
4194,2024-09-26,749,kuitto_pullback_auto,くいっと押し目版,3.4523809523809623,-5.26079136690647,-3.5644641966350643,2.1631789325182282,1.7441713925645872,3433074800.0,4.002959066250205,-6.859592711682749,4,2024-09-27,8550.0,-1.611,True,-5.731,-6.199,-6.667,45.731,-26.55,2024-09-30,8080.0,stop_gap_open,-5.497,2.0
4202,2023-03-28,380,kuitto_pullback_auto,くいっと押し目版,2.0408163265306145,-2.974645637851858,-0.7954222637068353,2.2704029453876062,1.5411038658593386,1175287000.0,2.742857142857143,-6.015037593984962,2,2023-03-29,1015.0,1.5,False,-0.197,-2.562,0.887,63.35,-5.123,2023-04-06,975.0,strict_gakutto_next_open,-3.941,7.0
4202,2024-03-14,617,kuitto_pullback_auto,くいっと押し目版,2.575704838148285,-2.026431718061683,-0.07735768258484432,1.8524918780673305,1.419393714656531,1336289825.0,2.7315914489311166,-1.4051522248243575,1,2024-03-15,1470.0,-0.238,True,3.197,2.993,-3.333,12.789,-28.061,2024-04-05,1396.5,stop_loss,-5.0,15.0
4202,2024-04-24,645,kuitto_pullback_auto,くいっと押し目版,1.6783216783216703,-3.361344537815125,-2.2321428571428603,2.1426062521952893,1.3210232085380316,1171634525.0,2.0067793279622714,-3.9630118890356725,1,2024-04-25,1448.0,-0.413,True,0.829,8.84,11.671,14.503,-26.968,2024-05-21,1620.0,max15_next_open,11.878,16.0
4202,2024-11-21,787,kuitto_pullback_auto,くいっと押し目版,1.615933859451335,-3.218557448350856,-0.4553164895991335,1.0463378176382765,1.560591537724223,1762377142.5,3.1223584108199494,-4.855735397607319,3,2024-11-22,1359.5,0.555,False,-2.06,0.699,1.434,21.957,-22.214,2024-11-28,1323.0,strict_gakutto_next_open,-2.685,5.0
4203,2023-07-18,456,kuitto_pullback_auto,くいっと押し目版,1.7695983011856375,-4.531153819848166,-2.128194737504019,2.6377784123358117,1.6343692870201096,970142600.0,2.3163673398415185,-5.020644095788606,1,2023-07-19,2923.0,1.652,False,3.815,5.987,13.36,181.321,-5.919,2023-08-09,3320.0,max15_next_open,13.582,16.0
4203,2024-04-26,647,kuitto_pullback_auto,くいっと押し目版,2.476635514018688,-4.140593795766212,-3.2609764162324972,1.2933025404157084,1.2835491000947268,1490271355.0,3.1610318546023057,-3.7524687294272496,3,2024-04-30,4469.0,1.892,False,0.582,-1.566,-3.155,84.001,-38.465,2024-05-15,4415.0,strict_gakutto_next_open,-1.208,10.0
4203,2024-05-31,669,kuitto_pullback_auto,くいっと押し目版,1.8540248767894951,-2.794347068000369,-3.3352124970448704,2.0600131690339696,2.244071146245059,1549319305.0,2.4588545095457537,-6.080934862583853,2,2024-06-03,4325.0,-0.346,True,3.977,10.566,7.491,90.127,-36.416,2024-06-24,4631.0,max15_next_open,7.075,16.0
4203,2025-03-07,856,kuitto_pullback_auto,くいっと押し目版,2.1473307485833537,-2.960125370015676,-4.588302101078934,1.9223901916438413,1.9079409697821503,772970170.0,2.3461939520333686,-7.23185265438786,1,2025-03-10,3408.0,-0.496,True,2.201,3.903,-2.259,141.285,-19.308,2025-03-31,3390.0,strict_gakutto_next_open,-0.528,15.0
4205,2024-02-19,600,kuitto_pullback_auto,くいっと押し目版,1.5816528272044383,-2.79476658666874,-2.5466289617233073,1.83937207642908,2.0997042670046473,1047027120.0,2.44397486515042,-4.56909361069836,1,2024-02-20,1291.0,0.506,False,0.077,-2.943,-0.465,102.789,-17.893,2024-02-29,1280.5,strict_gakutto_next_open,-0.813,7.0
4205,2026-04-28,1135,kuitto_pullback_auto,くいっと押し目版,2.2023975466963996,-2.7883817427385993,-1.5910659808047733,3.694065735136043,1.3717422532320953,1452401565.0,1.9328189540955498,-1.9786096256684482,1,2026-04-30,1800.0,-1.8,True,8.611,20.389,19.083,45.444,-0.556,2026-05-21,2100.5,strict_gakutto_next_open,16.694,13.0
4206,2023-06-02,425,kuitto_pullback_auto,くいっと押し目版,2.6200873362445476,-2.009917355371904,-1.226149018153888,2.386218915476901,1.2540650406504066,418314120.0,1.5407996259060088,-0.8116883116883078,0,2023-06-05,3098.0,1.408,False,-0.291,-0.71,1.614,41.382,-2.905,2023-06-14,3099.0,strict_gakutto_next_open,0.032,8.0
4208,2022-05-20,170,kuitto_pullback_auto,くいっと押し目版,2.8104241185487933,-4.534861138085056,-1.0527584682766156,2.131979695431463,1.7919561243144424,1142906540.0,2.485089463220676,-2.848865282472235,1,2022-05-23,2019.0,0.348,True,-2.13,0.545,3.863,83.903,-11.417,2022-05-30,1982.0,strict_gakutto_next_open,-1.833,6.0
4212,2026-05-07,1138,kuitto_pullback_auto,くいっと押し目版,2.060889929742382,-3.489969771915369,-2.882044896912883,2.7055052790347034,1.8426966292134832,168288255.0,2.4847570969645316,-4.26186291739895,0,2026-05-08,2181.0,0.092,True,1.146,-2.384,-1.284,42.595,-8.528,2026-05-18,2169.0,strict_gakutto_next_open,-0.55,7.0
4216,2022-01-24,93,kuitto_pullback_auto,くいっと押し目版,3.229665071770338,-3.429685707731134,-0.6485084306095956,2.421077616900069,1.3073089700996678,83567845.0,2.582353914914749,-2.5959367945823875,0,2022-01-25,1739.0,0.753,False,1.898,24.439,20.644,356.009,-5.118,2022-01-27,1652.05,stop_loss,-5.0,3.0
4216,2023-07-31,465,kuitto_pullback_auto,くいっと押し目版,1.7321016166281789,-2.1344962129905887,-0.6919290424445057,2.992751928922144,2.419624217118998,352702800.0,2.3431165882925247,-1.2331838565022402,0,2023-08-01,4895.0,11.124,False,-4.392,-12.972,-13.994,62.002,-39.755,2023-08-03,4650.25,stop_loss,-5.0,3.0
4216,2025-11-14,1026,kuitto_pullback_auto,くいっと押し目版,2.3836549375709337,-4.891654151469638,-2.923439958049301,1.5079900967814641,1.6580310880829014,167511500.0,2.6211593284764017,-6.62525879917184,1,2025-11-17,4540.0,0.665,False,-1.211,1.872,1.432,74.67,-4.736,2025-11-19,4365.0,strict_gakutto_next_open,-3.855,3.0
4220,2021-11-12,46,kuitto_pullback_auto,くいっと押し目版,2.0560747663551426,-3.075253256150512,-2.174706268700277,1.8276762402088753,1.6825396825396826,39049150.0,2.341705913134485,-5.536332179930792,0,2021-11-15,550.0,0.733,False,-5.091,-10.909,-10.364,430.0,-26.182,2021-11-18,527.0,strict_gakutto_next_open,-4.182,4.0
4220,2024-07-31,711,kuitto_pullback_auto,くいっと押し目版,2.5746652935118464,-4.811468970934795,-4.510952924057099,2.5535420098846684,1.7352941176470589,66057715.0,2.24469305794607,-4.961832061068705,0,2024-08-01,1025.0,2.912,False,-9.659,-9.659,-4.39,184.39,-21.659,2024-08-02,973.75,stop_loss,-5.0,2.0
4220,2024-11-01,774,kuitto_pullback_auto,くいっと押し目版,3.0000000000000027,-3.1453564116880606,-1.9434296260027795,-1.094680238140977,1.318974358974359,87939175.0,2.565880721220527,-6.7873303167420795,1,2024-11-05,1035.0,0.485,True,5.894,4.831,5.121,181.643,-18.841,2024-11-15,1094.0,strict_gakutto_next_open,5.7,9.0
4221,2024-03-15,618,kuitto_pullback_auto,くいっと押し目版,1.9607843137254832,-2.3181962527786593,-1.0620242748405673,1.3645224171539905,1.7066666666666668,160943325.0,2.7129120879120876,-4.0000000000000036,0,2024-03-18,3150.0,0.962,False,0.317,-0.476,-0.635,84.444,-27.587,2024-03-28,3150.0,strict_gakutto_next_open,0.0,8.0
4221,2026-04-28,1135,kuitto_pullback_auto,くいっと押し目版,2.4945770065075923,-3.1946195880622086,-2.5364616360177505,2.472348731294738,1.2925925925925925,194689900.0,1.874527588813303,-3.3742331288343586,0,2026-04-30,4670.0,-1.164,True,8.779,5.675,2.248,24.411,-0.964,2026-05-18,4995.0,strict_gakutto_next_open,6.959,10.0
4228,2023-12-28,568,kuitto_pullback_auto,くいっと押し目版,2.9535864978903037,-3.211198023878148,-2.5392390500451945,2.866779089376048,1.6265060240963856,43868965.0,2.32728337236534,-4.500978473581219,0,2023-12-29,490.0,0.41,True,1.633,1.02,0.612,36.327,-41.837,2024-01-15,499.0,strict_gakutto_next_open,1.837,8.0
4228,2025-05-08,896,kuitto_pullback_auto,くいっと押し目版,1.869158878504673,-3.394877903514004,-0.20879390813067777,0.6153846153846176,9.447077409162718,64342860.0,3.1236347750109217,-4.105571847507328,2,2025-05-09,334.0,2.141,False,-1.796,-4.79,-5.09,100.0,-5.689,2025-05-19,324.0,strict_gakutto_next_open,-2.994,7.0
4229,2022-08-12,228,kuitto_pullback_auto,くいっと押し目版,1.7734784361144618,-2.1940134775113584,-1.8204340190667412,0.8145013175756555,1.2857142857142858,27706315.0,1.7397454031117396,-2.921953094963481,0,2022-08-15,2512.0,-0.515,True,-1.553,-0.438,-1.871,152.787,-8.36,2022-08-22,2477.0,strict_gakutto_next_open,-1.393,6.0
4229,2024-07-31,711,kuitto_pullback_auto,くいっと押し目版,3.420195439739415,-4.812170133498917,-3.8832534694131615,2.784072515377134,1.3265306122448979,34737300.0,2.204724409448819,-3.9334341906202774,0,2024-08-01,3060.0,-3.622,True,-13.725,-9.183,-9.118,107.516,-20.915,2024-08-02,2907.0,stop_loss,-5.0,2.0
4246,2022-04-14,148,kuitto_pullback_auto,くいっと押し目版,1.5473887814313247,-4.800893189430589,-3.5588257376680033,2.1798365122615904,1.3326810176125246,116135075.0,2.489795918367347,-8.216783216783218,1,2022-04-15,523.0,-0.381,True,-0.191,-3.824,-2.294,122.371,-11.281,2022-04-22,515.0,strict_gakutto_next_open,-1.53,6.0
4246,2022-05-30,176,kuitto_pullback_auto,くいっと押し目版,2.742616033755274,-3.031544448996315,-4.639175257731953,2.829391891891886,2.8,64316085.0,2.097389263713699,-5.984555984555984,1,2022-05-31,486.0,-0.205,True,4.938,4.733,2.675,139.3,-0.617,2022-06-21,505.0,max15_next_open,3.909,16.0
4246,2026-06-15,1165,kuitto_pullback_auto,くいっと押し目版,2.062868369351678,-4.780801209372654,-1.7638602898325417,2.7288906466284457,1.365863453815261,475445350.0,3.162381410697099,-4.853479853479858,2,2026-06-16,1032.0,-0.674,True,-1.55,-3.101,-0.775,12.694,-5.136,2026-06-23,1020.0,strict_gakutto_next_open,-1.163,6.0
4249,2025-11-21,1031,kuitto_pullback_auto,くいっと押し目版,2.1145374449339283,-2.936920064697368,-3.6806923607954123,1.3023337120881218,2.15,32657495.0,2.0738321212868236,-9.275929549902152,1,2025-11-25,2314.0,-0.173,True,1.772,-0.519,0.043,30.51,-2.118,2025-12-04,2280.0,strict_gakutto_next_open,-1.469,8.0
4251,2024-10-29,771,kuitto_pullback_auto,くいっと押し目版,1.5701668302257055,-2.763915547024942,-4.199871586660109,2.0106445890005986,1.4312925170068027,114201665.0,2.001380262249828,-6.504065040650408,1,2024-10-30,1035.0,0.0,True,-0.29,-1.353,-0.58,36.039,-26.86,2024-11-07,1046.0,strict_gakutto_next_open,1.063,6.0
4251,2026-06-15,1165,kuitto_pullback_auto,くいっと押し目版,1.8775510204081636,-4.093938432243737,-3.0563362289218188,2.7837259100642386,1.353658536585366,108086660.0,3.1765109890109895,-3.852080123266566,2,2026-06-16,1248.0,0.0,True,1.923,-3.446,-3.285,5.769,-9.135,2026-06-25,1248.0,strict_gakutto_next_open,0.0,8.0
4272,2022-06-24,195,kuitto_pullback_auto,くいっと押し目版,2.123730378578026,-3.1183178902352116,-1.3964762490503269,1.449275362318847,1.7466585662211422,306236385.0,2.105399121673986,-4.81927710843374,0,2022-06-27,1121.0,1.356,False,-3.033,-1.963,-1.963,95.584,-3.925,2022-07-04,1102.0,strict_gakutto_next_open,-1.695,6.0
4275,2025-03-05,854,kuitto_pullback_auto,くいっと押し目版,2.6168224299065512,-3.760621949014653,-4.8999039931728605,2.636006730229945,1.2924710424710424,123414370.0,3.2851938589643503,-5.9125964010282805,3,2025-03-06,1100.0,0.182,True,1.455,2.273,2.273,181.364,-23.636,2025-03-28,1089.0,max15_next_open,-1.0,16.0
4290,2023-04-13,392,kuitto_pullback_auto,くいっと押し目版,2.678571428571419,-4.622705642420111,-4.773204963048361,2.3495906016375967,1.4768683274021353,144286240.0,2.546583850931677,-4.485049833887045,0,2023-04-14,585.0,1.739,False,-0.171,-1.709,1.538,34.188,-8.205,2023-05-10,599.0,max15_next_open,2.393,16.0
4290,2024-10-30,772,kuitto_pullback_auto,くいっと押し目版,1.7569546120058455,-2.049653579676669,-2.6285714285714246,1.9659624413145504,2.429572976418101,96617585.0,2.076053442959918,-2.524544179523147,0,2024-10-31,695.0,0.0,True,-1.439,-3.741,-4.604,9.64,-15.683,2024-11-06,677.0,strict_gakutto_next_open,-2.59,4.0
429A,2026-01-22,64,kuitto_pullback_auto,くいっと押し目版,2.867622540846959,-3.613526570048309,-0.5690820745748448,2.416838191355164,1.4454064454064455,2161120730.0,3.167399861078953,-3.1397174254317095,3,2026-01-23,3080.0,-0.162,True,-2.76,-5.455,2.435,71.753,-13.279,2026-01-27,3010.0,strict_gakutto_next_open,-2.273,3.0
429A,2026-09-18,226,kuitto_pullback_auto,くいっと押し目版,2.3066485753052923,-3.829122167231047,-0.9906291834002712,1.946998377501341,1.5598455598455598,2338064375.0,4.490337248957938,-5.157232704402515,3,2026-09-24,3865.0,2.52,False,,,,1.294,-1.94,,,,,
4301,2022-01-21,92,kuitto_pullback_auto,くいっと押し目版,3.2828282828282873,-2.7100534239922314,-1.7984556739321644,1.7716731362595661,1.56,45850665.0,2.273838630806846,-3.309692671394804,0,2022-01-24,2027.0,-0.88,True,-1.381,3.897,6.167,8.535,-35.076,2022-01-28,2000.0,strict_gakutto_next_open,-1.332,5.0
4301,2022-04-06,142,kuitto_pullback_auto,くいっと押し目版,1.6708860759493627,-2.5793062555588553,-0.43089561855670366,1.5166835187057526,1.8161434977578474,54955840.0,1.8497438816163916,-1.5686274509803977,0,2022-04-07,1980.0,-1.394,True,-0.657,-1.818,0.859,11.111,-33.535,2022-04-12,1961.0,strict_gakutto_next_open,-0.96,4.0
4307,2022-10-18,272,kuitto_pullback_auto,くいっと押し目版,2.3391812865497075,-4.9831081081081035,-3.847240268911356,2.820211515863691,1.3892708780976937,5504671725.0,3.224489795918367,-4.891304347826086,3,2022-10-19,3490.0,-0.286,True,3.295,-5.444,-9.742,85.559,-16.676,2022-10-31,3400.0,strict_gakutto_next_open,-2.579,9.0
4307,2023-07-13,454,kuitto_pullback_auto,くいっと押し目版,2.5454545454545396,-3.675252297032683,-1.3162608366342199,2.3699631800031096,1.45891349007076,6880493240.0,2.1059487624837168,-3.7777236168657136,1,2023-07-14,3977.0,0.735,False,-1.031,0.251,0.704,62.836,-11.541,2023-08-07,3991.0,max15_next_open,0.352,16.0
4307,2023-10-27,526,kuitto_pullback_auto,くいっと押し目版,1.8421052631578894,-2.1508777479044894,-3.4314586540746594,3.5202225551037802,1.3472768383798663,6917072205.0,2.799926172019195,-3.1289111389236512,1,2023-10-30,3821.0,-1.266,True,10.024,5.81,8.794,69.484,-7.93,2023-11-21,4207.0,max15_next_open,10.102,16.0
4307,2023-12-15,559,kuitto_pullback_auto,くいっと押し目版,1.9475655430711614,-3.4072289156626523,-2.2103962563359114,1.5520071631099919,1.501004160091809,4614608225.0,1.8893670620342184,-3.657385559226045,1,2023-12-18,4052.0,-0.759,True,0.148,1.209,8.786,59.822,-13.179,2023-12-22,4011.0,strict_gakutto_next_open,-1.012,5.0
4307,2024-02-13,596,kuitto_pullback_auto,くいっと押し目版,2.0086083213773254,-4.03084310647337,-3.6382239346649636,2.0183661756265403,1.5651454823889739,6332847305.0,2.975353291808988,-5.993829881004853,4,2024-02-14,4159.0,-2.508,True,-1.851,-0.505,5.65,55.711,-15.412,2024-02-16,4168.0,strict_gakutto_next_open,0.216,3.0
4310,2024-10-04,755,kuitto_pullback_auto,くいっと押し目版,2.323503127792681,-2.7900528550385384,-1.3549849739020514,1.995367895955824,1.735042735042735,74644650.0,2.9008109794136,-2.470187393526402,0,2024-10-07,2330.0,1.747,False,-2.189,-2.146,-7.124,96.137,-9.828,2024-10-15,2279.0,strict_gakutto_next_open,-2.189,6.0
4310,2025-10-08,1001,kuitto_pullback_auto,くいっと押し目版,3.1827111984283007,-2.3418491484184845,-1.8925815663163092,1.6411209165505536,1.7375886524822695,89016455.0,2.4099662713524097,-2.19739292364991,0,2025-10-09,2621.0,-0.19,True,-2.671,-3.243,-4.311,17.894,-11.713,2025-10-14,2551.0,strict_gakutto_next_open,-2.671,3.0
4323,2024-05-07,651,kuitto_pullback_auto,くいっと押し目版,3.041362530413627,-4.02498265093686,-3.781142910067603,1.9131271808446648,1.7832167832167831,87927645.0,3.7485242030696577,-7.076247942951175,3,2024-05-08,1677.0,-1.004,True,9.72,6.142,-5.844,62.85,-20.93,2024-05-14,1752.0,strict_gakutto_next_open,4.472,5.0
4323,2025-07-23,949,kuitto_pullback_auto,くいっと押し目版,1.9090398652442442,-2.0533655429889164,-4.460640776284008,1.5100671140939603,1.7135678391959799,48765435.0,2.1684376229830775,-8.333333333333337,1,2025-07-24,1833.0,0.992,False,-0.927,3.546,17.676,48.991,-18.876,2025-08-15,2156.0,max15_next_open,17.621,16.0
4324,2022-12-09,308,kuitto_pullback_auto,くいっと押し目版,2.0383693045563644,-3.9536468984321727,-4.354904354904365,0.5910165484633634,1.7594119756185012,4777599250.0,2.5516199429242907,-9.371671991480302,2,2022-12-12,4240.0,-0.353,True,-0.825,-1.887,-2.241,16.981,-37.689,2022-12-14,4270.0,strict_gakutto_next_open,0.708,3.0
4324,2026-02-26,1093,kuitto_pullback_auto,くいっと押し目版,2.8995883300519054,-4.9755933344554855,-3.79243148958206,1.7882436260623136,1.6941309255079007,6309884922.5,3.831722287105832,-4.183333333333328,3,2026-02-27,2950.0,2.627,False,-5.017,-5.254,-6.102,31.322,-10.441,2026-03-03,2802.5,stop_loss,-5.0,3.0
4326,2025-06-17,924,kuitto_pullback_auto,くいっと押し目版,2.3121387283236983,-2.7724986025712606,-1.8703157705205808,1.4908256880733939,2.611607142857143,54582385.0,2.5786924939467317,-2.7472527472527486,0,2025-06-18,1766.0,-0.226,True,-1.755,-0.057,3.681,22.084,-9.513,2025-06-24,1749.0,strict_gakutto_next_open,-0.963,5.0
4331,2023-02-01,343,kuitto_pullback_auto,くいっと押し目版,1.7884914463452528,-2.851969216840211,-4.651506202008271,1.3628620102214661,1.4755838641188959,170212170.0,3.3886281785441446,-9.474412171507607,3,2023-02-02,1311.0,0.153,True,-0.915,2.288,9.687,17.086,-50.877,2023-02-09,1299.0,strict_gakutto_next_open,-0.915,6.0
4331,2024-07-29,709,kuitto_pullback_auto,くいっと押し目版,2.426693629929222,-2.073268921095006,-1.0212731602954883,3.2830342577487848,1.8228882833787465,41290755.0,1.988436045691722,0.0,0,2024-07-30,1013.0,0.0,True,-24.186,-18.361,-14.906,2.665,-36.426,2024-08-01,962.35,stop_loss,-5.0,3.0
4337,2021-10-28,36,kuitto_pullback_auto,くいっと押し目版,1.538461538461533,-5.074773228732532,-2.037933817594839,1.9567456230690006,9.518987341772151,216060000.0,3.2828282828282833,-5.938242280285033,3,2021-10-29,4015.0,1.389,False,2.491,7.472,5.729,14.197,-45.031,2021-11-11,4100.0,strict_gakutto_next_open,2.117,9.0
4343,2022-12-30,323,kuitto_pullback_auto,くいっと押し目版,1.5009380863039379,-4.52921845977996,-4.576727490278188,0.9479026720406125,2.2466793168880455,206421350.0,2.9522049115394773,-8.891882788817785,3,2023-01-04,2695.0,-0.37,True,2.412,-5.492,2.152,49.165,-26.271,2023-01-16,2550.0,strict_gakutto_next_open,-5.38,8.0
4343,2023-03-29,381,kuitto_pullback_auto,くいっと押し目版,2.6146267525577915,-3.4164222873900196,-3.4342903828198046,2.2813113763408444,1.7019230769230769,187865075.0,3.006963494408103,-5.644599303135889,2,2023-03-30,2708.0,0.0,True,0.96,7.866,23.708,48.449,-26.625,2023-04-07,2764.0,strict_gakutto_next_open,2.068,7.0
4343,2026-04-01,1116,kuitto_pullback_auto,くいっと押し目版,2.297872340425533,-2.424393901524613,-4.454081549472599,2.550976879105882,1.250386398763524,215491555.0,2.4334442595673877,-4.1467304625199315,0,2026-04-02,2418.0,0.582,False,8.106,3.433,5.294,21.836,-1.737,2026-04-14,2488.0,strict_gakutto_next_open,2.895,9.0
4344,2025-10-20,1008,kuitto_pullback_auto,くいっと押し目版,1.8072289156626509,-3.4077555816686145,-4.32170094753872,2.0531400966183666,1.434648370497427,292436590.0,3.296703296703297,-7.14285714285714,3,2025-10-21,169.0,0.0,True,1.183,-1.775,-5.325,5.917,-41.42,2025-10-29,168.0,strict_gakutto_next_open,-0.592,7.0
4345,2021-12-23,74,kuitto_pullback_auto,くいっと押し目版,2.499999999999991,-2.0905923344947785,-1.2364218851679376,3.9026862645717086,1.8318042813455657,52238385.0,2.3606271777003482,0.0,0,2021-12-24,820.0,0.0,True,2.561,-5.61,-6.585,35.61,-24.634,2022-01-06,779.0,stop_loss,-5.0,8.0
4345,2022-04-27,157,kuitto_pullback_auto,くいっと押し目版,2.4096385542168752,-2.2176022176022103,-0.3854832643851003,0.2831524303916977,2.627737226277372,44303555.0,2.159663865546219,-2.857142857142858,0,2022-04-28,852.0,0.235,True,-0.469,1.291,2.582,30.516,-27.465,2022-05-11,844.0,strict_gakutto_next_open,-0.939,6.0
4362,2025-10-20,1008,kuitto_pullback_auto,くいっと押し目版,2.1600000000000064,-3.006525792417658,-2.5431623400819725,1.7205671499123776,1.3925233644859814,56138350.0,2.293321400604094,-3.1107738998482515,0,2025-10-21,2565.0,0.431,True,2.417,5.536,8.46,21.442,-9.318,2025-10-29,2525.0,strict_gakutto_next_open,-1.559,7.0
4369,2023-03-01,362,kuitto_pullback_auto,くいっと押し目版,3.3824804856894986,-2.1072468733938754,-1.8033681052703199,3.4542614129491334,1.5046457607433217,404549240.0,2.4298897411313516,-0.7080383173677651,0,2023-03-02,2384.0,0.0,True,4.362,1.888,-1.091,127.768,-20.721,2023-03-16,1979.0,stop_gap_open,-16.988,11.0
4369,2023-07-28,464,kuitto_pullback_auto,くいっと押し目版,2.7080062794348603,-5.397223862965161,-3.8691187007403816,1.591614906832306,1.6039035591274398,722613195.0,2.9859708499372233,-9.44636678200692,3,2023-07-31,2645.0,1.07,False,-2.155,-0.227,0.567,105.293,-28.544,2023-08-07,2512.75,stop_loss,-5.0,6.0
4369,2024-04-10,635,kuitto_pullback_auto,くいっと押し目版,1.7524644030668224,-4.994753410283314,-3.8914598233066866,1.6633836725760576,2.1556671449067433,2126102575.0,3.6290942641857606,-9.805825242718447,4,2024-04-11,4505.0,-3.014,True,-2.442,-7.658,-4.329,5.66,-58.047,2024-04-17,4350.0,strict_gakutto_next_open,-3.441,5.0
4373,2023-04-28,392,kuitto_pullback_auto,くいっと押し目版,1.51724137931033,-3.686589653440475,-3.0772437255020546,2.1087680355160954,2.3114849187935036,240681210.0,2.7659161490683233,-6.137414315319623,1,2023-05-01,595.8,1.189,False,2.098,-3.105,-3.944,114.837,-24.001,2023-05-15,600.0,strict_gakutto_next_open,0.705,8.0
4373,2023-11-15,527,kuitto_pullback_auto,くいっと押し目版,2.3423423423423406,-2.20919309384211,-4.488678027288062,2.496801076150801,1.3075734157650696,627499788.0,3.9132522407170294,-8.427377986223073,3,2023-11-16,615.3,-1.52,True,8.159,6.452,1.056,108.029,-26.41,2023-12-08,609.3,max15_next_open,-0.975,16.0
4373,2024-10-29,760,kuitto_pullback_auto,くいっと押し目版,2.537545313309164,-2.845114415699035,-2.813696428691992,3.175154589036322,1.2866622428666223,278355110.0,2.1669071669071673,-1.296111665004973,0,2024-10-30,599.5,0.926,False,-0.25,9.224,6.472,113.511,-3.086,2024-11-18,651.3,strict_gakutto_next_open,8.641,13.0
4373,2025-09-09,971,kuitto_pullback_auto,くいっと押し目版,2.4073226544622406,-5.0135501355013545,-2.3137035499648406,3.3495298095220782,1.7325988983475213,1223737970.0,3.2388017774145785,-3.659691724791181,3,2025-09-10,1136.3,1.564,False,-3.74,-4.955,-9.795,12.646,-33.292,2025-09-18,1102.5,strict_gakutto_next_open,-2.975,6.0
4373,2025-10-08,990,kuitto_pullback_auto,くいっと押し目版,1.5269320843091183,-3.8496977738463833,-3.302373200948683,3.1934949441090765,1.7843996494303243,685389630.0,2.5709804128331526,-4.300220750551875,0,2025-10-09,1070.0,-1.273,True,-6.654,-6.776,-4.907,19.626,-29.159,2025-10-14,1016.5,stop_loss,-5.0,3.0
4385,2022-10-18,272,kuitto_pullback_auto,くいっと押し目版,1.6682113067655324,-2.037289677125975,-0.3968253968253954,1.6399518206244856,1.4004961055712655,26453335985.0,5.25133480921995,-5.103806228373697,3,2022-10-19,2166.0,-1.276,True,6.094,33.657,27.516,135.965,-24.7,2022-11-10,2712.0,max15_next_open,25.208,16.0
4390,2026-07-31,1198,kuitto_pullback_auto,くいっと押し目版,2.499999999999991,-2.312303739651722,-1.7611289582377232,1.751824817518255,1.294017094017094,215446150.0,3.5458085673293707,-6.064690026954178,3,2026-08-03,3440.0,-1.291,True,4.942,18.895,11.337,25.581,-2.326,2026-08-25,3830.0,max15_next_open,11.337,16.0
4392,2024-07-11,698,kuitto_pullback_auto,くいっと押し目版,2.071005917159763,-2.1927293710328977,-0.5618635139880701,1.5303119482048322,1.2620320855614973,59115845.0,2.049689440993789,-3.6312849162011163,0,2024-07-12,342.0,-0.87,True,2.924,-10.819,-19.298,799.123,-38.596,2024-07-23,346.0,strict_gakutto_next_open,1.17,7.0
4392,2026-03-25,1111,kuitto_pullback_auto,くいっと押し目版,2.857142857142847,-2.9192546583850842,-4.969169387014871,3.053435114503822,1.356907894736842,90427675.0,4.056437389770723,-9.243697478991598,3,2026-03-26,330.0,1.852,False,-3.636,0.909,-2.121,831.818,-7.576,2026-03-30,311.0,stop_gap_open,-5.758,3.0
4396,2024-02-20,601,kuitto_pullback_auto,くいっと押し目版,1.7894736842105186,-3.3360875852096794,-2.0760380190094962,2.9161345253299276,1.9652173913043478,59748040.0,3.405229723740582,-4.257425742574261,2,2024-02-21,970.0,0.31,True,1.753,6.701,2.062,79.124,-24.588,2024-03-01,965.0,strict_gakutto_next_open,-0.515,7.0
4396,2025-11-21,1031,kuitto_pullback_auto,くいっと押し目版,3.070332024277045,-4.659498207885315,-4.819422635584003,1.7695995487873706,1.5163934426229508,169709150.0,3.419268642683952,-8.494453248811407,3,2025-11-25,1432.5,-0.762,True,0.524,-1.431,0.803,11.623,-34.66,2025-12-02,1438.5,strict_gakutto_next_open,0.419,6.0
4403,2022-06-23,194,kuitto_pullback_auto,くいっと押し目版,2.047089198991814,-4.535403490418,-0.8394349985119898,2.9342460996601982,1.7914669223394055,1544457435.0,2.8838209982788308,-4.963645731951683,1,2022-06-24,1673.3,0.801,False,0.203,2.594,2.988,103.191,-1.888,2022-07-04,1673.3,strict_gakutto_next_open,0.0,7.0
4403,2022-09-29,260,kuitto_pullback_auto,くいっと押し目版,1.558396077744706,-2.3076834319867956,-2.7059409970411674,2.232667450058745,1.3364963503649636,659848476.0,2.011083743842364,-3.3333333333333326,0,2022-09-30,1726.7,-0.764,True,2.896,1.929,-0.579,96.907,-3.284,2022-10-13,1720.0,strict_gakutto_next_open,-0.388,9.0
4403,2024-04-26,647,kuitto_pullback_auto,くいっと押し目版,1.777886020457875,-2.509027810345632,-0.42923216410288845,0.3505907213524173,1.4547738693467336,1159658985.0,2.1143130619081805,-3.129346314325454,1,2024-04-30,2105.0,0.742,False,-0.166,-0.903,-4.442,61.52,-18.29,2024-05-09,1999.75,stop_loss,-5.0,6.0
4413,2023-03-03,307,kuitto_pullback_auto,くいっと押し目版,3.2604166666666545,-3.02765763263364,-0.8877839468870663,1.4096898273181058,2.810810810810811,75641198.0,3.6841953567465517,-8.534785015685554,3,2023-03-06,1022.5,3.147,False,-5.985,1.467,7.579,237.408,-9.653,2023-03-08,971.3,strict_gakutto_next_open,-5.007,3.0
4413,2026-04-01,1059,kuitto_pullback_auto,くいっと押し目版,2.144772117962468,-4.5220436753193205,-2.8918727325799587,2.254428341384873,1.2989417989417988,384748510.0,3.1946006749156353,-6.018746916625551,3,2026-04-02,1910.0,0.262,True,3.351,19.215,16.754,72.251,-1.937,2026-04-13,1889.0,strict_gakutto_next_open,-1.099,8.0
4432,2026-06-29,1175,kuitto_pullback_auto,くいっと押し目版,2.1691973969631295,-2.5995336384834755,-4.8445517657711985,3.7536346814697197,1.4604086845466155,386533885.0,2.3627540188049743,-8.967916505604945,1,2026-06-30,2355.0,0.0,True,7.728,7.558,23.142,52.229,-1.104,2026-07-14,2571.0,strict_gakutto_next_open,9.172,11.0
4433,2025-10-06,999,kuitto_pullback_auto,くいっと押し目版,1.9266055045871644,-3.9635779325120635,-2.970011534025374,3.176077265973265,2.1778975741239894,41405040.0,1.8323260897518325,-2.543859649122804,0,2025-10-07,1107.0,-0.36,True,-8.762,-7.407,-8.672,0.271,-26.558,2025-10-10,1051.65,stop_loss,-5.0,4.0
4433,2025-11-12,1024,kuitto_pullback_auto,くいっと押し目版,2.672147995888996,-2.5523429710867407,-4.076832614660919,2.0637515324887667,1.4195250659630607,65481085.0,1.7517517517517518,-4.49330783938815,0,2025-11-13,996.0,-0.3,True,5.321,4.819,3.916,8.635,-18.373,2025-11-28,1041.0,strict_gakutto_next_open,4.518,11.0
4443,2023-05-31,423,kuitto_pullback_auto,くいっと押し目版,2.8898254063816964,-5.498163452708916,-4.118165375875337,3.325272067714624,1.9541568128069857,1903373815.0,3.443952185906545,-3.7183098591549335,3,2023-06-01,1690.0,-1.112,True,9.379,4.793,9.793,54.675,-41.183,2023-06-12,1775.5,strict_gakutto_next_open,5.059,8.0
4443,2025-11-07,1021,kuitto_pullback_auto,くいっと押し目版,2.70588235294118,-2.615248226950362,-1.5389095470633052,-0.6938914799226481,1.4395857307249713,1410009910.0,3.23187694321715,-4.642271982523216,3,2025-11-10,1745.0,-0.057,True,0.344,-2.464,-4.986,34.957,-43.037,2025-11-19,1657.0,strict_gakutto_next_open,-5.043,8.0
4452,2023-09-27,505,kuitto_pullback_auto,くいっと押し目版,2.5411334552102316,-2.617354196301558,-1.9060502601762286,2.3166727471725546,2.1650593155244517,7636765190.0,1.5294297430150525,-1.9062609303952427,1,2023-09-28,2785.0,-0.695,True,-2.101,-2.765,-0.969,35.799,-5.925,2023-10-04,2698.0,strict_gakutto_next_open,-3.124,5.0
4461,2022-03-15,127,kuitto_pullback_auto,くいっと押し目版,1.9208605455244054,-4.1929031780131965,-3.5601289216121157,1.6786754560784933,1.4145077720207253,98996265.0,3.190458241344031,-4.430835734870319,2,2022-03-16,2680.0,1.018,False,2.201,2.985,0.672,493.284,-41.455,2022-04-07,2688.0,max15_next_open,0.299,16.0
4461,2023-12-26,566,kuitto_pullback_auto,くいっと押し目版,2.925989672977636,-2.2135706340378203,-2.1059888362577106,1.885506587914576,1.8628318584070795,53644195.0,1.9589106545628288,-4.268943436499462,0,2023-12-27,1794.0,0.0,True,7.86,7.246,6.299,786.288,0.0,2024-01-23,1900.0,max15_next_open,5.909,16.0
4462,2021-12-24,75,kuitto_pullback_auto,くいっと押し目版,1.9563581640331007,-2.2592152199762072,-0.8796685480965571,2.604876571255499,1.4411764705882353,27911180.0,2.124406958355298,-1.953690303907385,0,2021-12-27,1359.0,0.295,True,3.753,0.0,-4.783,185.136,-11.626,2022-01-07,1350.0,strict_gakutto_next_open,-0.662,8.0
4462,2022-05-20,170,kuitto_pullback_auto,くいっと押し目版,2.037489812550941,-3.294117647058825,-2.117325884070842,1.508026593157119,1.4293478260869565,25059400.0,2.2592423550890004,-4.06130268199234,0,2022-05-23,1253.0,0.08,True,1.038,4.469,5.746,209.258,-4.07,2022-06-13,1323.0,max15_next_open,5.587,16.0
4462,2022-09-09,248,kuitto_pullback_auto,くいっと押し目版,2.4162120031177015,-3.9265834210922224,-1.7376407244248715,2.2727272727272707,5.072368421052632,28150360.0,1.6525331593824744,-3.524229074889873,0,2022-09-12,1330.0,1.218,False,-3.008,-7.82,-2.331,191.353,-9.624,2022-09-20,1291.0,strict_gakutto_next_open,-2.932,6.0
4462,2023-08-10,473,kuitto_pullback_auto,くいっと押し目版,1.5943877551020336,-3.0409210361657,-2.518633385023261,2.1808851828095,2.6296296296296298,40421140.0,2.842794368218097,-3.3373786407767003,0,2023-08-14,1595.0,0.126,True,-1.191,-2.194,1.567,142.947,-8.339,2023-08-21,1576.0,strict_gakutto_next_open,-1.191,6.0
4462,2024-01-04,570,kuitto_pullback_auto,くいっと押し目版,2.1739130434782705,-2.8888888888888853,-3.716110122474614,2.1961295933898617,1.3064516129032258,28106785.0,2.5113981762917934,-5.002526528549778,0,2024-01-05,1890.0,0.532,False,3.28,7.989,11.64,105.026,-13.386,2024-01-29,2104.0,max15_next_open,11.323,16.0
4462,2024-12-25,811,kuitto_pullback_auto,くいっと押し目版,3.0125523012552335,-2.2686322686322757,-3.1053997839441516,2.421166486396542,1.7857142857142858,33231300.0,2.027967970291285,-5.4531490015360955,0,2024-12-26,2462.0,0.0,True,-3.331,-9.261,-7.067,57.392,-33.509,2025-01-07,2374.0,strict_gakutto_next_open,-3.574,5.0
4471,2022-02-28,116,kuitto_pullback_auto,くいっと押し目版,2.5025025025025016,-2.0792848814613296,-2.203856749311306,1.5671493751239884,1.6447688564476886,243231075.0,1.5555245535714284,-4.477611940298509,0,2022-03-01,5200.0,1.562,False,-7.5,-7.115,-0.962,29.615,-36.346,2022-03-03,5040.0,strict_gakutto_next_open,-3.077,3.0
4471,2022-08-12,228,kuitto_pullback_auto,くいっと押し目版,2.0148462354188768,-2.808404410235077,-0.9238947013162413,2.405790930381091,2.776190476190476,149114400.0,1.4553014553014554,-0.7223942208462342,0,2022-08-15,4830.0,0.416,True,-1.76,-1.553,-3.52,39.545,-31.47,2022-08-22,4715.0,strict_gakutto_next_open,-2.381,6.0
4471,2026-08-04,1200,kuitto_pullback_auto,くいっと押し目版,1.8329938900203624,-2.8324628364805093,-0.5710789312665665,2.564102564102555,1.3142201834862386,291682200.0,2.5,-0.3984063745019917,0,2026-08-05,5020.0,0.4,True,27.888,21.713,29.084,34.263,-0.598,2026-08-19,6280.0,strict_gakutto_next_open,25.1,10.0
4480,2023-02-14,352,kuitto_pullback_auto,くいっと押し目版,2.1739130434782705,-4.008714596949892,-0.6533002928587495,1.2471655328798237,1.530148423005566,1236759550.0,2.8235482322828345,-6.098843322818082,2,2023-02-15,4650.0,4.143,False,-11.29,-15.699,-9.462,29.892,-63.118,2023-02-15,4417.5,stop_loss,-5.0,1.0
4481,2023-06-02,425,kuitto_pullback_auto,くいっと押し目版,3.220035778175312,-2.192362093352196,-4.03658368862605,3.3679684700824053,1.7508196721311475,296602550.0,3.2928942807625647,-6.026058631921827,3,2023-06-05,5790.0,0.347,True,-10.535,0.345,-2.245,5.181,-62.159,2023-06-08,5500.5,stop_loss,-5.0,4.0
4481,2025-01-20,824,kuitto_pullback_auto,くいっと押し目版,2.0944266950656765,-3.234089804983009,-4.690039470629214,3.030737264455108,1.504950495049505,154151550.0,2.6326246771309356,-3.780528604884581,0,2025-01-21,2845.0,-1.078,True,3.374,6.327,2.988,34.271,-13.181,2025-02-05,3050.0,strict_gakutto_next_open,7.206,12.0
4481,2026-03-27,1113,kuitto_pullback_auto,くいっと押し目版,2.2187004754358197,-3.910785212343415,-2.9520295202952074,2.186311787072248,1.3898550724637682,268523025.0,2.4363233665559245,-4.302670623145399,0,2026-03-30,3130.0,-2.946,True,5.751,5.431,9.265,10.224,-10.0,2026-04-13,3300.0,strict_gakutto_next_open,5.431,11.0
4483,2023-02-28,361,kuitto_pullback_auto,くいっと押し目版,2.6221692491060766,-4.765130984643184,-3.0138748506845503,1.9658929417337712,1.3891362422083704,1518914225.0,3.608760577401692,-6.616052060737532,4,2023-03-01,4300.0,-0.116,True,4.07,5.465,6.279,50.233,-44.907,2023-03-02,4085.0,stop_loss,-5.0,2.0
4503,2024-06-21,684,kuitto_pullback_auto,くいっと押し目版,2.3076923076922995,-3.8751758536897274,-2.2305459069936084,1.3786703784715248,2.5075910147172733,10610183097.5,1.8773642179984122,-4.076513013483851,1,2024-06-24,1542.0,0.817,False,3.113,4.831,7.458,76.2,-19.358,2024-07-16,1656.0,max15_next_open,7.393,16.0
4503,2025-06-24,929,kuitto_pullback_auto,くいっと押し目版,1.607599561563755,-2.8248185569944573,-2.106514298807105,1.704212990052656,1.5205638392416312,6998147475.0,1.3381620177736684,-2.694191742477259,1,2025-06-25,1399.0,0.611,False,-0.572,-2.43,3.074,94.21,-2.43,2025-07-08,1379.5,strict_gakutto_next_open,-1.394,10.0
4506,2022-12-09,308,kuitto_pullback_auto,くいっと押し目版,1.6283524904214586,-2.4385703648548085,-0.08752568688635831,1.0283755475147593,1.6629357211384714,998789545.0,1.8176922041201022,-3.193430656934304,1,2022-12-12,1058.0,-0.283,True,-2.647,-5.293,-5.577,210.775,-73.629,2022-12-14,1047.0,strict_gakutto_next_open,-1.04,3.0
4507,2025-10-06,999,kuitto_pullback_auto,くいっと押し目版,1.6031280547409654,-4.0079933639996845,-2.499770452667349,1.9619383951343883,1.4055517585826192,6046471210.0,2.451964045190907,-3.830495928941524,1,2025-10-07,2613.5,0.577,False,-7.404,-6.084,-4.572,43.792,-8.456,2025-10-09,2536.0,strict_gakutto_next_open,-2.965,3.0
4516,2026-02-19,1089,kuitto_pullback_auto,くいっと押し目版,3.1160896130346227,-3.1746031746031744,-4.226414513435095,1.7238608052720483,1.6594279661016949,1661619535.0,2.459016393442623,-7.525114155251145,2,2026-02-20,5075.0,0.237,True,1.36,-3.369,7.823,10.857,-34.246,2026-03-04,4821.25,stop_loss,-5.0,8.0
4519,2025-10-31,1017,kuitto_pullback_auto,くいっと押し目版,2.2928457408213587,-3.511639704638969,-1.22498274672187,2.6055312954876175,1.6442489517388803,20848191250.0,2.8393085138722816,-5.749431742211531,1,2025-11-04,7000.0,-0.695,True,3.4,21.471,19.4,52.857,-10.1,2025-11-26,8377.0,max15_next_open,19.671,16.0
4519,2026-04-20,1129,kuitto_pullback_auto,くいっと押し目版,2.849168507966038,-2.810842797642077,-1.20546760736987,2.9305649309839144,1.322256284488044,20420538015.0,3.3590166052852615,-3.848662752772347,3,2026-04-21,8744.0,-1.131,True,-14.856,-9.652,-9.218,3.076,-28.031,2026-04-27,7961.0,stop_gap_open,-8.955,5.0
4521,2022-02-28,116,kuitto_pullback_auto,くいっと押し目版,2.055622732769047,-2.1246458923512734,-0.8084577114427893,1.7603086568603876,1.4285714285714286,251288275.0,1.7603249830737984,-1.9744483159117254,0,2022-03-01,4240.0,0.474,True,-2.83,-4.481,-7.075,15.59,-25.448,2022-03-03,4105.0,strict_gakutto_next_open,-3.184,3.0
4521,2023-03-24,378,kuitto_pullback_auto,くいっと押し目版,2.191780821917799,-2.184918731681318,-0.05428881650380024,1.30363932645301,1.3263157894736841,264757675.0,1.560704710838759,-2.2280471821756187,0,2023-03-27,3770.0,1.072,False,-1.989,-3.183,-1.592,30.0,-16.154,2023-04-03,3700.0,strict_gakutto_next_open,-1.857,6.0
4523,2022-08-31,241,kuitto_pullback_auto,くいっと押し目版,1.5327036178934161,-4.584690827259596,-4.565164858769199,0.17583963425356064,1.6813698120230784,5224108650.0,1.8167456556082147,-8.186946011281226,2,2022-09-01,5648.0,-0.86,True,-0.266,5.896,3.346,99.186,-38.686,2022-09-08,5714.0,strict_gakutto_next_open,1.169,6.0
4523,2024-06-21,684,kuitto_pullback_auto,くいっと押し目版,1.7109050207867016,-5.17096328345652,-4.477197724297288,0.43895660961283944,1.4704914178227133,9039031795.0,2.835358321917039,-10.155367231638424,2,2024-06-24,6403.0,0.66,False,2.952,1.171,8.668,8.668,-45.916,2024-07-03,6571.0,strict_gakutto_next_open,2.624,8.0
4523,2025-01-22,826,kuitto_pullback_auto,くいっと押し目版,1.632183908045981,-2.4436350223615677,-0.9594438006952366,3.449082740546605,3.170503944614394,6495357410.0,2.042201182667141,0.0,1,2025-01-23,4403.0,-0.407,True,5.178,-0.591,0.363,21.485,-21.349,2025-02-04,4492.0,strict_gakutto_next_open,2.021,9.0
4523,2025-02-25,848,kuitto_pullback_auto,くいっと押し目版,2.1734050011684936,-2.1631672033014304,-2.7193164303676576,1.2693412396924009,1.464990375360924,6135726530.0,2.6336426610900534,-7.156508812911444,2,2025-02-26,4400.0,0.64,False,-3.614,-2.955,-2.273,21.568,-21.295,2025-03-05,4270.0,strict_gakutto_next_open,-2.955,6.0
4526,2023-10-06,512,kuitto_pullback_auto,くいっと押し目版,1.6925892040256185,-5.4307278563373025,-4.482082180264135,1.9070321811680557,1.4539473684210527,170371580.0,2.0242914979757085,-5.000000000000004,0,2023-10-10,2258.0,1.574,False,-4.783,-3.853,-2.879,53.676,-5.536,2023-10-16,2145.1,stop_loss,-5.0,5.0
4526,2024-09-19,745,kuitto_pullback_auto,くいっと押し目版,2.549019607843128,-2.545621837141543,-1.8866190928302218,2.0368347120337083,3.227272727272727,106805380.0,1.7017208413001912,-2.388951101157144,0,2024-09-20,2588.0,-1.033,True,1.198,4.444,2.473,34.08,-14.838,2024-10-15,2652.0,max15_next_open,2.473,16.0
4526,2026-02-27,1094,kuitto_pullback_auto,くいっと押し目版,1.9736842105263053,-2.471116816431318,-2.600730254307859,1.9401512660309095,1.302828618968386,197853300.0,1.95852534562212,-5.343511450381677,0,2026-03-02,3075.0,-0.806,True,-2.569,-6.309,-8.325,12.846,-13.431,2026-03-05,3025.0,strict_gakutto_next_open,-1.626,4.0
4527,2024-03-14,617,kuitto_pullback_auto,くいっと押し目版,3.1408308004052587,-2.813061115914073,-1.6376423308774313,3.98011644138776,1.6822521763549565,2295016330.0,2.542333239779212,-0.1308044473512071,1,2024-03-15,3080.0,0.851,False,2.273,-3.669,-6.331,19.74,-36.218,2024-03-28,3069.0,strict_gakutto_next_open,-0.357,9.0
4527,2024-08-22,726,kuitto_pullback_auto,くいっと押し目版,3.3893034825870583,-2.0182251850039745,-3.4961685823754807,3.132754342431765,1.6457485957776488,2421343210.0,4.625134264232009,-5.940594059405946,4,2024-08-23,3330.0,0.15,True,3.634,6.607,8.649,10.751,-41.006,2024-09-12,3566.0,strict_gakutto_next_open,7.087,15.0
4528,2022-11-18,294,kuitto_pullback_auto,くいっと押し目版,3.1914893617021267,-2.8737638161722034,-1.831467625395422,3.8049940546967864,1.4394133196896053,5988829470.0,2.4504990999836362,-0.11441647597254523,1,2022-11-21,3510.0,0.515,False,1.481,-5.726,-2.479,4.217,-58.006,2022-12-01,3510.0,strict_gakutto_next_open,0.0,8.0
4528,2023-03-29,381,kuitto_pullback_auto,くいっと押し目版,2.223842508202689,-2.1500783141107704,-1.848547569766601,1.9488074461896376,1.4312835820895522,3544765995.0,1.938557163236193,-2.4865240827682156,1,2023-03-30,2782.0,-0.785,True,-1.815,-1.258,-2.822,6.632,-47.017,2023-04-06,2719.5,strict_gakutto_next_open,-2.247,6.0
4528,2024-04-26,647,kuitto_pullback_auto,くいっと押し目版,1.5676749834400594,-2.8749360177444117,-4.397210506535254,0.4630034070062017,1.7129898013955984,4788221555.0,1.9378881987577639,-7.981596319263851,2,2024-04-30,2300.0,0.0,True,-0.283,0.283,-2.152,16.283,-35.913,2024-05-09,2320.0,strict_gakutto_next_open,0.87,6.0
4528,2024-05-31,669,kuitto_pullback_auto,くいっと押し目版,2.1095152603231693,-2.868438392268846,-2.5160274731556243,2.616147947677039,4.509648074979325,5553918650.0,2.2982731554160125,-2.2556390977443663,1,2024-06-03,2237.0,-1.67,True,-0.022,-4.426,-4.336,19.557,-34.108,2024-06-13,2125.15,stop_loss,-5.0,9.0
4528,2026-05-07,1138,kuitto_pullback_auto,くいっと押し目版,1.7895644674428723,-2.041420118343207,-4.986197236170609,1.7544615915165096,1.8911082904669652,3769381355.0,2.3148848609556087,-7.304142941291969,2,2026-05-08,2359.0,-0.064,True,9.093,3.688,1.717,9.093,-10.365,2026-05-19,2400.5,strict_gakutto_next_open,1.759,8.0
4534,2022-09-08,247,kuitto_pullback_auto,くいっと押し目版,1.9519519519519468,-2.052184110231603,-1.6239115085902478,1.5251196172248793,1.6737400530503979,139235750.0,2.156532716179255,-2.582496413199431,0,2022-09-09,3400.0,0.147,True,-1.618,-3.235,-1.029,16.618,-16.588,2022-09-16,3345.0,strict_gakutto_next_open,-1.618,6.0
4534,2023-11-22,543,kuitto_pullback_auto,くいっと押し目版,1.5408320493066174,-2.332626476825206,-1.7341040462427793,2.0123839009287936,1.251937984496124,105717250.0,1.8859744201170605,-2.8023598820059004,0,2023-11-24,3285.0,-0.303,True,2.131,1.979,0.761,20.7,-13.668,2023-12-15,3330.0,max15_next_open,1.37,16.0
4534,2024-05-31,669,kuitto_pullback_auto,くいっと押し目版,1.8487394957983128,-2.258085940094312,-3.977980889073529,2.4202271498107164,2.4169491525423727,93415685.0,1.525223950966525,-6.19195046439629,1,2024-06-03,3030.0,0.0,True,0.66,-3.564,1.32,30.858,-6.403,2024-06-13,2963.0,strict_gakutto_next_open,-2.211,9.0
4534,2026-03-19,1108,kuitto_pullback_auto,くいっと押し目版,1.85185185185186,-3.344208809135396,-4.535695115405258,0.5060444194545877,3.3553299492385786,122899650.0,2.6673326673326674,-9.836065573770492,1,2026-03-23,3505.0,-1.958,True,5.278,0.285,-0.856,5.563,-12.411,2026-04-01,3580.0,strict_gakutto_next_open,2.14,8.0
4534,2026-04-13,1124,kuitto_pullback_auto,くいっと押し目版,2.9154518950437414,-2.2509848058525628,-1.9811426647210695,1.0592613799026651,9.955172413793104,683412400.0,3.075677863213274,-4.336043360433606,2,2026-04-14,3550.0,0.567,False,0.563,-5.775,-4.085,3.521,-13.521,2026-04-23,3425.0,strict_gakutto_next_open,-3.521,8.0
4534,2026-05-07,1138,kuitto_pullback_auto,くいっと押し目版,1.7804154302670572,-3.969160479725875,-3.3100045892611285,1.7502224859092363,1.6203866432337435,749388650.0,2.478134110787172,-5.639614855570841,0,2026-05-08,3430.0,0.0,True,-2.77,6.268,-0.437,6.997,-10.496,2026-05-15,3330.0,strict_gakutto_next_open,-2.915,6.0
4536,2023-06-21,438,kuitto_pullback_auto,くいっと押し目版,1.55482815057284,-2.5809554344340957,-3.1969187852659564,1.5963978714695015,2.5273959881129273,2246607407.5,2.069183837918729,-4.317656129529679,1,2023-06-22,1243.5,0.201,True,-0.643,1.126,-4.865,81.263,-6.273,2023-07-07,1237.0,strict_gakutto_next_open,-0.523,12.0
4536,2024-06-20,683,kuitto_pullback_auto,くいっと押し目版,1.5827793605571294,-2.1568019832661878,-0.6355215162264782,1.2047432824523696,1.4461886390847412,2007057785.0,2.0834260784401017,-2.372984484332219,1,2024-06-21,1604.5,0.0,True,1.402,5.422,11.686,40.48,-18.323,2024-07-12,1786.5,max15_next_open,11.343,16.0
4538,2022-06-23,194,kuitto_pullback_auto,くいっと押し目版,1.6997167138810276,-2.507895225710566,-2.287211311569848,2.395892755276674,1.375,22347460.0,2.5732855816421276,-4.563579973416044,0,2022-06-24,2154.0,0.0,True,-0.418,-1.207,-0.046,32.683,-14.531,2022-06-30,2103.0,strict_gakutto_next_open,-2.368,5.0
4538,2022-08-05,224,kuitto_pullback_auto,くいっと押し目版,2.629063097514339,-2.349701698026607,-1.2800296818476942,0.8644179272761399,1.4179104477611941,21278355.0,2.0759864262425975,-3.1137184115523464,0,2022-08-08,2148.0,0.047,True,-2.793,-1.024,-1.257,33.054,-14.292,2022-08-25,2070.0,strict_gakutto_next_open,-3.631,13.0
4538,2024-12-13,803,kuitto_pullback_auto,くいっと押し目版,2.058111380145289,-3.136158981524617,-3.4480098734958387,1.0226092514180607,1.452991452991453,30370925.0,1.7200474495848161,-6.263899184581168,1,2024-12-16,2560.0,1.226,False,0.273,-1.25,-3.945,3.164,-22.266,2024-12-24,2559.0,strict_gakutto_next_open,-0.039,7.0
4544,2022-12-09,308,kuitto_pullback_auto,くいっと押し目版,1.6483516483516425,-2.722542940631445,-1.5595102792444138,1.3883814395323268,1.284215128989943,633808570.0,1.5392535392535394,-2.6657313223430346,0,2022-12-12,2760.0,-0.541,True,0.652,0.29,4.384,48.297,-21.486,2022-12-21,2748.0,strict_gakutto_next_open,-0.435,8.0
4544,2023-09-15,498,kuitto_pullback_auto,くいっと押し目版,2.0785659801678014,-2.3987206823027685,-0.07725885579634717,3.471604747361501,4.368070953436807,968585565.0,1.4170958874863229,0.0,1,2023-09-19,2640.0,-1.364,True,0.606,-5.0,-5.246,55.038,-17.917,2023-09-29,2560.0,strict_gakutto_next_open,-3.03,9.0
4544,2026-06-25,1173,kuitto_pullback_auto,くいっと押し目版,1.6852146263911072,-4.3000970402717,-2.2635398251968586,1.1257272957247544,1.4195872911889944,1000154055.0,2.727150897882605,-7.62564991334489,2,2026-06-26,3245.0,1.47,False,4.438,3.143,3.729,14.545,-1.325,2026-07-10,3345.0,strict_gakutto_next_open,3.082,11.0
4547,2021-11-30,57,kuitto_pullback_auto,くいっと押し目版,2.3756163155535637,-2.726319468717231,-2.851383989852474,2.128420676086562,2.0104918032786885,213489135.0,2.2860895671753814,-4.033613445378148,0,2021-12-01,2276.0,-0.35,True,-2.636,-1.318,-2.241,121.441,-6.327,2021-12-10,2162.2,stop_loss,-5.0,8.0
4548,2022-05-31,177,kuitto_pullback_auto,くいっと押し目版,3.2509752925877766,-3.5282258064516125,-4.798379126309548,3.036594861147157,2.2019344650611923,175794515.0,2.572867938107233,-6.698002350176269,1,2022-06-01,793.0,-0.126,True,1.639,1.765,0.0,23.329,-23.96,2022-06-16,798.0,strict_gakutto_next_open,0.631,12.0
4548,2022-10-03,262,kuitto_pullback_auto,くいっと押し目版,2.166064981949467,-3.848813090573866,-3.267431678879218,1.1195807527393908,1.2823061630218688,51337340.0,1.7836109708901229,-5.351170568561869,0,2022-10-04,867.0,2.12,False,0.923,3.691,2.999,12.803,-30.45,2022-10-24,893.0,strict_gakutto_next_open,2.999,14.0
4548,2026-02-17,1087,kuitto_pullback_auto,くいっと押し目版,2.1676300578034713,-3.160592255125272,-2.144848381407527,2.761627906976738,1.739884393063584,155844385.0,1.929682764194787,-2.0775623268698085,0,2026-02-18,711.0,0.566,False,3.094,0.703,8.158,15.331,-12.377,2026-03-05,735.0,strict_gakutto_next_open,3.376,11.0
4548,2026-05-07,1138,kuitto_pullback_auto,くいっと押し目版,1.9690576652601877,-2.9711141678129382,-3.591476374734315,2.4590163934426146,1.8737446197991392,74634345.0,1.6945812807881773,-4.227212681638049,0,2026-05-08,720.0,-0.69,True,1.944,11.528,8.75,13.889,-13.472,2026-05-29,787.0,max15_next_open,9.306,16.0
4549,2021-11-12,46,kuitto_pullback_auto,くいっと押し目版,1.964949548592676,-2.2270561425315916,-2.341247701113791,1.5658061785865485,1.6090026478375994,364645505.0,1.9642857142857142,-4.047976011994003,0,2021-11-15,1937.0,0.885,False,-2.53,-1.342,-1.6,80.692,-31.131,2021-11-19,1890.0,strict_gakutto_next_open,-2.426,5.0
4549,2022-04-21,153,kuitto_pullback_auto,くいっと押し目版,2.073459715639814,-2.00859166376407,-3.1470055279033016,2.0130254588513807,1.497093023255814,157175080.0,1.832352209601194,-4.701327433628322,0,2022-04-22,1696.0,-1.567,True,1.533,-2.83,-4.658,106.368,-21.344,2022-05-02,1606.0,stop_gap_open,-5.307,6.0
4549,2026-03-25,1111,kuitto_pullback_auto,くいっと押し目版,3.4810126582278444,-4.397757211376064,-3.9900081015392996,3.4737360241895887,1.4220183486238531,511071230.0,3.2571234406096794,-9.5852534562212,3,2026-03-26,2943.0,0.0,True,9.752,14.849,12.81,18.926,-31.329,2026-04-16,3320.0,max15_next_open,12.81,16.0
4553,2022-03-10,124,kuitto_pullback_auto,くいっと押し目版,3.255303584491598,-4.784886927744081,-4.794369611326877,2.097649186256789,1.453416149068323,235084855.0,2.914832245331714,-9.519230769230768,1,2022-03-11,2778.0,-1.594,True,3.996,3.996,-0.864,61.627,-38.697,2022-03-25,2863.0,strict_gakutto_next_open,3.06,10.0
4553,2023-02-27,360,kuitto_pullback_auto,くいっと押し目版,2.0084566596194398,-2.152300912165628,-3.4155100064557797,0.7832898172323688,1.6510172143974962,170452715.0,1.5173945225758696,-5.76171875,0,2023-02-28,1929.0,-0.052,True,-1.14,-1.814,-4.095,132.763,-11.716,2023-03-02,1897.0,strict_gakutto_next_open,-1.659,3.0
4553,2026-09-15,1229,kuitto_pullback_auto,くいっと押し目版,1.540616246498594,-3.832466465918427,-4.990351629502565,2.256699576868826,1.474624060150376,390297550.0,2.70935960591133,-8.459595959595955,1,2026-09-16,3635.0,0.276,True,2.063,,,4.814,-1.513,,,,,
4554,2024-03-29,627,kuitto_pullback_auto,くいっと押し目版,1.7199017199017286,-2.7265150613168254,-2.416911220862261,1.2224938875305513,1.7653374233128833,226790680.0,2.204106280193237,-3.2710280373831724,0,2024-04-01,1660.0,0.242,True,-4.398,-4.819,-8.253,54.157,-34.398,2024-04-03,1586.0,strict_gakutto_next_open,-4.458,3.0
4554,2024-09-19,745,kuitto_pullback_auto,くいっと押し目版,1.601281024819845,-4.105344694035629,-4.8537152650263256,2.0424573817948044,1.5052192066805845,89274540.0,2.5554429809748958,-7.574654042243267,1,2024-09-20,1277.0,0.63,False,0.861,4.855,2.193,100.392,-7.596,2024-10-03,1310.0,strict_gakutto_next_open,2.584,9.0
4559,2022-02-02,100,kuitto_pullback_auto,くいっと押し目版,1.9453207150368135,-3.0591364845508506,-2.821348752332331,2.278721384112248,2.543973941368078,111818810.0,2.1918514698298095,-3.1468531468531458,0,2022-02-03,1929.0,-0.516,True,0.985,2.748,2.644,34.785,-3.577,2022-02-24,1938.0,strict_gakutto_next_open,0.467,14.0
4559,2023-02-10,350,kuitto_pullback_auto,くいっと押し目版,1.7452830188679158,-2.774193548387094,-0.37883050148156405,1.5154367469879526,1.5789473684210527,154558295.0,1.8875422213391617,-2.132486388384758,0,2023-02-13,2160.0,0.139,True,1.065,0.833,1.528,20.37,-13.056,2023-02-24,2169.0,strict_gakutto_next_open,0.417,9.0
4559,2023-03-22,376,kuitto_pullback_auto,くいっと押し目版,1.7732151189920664,-3.8596491228070295,-1.7911159183823133,1.7827142057121437,1.7491525423728813,125971590.0,1.8667714678718805,-2.720785013380911,0,2023-03-23,2154.0,-1.238,True,4.364,4.132,7.521,20.706,-12.813,2023-04-06,2218.0,strict_gakutto_next_open,2.971,11.0
4565,2025-06-25,930,kuitto_pullback_auto,くいっと押し目版,3.1890660592255093,-4.400345125107863,-0.9894370905201177,1.9581363943281582,1.6251865114891078,876413955.0,3.80794701986755,-5.230125523012552,3,2025-06-26,906.0,0.0,True,-5.077,-5.85,-4.746,45.585,-20.199,2025-07-02,860.7,stop_loss,-5.0,5.0
4565,2025-07-10,941,kuitto_pullback_auto,くいっと押し目版,2.464788732394374,-4.031354983202684,-4.076899058834016,1.4880260404557033,2.113561470215463,585155775.0,3.2236949762722955,-5.108695652173911,2,2025-07-11,884.0,1.26,False,-1.81,-0.792,4.412,49.208,-18.213,2025-07-22,839.8,stop_loss,-5.0,7.0
4565,2026-02-03,1078,kuitto_pullback_auto,くいっと押し目版,2.59900990099009,-2.44729827962199,-2.859343410031767,2.700693756194239,1.339554267077369,587244105.0,3.1621575047389285,-7.270693512304249,3,2026-02-04,824.0,-0.603,True,7.767,12.379,13.714,60.073,-1.092,2026-02-27,936.0,max15_next_open,13.592,16.0
4568,2021-10-26,34,kuitto_pullback_auto,くいっと押し目版,2.9385253290066693,-5.339755719938067,-4.954534216092954,3.1505166558277287,1.3818684238495058,11643254430.0,2.6619964973730297,-4.178553448565192,1,2021-10-27,2903.0,1.681,False,-1.791,-4.874,3.221,115.536,-21.185,2021-11-05,2757.85,stop_loss,-5.0,7.0
4568,2021-11-12,46,kuitto_pullback_auto,くいっと押し目版,1.6168717047451597,-2.387305153770536,-1.1598392441655503,3.11374255448158,1.603137421919364,9976125777.5,2.7956218807135444,-1.7502124044180167,1,2021-11-15,2901.0,0.346,True,3.24,0.379,-7.928,115.684,-21.131,2021-12-01,2755.95,stop_loss,-5.0,12.0
4568,2023-10-12,515,kuitto_pullback_auto,くいっと押し目版,1.7813567593948365,-2.6128843908135413,-0.7395129414764834,3.033446964082809,1.2566585268896586,18993959890.0,3.068808439223208,-0.4296968250179001,3,2023-10-13,4145.0,-0.623,True,-13.655,-2.895,-2.364,50.953,-42.34,2023-10-18,3937.75,stop_loss,-5.0,4.0
4568,2024-11-25,789,kuitto_pullback_auto,くいっと押し目版,2.355555555555555,-4.518814235963653,-4.914422139278396,1.8035540624171231,3.1355069818380943,29451449955.0,2.6859375969232677,-8.11889088370238,2,2024-11-26,4528.0,-1.693,True,7.575,1.369,-6.051,9.342,-47.217,2024-12-09,4673.0,strict_gakutto_next_open,3.202,10.0
4569,2021-11-01,38,kuitto_pullback_auto,くいっと押し目版,1.7524024872809463,-2.3129100411431014,-0.8740787344957868,2.0061203672220307,1.7157894736842105,217716010.0,1.4761904761904763,-0.5524861878453025,0,2021-11-02,1781.0,-1.056,True,1.404,0.225,-3.425,8.029,-40.932,2021-11-12,1768.0,strict_gakutto_next_open,-0.73,8.0
4569,2021-12-03,60,kuitto_pullback_auto,くいっと押し目版,2.9550827423167947,-2.198819581067002,-3.0728809687000203,2.6517383618149593,1.2903225806451613,157701950.0,1.7385599475151714,-3.5437430786268043,0,2021-12-06,1737.0,-0.287,True,3.224,3.569,4.26,10.766,-39.436,2021-12-22,1798.0,strict_gakutto_next_open,3.512,13.0
4574,2022-06-09,184,kuitto_pullback_auto,くいっと押し目版,2.910958904109595,-5.252854812398045,-3.0459884531156667,2.8405201916495537,1.54609375,107805935.0,3.375326836225338,-8.939393939393936,3,2022-06-10,595.0,-0.998,True,-4.874,-1.513,-4.37,12.437,-61.681,2022-06-16,586.0,strict_gakutto_next_open,-1.513,5.0
4574,2022-10-28,280,kuitto_pullback_auto,くいっと押し目版,2.9795158286778367,-4.196556671449059,-3.3254327371974424,2.7117384843982295,2.566775244299674,83584980.0,3.0224748127098944,-7.525083612040129,3,2022-10-31,554.0,0.181,True,-5.235,-3.971,-2.888,0.0,-58.845,2022-11-04,537.0,strict_gakutto_next_open,-3.069,4.0
4574,2023-08-10,473,kuitto_pullback_auto,くいっと押し目版,1.7964071856287456,-4.704532415375795,-2.8441543303415417,1.9796040791841607,1.3449637919684003,57595955.0,2.079831932773109,-3.409090909090906,0,2023-08-14,340.0,0.0,True,-4.118,0.588,3.529,45.588,-32.941,2023-08-18,323.0,stop_loss,-5.0,5.0
4574,2023-08-24,482,kuitto_pullback_auto,くいっと押し目版,2.7272727272727337,-2.828520919269284,-2.6548672566371723,2.7272727272727337,4.14878892733564,74711945.0,2.6548672566371683,-3.6931818181818232,0,2023-08-25,335.0,-1.18,True,5.075,3.582,8.06,47.761,-31.94,2023-09-15,363.0,max15_next_open,8.358,16.0
4574,2024-10-29,771,kuitto_pullback_auto,くいっと押し目版,2.617801047120416,-2.0554984583761593,-2.8045930291636934,2.456874019864075,1.7322097378277153,37726370.0,2.295918367346939,-3.2098765432098775,0,2024-10-30,391.0,-0.255,True,-3.836,-4.348,-7.928,13.555,-41.688,2024-11-06,382.0,strict_gakutto_next_open,-2.302,5.0
4577,2025-05-20,904,kuitto_pullback_auto,くいっと押し目版,3.103103103103111,-4.279300792816898,-2.660276311704446,2.6612179806638103,1.8387096774193548,80040920.0,2.493065187239944,-2.2770398481973486,0,2025-05-21,1029.0,-0.097,True,-3.596,-4.373,2.041,47.813,-5.734,2025-05-28,999.0,strict_gakutto_next_open,-2.915,6.0
4578,2024-05-30,668,kuitto_pullback_auto,くいっと押し目版,2.022178734507496,-4.920561468455964,-3.7620352055110717,1.406989561045191,1.4797507788161994,6150153865.0,1.9912312751187429,-5.797319680770974,1,2024-05-31,6206.0,-0.799,True,4.141,2.594,0.113,106.171,-0.725,2024-06-10,6493.0,strict_gakutto_next_open,4.625,7.0
4578,2026-01-23,1071,kuitto_pullback_auto,くいっと押し目版,2.0983606557376966,-2.0216338814498136,-0.4513937772772203,3.2173951473903006,1.2764514896867838,8782455220.0,2.5178150900694254,0.0,1,2026-01-26,9376.0,0.364,True,-1.44,-0.341,14.228,36.465,-4.064,2026-02-17,10600.0,max15_next_open,13.055,16.0
4587,2021-12-08,63,kuitto_pullback_auto,くいっと押し目版,1.6302334197850987,-5.087731660911832,-2.377719353999952,1.4723290914471887,1.3132796602671857,6725591000.0,6.030935888755794,-6.764106050305918,4,2021-12-09,2730.0,-0.474,True,-4.212,6.85,-2.821,12.088,-66.799,2021-12-16,2715.0,strict_gakutto_next_open,-0.549,6.0
4587,2022-09-29,260,kuitto_pullback_auto,くいっと押し目版,2.506265664160412,-4.419358712621602,-2.669796097990307,2.738005526249676,1.314713723498794,1251995350.0,4.344219350331819,-3.8212815990593785,3,2022-09-30,1611.0,-1.528,True,9.932,5.338,-1.924,89.944,-43.737,2022-10-13,1698.0,strict_gakutto_next_open,5.4,9.0
4587,2023-11-30,548,kuitto_pullback_auto,くいっと押し目版,2.967479674796758,-4.299889746416752,-0.15978347708411889,3.4130807544704878,1.6573976122109717,1004341660.0,3.8632902825559756,-3.2467532467532423,3,2023-12-01,1279.0,0.987,False,-4.769,-6.646,-3.753,139.249,-29.132,2023-12-08,1203.0,strict_gakutto_next_open,-5.942,6.0
4587,2024-01-25,584,kuitto_pullback_auto,くいっと押し目版,2.084122773777941,-3.499222395023327,-0.4777997902342346,-1.4197892271662793,1.3084646010039813,1569121760.0,3.9373210308622335,-10.676392572944293,4,2024-01-26,1332.5,-1.076,True,-5.741,-3.415,12.946,129.644,-31.977,2024-02-01,1265.875,stop_loss,-5.0,5.0
4587,2025-03-31,871,kuitto_pullback_auto,くいっと押し目版,3.420427553444183,-4.487665610920278,-0.16242052995498746,1.1899228409407714,2.41978287092883,1633545780.0,4.349038650830107,-5.4711246200607855,3,2025-04-01,2177.5,0.023,True,-22.801,-13.18,-13.846,2.113,-58.374,2025-04-03,1992.0,strict_gakutto_next_open,-8.519,3.0
4587,2026-09-18,1232,kuitto_pullback_auto,くいっと押し目版,2.490421455938696,-2.507401924500363,-1.9651547234295519,1.3641530882910313,1.6680445151033387,841642542.5,3.264352469959947,-3.992821893225662,3,2026-09-24,1057.0,-1.215,True,,,,1.798,-0.946,,,,,
4612,2022-09-08,247,kuitto_pullback_auto,くいっと押し目版,2.7436140018921584,-2.882648316905334,-1.8214459363429025,3.4285714285714253,1.4976357771001811,3626323190.0,3.282031044461984,-4.401408450704225,3,2022-09-09,1060.0,-2.394,True,4.245,-5.094,-6.509,27.547,-23.792,2022-09-20,1095.0,strict_gakutto_next_open,3.302,7.0
4612,2025-02-13,841,kuitto_pullback_auto,くいっと押し目版,2.628205128205141,-3.9617823902479254,-3.9882315821392123,2.492424565746232,1.6341505405963777,2523524362.0,2.1288777847178855,-5.731108930323847,1,2025-02-14,975.6,1.562,False,5.781,14.135,18.44,38.581,-2.737,2025-03-10,1160.5,max15_next_open,18.952,16.0
4612,2025-09-30,995,kuitto_pullback_auto,くいっと押し目版,2.020202020202011,-2.0164536333470706,-3.478361579739797,0.9919206463482988,1.9370052133616529,3681145974.5,1.647807637906647,-6.133828996282531,2,2025-10-01,1011.5,0.149,True,2.274,1.78,0.643,26.792,-6.12,2025-10-03,997.1,strict_gakutto_next_open,-1.424,3.0
4612,2026-06-12,1164,kuitto_pullback_auto,くいっと押し目版,1.8003438859107934,-4.112327086343037,-3.337379122143158,3.2519491177677606,1.8674833904616817,5403735598.0,2.784756227379178,-5.09193776520509,1,2026-06-15,1028.0,2.136,False,4.086,2.529,5.788,24.757,-0.292,2026-06-24,1030.0,strict_gakutto_next_open,0.195,8.0
4613,2024-09-26,749,kuitto_pullback_auto,くいっと押し目版,2.0392458637937594,-2.993335592454538,-1.2221203788573165,2.536343952984832,1.7553118574366005,3140740812.5,2.3849924585218703,-2.0679468242245203,1,2024-09-27,2592.5,-2.244,True,-3.221,-2.411,-4.108,19.229,-26.905,2024-10-03,2509.0,strict_gakutto_next_open,-3.221,5.0
4613,2025-03-06,855,kuitto_pullback_auto,くいっと押し目版,2.6469899273834585,-3.1479967293540523,-0.1151275763305204,2.6566087241718606,1.415100060642814,2142354652.5,2.1076481710895223,-1.704800358905334,1,2025-03-07,2181.0,-0.456,True,2.568,3.53,1.284,41.724,-13.113,2025-03-31,2138.0,max15_next_open,-1.972,16.0
4613,2025-05-23,907,kuitto_pullback_auto,くいっと押し目版,1.7552413456850324,-2.991493383742916,-3.1051623796183647,1.5818934047213462,1.3210646704096485,1734614387.5,2.5515093435553426,-4.506977808281853,1,2025-05-26,2078.0,-0.431,True,-1.083,-3.754,-4.427,48.749,-8.807,2025-05-29,2065.5,strict_gakutto_next_open,-0.602,4.0
4617,2026-05-19,1146,kuitto_pullback_auto,くいっと押し目版,2.4630541871921263,-5.320012488292225,-4.560053779504036,1.7413422030913672,1.356023102310231,1379713995.0,3.717948717948718,-7.55555555555556,4,2026-05-20,3095.0,-0.801,True,12.763,2.585,2.423,25.525,-3.134,2026-06-02,3250.0,strict_gakutto_next_open,5.008,10.0
4626,2023-10-12,515,kuitto_pullback_auto,くいっと押し目版,1.707026597856287,-3.160942023315849,-2.430647704388289,2.4799999999999933,1.3275590551181102,249043715.0,2.0463923274227724,-2.6225769669327215,0,2023-10-13,1276.5,-0.351,True,-3.721,-8.578,-0.509,391.579,-8.813,2023-10-23,1212.675,stop_loss,-5.0,7.0
4626,2024-04-26,647,kuitto_pullback_auto,くいっと押し目版,3.4653465346534684,-3.6133122028526143,-4.509118161378966,2.517985611510798,1.4856361149110806,297312200.0,2.0050125313283207,-5.000000000000004,0,2024-04-30,1567.5,0.0,True,-1.276,0.159,-1.276,300.319,-10.048,2024-05-01,1489.125,stop_loss,-5.0,2.0
4631,2026-05-07,1138,kuitto_pullback_auto,くいっと押し目版,2.6446280991735627,-3.115046158829571,-2.069623478138316,3.12188641647293,2.1205564142194744,1305543125.0,1.8940265317076912,-2.2816679779701032,1,2026-05-08,3667.0,-1.583,True,3.327,26.179,30.543,60.24,-1.554,2026-05-29,4834.0,max15_next_open,31.824,16.0
4633,2022-05-30,176,kuitto_pullback_auto,くいっと押し目版,1.7185821697099923,-2.60739474246634,-3.3659524211236747,3.339153208206036,1.9103362391033625,70146005.0,2.421179665107859,-6.1446977205153575,1,2022-05-31,946.0,-0.106,True,-0.951,-4.545,-9.619,189.641,-9.831,2022-06-13,908.0,strict_gakutto_next_open,-4.017,10.0
4633,2022-08-22,234,kuitto_pullback_auto,くいっと押し目版,2.35294117647058,-4.879040455377104,-3.825673793724904,1.8952299829642305,1.8248337028824835,85078620.0,1.9704433497536946,-4.965243296921551,0,2022-08-23,951.0,-0.627,True,1.262,0.315,4.206,188.118,-2.524,2022-09-02,958.0,strict_gakutto_next_open,0.736,9.0
4633,2022-09-08,247,kuitto_pullback_auto,くいっと押し目版,1.675392670157061,-2.383888203863549,-0.9070860899596411,1.9315557421792917,1.4593698175787728,55014045.0,1.8905399440929824,-0.8171603677221695,0,2022-09-09,968.0,-0.309,True,1.033,1.24,-0.413,183.058,-4.029,2022-09-20,996.0,strict_gakutto_next_open,2.893,7.0
4633,2023-12-06,552,kuitto_pullback_auto,くいっと押し目版,2.4653312788905923,-2.6264445444994733,-0.7809401787620907,2.229054573405076,1.3480956598759966,195248860.0,1.9763694951664876,-4.454022988505746,0,2023-12-07,1320.0,-0.752,True,0.303,-0.758,1.364,107.576,-2.955,2023-12-14,1320.0,strict_gakutto_next_open,0.0,6.0
4633,2025-11-26,1033,kuitto_pullback_auto,くいっと押し目版,1.5866020273248127,-4.594062794079912,-1.8119233994967843,2.5447103834860707,2.716880815241471,495410865.0,2.107220328478463,-2.742616033755274,0,2025-11-27,2299.0,-0.26,True,-1.174,-0.696,-0.652,19.182,-7.351,2025-12-04,2280.0,strict_gakutto_next_open,-0.826,6.0
4633,2026-09-15,1229,kuitto_pullback_auto,くいっと押し目版,2.003142183817763,-3.9203768424251773,-2.9826909621878173,1.7872540565963657,1.6904458598726115,337914975.0,2.197590626547115,-3.707823507601038,0,2026-09-16,2608.0,0.424,True,2.914,,,3.221,-0.115,,,,,
4634,2024-06-27,688,kuitto_pullback_auto,くいっと押し目版,1.6819571865443361,-2.601241501625773,-1.868602713639611,0.818677986658578,2.6436974789915966,596110275.0,2.1267454350161112,-3.76266280752533,0,2024-06-28,3335.0,0.301,True,-2.249,-0.15,-0.9,56.522,-26.747,2024-07-05,3270.0,strict_gakutto_next_open,-1.949,6.0
4641,2024-01-10,573,kuitto_pullback_auto,くいっと押し目版,2.46443374033829,-3.3761427949499323,-0.8569044935343717,2.3543629568292257,1.75,125263398.0,2.0037795373971194,-1.8246216593324038,0,2024-01-11,919.3,0.503,False,-2.567,3.416,4.569,14.946,-22.626,2024-01-18,900.0,strict_gakutto_next_open,-2.099,6.0
4658,2024-07-31,711,kuitto_pullback_auto,くいっと押し目版,2.7972027972027913,-3.0763239875389425,-3.492222393346689,2.633153800119681,1.5300207039337475,53192275.0,2.200472025544912,-2.9245283018867974,0,2024-08-01,999.0,-2.915,True,-5.005,-4.004,0.1,73.674,-17.718,2024-08-02,949.05,stop_loss,-5.0,2.0
4661,2022-10-28,280,kuitto_pullback_auto,くいっと押し目版,2.9789419619928204,-3.578799013439382,-1.7878923402179225,3.751617076326008,4.410757649344342,18480768375.0,2.0235126469540434,0.0,1,2022-10-31,4000.0,-0.249,True,-1.125,-3.15,-1.8,44.125,-47.425,2022-11-22,3961.0,max15_next_open,-0.975,16.0
4661,2023-02-28,361,kuitto_pullback_auto,くいっと押し目版,1.5639589169000878,-2.468278225432996,-1.2790665058483697,3.0212624899370155,2.674356333676622,15803581800.0,1.484059493712447,-0.6167199634536269,1,2023-03-01,4332.0,-0.437,True,0.877,1.108,1.847,33.079,-51.454,2023-03-16,4298.0,strict_gakutto_next_open,-0.785,12.0
4661,2024-04-10,635,kuitto_pullback_auto,くいっと押し目版,2.088607594936698,-2.8861989459815662,-3.2508055634865585,2.002529510961204,1.8775653640708463,20005762495.0,1.7211348271484666,-3.969041476483426,1,2024-04-11,4799.0,-0.827,True,-5.918,-1.5,-9.773,0.688,-56.178,2024-04-17,4559.05,stop_loss,-5.0,5.0
4661,2024-07-29,709,kuitto_pullback_auto,くいっと押し目版,3.2483645386871096,-3.5456336178594894,-1.906595453980875,3.491159046714598,1.3709962860490041,17605433790.0,2.3580636099753427,-0.952174853927723,1,2024-07-30,4543.0,-0.743,True,-20.889,-14.748,-11.072,0.902,-53.709,2024-07-31,4232.0,stop_gap_open,-6.846,2.0
4661,2025-10-06,999,kuitto_pullback_auto,くいっと押し目版,2.0039514535704184,-2.0142048607257768,-1.6032397647841923,1.8774313581778168,1.8085600929747927,14874665430.0,2.5041505257332597,-2.718707940780618,1,2025-10-07,3604.0,-0.277,True,-1.221,-0.139,-2.469,0.916,-41.648,2025-10-09,3444.0,strict_gakutto_next_open,-4.44,3.0
4662,2025-10-06,999,kuitto_pullback_auto,くいっと押し目版,1.7780502759043637,-2.195510854900029,-1.0828718354430333,3.7240689827543028,2.175,48781230.0,2.336488812392427,-0.18039687312086938,0,2025-10-07,1660.0,0.0,True,-6.687,-3.795,-0.964,35.482,-9.88,2025-10-10,1571.0,stop_gap_open,-5.361,4.0
4665,2026-08-10,1204,kuitto_pullback_auto,くいっと押し目版,1.9741320626276426,-5.134143144280346,-2.4223402543054773,2.955326460481089,1.9769539078156313,443084990.0,2.252209294932926,-4.362630346882312,0,2026-08-12,4621.0,2.826,False,-1.558,1.32,1.58,3.636,-2.705,2026-08-20,4632.0,strict_gakutto_next_open,0.238,7.0
4666,2023-01-19,334,kuitto_pullback_auto,くいっと押し目版,3.161478599221801,-3.9626824311841724,-2.6873799444247726,1.6193944039862185,1.3773584905660377,1811772805.0,2.6133225567454703,-6.769230769230772,2,2023-01-20,2137.0,0.754,False,5.615,0.983,-4.212,9.078,-40.197,2023-02-10,2061.0,max15_next_open,-3.556,16.0
4666,2023-06-02,425,kuitto_pullback_auto,くいっと押し目版,1.7711823839157592,-3.5552263679288876,-1.6439749166713757,1.7614397855638675,1.3496089621644474,1914162290.0,2.718048649375084,-3.319690768531147,1,2023-06-05,2176.0,2.352,False,-0.483,-0.735,-3.676,7.123,-41.268,2023-06-16,2131.0,strict_gakutto_next_open,-2.068,10.0
4666,2024-01-04,570,kuitto_pullback_auto,くいっと押し目版,2.8492392807745404,-4.160909767244125,-0.2947711124309804,2.5372311086596877,1.578875359146258,3059926967.5,3.6213786213786214,-3.778467908902694,3,2024-01-05,1859.0,0.0,True,-0.941,-2.959,0.35,25.39,-31.253,2024-01-15,1854.0,strict_gakutto_next_open,-0.269,6.0
4666,2025-01-22,826,kuitto_pullback_auto,くいっと押し目版,2.130859864627732,-4.846157585184474,-4.604562958376057,3.301384451544198,1.74613987284287,3173566167.5,2.3616663160109406,-9.90712074303406,2,2025-01-23,2035.0,-0.098,True,2.457,6.83,2.088,14.545,-16.757,2025-02-14,2051.0,max15_next_open,0.786,16.0
4668,2021-11-15,47,kuitto_pullback_auto,くいっと押し目版,1.9748653500897717,-2.641640597844963,-4.658279496769824,1.2838801711840375,1.359046283309958,76095480.0,1.6976861167002013,-7.642276422764227,1,2021-11-16,565.0,-0.528,True,-1.77,-4.248,0.708,43.009,-6.726,2021-11-22,555.0,strict_gakutto_next_open,-1.77,5.0
4668,2022-09-09,248,kuitto_pullback_auto,くいっと押し目版,1.5075376884422065,-2.368421052631575,-2.5037687618797877,1.8487394957983128,1.7454545454545454,97948250.0,1.225836869401226,-2.4154589371980673,0,2022-09-12,606.0,0.0,True,0.165,0.33,0.0,33.333,-4.785,2022-09-22,602.0,strict_gakutto_next_open,-0.66,8.0
4674,2024-11-12,780,kuitto_pullback_auto,くいっと押し目版,3.3884297520661244,-2.4907003072941913,-3.471337579617828,3.1837677334213055,2.988857938718663,53648185.0,2.906246431426287,-5.727204220045213,0,2024-11-13,1275.0,1.918,False,-0.235,-3.529,-2.588,65.333,-21.176,2024-11-18,1211.25,stop_loss,-5.0,4.0
4676,2023-11-24,544,kuitto_pullback_auto,くいっと押し目版,2.6936026936027035,-2.320354333311303,-1.2035374692466294,2.638309328307975,1.2801699169723886,909425932.5,2.496487119437939,-1.9922879177377895,1,2023-11-27,1532.5,0.492,True,3.817,5.742,8.515,191.419,-6.46,2023-12-18,1650.0,max15_next_open,7.667,16.0
4676,2024-01-04,570,kuitto_pullback_auto,くいっと押し目版,2.7353689567430006,-3.624681779609651,-1.5939358715948093,1.470218647901489,1.4362985299660762,1313660705.0,2.7708978328173375,-8.003417829678149,2,2024-01-05,1611.0,-0.248,True,5.276,8.814,7.2,177.219,-11.018,2024-01-29,1736.5,max15_next_open,7.79,16.0
4676,2024-03-08,613,kuitto_pullback_auto,くいっと押し目版,2.8989586265128153,-3.276836158192098,-4.002391399502503,1.6459074733095935,1.3041802549659056,1422769477.5,2.5437636761487967,-6.472243540547451,2,2024-03-11,1792.0,-1.969,True,1.339,3.767,8.705,149.219,-20.006,2024-03-27,1824.0,strict_gakutto_next_open,1.786,12.0
4676,2025-12-08,1041,kuitto_pullback_auto,くいっと押し目版,2.8018486424032263,-2.328759323577967,-0.05331108175138377,3.1713821892393357,1.3765720445562344,2554641460.0,2.3401437000762653,-0.36394176931691113,1,2025-12-09,3548.0,-0.309,True,1.212,0.817,5.637,25.874,-6.201,2025-12-12,3447.0,strict_gakutto_next_open,-2.847,4.0
4676,2026-07-01,1177,kuitto_pullback_auto,くいっと押し目版,1.6279069767441756,-3.698896820246589,-1.8042253663568486,1.2668005561563334,1.4171266361772592,3174366035.0,3.772111438015328,-5.818965517241381,3,2026-07-02,4003.0,1.78,False,1.549,4.572,0.425,7.145,-3.797,2026-07-21,4078.0,strict_gakutto_next_open,1.874,13.0
4680,2024-05-07,651,kuitto_pullback_auto,くいっと押し目版,3.2352941176470695,-2.474690663667045,-3.3281389136242345,1.0362694300518172,1.8711908767994017,1092741370.0,2.676027676027676,-4.3596730245231585,1,2024-05-08,702.0,0.0,True,3.846,3.276,-2.564,136.182,-8.547,2024-05-17,720.0,strict_gakutto_next_open,2.564,8.0
4680,2026-01-23,1071,kuitto_pullback_auto,くいっと押し目版,1.689639839928847,-3.5492227979274538,-0.5484168678120183,2.0344427589899183,1.942693640686709,3148460302.5,2.9608345305765504,-2.680851063829792,3,2026-01-26,1125.0,-1.618,True,-3.378,-2.356,-12.427,25.244,-29.947,2026-01-28,1096.0,strict_gakutto_next_open,-2.578,3.0
4681,2022-02-02,100,kuitto_pullback_auto,くいっと押し目版,2.841530054644803,-2.9120997206103616,-2.5603636831496357,3.5431338028169,1.2501722949689869,566547760.0,2.3493244269014726,-1.517530088958663,0,2022-02-03,945.0,0.425,True,1.799,8.042,2.275,119.471,-2.751,2022-02-24,949.5,strict_gakutto_next_open,0.476,14.0
4681,2022-06-21,192,kuitto_pullback_auto,くいっと押し目版,2.6641294005708804,-4.194382852919443,-1.5204523534862568,3.6005760921747454,3.4506742370475516,687371430.0,2.3467496359062623,-1.2808783165599302,0,2022-06-22,1079.0,0.0,True,2.641,0.834,-6.163,92.215,-9.453,2022-07-04,1085.0,strict_gakutto_next_open,0.556,9.0
4681,2026-06-09,1161,kuitto_pullback_auto,くいっと押し目版,3.2757051865332176,-2.5031289111389188,-3.443666678391788,3.3697632058287796,1.6322127446061214,1106618422.5,2.855045101741137,-3.9221218961625337,1,2026-06-10,1718.0,0.91,False,0.233,-0.204,1.251,12.864,-3.492,2026-06-24,1720.0,strict_gakutto_next_open,0.116,11.0
4684,2024-05-31,669,kuitto_pullback_auto,くいっと押し目版,1.82500000000001,-2.779767875053729,-1.6248624225221553,-0.06869816968448905,3.1942517343904857,4803416700.0,1.483637894146119,-4.456955195871448,1,2024-06-03,4099.0,0.638,False,-1.439,-0.22,-0.146,38.034,-11.125,2024-06-24,4086.0,max15_next_open,-0.317,16.0
4684,2025-03-04,853,kuitto_pullback_auto,くいっと押し目版,1.900618273414234,-2.149478303703367,-3.3111588172413553,1.6492302069532672,1.4677840362687182,3825833120.0,1.8715890850722314,-4.1154923507864645,1,2025-03-05,4479.0,0.652,False,-1.719,-2.166,-3.416,26.323,-18.665,2025-03-07,4284.0,strict_gakutto_next_open,-4.354,3.0
4686,2022-09-26,257,kuitto_pullback_auto,くいっと押し目版,2.4844720496894457,-2.9749631811487487,-4.658564814814814,0.15174506828528056,1.2723287671232877,699699000.0,2.716450216450216,-10.69012178619756,1,2022-09-27,3330.0,0.909,False,-3.904,-5.556,-5.405,60.661,-25.916,2022-10-03,3163.5,stop_loss,-5.0,5.0
4686,2023-09-26,504,kuitto_pullback_auto,くいっと押し目版,2.4638180565127454,-5.413748464832202,-4.728280419403408,3.95399244860859,2.399120050282841,553252907.5,2.572725744072642,-4.296749275828771,0,2023-09-27,2936.0,-1.261,True,-2.503,-4.513,-5.45,82.221,-15.974,2023-10-04,2815.0,strict_gakutto_next_open,-4.121,6.0
4687,2022-09-08,247,kuitto_pullback_auto,くいっと押し目版,2.04255319148936,-2.974904437427306,-2.5715800636267216,1.9557823129251695,1.3772727272727272,35230230.0,2.162516382699869,-5.960784313725487,1,2022-09-09,596.5,-0.5,True,1.928,0.251,4.526,169.405,-1.928,2022-09-14,625.0,strict_gakutto_next_open,4.778,4.0
4687,2022-11-09,287,kuitto_pullback_auto,くいっと押し目版,2.5984251968503846,-2.29579884429173,-2.4469668775586095,3.560642187251628,2.668016194331984,53250705.0,2.242078719438658,-1.9563581640331118,0,2022-11-10,649.0,-0.384,True,-1.002,14.33,12.712,147.612,-2.157,2022-12-02,739.5,max15_next_open,13.945,16.0
4689,2023-06-02,425,kuitto_pullback_auto,くいっと押し目版,1.5544041450777257,-2.1739130434782594,-1.9329260074576582,1.013571551279857,1.380723141274447,5212068259.0,1.7189018464528698,-3.2098765432098775,1,2023-06-05,357.5,1.332,False,-1.79,0.531,-1.538,59.86,-5.594,2023-06-12,356.3,strict_gakutto_next_open,-0.336,6.0
4694,2023-02-10,350,kuitto_pullback_auto,くいっと押し目版,1.757188498402562,-3.286821705426357,-2.3403460724511382,1.4977692797960573,2.0692883895131087,159416575.0,2.2650818569185915,-5.489614243323437,0,2023-02-13,3140.0,-1.413,True,0.318,1.752,1.592,39.65,-17.452,2023-02-15,3110.0,strict_gakutto_next_open,-0.955,3.0
4694,2026-08-07,1203,kuitto_pullback_auto,くいっと押し目版,2.57142857142858,-3.1146637265711097,-2.474203927660046,2.1046643913538166,1.6356275303643724,295714050.0,2.2582570632709906,-2.972972972972976,0,2026-08-10,3595.0,0.139,True,-0.417,1.113,2.086,3.616,-2.364,2026-08-18,3565.0,strict_gakutto_next_open,-0.834,6.0
4704,2022-12-14,311,kuitto_pullback_auto,くいっと押し目版,1.67682926829269,-2.483542788749249,-4.831114470088949,1.863164324984723,1.3693259972489684,3970518650.0,2.238166630970229,-7.4895977808599135,2,2022-12-15,6640.0,-0.45,True,-5.422,-5.422,-9.639,83.133,-27.877,2022-12-20,6440.0,strict_gakutto_next_open,-3.012,4.0
4709,2024-07-17,701,kuitto_pullback_auto,くいっと押し目版,2.1203830369357135,-3.0266343825665842,-0.3295345324728749,2.8378564540570306,2.7051282051282053,30888900.0,2.02851401779734,-0.928998009289983,0,2024-07-18,744.0,-0.335,True,0.202,-5.04,-19.153,71.304,-29.167,2024-07-25,731.0,strict_gakutto_next_open,-1.747,6.0
4714,2024-04-08,633,kuitto_pullback_auto,くいっと押し目版,2.2935779816513735,-2.14861235452104,-1.1564871702204549,1.9195612431444298,1.911896243291592,129238345.0,1.4093529788597052,-2.1929824561403466,0,2024-04-09,303.0,35.874,False,-8.581,-10.561,-8.911,0.66,-38.284,2024-04-10,279.0,stop_gap_open,-7.921,2.0
4718,2023-06-02,425,kuitto_pullback_auto,くいっと押し目版,2.0467836257309857,-2.3484201537147698,-2.1004825432869856,1.188750362423896,3.322834645669291,33873455.0,1.7857142857142856,-6.182795698924726,1,2023-06-05,1411.0,1.074,False,-3.047,-1.417,-7.229,109.426,-8.717,2023-06-21,1362.0,strict_gakutto_next_open,-3.473,13.0
4718,2024-10-28,770,kuitto_pullback_auto,くいっと押し目版,3.0778894472361706,-2.0955882352941213,-0.8310454849002058,2.319491208380109,1.8414634146341464,26653230.0,1.7193349003221035,-2.088305489260145,0,2024-10-29,1638.0,-0.183,True,3.541,8.913,11.538,80.403,-0.488,2024-11-15,1791.0,strict_gakutto_next_open,9.341,13.0
4719,2023-03-03,364,kuitto_pullback_auto,くいっと押し目版,1.8181818181818077,-2.3113207547169834,-0.02887252778980276,1.0830324909747224,1.2916666666666667,35757650.0,2.227891156462585,-2.0979020979020935,0,2023-03-06,4200.0,0.0,True,0.833,-3.69,-5.238,5.238,-42.262,2023-03-14,4075.0,strict_gakutto_next_open,-2.976,7.0
4719,2023-03-28,380,kuitto_pullback_auto,くいっと押し目版,1.7587939698492372,-3.025086079685191,-3.8265677287938393,2.1180030257186067,1.5507246376811594,43330150.0,2.5573192239858904,-8.163265306122447,1,2023-03-29,4045.0,-0.123,True,1.236,-1.731,1.483,7.54,-40.049,2023-04-06,3950.0,strict_gakutto_next_open,-2.349,7.0
4719,2023-04-12,391,kuitto_pullback_auto,くいっと押し目版,1.8867924528301883,-4.446064139941686,-2.50036987720077,2.427921092564489,1.2686567164179106,41263175.0,2.2134038800705467,-2.409638554216864,0,2023-04-13,4040.0,-0.247,True,1.856,0.0,4.332,7.673,-39.975,2023-04-24,4075.0,strict_gakutto_next_open,0.866,8.0
4719,2023-11-30,548,kuitto_pullback_auto,くいっと押し目版,1.9336008755928447,-2.7009828183553686,-1.6922067174614086,1.3788098693759077,5.956810631229236,82887300.0,2.3622047244094486,-4.511278195488721,0,2023-12-01,2849.0,1.969,False,2.948,2.176,1.895,48.824,-14.882,2023-12-22,2920.0,max15_next_open,2.492,16.0
4719,2024-03-06,611,kuitto_pullback_auto,くいっと押し目版,2.2831050228310446,-4.633093525179854,-0.41456380677722393,1.3574660633484115,1.7,54441250.0,2.465986394557823,-4.0000000000000036,0,2024-03-07,3375.0,0.446,True,-2.963,-0.444,-3.852,25.63,-28.148,2024-03-26,3245.0,strict_gakutto_next_open,-3.852,13.0
4719,2025-07-17,946,kuitto_pullback_auto,くいっと押し目版,2.478134110787167,-2.056917441532824,-2.020941229452833,0.9767308244757356,1.8333333333333333,29125100.0,2.042267831741516,-6.0160427807486645,1,2025-07-18,3490.0,-0.711,True,1.289,3.725,9.742,21.49,-12.464,2025-07-31,3495.0,strict_gakutto_next_open,0.143,9.0
4722,2022-11-11,289,kuitto_pullback_auto,くいっと押し目版,1.5299877600979173,-3.2388169151796653,-1.1488276510931206,3.8822792736380674,1.313778256189451,660802275.0,3.8233014724877292,-1.9503546099290725,2,2022-11-14,1655.0,-0.241,True,-1.571,3.625,0.846,49.366,-14.079,2022-11-16,1572.25,stop_loss,-5.0,3.0
4725,2022-08-22,234,kuitto_pullback_auto,くいっと押し目版,2.2095509622238163,-4.044572843582328,-1.5491692860350237,2.194982896237163,2.09375,21510770.0,1.7234508866308031,-1.9822282980177741,0,2022-08-23,1435.0,0.07,True,-0.557,-1.394,0.279,55.61,-4.669,2022-09-02,1427.0,strict_gakutto_next_open,-0.557,9.0
4732,2022-10-04,263,kuitto_pullback_auto,くいっと押し目版,2.0942408376963373,-5.168109187749659,-4.151987921489686,2.3890784982935065,1.398904802021904,1812936475.0,2.286324786324786,-4.372701266857382,1,2022-10-05,1178.5,0.726,False,-5.515,-5.728,-5.558,80.866,-15.359,2022-10-11,1119.575,stop_loss,-5.0,4.0
4732,2022-12-09,308,kuitto_pullback_auto,くいっと押し目版,1.9114219114219066,-5.136111355827677,-1.332359919693371,1.0913799482056952,1.2806069424236126,1806372240.0,2.264409881061299,-4.790940766550522,1,2022-12-12,1092.0,-0.091,True,1.282,-2.61,-4.075,95.192,-8.654,2022-12-21,1065.0,strict_gakutto_next_open,-2.473,8.0
4733,2023-03-01,362,kuitto_pullback_auto,くいっと押し目版,1.572327044025168,-2.4038461538461564,-3.360652361929073,3.238866396761142,1.412487205731832,513985675.0,1.9976411617278491,-3.293413173652693,0,2023-03-02,4830.0,-0.31,True,1.242,-1.449,0.621,94.182,-3.002,2023-03-15,4845.0,strict_gakutto_next_open,0.311,10.0
4733,2023-09-27,505,kuitto_pullback_auto,くいっと押し目版,2.368866328257191,-2.6160889470241977,-2.010873125040946,1.1029411764705843,1.3447236180904523,1038357000.0,2.384887839433294,-6.4914992272024685,2,2023-09-28,5960.0,-1.488,True,2.349,6.04,3.188,57.366,-10.134,2023-10-10,6120.0,strict_gakutto_next_open,2.685,8.0
4733,2023-12-19,561,kuitto_pullback_auto,くいっと押し目版,1.8316681804420254,-3.3859914043442907,-0.18111813460315318,1.0424176880557523,1.5712012728719174,1087659325.0,2.4506785024103297,-3.4863701578192297,1,2023-12-20,6627.0,-1.487,True,-4.829,-4.301,5.463,41.527,-19.179,2023-12-21,6295.65,stop_loss,-5.0,2.0
4733,2024-10-09,758,kuitto_pullback_auto,くいっと押し目版,1.8249176728869276,-3.5918192296351847,-1.1269541690758555,2.3529736290411662,1.515,1209706205.0,2.6238281325196837,-2.980781801542687,1,2024-10-10,7469.0,0.647,False,-2.075,-5.048,-8.689,25.572,-25.599,2024-10-18,7291.0,strict_gakutto_next_open,-2.383,6.0
4733,2024-11-07,777,kuitto_pullback_auto,くいっと押し目版,3.1004302032339393,-3.6285989026528687,-4.702437825122507,1.8732960042215252,1.6887232059645854,1670918400.0,3.008221993833505,-8.79265091863517,4,2024-11-08,7050.0,1.439,False,1.702,-0.993,3.433,33.035,-21.177,2024-11-18,6930.0,strict_gakutto_next_open,-1.702,7.0
4733,2025-03-12,859,kuitto_pullback_auto,くいっと押し目版,2.2482893450635366,-2.9361896816212263,-2.4393539008586984,1.3930816739136542,1.5489296636085628,1190663695.0,2.7363717953720683,-3.3782000527843747,1,2025-03-13,7360.0,0.519,False,-2.174,-0.72,-3.397,27.432,-24.497,2025-04-04,7260.0,max15_next_open,-1.359,16.0
4743,2023-08-14,474,kuitto_pullback_auto,くいっと押し目版,2.8999064546304965,-2.0214897104352647,-0.8390681926912835,2.059751345333094,1.7277667984189724,109171915.0,1.9935064935064934,-0.4524886877828038,0,2023-08-15,1098.0,-0.182,True,-1.73,-4.463,-1.275,61.931,-7.104,2023-08-22,1094.0,strict_gakutto_next_open,-0.364,6.0
4751,2021-11-04,40,kuitto_pullback_auto,くいっと押し目版,1.6210739614994862,-3.0146254104069348,-4.993886225569167,2.4514811031664863,1.4819225363111042,7679203430.0,3.3862697621421454,-6.6542577943229375,4,2021-11-05,2046.0,1.994,False,-2.444,10.068,2.102,10.362,-63.035,2021-11-10,1943.7,stop_loss,-5.0,4.0
4751,2023-07-26,462,kuitto_pullback_auto,くいっと押し目版,2.679900744416863,-4.024182883053085,-3.6339854413102723,1.750762270089501,1.2594795539033456,4422638562.5,2.3959124490782293,-4.522381172127366,1,2023-07-27,959.0,-7.298,True,-5.725,-4.494,-9.062,101.564,-21.137,2023-07-27,911.05,stop_loss,-5.0,1.0
4751,2024-04-09,634,kuitto_pullback_auto,くいっと押し目版,1.8656716417910557,-4.250316512931818,-0.8284509460014244,2.728127939793046,1.733323494687131,3757486635.0,2.7341705913134486,-2.97645490892936,1,2024-04-10,1099.0,0.641,False,-10.737,-7.052,-10.61,75.887,-27.434,2024-04-11,1040.0,stop_gap_open,-5.369,2.0
4751,2024-10-09,758,kuitto_pullback_auto,くいっと押し目版,1.5285996055226736,-2.2137998056365404,-1.6024794543957555,1.5887112689954686,1.5089382005947907,3130309755.0,2.3104142093942968,-2.73972602739726,1,2024-10-10,1033.0,0.34,True,-0.484,-3.582,-2.565,87.125,-7.357,2024-10-18,1035.0,strict_gakutto_next_open,0.194,6.0
4755,2024-12-06,798,kuitto_pullback_auto,くいっと押し目版,2.6040428061831156,-2.607973804966901,-4.916005127397838,2.0434710626522357,1.4263658494062648,19672913954.0,2.2879658295117755,-10.571043631464406,2,2024-12-09,892.9,3.477,False,10.024,3.013,-2.307,19.666,-24.045,2024-12-20,929.0,strict_gakutto_next_open,4.043,10.0
4763,2023-01-11,328,kuitto_pullback_auto,くいっと押し目版,2.0196789228378975,-2.58347799448585,-2.7769301190113005,3.0550324335635093,1.5498281786941581,168467925.0,2.8208846990572876,-3.80859375,0,2023-01-12,2010.0,2.03,False,2.985,8.308,8.607,20.398,-39.652,2023-02-02,2195.0,max15_next_open,9.204,16.0
4763,2023-03-02,363,kuitto_pullback_auto,くいっと押し目版,2.6170798898071723,-3.0340557275541746,-1.047939172793133,1.4986376021798309,2.3224043715846996,138540960.0,2.2211569191434966,-2.3591087811271283,0,2023-03-03,2249.0,0.626,False,5.202,-5.736,-1.779,7.603,-46.065,2023-03-14,2202.0,strict_gakutto_next_open,-2.09,8.0
4763,2023-03-24,378,kuitto_pullback_auto,くいっと押し目版,2.9356943150046666,-5.133908710739399,-3.248740100791947,2.7346293368058827,1.6776315789473684,124302895.0,3.0783159800814848,-6.635672020287409,3,2023-03-27,2204.0,-0.226,True,4.492,0.454,4.356,9.8,-44.964,2023-04-17,2299.0,max15_next_open,4.31,16.0
4763,2023-07-27,463,kuitto_pullback_auto,くいっと押し目版,1.5430562468889963,-2.1683168316831702,-0.022206072351427242,2.978293791014641,1.8571428571428572,257531945.0,2.9866946778711485,-1.4968614196040564,2,2023-07-28,2016.0,-1.176,True,-4.365,0.298,2.034,12.103,-39.831,2023-08-04,1927.0,strict_gakutto_next_open,-4.415,6.0
4763,2026-03-27,1113,kuitto_pullback_auto,くいっと押し目版,1.9718309859154903,-2.2153238323691316,-2.316213494461239,3.6655211912943964,1.9768518518518519,89831375.0,2.04715864246251,-2.425876010781669,0,2026-03-30,1401.0,-3.246,True,2.926,-2.926,-2.284,10.421,-13.419,2026-04-13,1370.0,strict_gakutto_next_open,-2.213,11.0
4765,2024-10-29,771,kuitto_pullback_auto,くいっと押し目版,3.442340791738374,-2.4770953512046168,-2.059760146351375,3.943272224143879,1.337408312958435,59717045.0,1.4856192060850963,0.0,0,2024-10-30,603.0,0.333,True,2.819,2.488,3.814,21.393,-8.624,2024-11-14,620.0,strict_gakutto_next_open,2.819,11.0
4768,2022-03-15,127,kuitto_pullback_auto,くいっと押し目版,2.5578562728379994,-5.201109570041607,-3.296703296703296,1.7891682785299734,1.3084519314551264,2103572850.0,3.27451645741432,-5.921787709497206,4,2022-03-16,2105.0,0.0,True,4.276,6.295,5.107,80.0,-12.352,2022-04-07,2165.0,max15_next_open,2.85,16.0
4776,2023-08-14,474,kuitto_pullback_auto,くいっと押し目版,2.1855269548324507,-4.983570646221236,-4.258055035085773,0.9209516500383597,2.5817598859992876,1711434030.0,4.403177620858229,-8.362369337979093,4,2023-08-15,2140.0,1.711,False,-2.336,-3.692,0.421,94.393,-39.346,2023-08-15,2033.0,stop_loss,-5.0,1.0
4776,2024-01-22,581,kuitto_pullback_auto,くいっと押し目版,2.921455938697326,-2.1008403361344574,-0.8892497073594186,2.343080293361255,1.3992094861660078,1670969410.0,3.2639766004121515,-4.062500000000002,3,2024-01-23,2162.0,0.605,False,-0.324,4.533,10.176,92.414,-39.963,2024-02-14,2204.0,max15_next_open,1.943,16.0
4776,2025-01-23,827,kuitto_pullback_auto,くいっと押し目版,1.772639691714839,-2.49244712990937,-0.39344665416652935,1.8747106927943236,1.3692244224422443,1847841790.0,3.494347379239466,-10.504913588614029,4,2025-01-24,2691.0,1.893,False,4.199,1.709,18.172,54.589,-27.611,2025-01-28,2565.0,strict_gakutto_next_open,-4.682,3.0
4784,2026-09-15,1229,kuitto_pullback_auto,くいっと押し目版,1.6728624535315983,-4.458137006161634,-4.621576942427952,3.051996985681993,1.5160686681311528,1129263865.0,4.087229041525203,-9.286898839137647,4,2026-09-16,548.0,0.183,True,0.547,,,2.555,-3.832,2026-09-25,534.0,strict_gakutto_next_open,-2.555,5.0
4792,2021-12-02,59,kuitto_pullback_auto,くいっと押し目版,1.8502202643171817,-4.954652334565002,-3.4995059120182748,2.0480225988700695,1.4657210401891252,38764685.0,3.1327236777063767,-9.758001561280249,3,2021-12-03,1156.0,0.0,True,0.865,-0.779,-0.087,115.398,-12.111,2021-12-13,1153.0,strict_gakutto_next_open,-0.26,7.0
4792,2022-01-05,81,kuitto_pullback_auto,くいっと押し目版,3.1731640979147713,-3.201245890292437,-1.9580419580419672,1.4621968616262526,1.551111111111111,25010640.0,2.253326638212403,-4.208754208754206,0,2022-01-06,1113.0,-2.197,True,0.27,-3.414,-8.176,123.72,-8.715,2022-01-19,1088.0,strict_gakutto_next_open,-2.246,9.0
4792,2022-11-17,293,kuitto_pullback_auto,くいっと押し目版,2.2241992882562345,-2.3356401384083014,-3.099716655856344,1.197815747754083,2.5526315789473686,41068905.0,2.4182518960586847,-5.742411812961445,0,2022-11-18,1151.0,0.174,True,0.087,-1.129,-1.477,116.334,-3.649,2022-12-01,1156.0,strict_gakutto_next_open,0.434,9.0
4792,2023-07-04,447,kuitto_pullback_auto,くいっと押し目版,1.5605493133582948,-2.003379193820909,-2.7256425582785404,-0.024579083200204632,1.5454545454545454,68314155.0,2.094125910966722,-4.5187793427230005,0,2023-07-05,1615.0,-0.738,True,-3.096,-0.31,-2.786,54.18,-11.765,2023-07-24,1567.0,strict_gakutto_next_open,-2.972,13.0
4792,2024-07-29,709,kuitto_pullback_auto,くいっと押し目版,1.5589179275561582,-4.9947238832219405,-0.07564436080514936,2.2433530280649983,1.4591836734693877,39975265.0,2.7023540793292486,-4.525862068965514,0,2024-07-30,2201.0,-0.632,True,-21.763,1.954,6.315,13.13,-35.257,2024-08-01,2090.95,stop_loss,-5.0,3.0
4809,2022-03-14,126,kuitto_pullback_auto,くいっと押し目版,1.7575757575757578,-2.6749941079424966,-1.2165682736202998,1.5606097265908447,1.408450704225352,16530355.0,2.1739130434782608,-1.4092777451556127,0,2022-03-15,1665.0,-0.834,True,0.781,1.802,5.586,28.108,-4.084,2022-03-28,1686.0,strict_gakutto_next_open,1.261,9.0
4809,2023-02-17,355,kuitto_pullback_auto,くいっと押し目版,1.6859852476290849,-2.115085536547434,-0.40070490496371125,1.6324381253291165,2.212121212121212,12154775.0,1.391561806069578,-1.0763710917478186,0,2023-02-20,1930.0,0.0,True,6.218,6.891,6.684,10.518,-17.254,2023-03-14,2022.0,max15_next_open,4.767,16.0
4809,2023-06-02,425,kuitto_pullback_auto,くいっと押し目版,2.4167561761546663,-2.7099710384774434,-2.991690892971277,1.3283740701381497,1.678082191780822,50420045.0,1.4570379803730615,-6.197737333989184,1,2023-06-05,1919.0,0.629,False,-0.521,-0.156,-0.73,11.152,-16.78,2023-06-26,1915.0,max15_next_open,-0.208,16.0
4812,2022-04-25,155,kuitto_pullback_auto,くいっと押し目版,2.077619878666992,-3.1871177370030535,-4.5292740046838365,0.435003025396985,1.5291828793774318,352732705.5,3.354810946604484,-11.633093525179861,3,2022-04-26,1250.0,1.767,False,4.936,7.736,7.464,134.4,-4.664,2022-05-13,1296.7,strict_gakutto_next_open,3.736,10.0
4812,2023-09-27,505,kuitto_pullback_auto,くいっと押し目版,1.983783783783788,-2.741836426660571,-2.2188608387231468,0.6422497946294348,1.6290322580645162,445344007.5,2.3097774648100615,-4.553042950371832,0,2023-09-28,1866.7,-1.06,True,-2.502,-3.396,-5.716,56.961,-22.591,2023-10-03,1850.0,strict_gakutto_next_open,-0.895,4.0
4812,2024-09-26,749,kuitto_pullback_auto,くいっと押し目版,2.0054644808743305,-2.3118858886411187,-4.110762800417966,1.7097835799751548,1.3566362715298885,675244635.0,2.67928889024941,-6.818749064044328,1,2024-09-27,1866.7,0.0,True,-2.861,-1.071,-2.679,56.961,-13.928,2024-10-04,1823.3,strict_gakutto_next_open,-2.325,6.0
4812,2025-07-30,954,kuitto_pullback_auto,くいっと押し目版,2.4116143346356145,-3.904134616285526,-4.538234207609893,2.707853646266667,5.560076287349014,1122865035.0,2.5115891032153455,-5.069969150981346,1,2025-07-31,2116.7,-0.311,True,5.981,5.981,3.619,38.423,-18.363,2025-08-18,2196.7,strict_gakutto_next_open,3.779,12.0
4812,2025-08-29,975,kuitto_pullback_auto,くいっと押し目版,3.1169560537277263,-2.915257944282923,-2.410443730374512,3.34427767354597,5.023500810372772,1035239284.5,2.6359810932951264,-3.9244756464483443,1,2025-09-01,2206.7,0.154,True,-1.359,-0.154,1.056,32.777,-21.693,2025-09-18,2266.7,strict_gakutto_next_open,2.719,13.0
4813,2023-08-15,475,kuitto_pullback_auto,くいっと押し目版,3.218390804597693,-2.5817939016247515,-3.0533339224956935,2.324521422060166,2.1741835147744943,96507330.0,2.1237671014953867,-4.8728813559322015,0,2023-08-16,888.0,-1.114,True,5.743,7.207,-2.365,108.784,-64.189,2023-08-31,928.0,strict_gakutto_next_open,4.505,12.0
4813,2024-01-26,585,kuitto_pullback_auto,くいっと押し目版,1.5706806282722585,-2.2267206477732837,-2.1766641356618655,0.38809831824062613,1.7245762711864407,142765305.0,2.3656111929307806,-6.618531889290013,1,2024-01-29,783.0,0.902,False,2.171,10.217,20.051,136.782,-59.387,2024-02-15,852.0,strict_gakutto_next_open,8.812,13.0
4819,2022-07-07,204,kuitto_pullback_auto,くいっと押し目版,1.572739187418093,-3.072116636292632,-1.707839348200768,2.9489904357066887,1.3632416787264834,441040825.0,2.728110599078341,-3.8461538461538436,0,2022-07-08,3870.0,-0.129,True,-1.163,3.101,-0.646,34.884,-56.331,2022-08-01,3865.0,max15_next_open,-0.129,16.0
4819,2023-02-22,358,kuitto_pullback_auto,くいっと押し目版,1.8681318681318615,-4.231578947368419,-1.1731093892039302,1.5111695137976389,1.779089376053963,456229775.0,2.2037293881954074,-3.9378238341968963,0,2023-02-24,4605.0,-0.647,True,-0.434,-5.429,-10.423,13.355,-63.301,2023-02-27,4374.75,stop_loss,-5.0,2.0
4819,2023-06-30,445,kuitto_pullback_auto,くいっと押し目版,1.8592297476759612,-2.3840712601519543,-3.354178510517347,2.540106951871657,1.5920484010371652,684668775.0,2.803129074315515,-6.804374240583233,1,2023-07-03,3885.0,1.304,False,4.633,6.564,4.762,34.363,-56.499,2023-07-24,4135.0,strict_gakutto_next_open,6.435,15.0
4819,2026-09-09,1225,kuitto_pullback_auto,くいっと押し目版,2.6839426191577864,-4.576316021514848,-3.204130711557507,1.3427109974424534,1.5781071835803877,606793895.0,3.3316165582952424,-4.641168886978941,2,2026-09-10,2191.0,-1.262,True,6.025,,,10.863,0.0,,,,,
4820,2024-06-14,679,kuitto_pullback_auto,くいっと押し目版,3.4426229508196737,-2.210991787744787,-0.14123387045001934,1.4143362262937886,3.227722772277228,98233435.0,2.252660176590446,-1.4062499999999978,0,2024-06-17,630.0,-0.158,True,-0.317,-3.333,-6.032,34.444,-23.492,2024-06-24,625.0,strict_gakutto_next_open,-0.794,6.0
4820,2024-07-11,698,kuitto_pullback_auto,くいっと押し目版,2.6936026936027035,-3.1454783748361637,-3.650061700331242,2.7974384900572913,4.912414318354912,74877595.0,1.8969555035128804,-5.572755417956654,0,2024-07-12,604.0,-0.984,True,8.775,3.146,-3.974,40.232,-20.199,2024-07-26,626.0,strict_gakutto_next_open,3.642,10.0
4820,2025-03-03,852,kuitto_pullback_auto,くいっと押し目版,1.534526854219953,-2.9066802651708246,-2.08503679476697,3.6012526096033337,2.572463768115942,73905385.0,3.1486146095717884,-0.7499999999999951,2,2025-03-04,794.0,0.0,True,-1.385,-2.141,-2.015,6.675,-39.295,2025-03-11,754.3,stop_loss,-5.0,6.0
4825,2024-06-05,672,kuitto_pullback_auto,くいっと押し目版,2.463495476126498,-3.463166225097225,-2.5009444392457003,1.6476192168920933,1.7357357357357357,238612592.0,1.93340494092374,-4.786481311912095,0,2024-06-06,1150.0,0.542,False,-4.235,-0.539,2.07,111.739,-5.0,2024-06-14,1092.5,stop_loss,-5.0,7.0
4825,2025-02-10,839,kuitto_pullback_auto,くいっと押し目版,2.1676300578034713,-3.342696629213482,-1.9963702359346636,2.285879629629628,1.2946058091286308,398618650.0,2.4954536269953524,-1.6689847009735748,0,2025-02-12,1787.5,1.132,False,-1.818,-3.497,-3.217,36.224,-21.678,2025-02-26,1698.125,stop_loss,-5.0,10.0
4825,2025-10-08,1001,kuitto_pullback_auto,くいっと押し目版,1.8065887353878818,-2.6941026728892647,-1.6007133152173836,3.3441208198489836,1.5511328842620944,368502475.0,2.1995228153892037,-0.7253886010362698,0,2025-10-09,2390.0,-0.209,True,-12.134,-12.971,-16.318,0.209,-23.849,2025-10-09,2270.5,stop_loss,-5.0,1.0
4825,2026-06-05,1159,kuitto_pullback_auto,くいっと押し目版,1.6666666666666607,-4.028963980690692,-0.470849443019572,2.644230769230771,2.7296248382923674,531130830.0,2.766811642689863,-1.9292604501607746,0,2026-06-08,2112.0,-1.077,True,-2.131,-3.504,-8.286,2.32,-10.038,2026-06-15,2060.0,strict_gakutto_next_open,-2.462,6.0
4828,2023-01-19,334,kuitto_pullback_auto,くいっと押し目版,1.8316615787178359,-3.39169415545969,-2.69267429193899,2.1077488193108174,1.362962962962963,63523525.0,2.8387886203732022,-4.342482589102826,0,2023-01-20,466.0,-0.214,True,2.575,7.725,7.382,277.253,-0.73,2023-02-08,494.8,strict_gakutto_next_open,6.18,14.0
4828,2023-10-10,513,kuitto_pullback_auto,くいっと押し目版,1.8547140649149974,-4.182967198314791,-4.368641532016748,3.097622027534408,1.3867924528301887,70842125.0,2.7964448298287445,-6.657223796033995,1,2023-10-11,667.0,1.214,False,0.6,-0.15,1.349,163.568,-6.897,2023-11-01,676.0,max15_next_open,1.349,16.0
4839,2022-05-19,169,kuitto_pullback_auto,くいっと押し目版,2.126200274348422,-3.785325382421567,-2.037100562049776,0.2693602693602637,1.4140969162995596,68562335.0,2.887844190732035,-4.6734955185659395,0,2022-05-20,1489.0,0.0,True,-1.007,3.291,0.47,28.946,-35.191,2022-06-10,1489.0,max15_next_open,0.0,16.0
4839,2022-06-22,193,kuitto_pullback_auto,くいっと押し目版,1.971447994561526,-2.2954757773922196,-1.1685695097380822,1.9298722478934494,2.0547945205479454,54724550.0,1.819047619047619,-2.4707412223667125,0,2022-06-23,1489.0,-0.733,True,1.075,0.47,0.0,28.946,-35.191,2022-07-04,1500.0,strict_gakutto_next_open,0.739,8.0
4839,2023-03-23,377,kuitto_pullback_auto,くいっと押し目版,2.06100577081616,-4.499296984846124,-3.286518630986268,1.22649223221587,3.2453416149068324,87980555.0,2.0251557812139396,-5.712109672505717,0,2023-03-24,1238.0,0.0,True,-1.212,0.323,0.808,55.089,-22.052,2023-04-06,1240.0,strict_gakutto_next_open,0.162,10.0
4848,2024-11-19,785,kuitto_pullback_auto,くいっと押し目版,2.176966292134841,-4.4361801035994075,-4.935051247595701,0.8176274944567519,1.5194954128440368,122406175.0,2.5184094256259204,-6.730769230769229,1,2024-11-20,1455.0,0.0,True,-0.756,0.687,0.481,33.196,-5.842,2024-11-27,1443.0,strict_gakutto_next_open,-0.825,6.0
4848,2025-01-20,824,kuitto_pullback_auto,くいっと押し目版,2.1497919556171974,-2.083333333333326,-1.0817043707445628,2.206494587843455,1.691358024691358,127553455.0,1.8038987489089324,-0.6743088334457137,0,2025-01-21,1469.0,-0.272,True,4.357,-0.204,1.566,31.926,-6.739,2025-01-31,1505.0,strict_gakutto_next_open,2.451,9.0
4848,2025-11-07,1021,kuitto_pullback_auto,くいっと押し目版,2.3550724637681153,-2.535309099328542,-1.6758344210330067,0.45039706056655415,1.536046511627907,117840445.0,1.415929203539823,-3.3637400228050174,0,2025-11-10,1757.0,3.658,False,-3.017,-3.643,-3.87,10.302,-15.709,2025-11-10,1669.15,stop_loss,-5.0,1.0
4849,2026-03-27,1113,kuitto_pullback_auto,くいっと押し目版,1.866666666666661,-4.636654864272471,-3.30983757278579,0.8980454305335561,1.538558786346397,290993765.0,3.0354026427324854,-7.655116841257048,3,2026-03-30,1068.0,-6.806,True,7.678,7.022,6.18,64.419,-0.375,2026-04-01,1130.0,strict_gakutto_next_open,5.805,3.0
4887,2026-05-07,1138,kuitto_pullback_auto,くいっと押し目版,2.2509578544061215,-2.880066784157309,-4.45270707457327,1.8169679050026089,1.619495510902095,610539820.0,2.340247574439612,-6.666666666666665,1,2026-05-08,2131.0,-0.187,True,-2.276,-17.527,-18.606,0.282,-27.241,2026-05-12,2099.5,strict_gakutto_next_open,-1.478,3.0
4901,2022-05-06,160,kuitto_pullback_auto,くいっと押し目版,2.561214699870673,-2.7522861074694593,-2.188935210386167,2.419374994793011,1.6330265410958904,8684009173.5,2.174203557048149,-1.5732586068855192,1,2022-05-09,2442.3,-0.667,True,-2.85,-4.791,-6.879,63.739,-14.56,2022-05-12,2320.185,stop_loss,-5.0,4.0
4914,2022-02-28,116,kuitto_pullback_auto,くいっと押し目版,2.25842280636801,-2.5299985542865167,-2.5599930693927186,2.319033859376174,1.8668639053254439,73601700.0,2.2214751215475297,-3.1896249561864765,0,2022-03-01,552.4,0.0,True,-2.1,-8.291,-1.195,218.61,-19.298,2022-03-08,534.8,strict_gakutto_next_open,-3.186,6.0
4914,2024-04-04,631,kuitto_pullback_auto,くいっと押し目版,1.5895953757225412,-5.465084184377589,0.0,2.1208599651365567,1.5818181818181818,71945550.0,2.499491973176184,-4.223433242506813,0,2024-04-05,689.0,-1.991,True,0.726,-0.581,-4.644,155.443,-5.08,2024-04-26,661.0,max15_next_open,-4.064,16.0
4914,2024-12-05,797,kuitto_pullback_auto,くいっと押し目版,2.0332717190388205,-2.3698384201077283,-1.4921048819353966,1.4705882352941124,1.6843971631205674,347348350.0,2.7691511387163565,-9.210526315789469,1,2024-12-06,1104.0,0.0,True,5.616,2.899,4.348,59.42,-9.873,2024-12-19,1114.0,strict_gakutto_next_open,0.906,10.0
4919,2022-10-28,280,kuitto_pullback_auto,くいっと押し目版,2.345058626465657,-3.012442698100848,-3.637069634998713,2.585627938213575,2.703125,540123250.0,2.1627308861351415,-5.124223602484468,0,2022-10-31,6110.0,0.0,True,-0.327,-14.566,-7.529,3.437,-62.308,2022-11-14,5320.0,stop_gap_open,-12.93,10.0
4919,2023-02-14,352,kuitto_pullback_auto,くいっと押し目版,2.7027027027026973,-2.0393559928443605,-0.23168259484506182,3.41074020319303,2.4058500914076784,284450650.0,2.055137844611529,-0.34965034965035446,0,2023-02-15,5720.0,0.351,True,1.573,-3.147,-0.874,2.622,-59.738,2023-02-28,5680.0,strict_gakutto_next_open,-0.699,9.0
4927,2021-12-28,77,kuitto_pullback_auto,くいっと押し目版,1.9776876267748378,-2.1923760616235466,-3.0362868538359344,1.3711059582619312,1.2604959756362846,1360998535.0,2.0707537117283517,-5.76382380506092,1,2021-12-29,1977.0,-1.691,True,-3.743,-11.887,-11.937,12.114,-40.465,2022-01-07,1878.15,stop_loss,-5.0,6.0
4927,2024-06-03,670,kuitto_pullback_auto,くいっと押し目版,1.547531319086226,-2.622735242548202,-4.51079598090216,2.8358208955223896,1.8679518609315802,1701861997.5,1.8453244868339207,-10.606552059682128,2,2024-06-04,1366.0,-0.871,True,-1.72,-0.805,-1.098,15.886,-13.836,2024-06-11,1329.0,strict_gakutto_next_open,-2.709,6.0
4928,2022-10-04,263,kuitto_pullback_auto,くいっと押し目版,1.7793594306049876,-2.11291998614479,-1.2914485165794076,1.1315417256011262,2.0184615384615383,366213400.0,2.047952047952048,-2.0547945205479423,0,2022-10-05,5700.0,-0.35,True,-1.93,-2.807,-4.211,3.86,-31.842,2022-10-07,5580.0,strict_gakutto_next_open,-2.105,3.0
4931,2022-12-09,308,kuitto_pullback_auto,くいっと押し目版,2.507374631268444,-2.4124066628374408,-4.210201100999889,1.8912182964374802,1.3449367088607596,93920185.0,1.5313463514902363,-11.182108626198083,1,2022-12-12,1390.0,0.0,True,-0.863,-7.194,-0.791,83.022,-8.561,2022-12-19,1374.0,strict_gakutto_next_open,-1.151,6.0
4933,2021-11-01,38,kuitto_pullback_auto,くいっと押し目版,2.26757369614512,-3.0803080308030806,-2.8870237729050285,2.036199095022617,1.8059701492537314,94787625.0,3.199239784605638,-3.3226152197213255,2,2021-11-02,2267.5,0.554,False,2.095,-10.033,-14.112,79.052,-55.061,2021-11-11,2320.0,strict_gakutto_next_open,2.315,7.0
4933,2022-10-18,272,kuitto_pullback_auto,くいっと押し目版,2.7442371020856227,-2.310516087238179,-2.3008241758241677,2.811950790861162,1.5714285714285714,93982725.0,4.296398046398046,-4.294478527607359,2,2022-10-19,2332.5,-0.321,True,-9.539,-5.252,-1.072,74.062,-56.313,2022-10-21,2215.875,stop_loss,-5.0,3.0
4933,2023-09-28,506,kuitto_pullback_auto,くいっと押し目版,1.6427822439706308,-2.430531849525508,-2.6455672172050027,1.2605334633331022,1.5013586956521738,534925785.0,4.37708783651012,-7.828843106180661,3,2023-09-29,2899.0,-0.309,True,1.794,3.656,0.724,11.418,-64.85,2023-10-05,2899.0,strict_gakutto_next_open,0.0,5.0
4933,2025-07-08,939,kuitto_pullback_auto,くいっと押し目版,3.419886003799877,-3.5600685099094753,-3.5641200545702634,3.1324996842238217,1.9583333333333333,82449075.0,2.4276091330592253,-3.941176470588237,0,2025-07-09,1633.0,0.0,True,-0.184,3.123,4.225,49.112,-37.6,2025-07-16,1630.0,strict_gakutto_next_open,-0.184,6.0
4933,2025-12-10,1043,kuitto_pullback_auto,くいっと押し目版,1.77646188008882,-4.186841355739124,-3.2885886831334643,1.731281444214261,1.3459255261737724,278652800.0,2.3116883116883113,-8.94039735099338,1,2025-12-11,1386.0,0.8,False,4.113,0.794,-5.483,75.685,-26.479,2025-12-24,1421.0,strict_gakutto_next_open,2.525,10.0
4951,2022-03-10,124,kuitto_pullback_auto,くいっと押し目版,1.9867549668874274,-2.3766233766233658,-1.8788872407421775,2.1084736772311263,1.6073059360730593,37036250.0,1.6697588126159555,-1.6602809706257937,0,2022-03-11,1500.0,-2.597,True,2.333,0.867,0.8,9.2,-8.667,2022-03-15,1509.0,strict_gakutto_next_open,0.6,3.0
4951,2022-06-23,194,kuitto_pullback_auto,くいっと押し目版,2.6370575988896583,-2.3385452073419466,-1.295825473632417,2.4096385542168752,1.5263157894736843,30107515.0,1.3087993818216943,-1.0040160642570295,0,2022-06-24,1485.0,0.406,True,1.414,4.579,5.253,10.303,-7.744,2022-07-15,1565.0,max15_next_open,5.387,16.0
4956,2022-02-28,116,kuitto_pullback_auto,くいっと押し目版,2.3136246786632286,-3.6600496277915617,-2.9936385181489333,2.3530924521023566,1.6938775510204083,43725410.0,2.413854989231874,-3.280680437424055,0,2022-03-01,803.0,0.879,False,-7.285,-5.355,-1.557,106.476,-10.834,2022-03-02,762.85,stop_loss,-5.0,2.0
4956,2022-03-10,124,kuitto_pullback_auto,くいっと押し目版,1.6447368421052655,-4.361250482439205,-4.6809054866351225,3.6495370991546983,1.4099378881987579,50331465.0,3.014331946370781,-5.5045871559633035,2,2022-03-11,761.0,-1.489,True,7.359,6.307,2.431,117.871,-5.913,2022-04-04,779.0,max15_next_open,2.365,16.0
4956,2024-10-07,756,kuitto_pullback_auto,くいっと押し目版,2.9838709677419306,-2.970453468162415,-0.8240705251054026,2.818035426731069,2.129496402877698,167274125.0,3.0652198232464483,-0.4676539360872978,2,2024-10-08,1267.0,-0.783,True,1.421,2.289,2.762,21.231,-23.125,2024-10-28,1282.0,strict_gakutto_next_open,1.184,14.0
4956,2025-01-20,824,kuitto_pullback_auto,くいっと押し目版,2.442996742671011,-3.0827304183705384,-2.763352532024055,1.7964071856287456,1.4480286738351253,116881405.0,2.293890529184647,-3.822629969418956,0,2025-01-21,1260.0,0.159,True,-1.111,-1.905,-2.619,21.905,-22.698,2025-02-12,1235.0,max15_next_open,-1.984,16.0
4956,2026-05-27,1152,kuitto_pullback_auto,くいっと押し目版,2.2775800711743788,-2.940770399005932,-0.31099802092167117,1.88598979013046,1.385286783042394,164637170.0,2.1324187294959738,-2.111716621253401,0,2026-05-28,1440.0,0.209,True,-2.431,-1.458,0.694,6.667,-6.181,2026-06-01,1384.0,strict_gakutto_next_open,-3.889,3.0
4958,2023-02-27,360,kuitto_pullback_auto,くいっと押し目版,2.397260273972601,-2.226209463051565,-3.499136984151885,1.287262872628725,2.1914893617021276,146814640.0,2.360248447204969,-6.122448979591832,1,2023-02-28,3000.0,0.334,True,0.167,-1.8,-6.867,21.0,-18.333,2023-03-02,2897.0,strict_gakutto_next_open,-3.433,3.0
4958,2025-02-28,851,kuitto_pullback_auto,くいっと押し目版,2.56598240469208,-2.0525747209218625,-4.666879893201326,2.0348625191452197,3.6270022883295194,165018890.0,2.2209741652200554,-7.656765676567656,1,2025-03-03,2834.0,1.287,False,-0.035,1.235,1.517,24.559,-13.55,2025-03-25,2887.0,max15_next_open,1.87,16.0
4967,2021-12-07,62,kuitto_pullback_auto,くいっと押し目版,1.8888888888888955,-4.965606190885641,-4.123177779694642,3.126405757984707,1.7191011235955056,1386643950.0,2.6717557251908395,-3.4736842105263177,1,2021-12-08,9280.0,1.2,False,0.108,-0.216,-0.323,12.823,-49.353,2021-12-16,9230.0,strict_gakutto_next_open,-0.539,7.0
4967,2023-04-12,391,kuitto_pullback_auto,くいっと押し目版,2.130325814536338,-2.1600392734413387,-0.8830241095346691,1.9769769769769852,2.3934169278996866,1540228000.0,1.4636283961437335,-1.092233009708743,1,2023-04-13,8100.0,-0.613,True,3.704,5.432,3.086,6.173,-41.975,2023-05-08,8350.0,strict_gakutto_next_open,3.086,15.0
4968,2022-10-04,263,kuitto_pullback_auto,くいっと押し目版,1.5120967741935498,-3.0338618124877703,-2.5948573220445303,1.3078470824949617,1.3644444444444443,23588600.0,2.1776138459355936,-5.000000000000004,0,2022-10-05,1013.0,0.596,False,-3.159,0.0,-0.691,163.87,-11.352,2022-10-12,978.0,strict_gakutto_next_open,-3.455,5.0
4973,2021-12-07,62,kuitto_pullback_auto,くいっと押し目版,2.1814006888633664,-5.093853514906154,-4.511874513490099,2.6686149350150012,1.8548387096774193,21486705.0,2.1722846441947565,-5.016008537886874,0,2021-12-08,2670.0,0.0,True,-2.135,-4.719,-4.569,156.554,-16.479,2021-12-15,2585.0,strict_gakutto_next_open,-3.184,6.0
4973,2025-07-14,943,kuitto_pullback_auto,くいっと押し目版,1.631321370309946,-3.1609195402298895,-3.0586290220017798,2.1646441456215193,1.276190476190476,37533050.0,1.9605595047007567,-3.5603715170278605,0,2025-07-15,3115.0,0.0,True,3.05,1.124,2.568,119.904,-4.302,2025-07-28,3100.0,strict_gakutto_next_open,-0.482,9.0
4975,2025-07-09,940,kuitto_pullback_auto,くいっと押し目版,2.2047244094488105,-3.850818677986656,-0.9879458183173928,1.8198933165986864,1.5647058823529412,145446700.0,2.1681708122386087,-2.844311377245512,0,2025-07-10,3240.0,-0.154,True,2.778,6.481,10.648,149.691,-0.772,2025-08-01,3585.0,max15_next_open,10.648,16.0
4996,2021-12-28,77,kuitto_pullback_auto,くいっと押し目版,2.0725388601036343,-3.613550815558342,-4.361833952912031,2.0989893754858935,1.2605740181268883,125732990.0,3.0094271211022483,-7.728337236533955,3,2021-12-29,792.0,0.508,False,1.136,-0.253,-1.641,54.04,-19.571,2022-01-11,784.0,strict_gakutto_next_open,-1.01,7.0
4996,2022-08-09,226,kuitto_pullback_auto,くいっと押し目版,1.5166835187057526,-2.5344242666134553,-4.217102694260055,2.3236852833265376,2.043846720707443,471070025.0,2.0631758679567445,-5.283018867924527,0,2022-08-10,1012.0,0.797,False,2.767,5.435,7.51,16.403,-37.055,2022-09-01,1079.0,max15_next_open,6.621,16.0
4996,2023-10-10,513,kuitto_pullback_auto,くいっと押し目版,2.090909090909099,-3.8263036127424765,-2.250351617440227,3.578675521121566,1.3151832460732984,936755775.0,2.4360768350082687,-0.8826125330979706,1,2023-10-11,1128.0,0.445,True,-0.355,-0.709,-3.191,3.014,-43.528,2023-10-25,1135.0,strict_gakutto_next_open,0.621,11.0
4997,2024-05-31,669,kuitto_pullback_auto,くいっと押し目版,2.452316076294281,-2.1907560780122903,-1.346494286787181,2.229472539423605,2.055722891566265,80548020.0,2.3841185410334345,-4.5685279187817285,0,2024-06-03,760.0,1.064,False,-2.237,-3.421,-0.263,74.474,-24.211,2024-06-13,722.0,stop_loss,-5.0,9.0
5011,2024-07-12,699,kuitto_pullback_auto,くいっと押し目版,1.7316017316017396,-4.53611636124579,-3.699222699172988,1.1100593752689125,1.615873015873016,96321830.0,2.231003039513678,-7.297830374753456,1,2024-07-16,2354.0,0.17,True,1.869,2.039,-13.806,33.815,-17.842,2024-08-02,2236.3,stop_loss,-5.0,14.0
5016,2025-06-10,55,kuitto_pullback_auto,くいっと押し目版,2.960000000000007,-3.9576097152853373,-3.893486209725605,1.7284080729303986,1.453396161360763,3755163010.0,2.01280201280201,-4.901477832512313,1,2025-06-11,779.8,0.984,False,1.18,2.116,5.54,647.371,-3.232,2025-06-24,772.0,strict_gakutto_next_open,-1.0,10.0
5019,2024-07-31,711,kuitto_pullback_auto,くいっと押し目版,2.501276161306798,-3.546493176769283,-3.958814827603796,2.549436182382747,1.6276415030237141,4077481724.0,2.152105862265223,-5.9484777517564424,2,2024-08-01,986.3,-1.763,True,-3.964,6.864,7.929,73.223,-18.98,2024-08-02,936.985,stop_loss,-5.0,2.0
5019,2024-10-30,772,kuitto_pullback_auto,くいっと押し目版,1.81639666175748,-2.680019074868867,-2.9060706275896075,1.4975041597337757,6.166944039941751,4794217310.0,1.8886899021903845,-7.863171923589518,2,2024-10-31,1050.0,1.254,False,-1.571,-3.0,-3.762,62.714,-23.895,2024-11-08,1044.5,strict_gakutto_next_open,-0.524,6.0
5020,2022-02-28,116,kuitto_pullback_auto,くいっと押し目版,1.8402154398563741,-2.6817280331120075,-1.111120839863755,0.4515672038250207,1.65106808644131,8368729862.0,1.959642384939871,-4.1605068637803555,1,2022-03-01,458.5,1.036,False,3.293,-0.916,2.399,238.604,-6.281,2022-03-09,445.0,strict_gakutto_next_open,-2.944,7.0
5020,2024-04-30,648,kuitto_pullback_auto,くいっと押し目版,1.5844336344683851,-2.9043837702599773,-1.8400872630003784,2.035403171766803,1.4894646866181953,10951537585.0,2.7783749975568277,-5.629438347320859,1,2024-05-01,709.9,-2.873,True,-0.535,5.001,9.804,118.693,-17.031,2024-05-24,767.9,max15_next_open,8.17,16.0
5020,2024-07-31,711,kuitto_pullback_auto,くいっと押し目版,2.219354838709675,-4.521576906082759,-4.624447284532762,1.6814272878962866,1.3964490590090242,10594042440.0,2.643632560320263,-6.723183798422216,2,2024-08-01,780.6,-1.464,True,-14.348,-7.071,-3.856,98.885,-24.545,2024-08-02,722.6,stop_gap_open,-7.43,2.0
5021,2021-11-10,44,kuitto_pullback_auto,くいっと押し目版,2.3880597014925398,-3.7631296005293247,-4.704000522304009,2.808940652564873,3.1760487629974903,1076115925.0,2.802403760337955,-5.583955957530473,1,2021-11-11,1182.0,-1.541,True,-0.635,0.931,-5.838,325.888,-7.91,2021-11-18,1158.5,strict_gakutto_next_open,-1.988,6.0
5021,2023-05-24,418,kuitto_pullback_auto,くいっと押し目版,3.2530120481927716,-2.453408822835579,-2.5389984541153265,2.9800528719057917,1.6302573760200878,1361051350.0,2.358726454409068,-2.8344671201814053,1,2023-05-25,2160.0,0.817,False,-9.375,-4.769,-4.028,133.056,-11.69,2023-05-26,2052.0,stop_loss,-5.0,2.0
5036,2023-04-24,178,kuitto_pullback_auto,くいっと押し目版,1.7693315858453573,-3.591658084449023,-3.051212661442382,2.7252282047889986,3.83739837398374,40339935.0,3.6105234109097597,-6.1631419939577,3,2023-04-25,1593.0,2.576,False,-3.013,-16.447,-21.783,20.778,-51.287,2023-04-26,1513.35,stop_loss,-5.0,2.0
5036,2024-01-22,360,kuitto_pullback_auto,くいっと押し目版,1.7739816031537403,-4.46643826925518,-3.8103021171182694,2.8142838178680574,2.1908396946564888,44052015.0,3.753573734206401,-7.46714456391876,3,2024-01-23,1564.0,0.968,False,4.156,2.685,-0.767,23.018,-50.384,2024-02-06,1588.0,strict_gakutto_next_open,1.535,11.0
5036,2024-10-30,551,kuitto_pullback_auto,くいっと押し目版,2.3809523809523725,-3.080330179182611,-3.3993544016259536,2.0008250825082508,2.957983193277311,21382200.0,2.6866965188502094,-4.903846153846159,0,2024-10-31,980.0,-0.91,True,2.449,-7.041,-2.041,96.327,-18.469,2024-11-11,931.0,stop_loss,-5.0,7.0
5036,2026-04-06,898,kuitto_pullback_auto,くいっと押し目版,1.7396907216494784,-2.508774210321063,-2.352367759478735,3.704190200972035,1.3156498673740054,180648765.0,3.2208450194517324,-3.7781840341255313,2,2026-04-07,1573.0,-0.38,True,-9.981,-6.039,-10.108,22.314,-13.16,2026-04-10,1494.35,stop_loss,-5.0,4.0
5074,2024-05-07,651,kuitto_pullback_auto,くいっと押し目版,3.294117647058825,-3.063063063063065,-4.191883232467064,1.9507663725034874,1.8176761433868973,102441660.0,2.5056947608200453,-5.183585313174943,0,2024-05-08,435.0,-0.911,True,2.989,-7.816,-5.287,231.034,-42.759,2024-05-16,404.0,strict_gakutto_next_open,-7.126,7.0
5074,2025-11-21,1031,kuitto_pullback_auto,くいっと押し目版,2.39520958083832,-5.245535714285698,-4.3150915833239605,0.4110393423370384,1.5721031601888849,190746490.0,3.717627401837928,-9.999999999999998,3,2025-11-25,344.0,0.585,False,-2.907,-5.814,-6.105,318.605,-11.628,2025-12-02,333.0,strict_gakutto_next_open,-3.198,6.0
5076,2022-03-02,101,kuitto_pullback_auto,くいっと押し目版,2.589641434262946,-3.1285551763367447,-2.460892789011837,0.7236456092313714,1.2654424040066778,801517475.0,2.2122052704576975,-2.9217719132893505,0,2022-03-03,1032.0,0.194,True,1.647,4.264,8.721,187.112,-13.566,2022-03-25,1128.0,max15_next_open,9.302,16.0
5076,2022-05-30,159,kuitto_pullback_auto,くいっと押し目版,2.051835853131756,-3.680203045685282,-3.151340590452789,3.32385742401049,4.22100274382639,679722265.0,2.4716553287981857,-4.352226720647778,0,2022-05-31,933.0,-1.27,True,-1.929,-1.072,-3.966,217.578,-4.394,2022-06-07,923.0,strict_gakutto_next_open,-1.072,6.0
5076,2024-12-24,793,kuitto_pullback_auto,くいっと押し目版,3.2744506678155982,-2.3094492851704507,-2.36929474496127,2.9197080291970767,1.3616113111911432,937078825.0,1.779009476130878,-1.5605749486652942,1,2024-12-25,1202.5,0.334,True,0.249,-3.534,-4.865,146.403,-9.439,2025-01-09,1195.5,strict_gakutto_next_open,-0.582,8.0
5101,2025-01-22,826,kuitto_pullback_auto,くいっと押し目版,1.5271838729383092,-3.0019892699982065,-1.2268739154874586,2.8083632314734652,1.6075994318181819,1924043705.0,1.944730960976448,-2.2352941176470575,1,2025-01-23,3301.0,-0.692,True,3.999,4.09,8.21,151.166,-24.568,2025-02-14,3543.0,max15_next_open,7.331,16.0
5101,2026-02-03,1078,kuitto_pullback_auto,くいっと押し目版,2.963450773789922,-3.4285895524754917,-2.206028443794994,2.46747714388702,2.0730688935281836,2921543225.0,3.2150852026131846,-6.962213626896752,4,2026-02-04,6288.0,0.544,False,9.335,7.634,24.571,31.854,-9.144,2026-02-27,7881.0,max15_next_open,25.334,16.0
5101,2026-04-06,1119,kuitto_pullback_auto,くいっと押し目版,2.371869298391105,-2.8689727121572695,-4.215938630919014,2.6374430438687035,1.27987915407855,7263075355.0,4.830571243403389,-6.696900982615272,4,2026-04-07,6146.0,-0.421,True,-1.725,9.893,1.627,34.901,-2.668,2026-04-14,6140.0,strict_gakutto_next_open,-0.098,6.0
5105,2021-10-27,35,kuitto_pullback_auto,くいっと押し目版,1.6604177825388255,-2.4114070035646917,-3.1614391719149593,1.8458896758961174,1.8974646623289209,945980985.0,2.306939635706759,-5.336658354114709,1,2021-10-28,1887.0,-0.58,True,4.769,-0.636,2.809,157.287,-31.267,2021-11-11,1876.0,strict_gakutto_next_open,-0.583,10.0
5105,2022-07-07,204,kuitto_pullback_auto,くいっと押し目版,2.754491017964078,-3.96222068647778,-3.9499988510765416,2.6315789473684292,1.2739889568721086,1482736135.0,2.8429903429903427,-6.789788158609456,2,2022-07-08,1756.0,2.331,False,0.911,5.011,1.139,176.481,-18.622,2022-07-28,1827.0,strict_gakutto_next_open,4.043,14.0
5105,2023-08-10,473,kuitto_pullback_auto,くいっと押し目版,2.883845126835771,-2.5409197194076416,-0.05501073767283371,1.9581899973537986,6.699904882688649,1513628237.5,2.8437951874235288,-2.058973055414337,1,2023-08-14,1964.0,1.947,False,7.052,8.758,12.144,147.2,-4.939,2023-09-04,2219.5,max15_next_open,13.009,16.0
5105,2024-03-15,618,kuitto_pullback_auto,くいっと押し目版,1.604891096675587,-3.555837468751155,-3.893142205570932,2.426810477657937,3.236351228389445,3629392345.0,2.9817869231182508,-8.703862660944207,4,2024-03-18,2675.0,0.602,False,5.103,3.271,5.327,81.495,-30.206,2024-04-01,2828.0,strict_gakutto_next_open,5.72,10.0
5105,2024-07-31,711,kuitto_pullback_auto,くいっと押し目版,2.361396303901442,-3.4097683106148025,-3.460383130830391,2.3151758958991797,1.2520973154362416,2199203550.0,2.0389740650522996,-3.5410216718266274,1,2024-08-01,2442.5,-2.006,True,-15.005,-15.169,-11.75,98.772,-23.562,2024-08-02,2280.5,stop_gap_open,-6.633,2.0
5105,2026-09-10,1226,kuitto_pullback_auto,くいっと押し目版,3.4221598877980375,-3.6053735464344427,-3.2644456511323416,1.4528644543503333,1.6907957357700363,5927931170.0,2.7509783408888375,-4.0343571056741245,1,2026-09-11,3575.0,-3.038,True,6.462,,,8.615,0.0,,,,,
5121,2022-07-19,211,kuitto_pullback_auto,くいっと押し目版,1.8072289156626509,-4.702913512273454,-4.491541007723432,1.6847172081829065,1.463373083475298,125007000.0,2.6373626373626373,-7.751091703056767,1,2022-07-20,860.0,1.775,False,3.837,5.814,13.14,248.837,-10.116,2022-08-10,998.0,max15_next_open,16.047,16.0
5122,2021-12-06,61,kuitto_pullback_auto,くいっと押し目版,1.526717557251911,-3.5920622959055515,-2.920919008596845,3.314344899016053,1.8253968253968254,82105850.0,2.076620121732904,-3.855421686746985,0,2021-12-07,4035.0,1.128,False,2.107,-0.248,2.107,66.791,-14.87,2021-12-21,4095.0,strict_gakutto_next_open,1.487,11.0
5142,2024-02-21,602,kuitto_pullback_auto,くいっと押し目版,1.7591339648173276,-4.354608085272327,-4.085441725425132,1.6216216216216273,1.688,22967825.0,1.9186930091185412,-5.170239596469106,0,2024-02-22,1505.0,0.066,True,5.714,5.98,5.714,35.017,-28.505,2024-03-15,1591.0,max15_next_open,5.714,16.0
5142,2025-11-26,1033,kuitto_pullback_auto,くいっと押し目版,3.3546325878594185,-3.216739537788882,-0.2004900868790349,3.1568877551020336,1.4225941422594142,71463695.0,3.648708324133363,-2.925731432858214,2,2025-11-27,1286.0,-0.618,True,2.644,2.488,10.264,58.009,-15.319,2025-12-18,1410.0,max15_next_open,9.642,16.0
5142,2026-05-01,1137,kuitto_pullback_auto,くいっと押し目版,3.2281205164992777,-5.346587855991391,-0.72547310406883,1.8977481943067476,2.4506666666666668,68441715.0,3.1768092921671798,-4.194407456724369,2,2026-05-07,1487.0,3.336,False,-13.584,-19.637,-19.099,36.651,-26.765,2026-05-12,1412.65,stop_loss,-5.0,4.0
5142,2026-07-02,1178,kuitto_pullback_auto,くいっと押し目版,1.7331022530329365,-2.1735467565290656,-0.5643919958953414,0.9631922944616456,2.497816593886463,57395015.0,2.938671209540034,-3.453947368421051,2,2026-07-03,1186.0,1.022,False,2.108,3.963,6.914,71.332,-0.169,2026-07-13,1217.0,strict_gakutto_next_open,2.614,7.0
5186,2024-06-19,682,kuitto_pullback_auto,くいっと押し目版,2.0645161290322678,-2.8140703517587906,-2.2155085599194324,1.828012358393405,1.31496062992126,98544925.0,1.8873035940039733,-3.5365853658536617,0,2024-06-20,3975.0,0.506,False,3.019,2.893,1.887,82.893,-20.881,2024-07-11,4100.0,max15_next_open,3.145,16.0
5192,2024-07-31,711,kuitto_pullback_auto,くいっと押し目版,1.8411967779056404,-3.4909412284578,-2.9190918380948117,1.258581235697931,1.4225806451612903,417386850.0,1.5980629539951572,-4.2207792207792245,0,2024-08-01,4390.0,-0.791,True,-8.428,-6.606,-5.239,5.809,-29.043,2024-08-02,4170.5,stop_loss,-5.0,2.0
5195,2023-12-20,562,kuitto_pullback_auto,くいっと押し目版,1.7589576547231367,-3.179810725552057,-1.486988847583648,1.626545217957065,1.2525597269624573,122090980.0,2.126394732028535,-5.676328502415462,0,2023-12-21,1548.0,-0.896,True,0.452,8.204,12.855,65.375,-14.922,2023-12-27,1542.0,strict_gakutto_next_open,-0.388,5.0
5208,2023-11-17,540,kuitto_pullback_auto,くいっと押し目版,1.9157088122605304,-4.119161456417797,-1.9262479388397535,1.6431027894535877,1.2912966252220248,126996650.0,1.9266917293233081,-2.653247941445558,0,2023-11-20,1064.0,0.0,True,1.504,3.289,0.376,179.887,-4.417,2023-12-06,1087.0,strict_gakutto_next_open,2.162,12.0
5208,2023-12-27,567,kuitto_pullback_auto,くいっと押し目版,1.6666666666666607,-2.2336769759450092,-3.457236470455294,1.1312658474741388,1.6405451448040886,116572800.0,1.4946962391513983,-5.898366606170602,1,2023-12-28,1033.0,-0.386,True,3.872,4.647,4.163,188.287,0.0,2024-01-18,1068.0,strict_gakutto_next_open,3.388,12.0
5208,2026-03-27,1113,kuitto_pullback_auto,くいっと押し目版,1.675743611227487,-3.1897798489474383,-4.015865936026508,0.6970375902414894,1.9926062846580406,652136160.0,4.326328800988875,-8.553127354935942,3,2026-03-30,2263.0,-6.757,True,2.961,9.589,10.605,31.595,-6.761,2026-04-20,2514.0,max15_next_open,11.091,16.0
5214,2024-08-30,732,kuitto_pullback_auto,くいっと押し目版,1.6407852329328954,-2.150106071899549,-0.5687937729598858,1.5574682358451941,1.8878676470588236,1764178215.0,1.5854713173825312,-0.8573878250928813,1,2024-09-02,3465.0,-0.115,True,-6.551,-7.475,-2.915,141.76,-13.434,2024-09-04,3288.0,stop_gap_open,-5.108,3.0
5214,2025-01-22,826,kuitto_pullback_auto,くいっと押し目版,1.522388059701485,-3.387479045031516,-1.0259683462761293,1.5405744312414038,1.3119966087325137,1184231180.0,1.6465745369009115,-3.380681818181819,1,2025-01-23,3368.0,-0.97,True,0.03,0.624,6.74,148.723,-10.941,2025-01-30,3384.0,strict_gakutto_next_open,0.475,6.0
5232,2022-08-30,240,kuitto_pullback_auto,くいっと押し目版,2.170767004341534,-2.8039977790116577,-1.1509817197021044,0.742009132420085,1.868254739912494,787635475.0,2.509105625252934,-3.9455782312925125,0,2022-08-31,3545.0,0.425,True,-3.526,-0.141,-4.513,83.836,-14.528,2022-09-16,3490.0,strict_gakutto_next_open,-1.551,13.0
5232,2026-09-09,1225,kuitto_pullback_auto,くいっと押し目版,2.0463600144875027,-4.408206207259335,-3.1241842055131808,2.6000509813917994,1.3642384105960266,1078261420.0,2.8546076815819497,-4.685385656292285,1,2026-09-10,5637.0,0.035,True,1.401,,,3.69,-4.151,,,,,
5233,2024-07-31,711,kuitto_pullback_auto,くいっと押し目版,2.2524752475247434,-3.020021981172638,-0.6749486452117703,1.7086862320267793,1.6012911158930219,1985893995.0,2.6091918248780996,-1.8764845605700686,1,2024-08-01,4121.0,-0.242,True,-15.846,-17.957,-15.821,20.553,-29.277,2024-08-01,3914.95,stop_loss,-5.0,1.0
5261,2022-10-27,279,kuitto_pullback_auto,くいっと押し目版,1.5695067264573925,-2.964900806627424,-1.889951099167364,1.706331387516835,1.3506493506493507,34946950.0,1.8763796909492272,-5.723204994797082,0,2022-10-28,4505.0,-0.552,True,-0.666,0.222,1.443,98.224,-11.21,2022-11-07,4540.0,strict_gakutto_next_open,0.777,6.0
5269,2023-08-24,482,kuitto_pullback_auto,くいっと押し目版,2.795031055900621,-2.37370663420573,-1.8737072636573648,2.603843769373837,1.5546558704453441,31823140.0,2.2874406560207166,-2.359882005899705,0,2023-08-25,326.0,-1.511,True,2.454,2.147,2.147,56.442,-12.883,2023-09-08,329.0,strict_gakutto_next_open,0.92,11.0
5288,2022-10-04,263,kuitto_pullback_auto,くいっと押し目版,2.4340770791074995,-2.837729816147083,-2.5177276711019103,3.187576624438093,3.8836477987421385,30540475.0,2.0933521923620932,-2.131782945736438,0,2022-10-05,509.0,0.792,False,-3.143,-0.982,0.0,245.776,-4.126,2022-10-13,490.0,strict_gakutto_next_open,-3.733,6.0
5288,2026-02-04,1079,kuitto_pullback_auto,くいっと押し目版,3.028169014084514,-3.611985223696812,-2.692223077769207,3.3630069238377747,2.0330578512396693,264349215.0,2.7096963187188754,-4.002624671916011,0,2026-02-05,1490.0,1.846,False,4.698,3.893,5.973,18.121,-10.134,2026-03-02,1526.0,max15_next_open,2.416,16.0
5288,2026-06-11,1163,kuitto_pullback_auto,くいっと押し目版,3.0282174810736473,-4.481041746457281,-4.127454991816704,-0.17337956788476827,1.942186088527552,292972150.0,3.335241912396221,-11.785503830288746,3,2026-06-12,1499.0,0.134,True,4.336,-0.934,-2.802,7.605,-5.07,2026-06-23,1533.0,strict_gakutto_next_open,2.268,8.0
5301,2023-06-05,426,kuitto_pullback_auto,くいっと押し目版,2.936241610738266,-3.7701974865350096,-3.6351165980795574,3.9654295882053825,1.8436083734983095,2571320825.0,2.3081848876469904,-4.364770070148094,1,2023-06-06,1208.0,-1.548,True,0.911,3.187,5.877,92.715,-38.618,2023-06-26,1259.0,strict_gakutto_next_open,4.222,15.0
5301,2023-10-10,513,kuitto_pullback_auto,くいっと押し目版,2.115716753022445,-3.7450333925099444,-3.224984282874288,3.810025458695465,1.9710505484564063,1725532677.5,2.1624886741165814,-2.9942575881870437,1,2023-10-11,1180.0,-0.211,True,-0.805,-4.746,-2.797,97.288,-37.161,2023-10-18,1180.0,strict_gakutto_next_open,0.0,6.0
5301,2024-03-08,613,kuitto_pullback_auto,くいっと押し目版,1.5252328795168468,-2.9177136931115344,-3.3497045658721136,1.529390086604021,1.6140244640910741,2742316106.0,1.8926626912107853,-5.13629842180775,1,2024-03-11,981.8,-1.008,True,-2.516,1.171,0.672,137.116,-24.475,2024-04-01,1000.0,strict_gakutto_next_open,1.854,15.0
5310,2022-12-30,323,kuitto_pullback_auto,くいっと押し目版,1.6216216216216273,-4.1481867988520715,-4.101765316718586,1.7866811044937814,1.789179104477612,270085475.0,2.745060790273556,-5.646173149309908,0,2023-01-04,3700.0,-1.596,True,4.865,3.378,9.73,142.973,-15.676,2023-01-26,4060.0,max15_next_open,9.73,16.0
5310,2023-09-15,498,kuitto_pullback_auto,くいっと押し目版,1.7543859649122862,-4.626815265113137,-2.074288470815233,2.0408163265306145,1.9629057187017,600876550.0,2.561576354679803,-3.171953255425708,0,2023-09-19,5740.0,-1.034,True,-5.401,-5.401,-3.484,56.62,-45.645,2023-09-21,5453.0,stop_loss,-5.0,3.0
5331,2022-02-28,116,kuitto_pullback_auto,くいっと押し目版,2.008928571428581,-2.6625343382404743,-1.9283103132221258,3.065348392451206,1.2706270627062706,138882616.0,2.1650515786183178,-2.765957446808509,0,2022-03-01,1107.5,-3.063,True,-7.558,-4.063,-1.688,318.51,-12.524,2022-03-04,1085.0,strict_gakutto_next_open,-2.032,4.0
5332,2022-12-28,321,kuitto_pullback_auto,くいっと押し目版,1.6778523489932917,-4.9831081081081035,-4.217328458464409,0.8655126498002597,1.9452054794520548,1949754900.0,1.9251925192519255,-6.673511293634493,2,2022-12-29,4505.0,-0.88,True,1.443,9.545,9.767,110.877,-27.436,2023-01-24,5020.0,max15_next_open,11.432,16.0
5332,2024-06-21,684,kuitto_pullback_auto,くいっと押し目版,2.0585048754062862,-2.3798216452957544,-4.7339834588322365,1.7168772270813148,2.054974524001073,4082563290.0,2.234986351228389,-6.034912718204488,2,2024-06-24,3765.0,-0.08,True,0.876,1.673,7.065,152.324,-13.174,2024-07-03,3795.0,strict_gakutto_next_open,0.797,8.0
5344,2024-05-21,661,kuitto_pullback_auto,くいっと押し目版,1.6442451420029869,-3.7101449275362297,-1.0806317539484578,2.0408163265306145,1.6159169550173011,2453197500.0,4.3277310924369745,-2.5787965616045794,3,2024-05-22,34000.0,0.0,True,6.765,0.294,10.0,151.912,-37.956,2024-05-31,34900.0,strict_gakutto_next_open,2.647,8.0
5351,2022-01-31,98,kuitto_pullback_auto,くいっと押し目版,1.8791946308724938,-4.219192179058395,-3.8153750838969436,1.8518518518518379,1.424778761061947,101997675.0,2.5315264445699226,-7.6642335766423315,1,2022-02-01,764.0,0.659,False,3.01,0.131,0.393,228.141,-10.471,2022-02-24,767.0,max15_next_open,0.393,16.0
5351,2023-02-10,350,kuitto_pullback_auto,くいっと押し目版,1.6372795969773257,-3.340595497458243,-0.6662026449239189,0.9759759759759623,1.3875,77012875.0,1.8233315631085145,-3.8140643623361115,0,2023-02-13,806.0,-0.124,True,6.079,10.546,14.888,211.042,-0.744,2023-03-07,929.0,max15_next_open,15.261,16.0
5357,2022-12-29,322,kuitto_pullback_auto,くいっと押し目版,2.6515151515151603,-3.598050458715596,-2.1445384011855917,0.5939123979213035,2.5,24680700.0,2.1349499209277805,-5.045550105115626,0,2022-12-30,1325.0,-2.214,True,2.038,8.679,15.245,52.151,-5.66,2023-01-05,1258.75,stop_loss,-5.0,3.0
5357,2026-08-07,1203,kuitto_pullback_auto,くいっと押し目版,1.6138328530259427,-2.2586109542631294,-1.2111950001140515,1.7663357192334361,1.921443736730361,66526730.0,1.3005429057612834,-1.0662177328844002,0,2026-08-10,1762.0,-0.057,True,1.249,0.795,1.816,3.008,-2.951,2026-08-20,1761.0,strict_gakutto_next_open,-0.057,8.0
5384,2022-01-14,87,kuitto_pullback_auto,くいっと押し目版,1.7547406299276203,-3.4676158118966516,-1.4776698754380369,0.39973191631959004,1.4015151515151516,503691391.5,2.942912771259412,-4.307984790874531,2,2022-01-17,2560.0,1.721,False,-9.246,-11.59,-13.281,98.828,-40.0,2022-01-19,2426.7,stop_gap_open,-5.207,3.0
5384,2024-04-26,647,kuitto_pullback_auto,くいっと押し目版,2.0895522388059806,-5.338691159586684,-3.9629736765982027,3.0120481927710774,1.8982229402261712,743125600.0,3.4670008354218877,-3.797468354430378,2,2024-04-30,3420.0,0.0,True,2.778,-12.895,-7.895,48.83,-55.088,2024-05-14,3249.0,stop_loss,-5.0,9.0
5384,2024-11-22,788,kuitto_pullback_auto,くいっと押し目版,1.6884761502743872,-3.2546786004882033,-0.011772224277695198,1.295097132284928,1.5606995884773662,662192880.0,3.0332681017612524,-3.5628502802241835,2,2024-11-25,2430.0,0.872,False,-3.21,-4.444,-1.975,109.465,-36.79,2024-11-27,2365.0,strict_gakutto_next_open,-2.675,3.0
5393,2024-06-27,688,kuitto_pullback_auto,くいっと押し目版,1.9354838709677358,-3.165856707355963,-0.4845855040079061,3.1331592689294974,1.5532646048109966,941609691.0,2.456148282097649,-0.7350631400389496,1,2024-06-28,1588.3,0.525,False,1.889,1.259,-0.944,161.034,-20.248,2024-07-09,1600.0,strict_gakutto_next_open,0.737,8.0
5393,2024-09-18,744,kuitto_pullback_auto,くいっと押し目版,2.7304154215737952,-3.9149243784803445,-3.6975331743190454,2.6125735956831653,1.378673383711167,885921852.0,2.857061378135921,-7.070546456776383,2,2024-09-19,1763.3,0.57,False,9.834,6.805,7.185,135.127,-22.815,2024-10-04,1903.3,strict_gakutto_next_open,7.94,11.0
5393,2024-10-21,765,kuitto_pullback_auto,くいっと押し目版,1.983783783783788,-3.557932860896207,-0.13594015169882123,2.2402132917154427,2.3452768729641695,898410340.5,2.6259000976762157,-2.5817111581556307,1,2024-10-22,1866.7,-1.06,True,-2.679,-1.789,8.678,122.103,-27.091,2024-11-13,2026.7,max15_next_open,8.571,16.0
5393,2025-10-06,999,kuitto_pullback_auto,くいっと押し目版,2.382104640533411,-4.094399230077206,-3.9454012023245943,3.33224791056117,1.4710144927536233,846643047.0,1.9173919567827138,-4.384070707577958,1,2025-10-07,1903.3,-0.037,True,-4.587,-3.73,-2.364,117.832,-5.338,2025-10-15,1825.7,strict_gakutto_next_open,-4.077,6.0
5393,2026-03-25,1111,kuitto_pullback_auto,くいっと押し目版,2.3942264938263236,-2.41186878998233,-1.2383778058173367,3.7080917045997808,1.4319872476089266,2636109420.0,4.087870241793482,-6.455644783301572,4,2026-03-26,3043.7,1.67,False,-2.093,-1.271,1.423,36.216,-9.896,2026-03-30,2794.0,stop_gap_open,-8.204,3.0
5393,2026-09-09,1225,kuitto_pullback_auto,くいっと押し目版,1.6483516483516425,-3.2139309297025687,-3.0000000000000027,0.37981551817687365,2.3897086643965193,1772247370.0,3.0201630201630203,-7.858328721638075,4,2026-09-10,3303.0,-0.811,True,1.998,,,4.36,-3.361,,,,,
5401,2022-12-26,319,kuitto_pullback_auto,くいっと押し目版,1.674854845913365,-2.228976697061802,-0.6197313901985968,2.2778326893701184,1.3569970514855976,15133430157.5,1.6896237959273335,-0.6329113924050556,1,2022-12-27,458.0,0.593,False,-2.511,7.773,11.572,67.991,-2.707,2023-01-05,448.5,strict_gakutto_next_open,-2.074,6.0
5401,2024-05-20,660,kuitto_pullback_auto,くいっと押し目版,1.9756838905775176,-3.126099706744856,-3.568725621470581,1.2738468968848116,1.251201354480492,18397466010.0,2.150308707685759,-5.252753459474735,1,2024-05-21,671.2,0.03,True,1.311,2.473,1.46,7.047,-21.037,2024-06-06,675.0,strict_gakutto_next_open,0.566,13.0
5406,2022-05-06,160,kuitto_pullback_auto,くいっと押し目版,2.8368794326241176,-3.170731707317076,-1.4406184118060494,3.3868092691622165,1.3351785809336243,2438798255.0,2.684729064039409,-0.8547008547008517,1,2022-05-09,570.0,-1.724,True,17.193,21.053,19.649,317.456,-4.035,2022-05-27,675.0,strict_gakutto_next_open,18.421,15.0
5406,2026-04-30,1136,kuitto_pullback_auto,くいっと押し目版,2.5825346112886116,-3.435963777490303,-2.419363226927118,2.6754783350210642,1.8138936985151373,3338180530.0,1.5257128026398723,-2.7020202020202055,1,2026-05-01,1910.0,-0.856,True,3.665,0.55,2.932,9.869,-6.335,2026-05-27,1986.0,max15_next_open,3.979,16.0
5408,2026-09-15,1229,kuitto_pullback_auto,くいっと押し目版,1.572327044025168,-2.386780905752761,-0.32435129740517876,1.0638297872340274,1.973049645390071,128041245.0,2.0123839009287927,-2.7108433734939763,0,2026-09-16,646.0,0.0,True,-0.619,,,1.393,-0.929,,,,,
5410,2022-02-08,104,kuitto_pullback_auto,くいっと押し目版,2.2777369581190365,-4.162451221274743,-3.3632671738260123,2.9890500147972787,1.338235294117647,127840205.0,3.5970853858784895,-6.2626262626262585,3,2022-02-09,1395.0,0.216,True,-2.509,-5.95,-3.226,350.896,-14.194,2022-02-15,1352.0,strict_gakutto_next_open,-3.082,4.0
5410,2024-07-12,699,kuitto_pullback_auto,くいっと押し目版,1.7716535433070835,-2.4121960632960238,-1.9535640916314656,2.194109507807873,1.5123287671232877,367613350.0,1.5473887814313347,-1.5238095238095273,0,2024-07-16,5180.0,0.193,True,-6.081,-7.432,-29.923,0.772,-51.95,2024-07-22,5050.0,strict_gakutto_next_open,-2.51,5.0
5411,2022-05-06,160,kuitto_pullback_auto,くいっと押し目版,2.508038585209005,-5.30065201642117,-4.246258668937819,1.270648030495547,1.5457702359216696,11239453110.0,2.7155404194300052,-5.680473372781069,1,2022-05-09,1510.0,-5.27,True,0.132,2.98,3.046,75.265,-13.709,2022-05-09,1434.5,stop_loss,-5.0,1.0
5411,2023-12-15,559,kuitto_pullback_auto,くいっと押し目版,2.100238663484477,-2.3249299719888095,-2.806758378727714,1.595896266742658,1.5700871731008716,8903401635.0,1.9835704267681826,-4.933333333333334,1,2023-12-18,2135.0,-0.187,True,0.796,2.459,7.916,23.958,-28.103,2023-12-27,2135.0,strict_gakutto_next_open,0.0,8.0
5411,2025-08-08,961,kuitto_pullback_auto,くいっと押し目版,2.329594477998276,-2.335117894976646,-2.259265143090572,3.2681256167643724,1.5265117759388924,7226425482.5,2.501405283867341,-3.837837837837843,1,2025-08-12,1784.5,0.309,True,0.168,3.67,4.651,32.194,-13.982,2025-09-02,1874.0,max15_next_open,5.015,16.0
5411,2026-05-27,1152,kuitto_pullback_auto,くいっと押し目版,1.5752802181157266,-2.5208085612366316,-2.814807823891652,1.7540665210002526,1.9199467826199825,8961814675.0,2.6585999744365383,-5.014164305949009,1,2026-05-28,1685.0,0.507,False,-5.371,-6.083,-2.849,14.955,-8.902,2026-06-02,1600.75,stop_loss,-5.0,4.0
5423,2026-09-11,1227,kuitto_pullback_auto,くいっと押し目版,2.524038461538458,-2.994970278920883,-1.4462138446538764,0.4593098574961596,1.748880748880749,524849335.0,2.420030145704237,-6.212204507971409,1,2026-09-14,1717.0,0.645,False,3.436,,,4.834,-1.281,2026-09-25,1728.0,strict_gakutto_next_open,0.641,7.0
5444,2021-11-12,46,kuitto_pullback_auto,くいっと押し目版,1.54494382022472,-4.482851741830951,-1.238682441815253,1.659167604049494,1.4222614840989398,748284825.0,3.517091483896463,-7.426376440460947,3,2021-11-15,3615.0,0.0,True,2.49,-1.521,-0.277,295.297,-8.299,2021-11-30,3605.0,strict_gakutto_next_open,-0.277,11.0
5444,2022-04-13,147,kuitto_pullback_auto,くいっと押し目版,1.980198019801982,-4.948341489940189,-3.886983504817909,2.095723591050702,1.3339382940108893,816342525.0,3.4574995046562313,-9.308176100628929,3,2022-04-14,3580.0,-0.693,True,5.307,4.19,15.642,299.162,-0.559,2022-05-11,4070.0,max15_next_open,13.687,16.0
5444,2024-03-15,618,kuitto_pullback_auto,くいっと押し目版,2.2815533980582448,-2.0375615910118827,-1.6347655037741826,2.269142094406029,4.818181818181818,1469080415.0,1.8670757339480644,-1.2305168170631653,1,2024-03-18,8481.0,0.629,False,4.316,-2.299,-1.863,68.494,-27.615,2024-03-29,8584.0,strict_gakutto_next_open,1.214,9.0
5444,2026-06-12,1164,kuitto_pullback_auto,くいっと押し目版,2.136752136752129,-2.314458963190713,-1.1764908237155702,3.994430423809936,1.3207776427703524,1989858100.0,3.1530185295875675,0.0,3,2026-06-15,12140.0,1.59,False,1.977,0.082,2.801,17.71,-4.901,2026-06-24,12060.0,strict_gakutto_next_open,-0.659,8.0
5445,2022-12-09,308,kuitto_pullback_auto,くいっと押し目版,2.1165175649138,-4.304872409299176,-1.857994878052982,2.4518388791593626,1.6890243902439024,27330453.0,1.72008547008547,-2.904564315352698,0,2022-12-12,478.0,2.137,False,-1.527,-3.285,-0.69,372.803,-5.167,2022-12-20,465.7,strict_gakutto_next_open,-2.573,7.0
5445,2024-05-07,651,kuitto_pullback_auto,くいっと押し目版,3.2467532467532534,-3.2994923857868064,-4.553066439734943,3.6276183896658987,8.279957582184517,629784096.0,2.5309973045822107,-4.978186816470442,0,2024-05-08,1591.7,0.107,True,5.968,7.64,5.755,41.987,-17.384,2024-05-23,1696.7,strict_gakutto_next_open,6.597,12.0
5445,2025-02-28,851,kuitto_pullback_auto,くいっと押し目版,1.5544041450777257,-2.8664481935509967,-2.3310732058337558,1.6945634916516905,1.530278232405892,750004024.5,1.614795918367346,-4.076738609112707,0,2025-03-03,2003.3,2.209,False,3.33,1.667,1.168,11.481,-21.879,2025-03-14,2043.3,strict_gakutto_next_open,1.997,10.0
5451,2022-10-04,263,kuitto_pullback_auto,くいっと押し目版,1.67689161554192,-2.4626926526951087,-2.113088460162027,3.282093892812643,1.2618384401114207,108738390.0,1.7153200781519364,-2.048857368006307,0,2022-10-05,500.6,0.684,False,-3.556,-2.996,-2.437,231.602,-6.033,2022-10-13,477.4,strict_gakutto_next_open,-4.634,6.0
5451,2024-04-08,633,kuitto_pullback_auto,くいっと押し目版,1.5677491601343796,-5.343022013250698,-3.5102962898601153,2.093651508329586,2.4173553719008263,359921050.0,3.1422271223814775,-6.107660455486541,3,2024-04-09,907.0,0.0,True,1.323,0.11,9.592,83.021,-5.072,2024-04-17,902.0,strict_gakutto_next_open,-0.551,7.0
545A,2026-06-17,51,kuitto_pullback_auto,くいっと押し目版,3.3007334963325086,-2.905054322153977,-3.8291124481134364,2.4490785645004953,1.3274336283185841,44071550.0,1.639898562975486,-3.9772727272727293,0,2026-06-18,850.0,0.592,False,1.412,5.412,7.765,20.0,-0.353,2026-07-09,916.0,max15_next_open,7.765,16.0
5461,2024-02-13,275,kuitto_pullback_auto,くいっと押し目版,2.973977695167296,-2.3417312661498713,-0.8205144935810593,2.508223684210531,1.3917525773195876,192935210.0,2.5929746146352644,-1.0714285714285676,0,2024-02-14,2466.0,-1.083,True,1.744,-1.054,1.46,24.696,-31.468,2024-02-16,2478.0,strict_gakutto_next_open,0.487,3.0
5471,2024-07-30,710,kuitto_pullback_auto,くいっと押し目版,2.3280423280423346,-4.6870729707570336,-3.5727079831353814,3.6293491462456196,2.27038231229848,973745500.0,2.252917713103856,-3.073838957567654,1,2024-07-31,1448.5,-0.138,True,-14.463,-9.147,-1.691,107.456,-36.244,2024-08-02,1376.075,stop_loss,-5.0,3.0
5471,2024-12-24,810,kuitto_pullback_auto,くいっと押し目版,2.0683453237410054,-2.230613857908148,-2.693438658152525,1.475189986589176,1.3012770393536617,583544062.5,1.5324103209565765,-3.486394557823125,0,2024-12-25,1144.0,0.793,False,4.545,2.622,3.89,162.675,-19.274,2025-01-10,1149.0,strict_gakutto_next_open,0.437,9.0
5471,2026-05-07,1138,kuitto_pullback_auto,くいっと押し目版,1.688102893890675,-2.276604819790995,-1.4201815269620832,2.767547660311953,1.764737406216506,1273973320.0,2.2529644268774702,-4.19086089371371,1,2026-05-08,1868.5,-1.528,True,5.512,-1.606,4.656,60.824,-5.138,2026-05-18,1775.075,stop_loss,-5.0,7.0
5480,2023-01-10,327,kuitto_pullback_auto,くいっと押し目版,3.170731707317076,-2.296101411145657,-2.5869037995149613,3.246277764217731,1.4086905460951262,853592325.0,2.8284363390746368,-4.190260475651186,1,2023-01-11,4255.0,0.591,False,0.235,4.465,5.17,36.075,-22.444,2023-02-01,4535.0,max15_next_open,6.58,16.0
5480,2026-05-07,1138,kuitto_pullback_auto,くいっと押し目版,1.6163793103448176,-2.4598930481283476,-2.0627344016365567,2.5892080069625845,1.803986710963455,318945050.0,1.7497348886532342,-3.6772216547497405,0,2026-05-08,4650.0,-1.379,True,-1.828,-5.161,-2.366,24.516,-7.742,2026-05-12,4515.0,strict_gakutto_next_open,-2.903,3.0
5482,2021-12-03,60,kuitto_pullback_auto,くいっと押し目版,3.0581039755351647,-5.365645220363813,-4.713763328519205,3.2442194201683483,1.295045045045045,89378020.0,2.0113339729144815,-3.8299789726644606,0,2021-12-06,642.8,0.39,True,-1.945,-0.98,-5.258,446.826,-26.758,2021-12-13,636.0,strict_gakutto_next_open,-1.058,6.0
5482,2023-08-23,481,kuitto_pullback_auto,くいっと押し目版,2.4067796610169445,-2.6397177331532906,-0.04899886411724452,0.9760010695902155,1.4154589371980677,355222052.0,2.808120931258965,-5.4755944931163985,0,2023-08-24,903.8,-0.276,True,-1.803,16.729,14.384,288.913,-26.588,2023-08-31,891.3,strict_gakutto_next_open,-1.383,6.0
5541,2023-07-03,446,kuitto_pullback_auto,くいっと押し目版,1.7798286090969118,-3.028366981855357,-2.2879421345576745,1.3256332852080277,1.7904589371980677,380726020.0,2.100296076980015,-4.15890751086282,0,2023-07-04,1548.0,0.259,True,0.258,-0.646,2.519,149.677,-26.163,2023-07-13,1560.0,strict_gakutto_next_open,0.775,8.0
5541,2026-07-01,1177,kuitto_pullback_auto,くいっと押し目版,2.3820430600091536,-4.6370435547734346,-2.357355739882938,2.739726027397249,1.5529733424470267,516367645.0,3.429210610418664,-3.8709677419354827,2,2026-07-02,2236.0,0.045,True,-0.716,2.639,4.338,27.236,-1.476,2026-07-09,2225.0,strict_gakutto_next_open,-0.492,6.0
5563,2024-05-20,660,kuitto_pullback_auto,くいっと押し目版,3.436426116838498,-4.039087947882725,-4.768057888616095,2.103120759837185,1.681159420289855,124941240.0,2.610346464167062,-6.521739130434778,1,2024-05-21,300.0,-0.332,True,-6.0,-4.333,-4.667,86.333,-25.0,2024-05-23,285.0,stop_loss,-5.0,3.0
5563,2026-03-16,1105,kuitto_pullback_auto,くいっと押し目版,2.336448598130847,-4.227941176470584,-0.31020868584320516,3.2531824611032656,3.1027072758037226,523457580.0,5.185909980430528,-6.609808102345416,3,2026-03-17,444.0,1.37,False,-6.757,-7.432,-1.577,25.901,-12.162,2026-03-23,406.0,stop_gap_open,-8.559,4.0
5602,2024-02-26,604,kuitto_pullback_auto,くいっと押し目版,1.6369047619047672,-4.443799012489114,-4.6005398885761934,2.799518362432263,1.96113074204947,150895500.0,2.802760928676009,-6.948228882833785,1,2024-02-27,683.0,0.0,True,-0.439,8.785,9.81,199.268,-3.514,2024-03-05,679.0,strict_gakutto_next_open,-0.586,6.0
5602,2024-09-12,741,kuitto_pullback_auto,くいっと押し目版,2.043269230769229,-4.728023869635067,-1.3950839897504008,2.1414821944176987,1.261467889908257,101209500.0,3.154972236244321,-4.284103720405863,2,2024-09-13,848.0,-0.118,True,-0.825,-3.42,-2.358,141.038,-12.736,2024-09-24,845.0,strict_gakutto_next_open,-0.354,6.0
5631,2022-05-06,160,kuitto_pullback_auto,くいっと押し目版,1.6371077762619368,-3.022941970310389,-0.4229142637447114,2.7302813017098693,2.085464333781965,1846081875.0,3.883029721955896,-2.486910994764402,3,2022-05-09,3025.0,-18.792,True,3.636,8.926,3.967,251.074,-23.802,2022-05-10,2555.0,stop_gap_open,-15.537,2.0
5631,2023-08-23,481,kuitto_pullback_auto,くいっと押し目版,1.722637898033752,-3.9412648089437674,-1.7687611866148534,1.2539836497159396,1.3333333333333333,1192983740.0,2.5169835296417573,-3.8170450806186196,1,2023-08-24,2918.5,-0.154,True,0.805,3.204,-0.497,263.886,-21.021,2023-09-14,2913.5,max15_next_open,-0.171,16.0
5631,2023-12-29,569,kuitto_pullback_auto,くいっと押し目版,1.533360961458774,-2.0389854008645347,-3.375737789285771,1.9474034620506009,1.873069679849341,1077785910.0,1.7667638483965014,-4.63215258855586,1,2024-01-04,2423.5,-1.082,True,2.661,-0.351,0.33,338.209,-4.89,2024-01-17,2430.0,strict_gakutto_next_open,0.268,9.0
5631,2024-02-14,597,kuitto_pullback_auto,くいっと押し目版,2.8017241379310276,-2.2461220268872872,-2.3213784680387484,0.7476872386262823,2.522232387923147,1383997987.5,2.301587301587302,-3.441295546558709,1,2024-02-15,2428.0,1.803,False,3.727,12.335,22.405,337.397,-1.03,2024-03-08,3002.0,max15_next_open,23.641,16.0
5632,2024-07-31,711,kuitto_pullback_auto,くいっと押し目版,2.0611229566453337,-4.58914308921079,-3.9985884141375827,1.5127951364343417,1.8333333333333333,80383755.0,1.820533227218464,-5.214521452145215,0,2024-08-01,1430.0,-0.418,True,-13.357,-0.769,0.559,83.007,-23.007,2024-08-02,1357.0,stop_gap_open,-5.105,2.0
5632,2025-06-26,931,kuitto_pullback_auto,くいっと押し目版,1.8770226537216939,-2.35279155538598,-0.21765041198112955,2.1812516229550605,1.3658838071693449,445292890.0,2.790887638409875,-8.060747663551403,1,2025-06-27,1588.0,0.889,False,2.96,1.196,1.008,64.798,-1.763,2025-07-08,1563.0,strict_gakutto_next_open,-1.574,8.0
5702,2023-08-23,481,kuitto_pullback_auto,くいっと押し目版,2.5974025974025983,-2.7306168647424967,-4.982666593297735,2.9390473432749253,1.4371980676328502,225404705.0,2.1599357042395018,-9.599491417673233,1,2023-08-24,1430.0,0.563,False,0.07,5.385,2.797,45.035,-43.776,2023-09-11,1458.0,strict_gakutto_next_open,1.958,13.0
5703,2024-06-12,677,kuitto_pullback_auto,くいっと押し目版,1.887840088839532,-4.101479915433403,-2.785205467730556,0.9461987017273632,1.7825688073394494,434325865.0,1.946282600233554,-5.020703933747416,0,2024-06-13,1850.0,0.817,False,-4.486,-2.216,-1.459,80.0,-33.189,2024-06-17,1800.0,strict_gakutto_next_open,-2.703,3.0
5703,2026-07-31,1198,kuitto_pullback_auto,くいっと押し目版,2.452830188679256,-2.763781861292236,-2.26521874398139,2.8876762164620207,1.7997691863819965,911684535.0,3.159694817153381,-1.772793053545585,3,2026-08-03,2665.0,-1.842,True,9.343,12.57,14.447,18.199,-1.201,2026-08-25,3050.0,max15_next_open,14.447,16.0
5703,2026-09-16,1230,kuitto_pullback_auto,くいっと押し目版,2.9179539993134274,-2.2125958013995417,-2.2417348499966794,2.0005443658138278,1.471898197242842,677042960.0,2.716096445249214,-4.370015948963313,0,2026-09-17,3035.0,1.234,False,,,,0.165,-1.647,,,,,
5707,2022-04-13,147,kuitto_pullback_auto,くいっと押し目版,1.7204301075268713,-4.638180565127492,-1.6873814444664625,2.1598272138228847,1.4855806703039751,1505260215.0,4.396959629517769,-8.006482982171804,4,2022-04-14,2898.0,2.114,False,5.245,-6.66,-9.248,10.939,-85.093,2022-04-22,2891.0,strict_gakutto_next_open,-0.242,7.0
5707,2023-08-23,481,kuitto_pullback_auto,くいっと押し目版,1.836492890995256,-3.041603542710647,-2.8200069629801594,2.639121089085261,1.431079894644425,344882285.0,2.497299094157733,-6.16812227074236,1,2023-08-24,1730.0,0.64,False,-2.89,1.445,-1.214,45.087,-75.029,2023-08-31,1676.0,strict_gakutto_next_open,-3.121,6.0
5711,2026-07-31,1198,kuitto_pullback_auto,くいっと押し目版,2.3681640625,-2.1457782054366104,-3.4292434042069053,2.941176470588247,1.5137298706134228,6200800205.0,4.37804504105482,-9.360138348465197,4,2026-08-03,4053.0,-3.339,True,27.239,29.879,42.413,51.468,-2.048,2026-08-20,5250.0,strict_gakutto_next_open,29.534,13.0
5713,2025-07-22,948,kuitto_pullback_auto,くいっと押し目版,1.8098247629991349,-3.480799461037498,-0.9903830705317973,2.69487105186903,2.3533218291630718,6499565180.0,2.8156239922605613,-4.293815825006753,1,2025-07-23,3563.0,0.536,False,-3.312,-1.403,1.712,273.281,-7.129,2025-07-30,3430.0,strict_gakutto_next_open,-3.733,6.0
5714,2022-02-24,114,kuitto_pullback_auto,くいっと押し目版,3.1217481789802326,-4.099646920360922,-1.9494035705708068,1.1430904266176878,2.0645463049579047,1492928725.0,2.580366152515497,-4.34362934362934,1,2022-02-25,4915.0,-0.807,True,23.296,10.682,10.885,151.882,-21.058,2022-03-10,5290.0,strict_gakutto_next_open,7.63,10.0
5714,2023-12-15,559,kuitto_pullback_auto,くいっと押し目版,1.6465863453815288,-4.219167621229481,-2.2077719803753504,0.7764284292255619,1.4580610021786493,1080322735.0,1.9515154935937238,-4.29192664019663,1,2023-12-18,4980.0,-1.62,True,0.984,3.454,4.679,148.594,-22.088,2024-01-12,5313.0,max15_next_open,6.687,16.0
5714,2024-04-03,630,kuitto_pullback_auto,くいっと押し目版,2.888972809667667,-2.6004641054919064,-0.20020170698298312,2.7337858220211064,1.9211678832116788,1365965305.0,2.6321998794012003,-1.553748870822047,1,2024-04-04,5554.0,1.927,False,4.447,3.223,1.999,122.902,-30.14,2024-04-17,5777.0,strict_gakutto_next_open,4.015,10.0
5714,2025-11-10,1022,kuitto_pullback_auto,くいっと押し目版,2.749638205499272,-2.1475653837975894,-0.6942651404309053,2.5566950743897143,1.3036941580756014,1740403690.0,2.772887323943662,-2.1870156707422095,1,2025-11-11,5709.0,0.511,False,5.36,3.871,4.729,116.851,-2.049,2025-11-20,5939.0,strict_gakutto_next_open,4.029,8.0
5715,2024-07-31,711,kuitto_pullback_auto,くいっと押し目版,2.4498886414253906,-3.583378305450624,-2.6205041433467913,2.472711071508127,1.397239263803681,141050740.0,1.5838509316770186,-3.0047443331576162,0,2024-08-01,1830.0,-0.543,True,-15.246,-16.011,-14.044,290.164,-22.186,2024-08-02,1738.5,stop_loss,-5.0,2.0
5715,2025-01-16,822,kuitto_pullback_auto,くいっと押し目版,2.993630573248418,-3.2395247029393337,-0.393771254698394,3.7735849056603765,3.0291970802919708,149177450.0,1.7006802721088436,0.0,0,2025-01-17,1612.0,-0.309,True,10.546,18.486,24.007,342.928,-0.124,2025-01-29,1790.0,strict_gakutto_next_open,11.042,9.0
5715,2026-09-18,1232,kuitto_pullback_auto,くいっと押し目版,2.1765417170495738,-5.414908579465538,-4.058257918552033,3.7828543355440836,1.2688330871491875,1212742575.0,3.9729501267962806,-6.629834254143652,4,2026-09-24,4240.0,0.355,True,,,,0.472,-2.712,,,,,
5726,2023-07-19,457,kuitto_pullback_auto,くいっと押し目版,1.6610169491525495,-5.2676240208877285,-1.8361867756776062,3.0442550852116446,1.4376420454545455,2867489955.0,2.5579955223169626,-4.338118022328552,1,2023-07-20,3000.0,0.033,True,8.167,22.833,3.667,25.0,-56.9,2023-08-08,3285.0,strict_gakutto_next_open,9.5,14.0
5726,2023-09-15,498,kuitto_pullback_auto,くいっと押し目版,2.5764895330112614,-2.9266789895255663,-0.7295138670523782,0.8869179600886845,2.2595518001469506,3108505825.0,2.5454137699035657,-4.497751124437777,1,2023-09-19,3175.0,-0.314,True,-0.63,-4.882,-0.945,8.189,-59.276,2023-10-03,2989.0,stop_gap_open,-5.858,11.0
5726,2024-07-11,698,kuitto_pullback_auto,くいっと押し目版,3.4311856652687656,-2.692055154300732,-4.1243481633649886,1.625711717111189,1.751207729468599,2300967920.0,2.6301932494339426,-10.016583747927033,2,2024-07-12,2696.0,-0.627,True,-3.338,-10.645,-14.577,27.411,-52.04,2024-07-22,2573.0,strict_gakutto_next_open,-4.562,6.0
5741,2022-05-31,177,kuitto_pullback_auto,くいっと押し目版,1.978550295858006,-3.2710447975324075,-0.39919865657133125,1.9559269392886325,1.777023498694517,537650600.0,4.047403186115785,-4.63427286875323,2,2022-06-01,543.3,-1.487,True,7.859,2.798,-2.632,559.856,-10.087,2022-06-13,559.5,strict_gakutto_next_open,2.982,9.0
5741,2024-03-07,612,kuitto_pullback_auto,くいっと押し目版,1.5902439024390258,-2.651942146391806,-1.0547395494406753,1.910391669439604,1.3136842105263158,662918140.0,2.3665473103675354,-4.0276497695852616,0,2024-03-08,1035.0,-0.605,True,2.657,7.488,6.406,246.377,-14.734,2024-03-29,1078.8,strict_gakutto_next_open,4.232,15.0
5741,2024-10-08,757,kuitto_pullback_auto,くいっと押し目版,2.1149499515660253,-3.93850883935436,-1.5161779208953563,1.178954777406327,1.5059760956175299,872621782.0,2.2998306041784313,-3.6190476190476217,1,2024-10-09,1265.0,0.0,True,-2.071,-1.281,-0.791,183.399,-18.775,2024-10-31,1267.5,max15_next_open,0.198,16.0
5741,2024-11-07,777,kuitto_pullback_auto,くいっと押し目版,2.5084418716835533,-2.0912365711371117,-1.7176211664513663,3.4465972154610114,1.9627777777777777,683924274.0,2.4000000000000017,-0.7782101167315147,0,2024-11-08,1250.0,-1.961,True,8.4,9.0,7.6,186.8,-17.8,2024-11-26,1377.5,strict_gakutto_next_open,10.2,13.0
5741,2024-12-26,812,kuitto_pullback_auto,くいっと押し目版,1.9193857965451144,-2.360434619707752,-2.156011378948941,1.568477429227233,1.3841961852861036,484676350.0,2.2329835889157925,-3.804347826086951,0,2024-12-27,1335.0,0.565,False,-3.933,-5.993,-4.494,168.539,-23.034,2025-01-08,1300.0,strict_gakutto_next_open,-2.622,5.0
5757,2022-05-16,166,kuitto_pullback_auto,くいっと押し目版,2.628285356695881,-3.4278668310727456,-2.2735152805983483,3.9026862645717086,2.289473684210526,29192750.0,2.778745644599303,-1.0856453558504175,0,2022-05-17,4095.0,-0.122,True,2.564,0.611,0.122,42.369,-29.573,2022-06-07,4100.0,max15_next_open,0.122,16.0
5757,2022-11-08,286,kuitto_pullback_auto,くいっと押し目版,3.4146341463414664,-2.5325443786982205,-1.0739856801909253,2.2919179734619988,3.121212121212121,48317275.0,2.4090296495956873,-3.0857142857142805,0,2022-11-09,4220.0,-0.472,True,-4.384,-1.659,0.118,38.152,-31.659,2022-11-15,4045.0,strict_gakutto_next_open,-4.147,5.0
5757,2024-05-20,660,kuitto_pullback_auto,くいっと押し目版,2.770448548812654,-2.1532940271725254,-2.220630372492838,1.9099947671376238,2.6,13955050.0,1.6229598386209427,-1.7654476670870167,0,2024-05-21,3940.0,1.155,False,-5.711,-2.411,-3.046,47.97,-26.802,2024-05-23,3815.0,strict_gakutto_next_open,-3.173,3.0
5757,2024-07-31,711,kuitto_pullback_auto,くいっと押し目版,2.4590163934426146,-2.0319696559198075,-2.6311558866084273,3.192074848651627,1.2615384615384615,27646950.0,1.847619047619048,-2.5974025974025983,0,2024-08-01,3690.0,-1.6,True,-16.26,-13.415,-9.485,57.995,-21.843,2024-08-02,3505.5,stop_loss,-5.0,2.0
5757,2025-03-03,852,kuitto_pullback_auto,くいっと押し目版,2.8871391076115582,-4.126337238920019,-2.7591887161536044,3.7586024351508707,2.008130081300813,49966875.0,2.186588921282799,-2.244389027431426,0,2025-03-04,3925.0,0.128,True,4.331,5.478,7.134,48.535,-21.401,2025-03-26,4185.0,max15_next_open,6.624,16.0
5801,2023-10-24,523,kuitto_pullback_auto,くいっと押し目版,1.6732716864817254,-2.0095279341706407,-4.545148588160064,1.7628911414720116,1.4688094003801624,1267146800.0,2.0540741199034844,-8.662974683544311,2,2023-10-25,232.9,0.866,False,-3.693,-1.975,0.343,2579.691,-8.373,2023-10-30,221.255,stop_loss,-5.0,4.0
5802,2022-02-02,100,kuitto_pullback_auto,くいっと押し目版,2.9657589646804983,-4.256732587255363,-4.312200895909212,1.8128499066915271,1.407431188733359,3776544694.0,2.98694497437624,-8.723709369024856,4,2022-02-03,381.6,-0.079,True,6.106,5.294,-0.996,872.877,-16.274,2022-02-18,397.6,strict_gakutto_next_open,4.193,11.0
5803,2022-01-28,97,kuitto_pullback_auto,くいっと押し目版,3.3229491173416337,-5.276629257727916,-0.30080764793143366,2.810498036784459,1.6948938737454067,912604218.0,4.0990667623833446,-4.510556621881001,3,2022-01-31,98.5,-1.005,True,4.772,10.152,10.863,7953.807,-15.431,2022-02-10,110.8,strict_gakutto_next_open,12.487,9.0
5803,2022-04-19,151,kuitto_pullback_auto,くいっと押し目版,2.2776572668112838,-4.286308780690796,-4.353589329356689,2.1004763967085394,1.5516567544604927,864762546.0,3.2722314800787764,-9.500959692898281,4,2022-04-20,95.8,1.591,False,-2.401,7.724,29.958,8180.793,-7.098,2022-04-27,90.7,strict_gakutto_next_open,-5.324,6.0
5803,2026-01-16,1066,kuitto_pullback_auto,くいっと押し目版,2.372281760482764,-4.429258583513008,-1.6434351230394606,2.306284573472528,1.2705734115508551,124107912498.0,3.839675925253728,-4.268154250316236,3,2026-01-19,2833.3,-4.011,True,5.326,15.12,31.737,179.992,-3.233,2026-01-21,2746.7,strict_gakutto_next_open,-3.057,3.0
5821,2021-12-27,76,kuitto_pullback_auto,くいっと押し目版,1.930215293244264,-4.072650186835292,-0.8107418676268852,2.3481177786060403,1.9625056689342404,21306294.9,2.287743210904175,-3.275801338499451,0,2021-12-28,1093.9,-0.41,True,1.49,-0.996,-7.633,320.057,-16.171,2022-01-11,1062.1,strict_gakutto_next_open,-2.907,8.0
5821,2023-10-10,513,kuitto_pullback_auto,くいっと押し目版,1.922473320778395,-4.143945989705067,-4.317570773367063,3.218372536554348,1.9133363567649282,44411553.782,1.9851962649714592,-2.9802808485210552,0,2023-10-11,1291.6,-0.562,True,2.176,0.844,0.705,255.76,-26.262,2023-10-25,1313.4,strict_gakutto_next_open,1.688,11.0
5821,2024-12-05,797,kuitto_pullback_auto,くいっと押し目版,3.2037301646987926,-3.189466405439667,-3.9842793267450882,1.7603962745446955,1.396551724137931,28554867.429500002,2.4775923631858934,-9.293410007270808,1,2024-12-06,1351.5,-1.516,True,1.539,2.479,2.346,239.993,-29.53,2024-12-11,1357.8,strict_gakutto_next_open,0.466,4.0
5831,2023-12-27,305,kuitto_pullback_auto,くいっと押し目版,1.826086956521733,-3.6855036855036882,-4.209521256993531,2.386989595173561,1.4922041503084689,1999673742.5,2.412467976088813,-6.1322645290581175,2,2023-12-28,1165.0,-0.512,True,6.567,9.27,10.343,218.627,-2.146,2024-01-24,1277.5,max15_next_open,9.657,16.0
5831,2024-07-31,449,kuitto_pullback_auto,くいっと押し目版,2.8116531165311542,-3.266266004703422,-2.1617198738336896,2.3470695353072113,1.942714473957972,2416258725.0,2.487644151565074,-1.8752020691884863,1,2024-08-01,1534.0,1.087,False,-16.591,-13.07,-13.983,141.982,-25.684,2024-08-02,1457.3,stop_loss,-5.0,2.0
5831,2026-04-28,873,kuitto_pullback_auto,くいっと押し目版,3.2792925571112796,-4.042310705890728,-1.6344638798730715,3.454639403557991,1.413585083046067,4748115122.5,2.4718413944243416,-2.1298882681564213,1,2026-04-30,2765.0,-1.356,True,1.682,4.72,8.246,34.25,-2.08,2026-05-26,2969.5,max15_next_open,7.396,16.0
5838,2024-05-07,253,kuitto_pullback_auto,くいっと押し目版,2.297090352220521,-2.8258887876025485,-0.6649018038539678,3.5017043693833294,1.9535759096612295,3468001150.0,3.6676646706586826,-3.6075036075036038,3,2024-05-08,3340.0,0.0,True,-5.689,-15.599,-15.0,178.952,-23.114,2024-05-14,3130.0,stop_gap_open,-6.287,5.0
5838,2024-06-21,286,kuitto_pullback_auto,くいっと押し目版,1.6967509025270777,-3.223740392826635,-1.8510022080119426,2.877802936235496,1.8190794979079499,2567490550.0,2.8475074800953393,-2.492211838006231,1,2024-06-24,2825.0,0.284,True,3.115,5.239,10.796,229.805,-9.097,2024-07-04,2875.0,strict_gakutto_next_open,1.77,9.0
5838,2025-09-10,585,kuitto_pullback_auto,くいっと押し目版,2.5548387096774094,-5.417357656163613,-2.448273469023554,0.9680123986889777,1.5794651384909264,13929879915.0,3.211050399022216,-9.476082004555808,4,2025-09-11,7910.0,-0.478,True,-3.729,2.908,5.79,17.788,-45.107,2025-09-19,7514.5,stop_loss,-5.0,6.0
5838,2025-09-16,588,kuitto_pullback_auto,くいっと押し目版,1.759645464025028,-4.5766308102240245,-4.901585055472024,0.8395763368638676,1.9193393791933937,12332867190.0,3.26995919412981,-7.346309043436983,4,2025-09-17,7550.0,-3.292,True,5.152,6.093,8.914,23.404,-42.49,2025-10-03,8010.0,strict_gakutto_next_open,6.093,12.0
5838,2025-10-20,610,kuitto_pullback_auto,くいっと押し目版,2.2250000000000103,-2.072730866149519,-0.11310226958554104,2.8886316742992246,1.6931604473918638,11840482650.0,3.7338853369667744,-2.2705544933078414,3,2025-10-21,8300.0,1.492,False,-1.169,0.855,-2.651,12.253,-47.687,2025-11-05,7885.0,stop_loss,-5.0,11.0
5838,2025-12-19,652,kuitto_pullback_auto,くいっと押し目版,2.9051094890510942,-3.576791808873725,-1.1120869531166977,-0.31112996747277855,1.3229918455337895,11962627780.0,3.9184889447338023,-6.561505832449632,4,2025-12-22,7137.0,1.248,False,-3.279,-5.002,-0.49,30.545,-39.162,2025-12-29,6922.0,strict_gakutto_next_open,-3.012,6.0
5838,2026-01-28,676,kuitto_pullback_auto,くいっと押し目版,2.9091430209229108,-2.4464746104696844,-0.16214234149584117,3.024303463315259,1.4012677909340987,11198595360.0,3.989695028547556,-2.6569066015995624,3,2026-01-29,7142.0,-0.543,True,5.027,24.923,27.233,30.454,-39.205,2026-02-20,8999.0,max15_next_open,26.001,16.0
5851,2022-03-03,119,kuitto_pullback_auto,くいっと押し目版,1.7641597028783762,-4.2037762736017115,-2.048585931834679,1.4251341847121957,1.4794117647058824,137942410.0,3.3368091762252345,-5.272255834053585,2,2022-03-04,1096.0,0.0,True,-10.858,-5.383,-2.555,202.92,-17.245,2022-03-07,1040.0,stop_gap_open,-5.109,2.0
5851,2024-09-12,741,kuitto_pullback_auto,くいっと押し目版,2.0942408376963373,-4.575358851674649,-0.837295844531738,1.6366100281455243,1.3513513513513513,253119055.0,2.7765567765567765,-4.364884747425213,0,2024-09-13,1933.0,-0.872,True,2.949,0.724,2.638,58.562,-12.519,2024-10-01,1964.0,strict_gakutto_next_open,1.604,11.0
5851,2025-01-14,820,kuitto_pullback_auto,くいっと押し目版,2.572497661365758,-4.002134471718244,-0.9430513926456552,1.1531365313653064,1.4756201881950386,405826955.0,2.3939808481532148,-3.604395604395605,0,2025-01-15,2208.0,0.684,False,3.08,5.027,-1.178,38.813,-23.415,2025-01-30,2281.0,strict_gakutto_next_open,3.306,12.0
5851,2025-10-20,1008,kuitto_pullback_auto,くいっと押し目版,2.941176470588225,-2.288943836100321,-0.699661639043414,2.3317932428530197,1.3711244794076816,423741510.0,2.6656588561350465,-1.0816468946266533,0,2025-10-21,2831.0,-0.141,True,1.201,-0.989,-6.499,8.266,-16.673,2025-10-23,2680.0,strict_gakutto_next_open,-5.334,3.0
5851,2026-02-04,1079,kuitto_pullback_auto,くいっと押し目版,2.010968921389389,-3.7777619081625247,-2.1912723191804706,2.6037069726390083,1.5489296636085628,267126635.0,2.475678443420379,-4.090752836026123,0,2026-02-05,2837.0,1.685,False,2.15,6.979,6.627,8.037,-16.849,2026-03-02,2946.0,max15_next_open,3.842,16.0
5857,2022-03-18,130,kuitto_pullback_auto,くいっと押し目版,3.322712790168403,-4.980079681274896,-1.8741633199464536,3.228740336516589,3.044222539229672,1734933665.0,3.574575204531152,-5.337781484570481,3,2022-03-22,2299.0,1.278,False,0.435,-0.217,-3.958,105.307,-32.666,2022-03-31,2230.0,strict_gakutto_next_open,-3.001,8.0
5889,2025-10-15,466,kuitto_pullback_auto,くいっと押し目版,2.4649589173513675,-2.798246432235796,-4.256100471879987,1.6396586441653094,1.4844290657439447,217590760.0,3.0963611859838274,-8.817204301075265,3,2025-10-16,2120.0,0.0,True,6.604,-2.925,-5.33,28.915,-14.057,2025-10-16,2014.0,stop_loss,-5.0,1.0
5889,2026-02-25,553,kuitto_pullback_auto,くいっと押し目版,2.4301964839710477,-2.3955712128837403,-2.246398710587294,2.071310799670245,1.6378286683630194,286827405.0,2.199466358981755,-2.076124567474047,0,2026-02-26,1975.0,-0.303,True,-6.43,-0.557,6.076,38.38,-7.494,2026-03-04,1880.0,strict_gakutto_next_open,-4.81,5.0
5889,2026-06-09,622,kuitto_pullback_auto,くいっと押し目版,2.2738268021286867,-3.3232342359401645,-4.435107376283842,3.2730825598436653,1.3558394160583942,170041415.0,3.0544668198405187,-4.343891402714927,2,2026-06-10,2114.0,0.0,True,8.373,3.832,10.123,29.281,-0.804,2026-06-23,2249.0,strict_gakutto_next_open,6.386,10.0
5902,2022-10-04,263,kuitto_pullback_auto,くいっと押し目版,3.228346456692921,-2.2485566697052706,-1.9053696781839657,1.5334572490706355,1.469387755102041,23803540.0,1.6018306636155606,-2.0179372197309364,0,2022-10-05,1311.0,0.0,True,-2.441,0.915,-0.686,119.908,-2.975,2022-10-24,1314.0,strict_gakutto_next_open,0.229,13.0
5902,2024-07-29,709,kuitto_pullback_auto,くいっと押し目版,1.543026706231454,-2.410476300845976,-3.2727522746545,1.350550882596857,1.2754491017964071,30551025.0,1.4903565166569257,-5.833791964777102,0,2024-07-30,1719.0,0.468,True,-17.801,-4.712,-2.152,67.714,-18.557,2024-08-02,1633.05,stop_loss,-5.0,4.0
5929,2026-07-17,1189,kuitto_pullback_auto,くいっと押し目版,1.5086206896551824,-2.792707345347245,-0.7215965055029749,1.5852474927207982,2.112048894062864,2093421345.0,2.049211404306946,-2.7361899845121274,1,2026-07-21,3809.0,1.088,False,2.363,-7.325,-3.964,5.54,-14.466,2026-07-31,3618.55,stop_loss,-5.0,9.0
5930,2021-11-12,46,kuitto_pullback_auto,くいっと押し目版,2.3562676720075393,-4.1125541125541005,-3.3713974986405715,1.8570624648283518,1.7793851717902351,116187350.0,2.512496711391739,-4.653204565408253,0,2021-11-15,1086.0,0.0,True,-1.197,-6.354,-5.617,155.249,-17.956,2021-11-26,1031.7,stop_loss,-5.0,9.0
5930,2024-04-26,647,kuitto_pullback_auto,くいっと押し目版,2.2167487684729092,-3.680908983311637,-3.5555765416942164,1.591187270501826,1.435265104808878,147372675.0,2.142857142857143,-4.7072330654420185,0,2024-04-30,1700.0,2.41,False,-0.235,-1.176,-0.118,63.059,-15.059,2024-05-15,1665.0,strict_gakutto_next_open,-2.059,10.0
5930,2025-11-21,1031,kuitto_pullback_auto,くいっと押し目版,2.3960880195599055,-2.1122740247383476,-1.1543041524219255,1.7196152725152958,1.3727984344422701,373905820.0,2.3502524218856595,-2.332089552238803,0,2025-11-25,2094.0,0.0,True,0.191,-3.582,-4.25,2.865,-15.568,2025-12-03,2040.0,strict_gakutto_next_open,-2.579,7.0
5933,2021-12-07,62,kuitto_pullback_auto,くいっと押し目版,1.6824395373291168,-2.2741498017942896,-1.876352138458981,2.50158999364003,1.6063829787234043,21745795.0,1.6102821687102968,-1.0235414534288667,0,2021-12-08,967.0,0.0,True,-0.827,-1.241,0.827,24.509,-14.995,2021-12-15,952.0,strict_gakutto_next_open,-1.551,6.0
5943,2025-01-17,823,kuitto_pullback_auto,くいっと押し目版,2.1671826625387025,-2.1689082757785028,-2.4437175293438473,1.7011834319526464,1.5336856010568032,152659060.0,1.6536796536796536,-2.9982363315696703,0,2025-01-20,1651.0,0.061,True,3.998,3.15,2.423,57.48,-7.389,2025-02-10,1679.0,max15_next_open,1.696,16.0
5946,2024-05-31,669,kuitto_pullback_auto,くいっと押し目版,2.1621621621621623,-2.223210315695867,-0.8262981484468801,2.4760527742635263,3.242063492063492,56261690.0,1.8550012597631644,-1.0471204188481686,0,2024-06-03,2274.0,0.265,True,-5.497,-5.365,-4.573,0.0,-27.88,2024-06-05,2179.0,strict_gakutto_next_open,-4.178,3.0
5947,2022-03-03,119,kuitto_pullback_auto,くいっと押し目版,3.0000000000000027,-4.428355252635852,-4.636156678451952,2.4511779342813123,1.5246113989637307,1742494204.5,3.0401683977683716,-6.245792723973409,4,2022-03-04,3183.3,-0.624,True,-3.456,-1.36,-2.303,39.981,-17.799,2022-03-09,3024.135,stop_loss,-5.0,4.0
5947,2025-02-20,846,kuitto_pullback_auto,くいっと押し目版,2.328358208955228,-2.2981074409310076,-1.1961836046897933,2.9305789094403067,1.874357509994289,1427224950.0,1.8878146357726284,-1.0392609699769073,1,2025-02-21,3468.0,1.167,False,-1.153,-0.461,2.076,28.489,-13.697,2025-03-04,3376.0,strict_gakutto_next_open,-2.653,7.0
5957,2021-10-15,27,kuitto_pullback_auto,くいっと押し目版,2.5316455696202445,-2.3518631643249854,-4.444179673537474,0.9975062344139696,1.9499136442141622,70140765.0,2.766754850088183,-8.860759493670889,1,2021-10-18,650.0,0.309,True,0.769,0.769,1.231,25.538,-31.385,2021-10-26,654.0,strict_gakutto_next_open,0.615,7.0
5957,2022-09-08,247,kuitto_pullback_auto,くいっと押し目版,2.0992366412213803,-5.26889534883721,-2.8160619831632316,2.5297048677654255,1.6682808716707023,27908755.0,2.590120160213618,-4.2933810375670785,0,2022-09-09,538.0,0.561,False,-1.673,-4.275,-5.576,51.673,-12.639,2022-09-16,528.0,strict_gakutto_next_open,-1.859,6.0
5957,2024-09-18,744,kuitto_pullback_auto,くいっと押し目版,1.6574585635359185,-4.636233951497859,-4.008589835361487,2.9082774049216997,1.6841046277665996,29727695.0,2.290372670807453,-5.962521294718915,1,2024-09-19,561.0,1.63,False,7.308,3.209,1.961,45.455,-8.734,2024-10-01,570.0,strict_gakutto_next_open,1.604,8.0
5970,2022-09-08,247,kuitto_pullback_auto,くいっと押し目版,1.6949152542372836,-4.348437939769201,-2.281859931113661,1.3364664414745153,1.5732484076433122,94633225.0,1.7598343685300208,-4.89317711922812,0,2022-09-09,1378.0,-0.145,True,0.0,-5.298,-8.273,73.585,-9.724,2022-09-16,1378.0,strict_gakutto_next_open,0.0,6.0
5976,2021-11-18,50,kuitto_pullback_auto,くいっと押し目版,1.7452006980802848,-4.452506596306072,-4.818092428711918,0.37878787878788955,1.617096018735363,109254765.0,2.952707669688802,-10.030864197530864,3,2021-11-19,586.0,0.515,False,-1.365,-3.584,-0.683,169.283,-8.874,2021-11-29,565.0,strict_gakutto_next_open,-3.584,6.0
5981,2021-11-12,46,kuitto_pullback_auto,くいっと押し目版,1.8979833926453082,-3.161246304298382,-3.051738992427333,0.4443405051449911,1.68,51221095.0,3.2013969732246803,-6.324972737186474,3,2021-11-15,874.0,1.746,False,-7.208,-12.7,4.005,147.368,-14.073,2021-11-17,830.3,stop_loss,-5.0,3.0
5981,2022-07-11,206,kuitto_pullback_auto,くいっと押し目版,2.0607375271149753,-3.3190578158458273,-1.3478260869565162,3.6800352578228335,1.7013333333333334,36519425.0,2.800971610748444,-0.9473684210526301,0,2022-07-12,939.0,-0.213,True,0.532,-1.384,-2.023,130.245,-13.206,2022-07-25,925.0,strict_gakutto_next_open,-1.491,9.0
5981,2022-12-15,312,kuitto_pullback_auto,くいっと押し目版,1.760563380281699,-2.6075022872827036,-2.8150438855791493,1.427234440804881,1.6168032786885247,63960070.0,1.4829461196243203,-3.6666666666666625,0,2022-12-16,852.0,-1.73,True,-3.169,-0.235,0.352,153.756,-4.343,2022-12-21,826.0,strict_gakutto_next_open,-3.052,4.0
5989,2022-12-29,322,kuitto_pullback_auto,くいっと押し目版,2.4793388429751984,-2.2712731925783824,-2.9153963414634165,1.4066077854105297,1.3986784140969164,35158515.0,2.027649769585253,-4.1731066460587325,0,2022-12-30,620.0,0.0,True,-2.097,0.645,5.161,194.355,-4.194,2023-01-06,602.0,strict_gakutto_next_open,-2.903,4.0
5991,2021-12-02,59,kuitto_pullback_auto,くいっと押し目版,2.6004728132387633,-3.5542306810364632,-2.44127982245238,2.8436018957346043,1.2675755584756898,420557005.0,2.71560236998025,-2.581369248035914,0,2021-12-03,877.0,1.037,False,12.543,16.876,11.174,394.869,-12.657,2021-12-21,991.0,strict_gakutto_next_open,12.999,13.0
5991,2023-08-23,481,kuitto_pullback_auto,くいっと押し目版,1.9056261343012748,-2.727111740747312,-0.9644050141877081,1.8224680388067682,1.9750812567713976,501685420.0,2.0512657422719753,-3.231365790607499,0,2023-08-24,1112.5,-0.935,True,1.213,3.551,2.697,290.112,-7.506,2023-09-11,1130.5,strict_gakutto_next_open,1.618,13.0
5991,2023-12-06,552,kuitto_pullback_auto,くいっと押し目版,2.661253946774922,-2.838237854779724,-1.6918152720621915,1.7889087656529412,1.8726495726495727,450465565.0,2.4071051970876223,-4.968684759916497,0,2023-12-07,1124.0,-1.23,True,-1.068,-2.447,3.87,286.121,-3.826,2023-12-28,1164.0,max15_next_open,3.559,16.0
5991,2024-07-29,709,kuitto_pullback_auto,くいっと押し目版,2.374999999999994,-2.9009829777031926,-0.7802293068291388,0.7875953728771812,1.5631933869915162,837757287.5,2.67748124890982,-5.645161290322576,1,2024-07-30,1628.0,-0.611,True,-25.645,1.014,5.651,166.585,-26.229,2024-08-02,1519.5,stop_gap_open,-6.665,4.0
5991,2024-12-03,795,kuitto_pullback_auto,くいっと押し目版,2.4729960204661783,-2.2193792412949054,-3.237873103539324,2.4729960204661783,1.3001065286866536,1315876870.0,3.0235783633841886,-6.606217616580312,4,2024-12-04,1815.5,0.721,False,-1.239,4.517,5.233,139.053,-28.505,2024-12-11,1791.0,strict_gakutto_next_open,-1.349,6.0
6005,2022-09-27,258,kuitto_pullback_auto,くいっと押し目版,1.7015242821694532,-3.065502783696483,-3.128719372888078,1.2921903685920055,1.598833138856476,885501990.0,2.2282527510830055,-3.7571284803757155,1,2022-09-28,2916.0,1.638,False,5.624,4.767,4.424,42.661,-18.673,2022-10-20,3035.0,max15_next_open,4.081,16.0
6013,2022-04-13,147,kuitto_pullback_auto,くいっと押し目版,3.499999999999992,-2.8417712787970784,-2.664019194175571,2.6349341266468373,1.8161971830985915,300156300.0,3.23868677905945,-7.530312699425656,3,2022-04-14,1436.0,-0.897,True,-4.457,-2.925,1.253,162.535,-17.061,2022-04-18,1384.0,strict_gakutto_next_open,-3.621,3.0
6013,2022-12-09,308,kuitto_pullback_auto,くいっと押し目版,1.5224358974359031,-2.969527363184088,-0.7036004056795053,1.101180976699645,1.4215246636771302,251134740.0,1.6969218626677192,-3.5768645357686424,0,2022-12-12,1272.0,0.395,True,-1.101,-3.931,-2.909,196.384,-6.368,2022-12-19,1250.0,strict_gakutto_next_open,-1.73,6.0
6036,2022-05-02,159,kuitto_pullback_auto,くいっと押し目版,1.5436746987951722,-3.5007278020378396,-0.1866654623733588,1.6891637131438042,1.5209163346613546,558999745.0,3.8349488850045024,-5.268703898840887,2,2022-05-06,2615.0,-3.04,True,-9.063,19.12,16.826,174.952,-13.499,2022-05-06,2484.25,stop_loss,-5.0,1.0
6036,2023-02-17,355,kuitto_pullback_auto,くいっと押し目版,3.088235294117636,-2.401620370370372,-0.5281690140845119,3.392330383480835,1.4113879003558718,647246175.0,3.189321377623803,-0.42613636363636465,2,2023-02-20,3545.0,1.141,False,9.168,35.261,30.606,102.821,-30.099,2023-03-14,4580.0,max15_next_open,29.196,16.0
6036,2023-11-30,548,kuitto_pullback_auto,くいっと押し目版,2.2608695652173827,-2.9699628754640606,-2.4266250932013844,2.1187912469607495,1.8457943925233644,1286722500.0,3.9115646258503403,-9.53846153846154,4,2023-12-01,5830.0,-0.85,True,10.463,14.751,21.784,23.328,-57.496,2023-12-22,7020.0,max15_next_open,20.412,16.0
6050,2024-10-29,771,kuitto_pullback_auto,くいっと押し目版,2.251510159253156,-3.3675121424716736,-0.5284804528568832,3.4789374235856263,1.6225490196078431,55412015.0,2.1328832284793617,-0.5341880341880323,0,2024-10-30,1859.0,-0.161,True,-3.981,-1.291,-3.12,22.001,-14.255,2024-11-07,1810.0,strict_gakutto_next_open,-2.636,6.0
6050,2024-11-13,781,kuitto_pullback_auto,くいっと押し目版,1.6057585825027587,-3.806860952790625,-1.3316660085121335,2.0011117287381808,1.7115384615384615,64300355.0,3.0284157259634097,-4.27751695357329,2,2024-11-14,1835.0,0.0,True,-1.853,-2.507,0.327,23.597,-13.134,2024-11-19,1797.0,strict_gakutto_next_open,-2.071,4.0
6062,2026-05-25,1150,kuitto_pullback_auto,くいっと押し目版,3.0081300813008083,-2.30647709320696,-2.7253145194018558,1.652759948652105,7.24105461393597,140466200.0,3.2472657571315824,-4.087812263436785,2,2026-05-26,1270.0,0.237,True,5.197,3.78,2.913,17.717,-0.945,2026-06-03,1328.0,strict_gakutto_next_open,4.567,7.0
6071,2023-08-10,473,kuitto_pullback_auto,くいっと押し目版,2.8614457831325213,-4.903628117913838,-0.5435103680510478,1.4256014256014193,2.143884892086331,181951065.0,2.792302865509308,-3.9381153305203975,0,2023-08-14,659.0,-3.514,True,-6.829,-3.945,-3.187,48.103,-30.197,2023-08-17,626.05,stop_loss,-5.0,4.0
6071,2024-01-19,580,kuitto_pullback_auto,くいっと押し目版,2.6548672566371723,-2.037252619324792,-2.2905608123701793,2.7457927369353374,1.5414585414585416,141890005.0,2.883825944170772,-4.0000000000000036,0,2024-01-22,700.0,0.575,False,0.857,-2.714,-2.857,39.429,-34.286,2024-02-13,630.0,max15_next_open,-10.0,16.0
6071,2024-04-24,645,kuitto_pullback_auto,くいっと押し目版,1.8796992481203034,-3.1181217901687486,-2.0412691368981717,2.3027557568894075,3.4522292993630574,63568665.0,2.477596204533474,-2.166064981949456,0,2024-04-25,542.0,0.0,True,1.845,9.41,13.469,80.074,-15.129,2024-05-13,608.0,strict_gakutto_next_open,12.177,10.0
6071,2024-07-17,701,kuitto_pullback_auto,くいっと押し目版,1.5126050420168013,-2.3416886543535465,-0.2956194571351767,1.7520215633423097,3.713472485768501,95556760.0,2.28240302743614,-1.9480519480519431,0,2024-07-18,599.0,-0.828,True,1.336,5.509,-6.177,62.938,-23.205,2024-08-02,569.05,stop_loss,-5.0,12.0
6071,2024-11-21,787,kuitto_pullback_auto,くいっと押し目版,1.938610662358653,-4.636785162287483,-3.8330546783082564,1.5775917578879417,1.2669039145907472,99066510.0,3.4412497170024903,-7.883211678832113,3,2024-11-22,631.0,0.0,True,-1.743,0.792,-2.06,54.675,-16.482,2024-12-11,621.0,strict_gakutto_next_open,-1.585,14.0
6071,2025-12-08,1041,kuitto_pullback_auto,くいっと押し目版,2.1361815754339153,-2.61251939989654,-3.1845177145197634,1.1369645690111119,1.4699803149606299,243145160.0,2.88515406162465,-8.82002383790227,1,2025-12-09,764.0,-0.131,True,2.094,1.309,4.188,27.749,-13.743,2025-12-23,785.0,strict_gakutto_next_open,2.749,11.0
6073,2021-12-07,62,kuitto_pullback_auto,くいっと押し目版,1.5634047481181135,-2.2191239688625575,-1.273514620972238,3.407617026294063,1.584070796460177,32169695.0,1.286854536569474,0.0,0,2021-12-08,1760.0,0.342,True,-2.273,-2.273,-2.67,3.636,-25.795,2021-12-15,1724.0,strict_gakutto_next_open,-2.045,6.0
6078,2022-11-10,288,kuitto_pullback_auto,くいっと押し目版,2.9352901934623032,-2.2978060495910557,-0.7821552723059177,2.3888520238885214,1.7983193277310925,145076105.0,2.708082584945838,-2.031746031746029,0,2022-11-11,1572.0,1.879,False,-6.807,5.916,5.025,28.944,-26.527,2022-11-15,1489.0,stop_gap_open,-5.28,3.0
6080,2021-12-21,72,kuitto_pullback_auto,くいっと押し目版,2.1739130434782705,-3.799233182293482,-2.1946902654867206,2.062975027144409,1.614604462474645,477737350.0,3.596757852077001,-4.406779661016946,2,2021-12-22,5750.0,1.95,False,-5.043,-14.174,-17.652,0.696,-69.878,2021-12-27,5410.0,strict_gakutto_next_open,-5.913,4.0
6080,2025-05-27,909,kuitto_pullback_auto,くいっと押し目版,2.288930581613502,-2.050415227456459,-2.3687206281560957,1.8760744450257771,1.549222797927461,401289095.0,2.693637983439891,-2.9202279202279247,0,2025-05-28,2744.0,0.66,False,-0.51,5.649,10.787,60.35,-1.603,2025-06-18,3020.0,max15_next_open,10.058,16.0
6080,2025-07-10,941,kuitto_pullback_auto,くいっと押し目版,2.1739130434782705,-2.0970478452663754,-2.278590434512473,2.3151347615756768,1.5945595854922279,356261930.0,2.3713031311815502,-2.598684210526314,0,2025-07-11,2968.0,0.236,True,-2.729,-2.796,-0.236,48.248,-5.425,2025-07-17,2849.0,strict_gakutto_next_open,-4.009,5.0
6088,2021-10-28,36,kuitto_pullback_auto,くいっと押し目版,2.049180327868849,-2.6896180742334574,-1.503015030150301,2.3848684210526327,2.6443514644351462,293565392.0,3.290410318522769,-1.1323529411764732,2,2021-10-29,672.3,0.0,True,9.445,20.482,17.135,97.977,-31.355,2021-11-22,795.0,max15_next_open,18.251,16.0
6088,2022-09-09,248,kuitto_pullback_auto,くいっと押し目版,1.582014987510405,-3.745560219567312,-3.736186070418912,1.7854163190388794,1.5990147783251232,173335045.0,2.9215456674473073,-6.7990832696715024,3,2022-09-12,614.5,0.738,False,-4.638,-8.95,-4.394,116.599,-18.47,2022-09-16,583.775,stop_loss,-5.0,5.0
6088,2022-10-04,263,kuitto_pullback_auto,くいっと押し目版,1.7316017316017396,-3.3390705679862243,-4.117925485157869,3.5789844851904062,1.5240963855421688,99697345.0,3.1550151975683884,-5.165456012913639,2,2022-10-05,617.5,5.106,False,-3.968,-4.696,-4.858,115.547,-18.866,2022-10-12,586.625,stop_loss,-5.0,5.0
6088,2023-12-14,558,kuitto_pullback_auto,くいっと押し目版,1.9623233908948157,-2.555366269165249,-1.991191613423493,2.7689873417721556,2.0995228357191547,238597085.0,2.793357527768613,-2.0361990950226283,0,2023-12-15,649.5,0.0,True,7.005,12.24,6.005,104.927,-22.864,2024-01-09,692.5,strict_gakutto_next_open,6.62,14.0
6089,2022-02-25,115,kuitto_pullback_auto,くいっと押し目版,2.929210740439392,-2.70531400966183,-1.3728791607304558,3.824688115561381,2.308617234468938,83025570.0,3.7097684923771883,-0.8620689655172376,2,2022-02-28,1270.0,0.395,True,-3.543,-9.213,-1.102,18.11,-35.748,2022-03-04,1206.5,stop_loss,-5.0,5.0
6089,2022-09-08,247,kuitto_pullback_auto,くいっと押し目版,2.0895522388059806,-3.88278388278388,-2.358490566037741,3.260869565217406,1.4705882352941178,50192900.0,2.365288220551378,-2.005730659025784,0,2022-09-09,1358.0,-0.731,True,5.081,-2.135,2.798,10.457,-39.912,2022-09-21,1405.0,strict_gakutto_next_open,3.461,8.0
6098,2025-07-23,949,kuitto_pullback_auto,くいっと押し目版,3.389414220803144,-3.174450251691985,-0.5338226707815585,3.8229128129239065,2.0243109681270934,32770909475.0,2.8142127500721155,-1.3591095489162264,1,2025-07-24,8647.0,2.708,False,3.377,-3.62,1.596,110.651,-30.149,2025-08-05,8703.0,strict_gakutto_next_open,0.648,9.0
6099,2021-10-14,26,kuitto_pullback_auto,くいっと押し目版,2.4431339511373107,-5.365931100174626,-4.531828039290719,1.553365625521952,1.56763698630137,210960090.0,3.547932330827068,-6.4615384615384635,3,2021-10-15,1236.0,1.645,False,-0.647,0.485,0.89,9.223,-51.78,2021-10-19,1211.0,strict_gakutto_next_open,-2.023,3.0
6099,2024-07-29,709,kuitto_pullback_auto,くいっと押し目版,2.0022246941045596,-3.4460616438356073,-0.017699898225598254,1.4605001106439586,1.355952380952381,100136485.0,2.710702601651348,-2.8601694915254217,0,2024-07-30,919.0,0.218,True,-19.913,-15.669,-9.793,9.467,-35.147,2024-08-02,857.0,strict_gakutto_next_open,-6.746,4.0
6099,2026-06-05,1159,kuitto_pullback_auto,くいっと押し目版,2.359882005899716,-2.688787185354702,-3.306442449721636,1.9388954171562833,1.4275184275184276,77361255.0,1.8937834499794155,-3.477051460361613,0,2026-06-08,691.0,-0.432,True,3.473,3.039,6.657,16.787,-0.579,2026-06-19,715.0,strict_gakutto_next_open,3.473,10.0
6101,2022-07-08,205,kuitto_pullback_auto,くいっと押し目版,2.035398230088492,-2.2759103641456613,-2.698593690611939,2.3615056818181657,1.636940547762191,491566765.0,3.1904348903481603,-2.2052586938083096,2,2022-07-11,1163.0,0.867,False,-7.309,-0.172,9.544,642.046,-9.63,2022-07-12,1104.85,stop_loss,-5.0,2.0
6103,2022-07-08,205,kuitto_pullback_auto,くいっと押し目版,1.7964071856287456,-3.112915699922658,-4.901478764040689,1.4118114933386439,2.5309126594700686,828324375.0,2.773109243697479,-6.422018348623848,1,2022-07-11,2600.0,1.961,False,-4.423,1.154,1.346,119.615,-12.404,2022-07-12,2470.0,stop_loss,-5.0,2.0
6103,2024-05-20,660,kuitto_pullback_auto,くいっと押し目版,1.9425796314812116,-2.916387586514846,-0.5970828239174275,2.070878979434232,1.3698384201077198,1284124965.0,2.7902880361896756,-2.112193114799066,1,2024-05-21,3600.0,0.883,False,-4.833,-4.681,-8.431,58.611,-28.083,2024-05-23,3439.5,strict_gakutto_next_open,-4.458,3.0
6103,2025-02-21,847,kuitto_pullback_auto,くいっと押し目版,1.6666666666666607,-4.430379746835444,-3.5637587788031833,0.9629852542882844,1.6380697050938338,926809175.0,2.309985096870343,-4.551920341394022,1,2025-02-25,3305.0,-1.49,True,1.362,6.354,9.531,72.769,-21.664,2025-03-04,3315.0,strict_gakutto_next_open,0.303,6.0
6104,2024-05-22,662,kuitto_pullback_auto,くいっと押し目版,1.6925246826516194,-2.5298860161245496,-0.10240072818294976,2.648063781321186,1.3267692307692307,621428975.0,2.338022587675847,-1.2328767123287676,0,2024-05-23,3615.0,0.277,True,-5.947,-3.873,0.553,43.015,-18.562,2024-05-29,3434.25,stop_loss,-5.0,5.0
6118,2023-08-23,481,kuitto_pullback_auto,くいっと押し目版,2.0964360587002018,-3.8615446178471458,-2.7496967246259607,1.2474012474012364,1.38860103626943,114643635.0,2.383396890583749,-5.160662122687443,0,2023-08-24,978.0,0.411,True,3.579,3.272,2.454,39.264,-30.879,2023-09-07,1003.0,strict_gakutto_next_open,2.556,11.0
6118,2024-06-14,679,kuitto_pullback_auto,くいっと押し目版,3.0660377358490587,-2.396021699819162,-2.7584660237721326,0.784132841328411,2.057544757033248,100420620.0,2.1085322000653806,-5.103148751357223,0,2024-06-17,875.0,0.114,True,0.0,4.114,1.714,55.657,-22.743,2024-07-03,902.0,strict_gakutto_next_open,3.086,13.0
6134,2021-12-28,77,kuitto_pullback_auto,くいっと押し目版,2.1568627450980316,-3.482176360225142,-2.123646099549714,1.2200808206403568,1.3319268635724333,719876320.0,2.1908417877707707,-4.438738077769622,0,2021-12-29,2589.0,-0.614,True,3.631,3.399,-5.446,245.423,-32.599,2022-01-04,2623.0,strict_gakutto_next_open,1.313,3.0
6134,2023-12-15,559,kuitto_pullback_auto,くいっと押し目版,1.9510170195101706,-2.757123909810699,-0.6724641475166937,1.140715727051833,2.549465861588481,606744862.5,2.086726384364821,-2.2292993630573243,0,2023-12-18,2449.5,-0.265,True,-2.062,-1.0,2.796,265.095,-28.761,2023-12-22,2383.0,strict_gakutto_next_open,-2.715,5.0
6134,2024-04-26,647,kuitto_pullback_auto,くいっと押し目版,2.4165029469548127,-4.093901000646816,-2.6026294606922518,2.577725304998024,2.2835519677093843,369196325.0,2.1087391411580936,-2.2867853795688897,0,2024-04-30,2639.0,1.247,False,4.263,1.383,-0.853,238.878,-33.876,2024-05-15,2695.5,strict_gakutto_next_open,2.141,10.0
6134,2025-10-20,1008,kuitto_pullback_auto,くいっと押し目版,2.573396158028274,-3.233215547703183,-0.9552738475746558,3.0777636131852137,1.7464059804485337,796921125.0,2.5984351337708227,-1.9573878399445688,0,2025-10-21,2831.5,0.053,True,4.044,3.408,8.247,215.84,-0.812,2025-11-05,2878.0,strict_gakutto_next_open,1.642,11.0
6135,2023-10-27,526,kuitto_pullback_auto,くいっと押し目版,2.1311475409836023,-3.0788564247565153,-3.734646798428831,0.8743523316062207,1.8495077355836849,764390350.0,3.0038981884888787,-6.596701649175407,3,2023-10-30,6170.0,-0.963,True,-6.969,-7.455,-6.483,167.423,-23.177,2023-11-01,5861.5,stop_loss,-5.0,3.0
6135,2024-04-24,645,kuitto_pullback_auto,くいっと押し目版,2.276422764227637,-2.289348171701111,-0.9433962264150941,1.8788467768059647,2.1729106628242074,392483300.0,2.180331592096298,-0.9448818897637823,0,2024-04-25,6250.0,-0.636,True,3.04,1.44,7.68,164.0,-24.16,2024-05-14,6350.0,strict_gakutto_next_open,1.6,11.0
6136,2022-12-09,308,kuitto_pullback_auto,くいっと押し目版,2.5130890052355914,-3.8204972710733753,-1.8791918861442825,2.0110451182661304,1.4359281437125748,422568265.0,2.1924704508974173,-5.043646944713876,0,2022-12-12,1955.0,-0.153,True,-1.074,-7.366,-7.059,116.01,-25.627,2022-12-19,1927.0,strict_gakutto_next_open,-1.432,6.0
6141,2023-07-18,456,kuitto_pullback_auto,くいっと押し目版,3.1459731543624248,-4.580091441405321,-3.899530962131026,2.930096274591887,1.8320874065554917,2163654240.0,2.135014233428223,-3.9265481539363156,1,2023-07-19,2480.0,0.854,False,-0.968,-0.988,1.23,93.952,-18.145,2023-07-28,2356.0,stop_loss,-5.0,8.0
6141,2026-02-03,1078,kuitto_pullback_auto,くいっと押し目版,2.9520295202952074,-3.4486436520069663,-1.2498188668308985,2.351516930188202,1.7026199387546785,3660790040.0,2.578084997439836,-5.743243243243246,1,2026-02-04,2786.0,-0.143,True,16.296,6.73,7.556,42.857,-17.175,2026-02-16,2965.0,strict_gakutto_next_open,6.425,8.0
6143,2022-02-28,116,kuitto_pullback_auto,くいっと押し目版,1.9736842105263053,-3.1329597554763167,-3.0432787888056256,1.8664563617245111,1.2711478211335803,243162715.0,2.3963133640553,-4.084158415841587,0,2022-03-01,777.0,0.258,True,-7.336,-3.861,0.386,174.903,-23.166,2022-03-03,766.0,strict_gakutto_next_open,-1.416,3.0
6143,2023-08-08,471,kuitto_pullback_auto,くいっと押し目版,3.2212885154061732,-2.855588795213493,-0.25041736227044975,2.789400278940035,2.252859477124183,208662765.0,1.9189765458422172,-1.338688085676043,0,2023-08-09,731.0,-0.814,True,-8.071,-7.934,-5.882,192.202,-18.331,2023-08-10,692.0,stop_gap_open,-5.335,2.0
6143,2024-07-30,710,kuitto_pullback_auto,くいっと押し目版,1.7980636237897585,-2.211302211302213,-1.6689466484268167,2.3928770172509717,2.1024868123587037,126388695.0,1.6498447204968945,-1.6042780748663055,0,2024-07-31,734.0,-0.272,True,-12.262,-5.041,0.0,191.008,-18.665,2024-08-02,697.3,stop_loss,-5.0,3.0
6146,2025-06-09,918,kuitto_pullback_auto,くいっと押し目版,2.12634822804314,-4.812234293812001,-1.7416923272373208,2.0194557320527107,1.4710923623445826,145554532350.0,3.364514182257091,-10.504995949230356,4,2025-06-10,33350.0,0.634,False,3.598,8.276,27.826,174.903,-1.319,2025-07-01,41930.0,max15_next_open,25.727,16.0
6151,2025-09-08,981,kuitto_pullback_auto,くいっと押し目版,2.346368715083802,-2.434744461504712,-2.836202784162367,2.2093282749386267,1.3125,19525015.0,1.3139426076107301,-2.9146793852676156,0,2025-09-09,1818.0,-0.764,True,0.33,-1.76,-5.776,6.711,-14.466,2025-10-01,1751.0,strict_gakutto_next_open,-3.685,15.0
6151,2026-06-15,1165,kuitto_pullback_auto,くいっと押し目版,1.5693659761456313,-2.3827069516089483,-1.6712679944784092,1.4038606166959289,1.5587188612099645,51895295.0,2.569309553240332,-3.518187239117476,0,2026-06-16,1617.0,-0.062,True,6.803,5.751,6.122,10.884,-1.484,2026-06-30,1710.0,strict_gakutto_next_open,5.751,11.0
6167,2022-06-27,196,kuitto_pullback_auto,くいっと押し目版,2.6856240126382325,-2.7143738433066056,-3.045654296875,2.297765187283596,1.8333333333333333,6591885.0,2.175824175824176,-5.385735080058229,0,2022-06-28,645.0,-0.769,True,0.62,1.86,2.636,150.388,-14.264,2022-07-20,666.0,max15_next_open,3.256,16.0
6167,2022-10-19,273,kuitto_pullback_auto,くいっと押し目版,1.9642857142857073,-3.932968536251713,-3.6152843520614764,1.6014234875444844,1.7,17086460.0,1.9764823617713287,-5.306799336650081,0,2022-10-20,562.0,-1.576,True,0.534,1.423,0.89,187.367,-1.601,2022-10-27,563.0,strict_gakutto_next_open,0.178,6.0
6167,2024-04-08,633,kuitto_pullback_auto,くいっと押し目版,1.799100449775115,-4.039238315060589,-2.6771101239186468,1.9519519519519468,1.9791666666666667,35211825.0,2.0197769829581316,-2.8612303290414864,0,2024-04-09,683.0,0.589,False,0.146,-1.464,-0.146,136.457,-10.542,2024-04-17,674.0,strict_gakutto_next_open,-1.318,7.0
6178,2024-07-31,711,kuitto_pullback_auto,くいっと押し目版,3.41715022566087,-5.045078424107697,-4.0645065324639855,3.6242651334065457,1.5271832752229098,13074255770.0,2.0506768792304952,-4.778866132383497,1,2024-08-01,1590.5,-0.842,True,-13.329,-10.248,-12.323,63.659,-25.495,2024-08-02,1510.975,stop_loss,-5.0,2.0
6178,2025-02-25,848,kuitto_pullback_auto,くいっと押し目版,1.6830739917434112,-2.150076569678405,-0.11240164855752521,0.08752188047012055,1.3256142831889695,6601170350.0,1.528062817881681,-2.6451809060504705,1,2025-02-26,1609.5,0.531,False,0.435,-3.852,-1.212,61.727,-26.002,2025-03-06,1601.0,strict_gakutto_next_open,-0.528,7.0
6184,2024-06-13,678,kuitto_pullback_auto,くいっと押し目版,3.153988868274582,-2.734232592052499,-2.716566722057645,3.2305978462680907,5.914614981665793,105703470.0,3.314491264131551,-2.7972027972028024,2,2024-06-14,474.0,-14.748,True,-10.338,-9.916,-11.603,47.257,-26.582,2024-06-17,450.0,stop_gap_open,-5.063,2.0
6184,2025-01-20,824,kuitto_pullback_auto,くいっと押し目版,2.316602316602312,-5.4300291545189445,-1.1477652782000525,1.8838908112264408,2.031237322515213,167004130.0,2.857142857142857,-5.187835420393561,0,2025-01-21,533.0,0.566,False,1.876,-5.816,0.0,30.957,-28.33,2025-02-03,506.35,stop_loss,-5.0,10.0
6184,2025-07-28,952,kuitto_pullback_auto,くいっと押し目版,2.0446096654274992,-2.7868259138617457,-2.2109459949256838,1.7420311341734607,1.2626619552414606,86854555.0,2.1597710122300287,-5.017301038062283,0,2025-07-29,550.0,0.182,True,4.182,7.455,11.273,26.909,-19.273,2025-08-20,615.0,max15_next_open,11.818,16.0
6191,2024-07-12,699,kuitto_pullback_auto,くいっと押し目版,2.857142857142847,-3.438142815163092,-2.5318696883852687,3.542234332425065,1.8887876025524157,179302050.0,2.365288220551378,-2.909865152590485,0,2024-07-16,1371.0,0.219,True,-0.365,1.313,-27.425,28.957,-51.86,2024-07-23,1370.0,strict_gakutto_next_open,-0.073,6.0
6191,2026-07-01,1177,kuitto_pullback_auto,くいっと押し目版,2.7308192457737412,-3.4729315628192037,-2.9126213592232997,3.4031413612565453,1.2718446601941749,83876095.0,2.920433996383364,-2.106567534076831,2,2026-07-02,793.0,0.38,True,2.522,12.61,9.079,122.951,-4.414,2026-07-10,860.0,strict_gakutto_next_open,8.449,7.0
6196,2023-10-10,513,kuitto_pullback_auto,くいっと押し目版,2.9954124314113484,-4.788187975554125,-1.647888731811098,3.9019963702359384,1.5228215767634854,366407919.0,3.671241422333126,-3.1056951849031122,2,2023-10-11,1145.0,0.0,True,-1.31,-6.838,6.838,62.157,-31.004,2023-10-16,1086.7,strict_gakutto_next_open,-5.092,4.0
6200,2025-06-25,930,kuitto_pullback_auto,くいっと押し目版,1.8999999999999906,-2.2335423197492155,-0.04394550757061966,1.818545163868901,1.542407660738714,291559530.0,2.320201878592458,-1.3552758954501476,0,2025-06-26,1014.0,-0.491,True,-3.846,-3.55,-5.819,1.381,-44.379,2025-07-02,975.0,strict_gakutto_next_open,-3.846,5.0
6200,2025-10-21,1009,kuitto_pullback_auto,くいっと押し目版,1.6429353778751432,-5.300353356890463,-4.257102153691439,1.5317286652078765,1.8866366366366367,334498875.0,2.8863916256157633,-7.477567298105681,1,2025-10-22,933.0,0.539,False,-3.215,-5.359,-9.861,1.179,-39.55,2025-10-29,895.0,strict_gakutto_next_open,-4.073,6.0
6209,2024-06-14,171,kuitto_pullback_auto,くいっと押し目版,3.005780346820819,-2.592702023932625,-3.417793532011726,0.9288627095604962,1.913884007029877,363785060.0,2.5305969750414192,-6.210526315789478,1,2024-06-17,2652.0,-0.786,True,3.582,6.373,5.769,72.323,-28.507,2024-07-03,2806.0,strict_gakutto_next_open,5.807,13.0
6222,2024-03-08,613,kuitto_pullback_auto,くいっと押し目版,2.604166666666674,-2.094992107906446,-2.0995044825709575,0.8630778232884717,1.3771739130434784,151744795.0,1.9009634310577024,-5.027548209366395,0,2024-03-11,1359.0,-1.45,True,1.177,1.472,3.017,30.537,-47.461,2024-04-02,1394.0,max15_next_open,2.575,16.0
6222,2024-12-26,812,kuitto_pullback_auto,くいっと押し目版,1.5968063872255467,-2.3110066588327483,-3.1410578371904307,1.5157558835261264,2.33737680060652,158172410.0,1.8523715969688466,-4.233301975540926,0,2024-12-27,1026.0,0.786,False,-2.242,-4.191,1.365,13.06,-30.409,2025-01-09,998.0,strict_gakutto_next_open,-2.729,6.0
6222,2026-07-02,1178,kuitto_pullback_auto,くいっと押し目版,1.967592592592582,-5.095541401273884,-3.7631777945820954,1.802634619828991,1.6156316916488223,188950725.0,2.9674071671801525,-6.772486772486774,3,2026-07-03,884.0,0.341,True,0.566,2.262,-2.036,14.14,-3.167,2026-07-21,880.0,strict_gakutto_next_open,-0.452,12.0
6222,2026-07-27,1194,kuitto_pullback_auto,くいっと押し目版,1.5783540022547893,-4.491931966855656,-1.0761403034805772,2.5261720527992804,1.2535863026376677,224284045.0,2.6637069922308543,-3.222341568206233,0,2026-07-28,899.0,-0.222,True,0.556,5.451,5.228,12.236,-3.115,2026-08-14,935.0,strict_gakutto_next_open,4.004,13.0
6235,2025-10-20,1008,kuitto_pullback_auto,くいっと押し目版,1.8375815056312916,-3.644805571677301,-0.5018520731270071,3.1584003842920483,1.2680262199563002,317015430.0,2.769000498919009,-1.5472779369627543,0,2025-10-21,1722.0,0.233,True,0.407,-2.671,-9.756,185.134,-10.453,2025-10-24,1687.0,strict_gakutto_next_open,-2.033,4.0
6237,2025-09-08,981,kuitto_pullback_auto,くいっと押し目版,2.0970394736842035,-2.717260229922036,-3.391449725340334,2.3073753605274083,1.5853658536585367,41051460.0,1.8353374374316782,-2.051282051282055,0,2025-09-09,2483.0,0.0,True,8.377,5.518,1.651,142.851,-6.685,2025-09-25,2646.0,strict_gakutto_next_open,6.565,11.0
6238,2021-10-28,36,kuitto_pullback_auto,くいっと押し目版,2.302426882389552,-3.6124199589223305,-3.550565025857111,2.023085515700629,2.1771144278606966,270743460.0,3.2542579075425793,-3.294117647058825,2,2021-10-29,1644.0,0.0,True,-0.912,-2.616,-18.37,7.178,-50.912,2021-11-04,1639.0,strict_gakutto_next_open,-0.304,4.0
6238,2022-12-08,307,kuitto_pullback_auto,くいっと押し目版,3.051438535309514,-3.1192660550458773,-0.3395178161116452,1.6861665519614544,3.2878411910669976,102898495.0,2.332608170171622,-3.9024390243902474,0,2022-12-09,1182.0,0.0,True,-0.508,-5.499,-8.545,49.069,-31.726,2022-12-16,1161.0,strict_gakutto_next_open,-1.777,6.0
6238,2024-01-23,582,kuitto_pullback_auto,くいっと押し目版,1.9069412662090057,-2.2175606832484207,-3.738207893731438,1.9691650129751048,1.2676720075400565,191264895.0,2.256201881950385,-4.160688665710188,0,2024-01-24,1322.0,-1.048,True,0.756,0.454,-1.286,12.254,-38.956,2024-01-31,1330.0,strict_gakutto_next_open,0.605,6.0
6238,2024-11-19,785,kuitto_pullback_auto,くいっと押し目版,2.764976958525356,-2.3475887170154697,-0.011116051578474728,3.298128589957372,1.2959582790091264,115567370.0,2.3830877642536836,0.0,0,2024-11-20,1100.0,-1.345,True,5.545,-1.0,0.727,34.909,-26.636,2024-11-28,1095.0,strict_gakutto_next_open,-0.455,7.0
6240,2025-01-17,823,kuitto_pullback_auto,くいっと押し目版,2.7118644067796627,-4.549763033175347,-4.977375565610864,0.1984126984126977,1.677350140807295,964057265.0,3.88967468175389,-11.91860465116279,4,2025-01-20,614.0,1.32,False,4.235,3.257,-0.651,38.274,-32.736,2025-02-03,634.0,strict_gakutto_next_open,3.257,11.0
6254,2022-09-09,248,kuitto_pullback_auto,くいっと押し目版,1.5164835164835022,-3.879226740802999,-1.2719284770653427,2.669541443463963,2.0586080586080584,177876808.0,2.3969319271332696,-2.634907251264751,0,2022-09-12,925.0,0.13,True,-3.914,-6.757,-5.535,588.649,-17.157,2022-09-20,897.5,strict_gakutto_next_open,-2.973,6.0
6254,2025-07-11,942,kuitto_pullback_auto,くいっと押し目版,2.419691280767622,-3.61207714195384,-0.11757597530904773,0.34333360582032846,1.708625419079549,2944587360.0,4.457375618271748,-5.576923076923079,3,2025-07-14,2417.0,-1.548,True,-3.434,8.73,8.068,127.555,-5.048,2025-07-22,2296.15,stop_loss,-5.0,6.0
6258,2021-12-24,75,kuitto_pullback_auto,くいっと押し目版,3.3801246642679805,-2.493671138397735,-3.054696662757239,3.8707115143738813,3.111587982832618,202407199.5,2.3574929971988823,-1.6061351468673268,0,2021-12-27,2060.0,0.98,False,4.529,5.34,1.456,95.146,-46.65,2022-01-14,2146.7,strict_gakutto_next_open,4.209,12.0
6258,2022-12-29,322,kuitto_pullback_auto,くいっと押し目版,3.435048949447528,-4.2859921758488735,-3.1695057246579283,1.765275775054076,1.336,270101097.0,3.0042935422909958,-5.571525636335128,2,2022-12-30,1826.7,1.107,False,1.095,4.741,13.138,120.069,-39.837,2023-01-05,1820.0,strict_gakutto_next_open,-0.367,3.0
6258,2023-12-15,559,kuitto_pullback_auto,くいっと押し目版,2.3815607911279235,-3.041213346021432,-3.8752258397551587,1.109361435810463,1.329243353783231,464184213.0,2.971168999721887,-7.822205862053111,3,2023-12-18,2000.0,-0.165,True,0.0,4.835,9.665,101.0,-45.05,2023-12-25,2010.0,strict_gakutto_next_open,0.5,6.0
6258,2025-02-10,839,kuitto_pullback_auto,くいっと押し目版,2.450897152883913,-2.273102174128183,-0.6595602931379063,1.1557463170366322,1.366754617414248,291997026.0,2.1179952644041045,-3.0374457598971505,0,2025-02-12,1820.0,0.552,False,-11.538,-10.44,-11.813,120.879,-39.615,2025-02-17,1596.7,strict_gakutto_next_open,-12.269,4.0
6266,2024-07-08,695,kuitto_pullback_auto,くいっと押し目版,2.285714285714291,-2.7605633802816887,-2.3105100028177006,3.259301990193242,1.7941972920696325,759366675.0,2.9229848363926574,-2.0519835841313228,2,2024-07-09,3635.0,1.536,False,-1.651,-7.565,-11.004,51.032,-64.182,2024-07-18,3453.25,stop_loss,-5.0,7.0
6268,2024-06-04,671,kuitto_pullback_auto,くいっと押し目版,1.8640776699029082,-3.4404183787822173,-4.936774003822975,1.4268589768377193,1.6953349971203686,1541079835.0,2.1921463972550512,-9.144440595774162,2,2024-06-05,2601.5,-0.82,True,0.288,3.786,6.785,134.98,-27.407,2024-06-11,2621.0,strict_gakutto_next_open,0.75,5.0
6269,2022-04-14,148,kuitto_pullback_auto,くいっと押し目版,2.761982128350926,-3.920025188916887,-0.9904173901858826,2.7119194543683056,1.6128385155466398,288368570.0,3.455674760022586,-3.6557501904036505,2,2022-04-15,1265.0,0.0,True,-1.265,-3.557,-5.534,1221.739,-15.494,2022-04-19,1255.0,strict_gakutto_next_open,-0.791,3.0
6272,2021-11-25,54,kuitto_pullback_auto,くいっと押し目版,2.783882783882774,-2.0267356619232513,-1.159778980085191,2.1254913378949025,2.010752688172043,49076545.0,2.5150188371856226,-0.777934936350777,0,2021-11-26,1396.0,-0.499,True,-6.304,1.791,-0.931,24.928,-41.046,2021-11-29,1326.2,stop_loss,-5.0,2.0
6272,2022-11-22,296,kuitto_pullback_auto,くいっと押し目版,1.6918967052537814,-4.850555081127239,-2.4062772449869096,2.0189387171698936,1.9773755656108598,46927700.0,1.988991743807856,-4.6744574290484175,0,2022-11-24,1155.0,1.138,False,1.299,-4.242,-3.117,50.996,-13.42,2022-12-07,1097.25,stop_loss,-5.0,10.0
6272,2023-07-21,459,kuitto_pullback_auto,くいっと押し目版,2.35294117647058,-2.455485353245268,-2.9436860068259407,1.978021978021971,2.0155148095909734,109141495.0,2.083333333333333,-4.1322314049586755,0,2023-07-24,1418.0,1.868,False,1.551,-4.513,-4.302,22.99,-28.068,2023-08-02,1402.0,strict_gakutto_next_open,-1.128,8.0
6273,2025-06-26,931,kuitto_pullback_auto,くいっと押し目版,1.6494435612082636,-3.941655876304362,-4.045080256517286,1.1389251393996824,1.4006163328197228,12613516450.0,2.5624912721686917,-6.060606060606055,2,2025-06-27,51160.0,0.02,True,0.528,-3.127,-1.407,69.664,-15.833,2025-07-07,48602.0,stop_loss,-5.0,7.0
6277,2022-09-08,247,kuitto_pullback_auto,くいっと押し目版,1.585460170146935,-2.129105322763314,-1.9199734551981096,0.9918499154236482,1.5211640211640212,104512690.0,1.4845831747240197,-1.6841317365269504,0,2022-09-09,2628.0,0.038,True,-3.234,-6.469,-4.947,164.46,-7.154,2022-09-16,2535.0,strict_gakutto_next_open,-3.539,6.0
6277,2024-06-14,679,kuitto_pullback_auto,くいっと押し目版,2.244389027431426,-4.657089898053757,-4.129313948627433,-0.6782945736434121,1.4705882352941178,146656450.0,2.552264808362369,-7.553551296505068,1,2024-06-17,4060.0,-0.976,True,0.739,4.064,0.985,71.182,-20.69,2024-07-04,4160.0,strict_gakutto_next_open,2.463,14.0
6277,2024-07-31,711,kuitto_pullback_auto,くいっと押し目版,1.7412935323383172,-5.250765246056044,-2.901409806091526,1.3379583746283341,2.426829268292683,129454925.0,2.9689137268599373,-5.760368663594473,2,2024-08-01,4055.0,-0.856,True,-12.947,3.083,8.015,71.393,-20.592,2024-08-02,3835.0,stop_gap_open,-5.425,2.0
6278,2022-05-30,176,kuitto_pullback_auto,くいっと押し目版,2.5104602510460206,-3.414896477547724,-2.5414544272244544,2.1684737281067568,2.101769911504425,101368425.0,1.9241982507288629,-3.034300791556732,0,2022-05-31,3640.0,-0.952,True,0.412,-1.374,-9.89,645.879,-15.11,2022-06-13,3585.0,strict_gakutto_next_open,-1.511,10.0
6278,2024-02-13,596,kuitto_pullback_auto,くいっと押し目版,1.957831325301207,-2.8789659224441877,-2.000236714404069,2.20410628019323,1.776978417266187,92233525.0,1.582612365477949,-1.8840579710144967,0,2024-02-14,3355.0,-0.886,True,18.182,16.095,21.013,709.24,-7.004,2024-02-29,3885.0,strict_gakutto_next_open,15.797,11.0
6278,2026-03-25,1111,kuitto_pullback_auto,くいっと押し目版,1.6949152542372836,-2.468466024684657,-2.088948787061995,3.2346868547832086,1.4917798427448177,4413486550.0,8.1,-9.420289855072461,4,2026-03-26,14950.0,-0.333,True,-4.415,2.007,11.773,81.605,-20.201,2026-03-27,14202.5,stop_loss,-5.0,2.0
6279,2023-09-13,495,kuitto_pullback_auto,くいっと押し目版,1.8058690744920947,-3.296703296703296,-2.5628199846995936,2.1440434848256196,2.0483091787439616,36015300.0,2.1856192587899907,-3.426124197002145,0,2023-09-14,1360.0,0.517,False,-3.676,-6.029,-13.529,44.118,-37.574,2023-09-22,1293.0,strict_gakutto_next_open,-4.926,6.0
6279,2024-07-12,698,kuitto_pullback_auto,くいっと押し目版,2.262016965127245,-2.2337086948495566,-0.976082259146116,2.050413844996224,1.2802056555269923,62769665.0,3.212639894667544,-1.8099547511312264,2,2024-07-16,1085.0,0.0,True,-7.558,-2.857,-12.995,31.613,-21.751,2024-07-18,1030.75,stop_loss,-5.0,3.0
6279,2024-11-12,779,kuitto_pullback_auto,くいっと押し目版,1.9546520719311955,-5.206783695328776,-2.6192075218267274,2.1943573667711602,2.1973684210526314,46920285.0,3.7193251533742333,-5.232558139534882,2,2024-11-13,1304.0,0.0,True,-4.525,5.061,-4.985,8.436,-34.893,2024-11-20,1238.8,stop_loss,-5.0,6.0
6279,2025-07-23,948,kuitto_pullback_auto,くいっと押し目版,2.5316455696202445,-2.7298850574712707,-4.312668463611857,2.165230187092715,2.064748201438849,52623085.0,2.028218694885362,-8.64661654135338,1,2025-07-24,972.0,0.0,True,2.881,1.646,1.749,6.893,-12.654,2025-08-05,974.0,strict_gakutto_next_open,0.206,9.0
6284,2022-11-08,286,kuitto_pullback_auto,くいっと押し目版,3.424657534246567,-2.758620689655178,-1.9973368841544659,2.5815217391304435,2.0756302521008405,91174225.0,2.2138126773888365,-5.388471177944865,0,2022-11-09,3810.0,0.927,False,1.969,6.562,10.499,169.816,-1.312,2022-12-01,4200.0,max15_next_open,10.236,16.0
6284,2025-01-17,823,kuitto_pullback_auto,くいっと押し目版,2.6156941649899457,-2.4199843871975046,-0.7140023800079387,1.877746703955263,1.2564102564102564,109758925.0,2.0168067226890756,-1.3539651837524147,0,2025-01-20,5180.0,1.569,False,4.247,4.826,4.633,98.456,-23.359,2025-02-10,5390.0,max15_next_open,4.054,16.0
6284,2026-02-04,1079,kuitto_pullback_auto,くいっと押し目版,1.5847860538827252,-3.5582822085889587,-1.7723414877683585,1.8106734434561567,1.415137614678899,213009650.0,2.5518163583686206,-4.041916167664672,0,2026-02-05,6480.0,1.092,False,4.167,31.944,42.901,58.642,-1.235,2026-03-02,9110.0,max15_next_open,40.586,16.0
6287,2025-05-22,906,kuitto_pullback_auto,くいっと押し目版,2.6862645717181888,-2.6518475187676804,-0.9269529393123088,1.2594962015193945,1.2994836488812394,148331625.0,2.4220843322521506,-2.361445783132532,0,2025-05-23,2025.0,-0.049,True,0.741,0.543,-0.543,45.679,-3.111,2025-06-13,2005.0,max15_next_open,-0.988,16.0
6287,2026-05-07,1138,kuitto_pullback_auto,くいっと押し目版,2.1603456553048517,-2.6465380672816896,-4.740729985298653,1.3622939887586893,1.9271186440677965,185581365.0,2.0408163265306123,-9.059829059829061,1,2026-05-08,2121.0,-0.329,True,1.886,4.008,3.395,39.085,-1.226,2026-05-27,2170.0,strict_gakutto_next_open,2.31,14.0
6289,2021-12-07,62,kuitto_pullback_auto,くいっと押し目版,2.3724792408066353,-4.3277019208516565,-4.5494072955284075,3.4524094941261074,1.934640522875817,213390125.0,2.2926667770236717,-5.26893523600439,0,2021-12-08,4395.0,1.854,False,-2.958,-5.461,-8.646,1.024,-74.016,2021-12-15,4265.0,strict_gakutto_next_open,-2.958,6.0
6289,2022-07-20,212,kuitto_pullback_auto,くいっと押し目版,2.1172638436482094,-2.88124594419209,-1.0911374519193107,3.67063492063493,1.9705159705159705,185822930.0,2.367281840966051,-0.9478672985781977,0,2022-07-21,3150.0,0.478,True,3.968,4.762,6.032,14.921,-63.746,2022-08-09,3380.0,strict_gakutto_next_open,7.302,14.0
6289,2023-09-27,505,kuitto_pullback_auto,くいっと押し目版,2.1052631578947434,-2.6443239054630086,-1.1518201116439974,1.262676476436675,1.8793774319066148,181760165.0,1.9356196086682098,-3.6423841059602613,0,2023-09-28,2039.0,0.098,True,-4.365,3.825,-3.727,26.042,-43.992,2023-10-03,1986.0,strict_gakutto_next_open,-2.599,4.0
6289,2024-03-08,613,kuitto_pullback_auto,くいっと押し目版,2.7932960893854775,-2.7879961277831544,-2.5513957179914226,0.5164878823996855,1.6693548387096775,135339085.0,2.2056747600225863,-3.57313006193426,0,2024-03-11,2010.0,-0.692,True,0.0,-0.05,3.682,27.861,-43.184,2024-03-18,2017.0,strict_gakutto_next_open,0.348,6.0
6289,2026-06-29,1175,kuitto_pullback_auto,くいっと押し目版,1.6590389016018392,-3.8367437722419906,-1.8322826432037864,2.6218526218526383,1.4186507936507937,93804050.0,2.242945574403087,-1.8774157923798995,0,2026-06-30,1791.0,0.788,False,-0.558,3.573,3.183,12.06,-2.959,2026-07-21,1860.0,strict_gakutto_next_open,3.853,15.0
6294,2023-08-29,485,kuitto_pullback_auto,くいっと押し目版,2.024850437183612,-4.770032339202313,-4.088162739980694,3.2988537880905833,1.3125,96309165.0,2.3938398092660607,-6.770395290159803,1,2023-08-30,2215.0,-0.09,True,0.09,-4.786,-6.862,44.695,-25.734,2023-09-07,2174.0,strict_gakutto_next_open,-1.851,7.0
6294,2023-09-22,502,kuitto_pullback_auto,くいっと押し目版,1.9202363367799125,-2.6958243001225513,-3.395598436828029,0.16452143617535775,1.5213675213675213,68890355.0,1.9979296066252588,-7.836153161175419,1,2023-09-25,2075.0,0.242,True,0.289,-2.892,-4.916,54.458,-20.723,2023-09-27,2050.0,strict_gakutto_next_open,-1.205,3.0
6294,2024-03-18,619,kuitto_pullback_auto,くいっと押し目版,1.8368067820557998,-4.421953538921352,-1.36178066103686,2.1615875265768913,1.7710843373493976,137537240.0,2.933452257073485,-4.378109452736323,2,2024-03-19,2880.0,-0.104,True,7.986,9.028,6.424,11.285,-42.882,2024-04-10,3060.0,max15_next_open,6.25,16.0
6294,2024-10-29,771,kuitto_pullback_auto,くいっと押し目版,1.7190569744597317,-2.088189588189582,-2.0260464036224946,2.2615050365395906,1.5804416403785488,67725495.0,1.879699248120301,-1.6152019002375284,0,2024-10-30,2072.0,0.048,True,0.483,2.317,-8.784,23.118,-20.608,2024-11-15,1932.0,stop_gap_open,-6.757,12.0
6298,2024-06-03,670,kuitto_pullback_auto,くいっと押し目版,1.7293558149589217,-3.238900634249464,-1.232975650020629,2.420127100200231,1.521341463414634,308876500.0,3.5365187298888956,-2.7685950413223193,2,2024-06-04,1180.0,0.297,True,0.975,4.28,4.703,34.915,-47.881,2024-06-12,1199.0,strict_gakutto_next_open,1.61,7.0
6298,2024-10-30,772,kuitto_pullback_auto,くいっと押し目版,1.5496809480401108,-3.3288829550511823,-1.9831709158905308,2.1737136567917092,2.653206650831354,178583675.0,2.4108745832264686,-2.7923211169284423,0,2024-10-31,1114.0,0.0,True,-1.93,-6.418,-14.408,42.908,-44.794,2024-11-01,1058.3,stop_loss,-5.0,2.0
6298,2024-12-23,809,kuitto_pullback_auto,くいっと押し目版,3.3090297251822776,-3.1673243041484556,-3.3698309769320756,1.320132013201314,1.3840970350404314,166130335.0,2.760974096478982,-5.731832139201643,0,2024-12-24,918.0,-0.326,True,5.011,5.338,3.268,73.42,-33.007,2025-01-15,937.0,strict_gakutto_next_open,2.07,12.0
6301,2023-04-12,391,kuitto_pullback_auto,くいっと押し目版,1.657285803627273,-5.238847696608728,-3.5602817631166683,3.965462104253281,1.8143554214623607,10332560115.0,2.0784813463989105,-2.8101644245142055,1,2023-04-13,3240.0,-0.338,True,1.019,-0.247,2.84,141.975,-0.802,2023-05-09,3345.0,max15_next_open,3.241,16.0
6301,2023-12-15,559,kuitto_pullback_auto,くいっと押し目版,1.5328874024526096,-4.0675610668662205,-2.990290426984654,0.9476834404788193,1.63424091233072,14094090885.0,2.015607231088977,-5.841302662186609,1,2023-12-18,3580.0,-1.729,True,2.765,3.017,8.492,118.994,-7.151,2024-01-12,3928.0,max15_next_open,9.721,16.0
6301,2025-03-11,858,kuitto_pullback_auto,くいっと押し目版,1.839080459770126,-2.9876283232429524,-3.0448226627307062,0.05872521118490681,1.2569202177953116,14866474830.0,2.7152531441470495,-7.57354475276445,2,2025-03-12,4390.0,-0.903,True,4.487,5.809,0.0,78.588,-18.77,2025-03-14,4327.0,strict_gakutto_next_open,-1.435,3.0
6302,2023-12-20,562,kuitto_pullback_auto,くいっと押し目版,1.7494356659142118,-2.3874755381604773,-0.1920694632283504,2.6531541790024926,1.4105960264900663,1586313760.0,2.8563505268996114,-2.037489812550941,1,2023-12-21,3557.0,-1.359,True,1.068,0.141,1.209,78.859,-27.622,2024-01-17,3601.0,max15_next_open,1.237,16.0
6302,2024-05-31,669,kuitto_pullback_auto,くいっと押し目版,2.207293666026877,-2.166418188594854,-2.9698042251963264,1.1684240524365785,1.252453653217012,1770626890.0,1.9902749832327298,-3.8808664259927794,1,2024-06-03,4291.0,0.728,False,-5.174,-2.004,-3.123,48.264,-40.002,2024-06-05,4150.0,strict_gakutto_next_open,-3.286,3.0
6302,2026-09-16,1230,kuitto_pullback_auto,くいっと押し目版,2.513916322499554,-2.4245595674167064,-2.538003873538719,2.0229457807641404,1.6903785869303112,4360958235.0,3.9098666266296322,-4.371859296482416,3,2026-09-17,5846.0,2.4,False,,,,3.661,-0.975,,,,,
6305,2024-04-24,645,kuitto_pullback_auto,くいっと押し目版,1.8810148731408516,-5.1724137931034475,-1.9600247908273971,2.243294262259088,1.255689764780674,4349370360.0,2.4520026988897747,-3.740442240132258,1,2024-04-25,4590.0,-1.46,True,-3.464,-2.048,-1.525,57.407,-36.895,2024-04-26,4360.5,stop_loss,-5.0,2.0
6306,2021-12-07,62,kuitto_pullback_auto,くいっと押し目版,2.764227642276418,-2.5990491283676698,-3.5043960840556276,2.100161550888524,1.3159018143009604,51170045.0,1.5483725135623871,-4.2424242424242475,0,2021-12-08,630.0,-0.316,True,-1.746,-3.81,-1.429,67.143,-5.397,2021-12-15,620.0,strict_gakutto_next_open,-1.587,6.0
6309,2022-02-01,99,kuitto_pullback_auto,くいっと押し目版,2.1117837533436656,-2.7510468953659273,-3.6208557789164653,2.9963078670832033,1.5284552845528456,27599724.0,2.45120245809616,-3.844624154845555,0,2022-02-02,747.0,2.992,False,0.0,2.45,2.276,199.732,-3.481,2022-02-24,749.0,strict_gakutto_next_open,0.268,15.0
6309,2024-05-31,669,kuitto_pullback_auto,くいっと押し目版,2.7357142857142858,-2.356299322773847,-0.740935781790597,2.564285408674083,1.2743362831858407,44215281.0,1.978029618299381,-0.23583269750988567,0,2024-06-03,1446.7,0.584,False,2.419,8.177,5.184,54.766,-22.354,2024-06-24,1521.7,max15_next_open,5.184,16.0
6309,2025-02-27,850,kuitto_pullback_auto,くいっと押し目版,2.0717659733156646,-2.0815770702288905,-2.2297513554056403,1.8203161166589599,1.2702702702702702,55957483.5,1.36222874308447,-3.015748031496057,0,2025-02-28,1225.0,-0.544,True,5.853,6.122,12.514,82.776,-1.363,2025-03-24,1383.3,max15_next_open,12.922,16.0
6309,2025-05-12,898,kuitto_pullback_auto,くいっと押し目版,2.3238925199709604,-2.0878536634431732,-0.059987303658071145,2.6369463869463816,1.54125,168530420.5,2.2133225185034977,-1.5855276943493757,0,2025-05-13,1413.0,0.284,True,-0.708,1.911,8.422,58.457,-3.468,2025-05-20,1408.0,strict_gakutto_next_open,-0.354,6.0
6310,2022-10-04,263,kuitto_pullback_auto,くいっと押し目版,1.83486238532109,-2.6574803149606363,-2.8762933558924897,2.261306532663321,1.7392857142857143,43550955.0,2.146952146952147,-3.630623520126286,0,2022-10-05,1235.0,1.147,False,-5.101,-1.296,-1.538,101.457,-32.713,2022-10-11,1173.25,stop_loss,-5.0,4.0
6323,2023-04-11,390,kuitto_pullback_auto,くいっと押し目版,3.2110091743119185,-5.140673845085086,-3.625718618841034,2.9277218664226945,1.7501320655044903,1954289900.0,2.8825396825396825,-3.598971722365041,1,2023-04-12,975.0,-13.333,True,-6.154,4.41,2.256,433.231,-7.077,2023-04-13,926.25,stop_loss,-5.0,2.0
6323,2024-06-11,676,kuitto_pullback_auto,くいっと押し目版,2.0784445189406586,-3.312051077414202,-4.358211292975167,3.8894575230296935,1.420824295010846,10807036800.0,3.528031902416139,-8.421052631578952,4,2024-06-12,3050.0,0.164,True,-0.328,-1.148,4.426,70.459,-68.321,2024-06-19,3065.0,strict_gakutto_next_open,0.492,6.0
6326,2022-08-12,228,kuitto_pullback_auto,くいっと押し目版,1.6129032258064502,-3.566081393766163,-0.6550924428757487,2.5390625,1.8497948417350527,8478340272.5,2.588273404599935,-2.5198938992042397,1,2022-08-15,2222.0,0.771,False,1.643,-0.473,-4.725,47.075,-34.271,2022-08-24,2195.5,strict_gakutto_next_open,-1.193,8.0
6326,2023-12-15,559,kuitto_pullback_auto,くいっと押し目版,2.9107054760730167,-3.6858438768202495,-2.3598763417116198,2.556538839724687,1.6486271973661002,8065195555.0,2.087042870839611,-3.3811949976841116,1,2023-12-18,2080.0,-0.288,True,1.298,2.043,5.649,57.115,-29.784,2024-01-12,2216.0,max15_next_open,6.538,16.0
6326,2025-03-07,856,kuitto_pullback_auto,くいっと押し目版,2.4189261031366316,-4.184448839387955,-1.944004226096141,3.787307402219575,1.5165922642275154,7016511422.5,2.528641874606058,-1.4829966760419366,1,2025-03-10,1934.5,0.415,True,-3.515,-0.594,-5.35,68.933,-24.502,2025-03-14,1849.5,strict_gakutto_next_open,-4.394,5.0
6326,2025-11-21,1031,kuitto_pullback_auto,くいっと押し目版,2.553601541797157,-2.5110572121557873,-0.6486905165319135,3.7129074696681696,1.9515944738755584,9012105192.5,3.4682371891674215,0.0,3,2025-11-25,2165.0,1.715,False,5.266,4.388,4.203,50.947,-1.778,2025-12-08,2260.0,strict_gakutto_next_open,4.388,10.0
6328,2024-04-08,633,kuitto_pullback_auto,くいっと押し目版,2.9325513196480912,-3.61648444070648,-1.924500370096227,1.8867924528301883,1.7050359712230216,71615725.0,2.6455026455026456,-3.3057851239669422,0,2024-04-09,1780.0,1.425,False,-0.702,-6.039,-4.916,67.697,-16.713,2024-04-16,1691.0,stop_loss,-5.0,6.0
6328,2025-03-05,854,kuitto_pullback_auto,くいっと押し目版,1.51898734177216,-3.4567295905859274,-0.18666128544042593,1.3393985342431192,1.7083333333333333,126332275.0,3.402208763804773,-10.888888888888893,3,2025-03-06,2002.5,-0.125,True,-3.496,-2.122,-3.995,49.064,-25.968,2025-03-13,1902.375,stop_loss,-5.0,6.0
6328,2025-10-20,1008,kuitto_pullback_auto,くいっと押し目版,1.6055045871559592,-2.275799909869314,-1.9462089471550148,1.7688950149322258,1.3121019108280254,87323425.0,2.765237020316027,-4.731182795698929,0,2025-10-21,2215.0,0.0,True,2.483,-5.53,-1.806,34.763,-9.142,2025-10-30,2107.5,strict_gakutto_next_open,-4.853,8.0
6330,2022-06-24,195,kuitto_pullback_auto,くいっと押し目版,1.7628205128205066,-3.6084091622215264,-2.660446349766732,2.8173575129533557,2.0347222222222223,83886625.0,3.4645669291338583,-6.754772393538911,3,2022-06-27,640.0,0.787,False,-4.844,-2.344,-0.938,1268.75,-22.344,2022-07-01,608.0,stop_loss,-5.0,5.0
6330,2024-04-30,648,kuitto_pullback_auto,くいっと押し目版,3.289473684210531,-2.9087048832271756,-1.6154604276470863,2.5696864111498297,1.7320021019442984,283481740.0,4.2387018501668186,-5.894105894105895,3,2024-05-01,931.0,-1.168,True,-5.048,12.46,7.626,840.924,-43.072,2024-05-09,884.45,stop_loss,-5.0,5.0
6331,2023-05-22,416,kuitto_pullback_auto,くいっと押し目版,2.4832976175469534,-2.4226804123711254,-0.5853201312233769,1.930792377131385,2.804232804232804,52898454.0,1.616587594447373,-1.490367139222093,0,2023-05-23,813.3,0.037,True,0.701,3.037,13.242,413.955,-3.271,2023-06-01,790.0,strict_gakutto_next_open,-2.865,8.0
6331,2026-01-07,1060,kuitto_pullback_auto,くいっと押し目版,1.6793893129771087,-2.046959662853698,-1.114543582288452,1.9908116385911168,1.3696649029982364,970149075.0,3.260403260403261,-6.329113924050633,4,2026-01-08,3355.0,0.751,False,5.067,2.086,-2.235,24.59,-14.098,2026-01-30,3290.0,max15_next_open,-1.937,16.0
6332,2022-10-04,263,kuitto_pullback_auto,くいっと押し目版,1.9187358916478603,-2.977503308337004,-1.7650720256091046,2.1724372029870986,2.077358490566038,78690710.0,1.8430628065179562,-1.9543973941368087,0,2022-10-05,912.0,0.997,False,-1.535,0.658,7.456,288.706,-2.522,2022-10-27,978.0,max15_next_open,7.237,16.0
6332,2023-04-12,391,kuitto_pullback_auto,くいっと押し目版,1.5843429636533068,-3.29510285818313,-1.4621506570423826,2.366641622839971,1.9504643962848298,53015505.0,2.4508519003931846,-2.5915996425379784,0,2023-04-13,1087.0,-0.275,True,0.184,-0.644,3.864,226.127,-1.932,2023-04-27,1077.0,strict_gakutto_next_open,-0.92,11.0
6332,2024-04-09,634,kuitto_pullback_auto,くいっと押し目版,3.05010893246187,-3.909522479754257,-2.9894736842105196,2.647569444444442,1.8602409638554216,81807280.0,2.6074700493305145,-4.508748317631229,0,2024-04-10,1412.0,-0.493,True,-0.637,-2.054,1.771,151.062,-21.317,2024-04-17,1402.0,strict_gakutto_next_open,-0.708,6.0
6333,2023-08-10,473,kuitto_pullback_auto,くいっと押し目版,2.1105141980046094,-2.1640778163173002,-0.6291128442602933,1.9774660841572755,1.7136752136752136,83556985.0,1.6642508187040317,-0.4861630516080795,0,2023-08-14,2654.0,-0.263,True,-7.649,-9.081,-3.165,38.282,-19.066,2023-08-16,2521.3,stop_loss,-5.0,3.0
6333,2024-04-10,635,kuitto_pullback_auto,くいっと押し目版,1.6233766233766156,-2.973655150654686,-3.140168711415514,1.524489133960416,1.6610169491525424,147805520.0,1.8370607028753994,-4.935459377372819,0,2024-04-11,2472.0,-1.278,True,-1.861,-1.092,1.416,48.463,-13.107,2024-04-17,2441.0,strict_gakutto_next_open,-1.254,5.0
6339,2023-07-19,457,kuitto_pullback_auto,くいっと押し目版,1.7208413001912115,-4.260089686098667,-2.9140872716291844,3.4214618973561484,2.1784511784511786,140239325.0,2.3630504833512354,-4.144144144144146,0,2023-07-20,1064.0,0.0,True,-0.846,-1.692,-2.256,27.82,-38.064,2023-07-27,1056.0,strict_gakutto_next_open,-0.752,6.0
6339,2023-10-27,526,kuitto_pullback_auto,くいっと押し目版,2.036857419980609,-2.331753554502358,-3.129573342339309,1.8787526631803386,2.445506692160612,80516375.0,2.328897338403042,-3.8391224862888484,0,2023-10-30,1050.0,-0.19,True,2.095,-1.238,4.667,29.524,-37.238,2023-11-08,997.5,stop_loss,-5.0,7.0
6340,2021-12-28,77,kuitto_pullback_auto,くいっと押し目版,2.9249827942188666,-4.193742882025864,-2.3880112090322148,3.7029332223840195,2.524822695035461,70284210.0,2.2997564120934233,-3.203883495145632,0,2021-12-29,2929.0,-2.073,True,0.171,-5.292,-11.096,92.899,-26.699,2022-01-07,2911.0,strict_gakutto_next_open,-0.615,6.0
6340,2022-03-01,117,kuitto_pullback_auto,くいっと押し目版,1.7394822006472577,-4.454818800443105,-2.943948373081151,3.4809084924292355,1.3059071729957805,99577010.0,2.5049701789264414,-2.0257109466303103,0,2022-03-02,2470.0,-1.789,True,-5.587,-2.551,2.146,128.745,-13.077,2022-03-07,2384.0,strict_gakutto_next_open,-3.482,4.0
6340,2022-06-24,195,kuitto_pullback_auto,くいっと押し目版,2.311876699909332,-4.186005779840629,-4.429432043737169,2.796502095099296,2.8440366972477062,67794960.0,1.9273371732388127,-6.114808652246251,1,2022-06-27,2307.0,2.215,False,0.13,4.681,4.118,144.907,-3.294,2022-07-13,2345.0,strict_gakutto_next_open,1.647,13.0
6345,2026-03-30,1114,kuitto_pullback_auto,くいっと押し目版,1.6406249999999956,-2.0732245258050286,-3.6174215019534106,-2.3419906920882805,2.5155038759689923,239375845.0,2.476117272427803,-10.890410958904106,1,2026-03-31,1292.0,-0.692,True,3.56,7.276,8.669,15.17,-0.155,2026-04-16,1416.0,strict_gakutto_next_open,9.598,13.0
6349,2025-07-09,940,kuitto_pullback_auto,くいっと押し目版,2.585034013605436,-2.5211210942738482,-0.8540056933712958,3.0899644517363933,1.8249516441005802,168604845.0,1.9230769230769231,-0.6587615283267456,0,2025-07-10,1520.0,0.796,False,1.447,4.474,-4.211,36.25,-8.75,2025-07-30,1436.0,stop_gap_open,-5.526,14.0
6351,2023-04-12,391,kuitto_pullback_auto,くいっと押し目版,1.5466408893185069,-2.502865876958338,-0.4545984380463941,2.5078064012490353,1.4065934065934067,48612955.0,2.1860338614265316,-1.3151714419915472,0,2023-04-13,1045.0,-0.524,True,3.876,6.124,13.828,156.842,0.0,2023-05-09,1199.0,max15_next_open,14.737,16.0
6351,2023-07-28,464,kuitto_pullback_auto,くいっと押し目版,2.3828435266084247,-2.8647014361300127,-1.6979719093395906,0.202114427860689,1.9711538461538463,54051415.0,2.6266208578078243,-5.809280233832659,0,2023-07-31,1314.0,1.939,False,-0.419,8.447,4.224,104.262,-2.283,2023-08-21,1394.0,strict_gakutto_next_open,6.088,15.0
6351,2023-10-06,512,kuitto_pullback_auto,くいっと押し目版,2.499999999999991,-4.477228992944193,-3.4880858286795213,3.2086997382023252,1.4087301587301588,99137480.0,2.961672473867596,-6.106870229007633,3,2023-10-10,1532.5,-0.325,True,2.284,2.61,0.489,75.139,-14.812,2023-10-31,1540.0,max15_next_open,0.489,16.0
6358,2023-04-12,391,kuitto_pullback_auto,くいっと押し目版,2.0486555697823317,-4.462072384729798,-2.21011201937632,2.8121775025799822,1.8409090909090908,49605950.0,2.1688474637031727,-2.8048780487804903,0,2023-04-13,1982.5,-0.502,True,1.387,1.513,6.053,80.328,-13.644,2023-05-09,2107.5,max15_next_open,6.305,16.0
6358,2024-04-24,645,kuitto_pullback_auto,くいっと押し目版,1.6103059581320522,-4.452690166975881,-4.829109652083208,1.7085751128304238,1.42,104559250.0,2.422458682363595,-6.101190476190476,1,2024-04-25,3145.0,-0.317,True,-0.477,0.318,-15.58,0.795,-45.564,2024-05-15,2720.0,strict_gakutto_next_open,-13.514,12.0
6361,2021-12-03,60,kuitto_pullback_auto,くいっと押し目版,2.411575562700974,-3.7409619616472933,-1.9607843137254943,3.409090909090917,1.4679045092838197,2860120250.0,3.1285041489123118,-1.5455950540958274,3,2021-12-06,1290.0,1.256,False,1.55,-0.31,0.775,434.109,-28.45,2021-12-15,1276.0,strict_gakutto_next_open,-1.085,8.0
6361,2022-09-08,247,kuitto_pullback_auto,くいっと押し目版,1.5180265654648917,-2.1771771771771586,-1.74017401740173,2.0992366412213803,1.4091269841269842,2042321850.0,2.4299065420560746,-4.634581105169344,1,2022-09-09,1068.0,-0.187,True,-2.996,-10.487,-8.801,545.131,-13.577,2022-09-15,1034.0,strict_gakutto_next_open,-3.184,5.0
6363,2025-10-20,1008,kuitto_pullback_auto,くいっと押し目版,1.6346153846153788,-2.672372800760825,-0.8964814066678151,2.591478210230025,1.3221374045801526,195316935.0,2.1793485606162992,-0.983606557377048,0,2025-10-21,2120.0,0.284,True,1.792,-1.698,-2.406,71.462,-14.481,2025-10-29,2085.0,strict_gakutto_next_open,-1.651,7.0
6364,2022-12-09,308,kuitto_pullback_auto,くいっと押し目版,2.859696157283298,-3.7771645394963693,-2.34034390150325,2.767857142857144,1.4426229508196722,53710075.0,1.9175871912622564,-2.95109612141653,0,2022-12-12,1156.0,0.434,True,4.066,7.18,14.187,141.176,-0.606,2022-12-27,1250.0,strict_gakutto_next_open,8.131,12.0
6364,2024-10-30,772,kuitto_pullback_auto,くいっと押し目版,2.2739577693557056,-2.6290477717217042,-3.187335092348287,2.965224027035873,5.1835443037974684,45599750.0,2.7149663465174316,-7.311089303238472,1,2024-10-31,1884.0,-0.265,True,-5.308,-9.023,-9.713,47.983,-18.1,2024-11-06,1860.0,strict_gakutto_next_open,-1.274,4.0
6367,2024-10-30,772,kuitto_pullback_auto,くいっと押し目版,1.546811397557657,-2.912569474134241,-4.8623480516233775,2.4251382274045996,4.420212765957447,22116105700.0,2.1627090173322134,-8.2843137254902,2,2024-10-31,18560.0,-0.802,True,8.055,0.108,-0.943,42.457,-19.531,2024-11-14,18690.0,strict_gakutto_next_open,0.7,10.0
6367,2024-12-26,812,kuitto_pullback_auto,くいっと押し目版,3.0089988751406116,-2.235007745076345,-1.846517223491484,2.974249409648033,1.9531502423263327,15789958050.0,1.916851916851917,-0.7854821235102949,1,2024-12-27,18385.0,0.382,True,2.094,-0.816,2.638,43.813,-18.765,2025-01-10,18395.0,strict_gakutto_next_open,0.054,7.0
6368,2024-06-12,677,kuitto_pullback_auto,くいっと押し目版,2.5547445255474477,-4.379221989284887,-0.9818007662835249,1.93470374848852,3.4142292490118575,2390253550.0,3.906117607185223,-4.63800904977375,3,2024-06-13,8430.0,0.0,True,0.712,-0.593,-2.017,138.968,-43.416,2024-06-24,8290.0,strict_gakutto_next_open,-1.661,8.0
6368,2024-10-30,772,kuitto_pullback_auto,くいっと押し目版,2.1337126600284417,-5.132405132405138,-3.9520035226772277,2.865329512893977,6.4367559523809526,1987465600.0,3.153601273378432,-6.5104166666666625,4,2024-10-31,7090.0,-1.253,True,16.643,23.836,18.9,184.133,-32.722,2024-11-19,8660.0,strict_gakutto_next_open,22.144,13.0
6368,2026-07-15,1187,kuitto_pullback_auto,くいっと押し目版,2.1304067140090366,-3.622234755906495,-4.135895472620832,1.9001610305958039,1.279284833538841,3682061250.0,4.761152248510023,-13.99836912204403,4,2026-07-16,15420.0,-2.528,True,0.94,-12.549,-2.594,5.35,-25.292,2026-07-17,14649.0,stop_loss,-5.0,2.0
6370,2023-05-17,413,kuitto_pullback_auto,くいっと押し目版,2.7027027027026973,-2.2230063514467213,-4.536407933566666,2.444284687275333,1.2848590670990272,2445952650.0,2.2681704260651627,-6.25,2,2023-05-18,5780.0,1.404,False,2.768,-1.211,1.263,71.609,-35.969,2023-05-31,5760.0,strict_gakutto_next_open,-0.346,10.0
6371,2021-11-12,46,kuitto_pullback_auto,くいっと押し目版,1.7428571428571349,-4.8518056384383,-3.989334576661374,1.3259731390849128,1.6440217391304348,248346822.0,2.173680480335915,-5.317734645041217,0,2021-11-15,1068.3,0.0,True,-3.276,-9.95,-6.674,163.222,-11.195,2021-11-18,1013.3,stop_gap_open,-5.148,4.0
6371,2026-04-30,1136,kuitto_pullback_auto,くいっと押し目版,2.08604954367666,-2.9826919845404087,-1.9377221188018212,1.3461040641987942,1.373668188736682,319052260.0,1.8092805449127287,-3.847728203029066,0,2026-05-01,2340.0,-0.383,True,3.761,13.846,15.342,20.171,-1.581,2026-05-22,2697.0,strict_gakutto_next_open,15.256,13.0
6376,2025-01-20,824,kuitto_pullback_auto,くいっと押し目版,3.3226152197213255,-2.9417901105779354,-1.6310744913401676,2.991452991452981,1.4788909892879647,174162815.0,1.785714285714286,-0.9249743062692661,0,2025-01-21,976.0,1.245,False,3.996,1.639,1.639,364.139,-1.127,2025-02-04,1006.0,strict_gakutto_next_open,3.074,11.0
6379,2023-08-10,473,kuitto_pullback_auto,くいっと押し目版,1.6242937853107264,-2.396785813244662,-0.5023292361227893,1.4666478634889346,1.56875,28367195.0,1.7621364042489824,-1.3031550068587139,0,2023-08-14,1430.0,-0.625,True,-4.965,-3.217,-0.35,124.825,-10.42,2023-08-18,1358.5,stop_loss,-5.0,5.0
6379,2024-12-26,812,kuitto_pullback_auto,くいっと押し目版,1.8146467919637033,-2.741629816803548,-0.23246803564509477,1.6828478964401317,1.8257142857142856,73607140.0,2.255160498317723,-2.4223602484472084,0,2024-12-27,1581.0,0.637,False,-4.997,-4.428,-4.681,103.352,-18.975,2025-01-07,1526.0,strict_gakutto_next_open,-3.479,4.0
6383,2021-12-28,77,kuitto_pullback_auto,くいっと押し目版,1.57396039915636,-2.5105841983781074,-0.597667492303533,1.724464060529618,1.6525285481239804,3322085887.5,2.029052238244293,-2.1233354566687956,1,2021-12-29,3196.7,-0.93,True,0.416,-10.636,-13.974,145.785,-38.859,2022-01-04,3183.3,strict_gakutto_next_open,-0.419,3.0
6383,2023-12-14,558,kuitto_pullback_auto,くいっと押し目版,2.288930581613502,-2.825665239193287,-0.5635046547130873,2.5776105362182555,2.1136472466081404,4257002730.0,2.4682947280159317,-2.048149478979522,1,2023-12-15,2743.0,0.624,False,3.864,4.229,5.687,186.438,-28.746,2023-12-25,2858.0,strict_gakutto_next_open,4.192,7.0
6383,2025-02-10,839,kuitto_pullback_auto,くいっと押し目版,1.5909090909090873,-3.9115540330115217,-2.774289159047527,1.0463088548730903,1.3409566126502874,3684723390.0,2.317034196228827,-5.667772083207723,1,2025-02-12,3145.0,0.511,False,20.922,26.614,19.364,149.825,-0.7,2025-03-03,3900.0,strict_gakutto_next_open,24.006,13.0
6387,2022-07-07,204,kuitto_pullback_auto,くいっと押し目版,1.5903067020068162,-2.9232464193903795,-0.4479990378543963,1.291150709755362,1.4496644295302012,152579000.0,4.214365582237368,-4.1785714285714315,2,2022-07-08,2697.0,0.522,False,1.706,3.671,4.19,527.735,-27.697,2022-07-13,2679.0,strict_gakutto_next_open,-0.667,4.0
6387,2025-09-08,981,kuitto_pullback_auto,くいっと押し目版,2.7074542897327802,-3.517865782016727,-2.275063196199889,3.7876634451392777,1.7166666666666666,92244420.0,1.9905120555582727,-3.278145695364243,0,2025-09-09,2950.0,0.993,False,13.898,24.576,16.441,473.898,-0.441,2025-09-29,3530.0,strict_gakutto_next_open,19.661,13.0
6390,2022-05-18,168,kuitto_pullback_auto,くいっと押し目版,2.096985583224109,-2.6221079691516658,-1.4095455252111755,2.365308804205002,1.5330396475770924,20167295.0,2.6682560058683293,-2.6249999999999996,0,2022-05-19,764.0,-1.926,True,1.178,8.639,10.471,133.377,-9.686,2022-06-09,840.0,max15_next_open,9.948,16.0
6390,2024-03-18,619,kuitto_pullback_auto,くいっと押し目版,2.1335168616655187,-2.3198689956331897,-0.23246803564509477,2.9126213592232997,1.7474332648870636,114305165.0,3.4559106661532537,-1.7218543046357615,2,2024-03-19,1483.0,-0.067,True,4.046,1.349,-0.337,20.229,-42.481,2024-03-29,1516.0,strict_gakutto_next_open,2.225,8.0
6390,2024-06-10,675,kuitto_pullback_auto,くいっと押し目版,3.307086614173227,-3.312063202673965,-4.1843268103526015,2.9019607843137285,1.3771929824561404,99189140.0,2.145034843205575,-5.747126436781613,0,2024-06-11,1309.0,-0.229,True,-3.743,-5.348,-1.451,36.211,-34.836,2024-06-18,1255.0,strict_gakutto_next_open,-4.125,6.0
6395,2025-01-15,821,kuitto_pullback_auto,くいっと押し目版,2.7689514298683715,-3.032686593252931,-2.4450264540964217,1.981981981981984,1.640391791044776,209557185.0,1.9687026754164565,-3.082191780821919,0,2025-01-16,1134.0,0.177,True,-1.852,1.852,-2.293,36.772,-25.503,2025-02-04,1122.5,strict_gakutto_next_open,-1.014,14.0
6395,2025-11-14,1026,kuitto_pullback_auto,くいっと押し目版,1.553398058252431,-3.292181069958855,-3.2432331737486164,0.6931074316519181,1.4957794034890264,533328877.5,3.165118819994537,-11.09222269443264,3,2025-11-17,1046.0,0.0,True,-3.346,2.008,3.155,48.279,-5.163,2025-11-19,1011.0,strict_gakutto_next_open,-3.346,3.0
6395,2026-07-21,1190,kuitto_pullback_auto,くいっと押し目版,3.341483292583547,-2.4059222702035865,-2.2081531809759247,0.1105321332701692,1.8103844889911271,468727060.0,2.748986029743127,-4.229607250755285,0,2026-07-22,1265.0,-0.237,True,5.771,8.458,12.332,20.316,-0.079,2026-08-13,1430.0,max15_next_open,13.043,16.0
6407,2023-07-28,464,kuitto_pullback_auto,くいっと押し目版,1.532033426183843,-2.609631423190739,-3.848192515636595,0.4685777287761761,1.3872773536895675,427955365.0,1.9759618525050624,-8.98876404494382,1,2023-07-31,2215.0,1.28,False,-5.598,-8.442,-12.46,276.072,-25.011,2023-08-03,2101.0,stop_gap_open,-5.147,4.0
6407,2023-08-10,473,kuitto_pullback_auto,くいっと押し目版,1.5303682448589262,-3.6951501154734445,-3.689202602845476,1.2978337627636227,1.6774193548387097,424266830.0,1.8639391696386514,-6.64028144239226,1,2023-08-14,2084.0,-1.837,True,-5.902,-6.046,-1.104,299.712,-20.298,2023-08-16,1979.8,stop_loss,-5.0,3.0
6412,2023-01-18,333,kuitto_pullback_auto,くいっと押し目版,1.5118790496760237,-3.986683312526018,-3.9909575971144085,1.7139889196675862,1.5828460038986354,427904050.0,1.7963525835866263,-5.432595573440646,0,2023-01-19,2340.0,-0.426,True,-0.085,-0.171,-1.282,16.239,-25.214,2023-02-02,2325.0,strict_gakutto_next_open,-0.641,11.0
6412,2023-03-24,378,kuitto_pullback_auto,くいっと押し目版,1.5936254980079667,-3.4952198852772454,-0.5254959958463812,0.8303677342823335,1.583208395802099,586573540.0,2.1848739495798317,-4.815229563269874,0,2023-03-27,2560.0,0.392,True,2.695,-0.352,2.773,6.25,-31.641,2023-04-06,2555.0,strict_gakutto_next_open,-0.195,9.0
6412,2025-06-11,920,kuitto_pullback_auto,くいっと押し目版,1.8217626784835073,-2.0116869431938023,-3.4940508739841336,1.016021883548257,1.4151677199805541,576915540.0,1.402321083172147,-9.13884007029877,1,2025-06-12,2067.0,-0.048,True,0.484,0.968,-0.484,10.063,-15.336,2025-07-02,2055.0,strict_gakutto_next_open,-0.581,15.0
6413,2021-12-17,70,kuitto_pullback_auto,くいっと押し目版,1.5980629539951607,-3.148496240601506,-1.204542407935827,1.6669897266912148,1.3507246376811595,88275775.0,2.7917744790957375,-2.915316982878302,0,2021-12-20,1034.5,-1.382,True,2.948,4.592,5.462,84.147,-8.652,2022-01-07,1063.0,strict_gakutto_next_open,2.755,13.0
6413,2022-09-08,247,kuitto_pullback_auto,くいっと押し目版,1.9087136929460513,-2.260024301336583,-1.9924957950575806,1.320132013201314,1.3367003367003367,89925180.0,2.3092135877152162,-3.3831628638867017,0,2022-09-09,1219.5,-0.692,True,-0.779,-4.264,-4.141,56.212,-22.509,2022-09-16,1200.0,strict_gakutto_next_open,-1.599,6.0
6417,2025-11-21,1031,kuitto_pullback_auto,くいっと押し目版,2.2057388249072885,-2.2729851367194853,-2.9637859588012794,1.268760637474875,1.4643972517176764,2864659725.0,2.9152570118956675,-4.678681958856723,1,2025-11-25,2644.0,0.993,False,3.801,-3.101,-2.761,5.106,-42.284,2025-12-04,2618.5,strict_gakutto_next_open,-0.964,8.0
6418,2024-04-10,635,kuitto_pullback_auto,くいっと押し目版,2.4105754276827263,-3.493647912885667,-1.9169524742773114,2.7942553855760277,2.0694444444444446,243278225.0,2.8528039917561556,-3.374908290535583,0,2024-04-11,1300.0,-1.291,True,-0.692,3.077,1.615,10.308,-41.462,2024-04-26,1335.0,strict_gakutto_next_open,2.692,12.0
6419,2026-07-01,1177,kuitto_pullback_auto,くいっと押し目版,3.220338983050852,-2.057834566240746,-0.4290915981969956,3.4869494290375114,1.5258620689655173,219200515.0,1.4426460239268122,0.0,0,2026-07-02,3045.0,0.0,True,2.299,2.627,2.956,6.897,-0.657,2026-07-10,3100.0,strict_gakutto_next_open,1.806,7.0
6420,2022-09-08,247,kuitto_pullback_auto,くいっと押し目版,2.411347517730489,-2.79933481152993,-2.9547451669595715,2.1505376344086002,1.7297297297297298,58519650.0,2.4732884843688168,-6.476683937823835,1,2022-09-09,1795.0,-0.554,True,0.836,-3.203,-0.696,123.677,-3.9,2022-09-22,1787.5,strict_gakutto_next_open,-0.418,9.0
6420,2023-06-28,443,kuitto_pullback_auto,くいっと押し目版,1.7142857142857126,-5.398550724637685,-2.347242921013415,1.8695154521175095,1.6205533596837944,164708700.0,2.6484751203852324,-5.820105820105825,0,2023-06-29,2680.0,0.375,True,-7.09,-11.007,-7.463,49.813,-14.272,2023-07-05,2540.0,strict_gakutto_next_open,-5.224,5.0
6420,2023-10-10,513,kuitto_pullback_auto,くいっと押し目版,1.5625,-4.231227651966629,-4.870564167125668,0.8064516129032251,1.9586776859504131,176640475.0,2.490842490842491,-7.670454545454541,1,2023-10-11,2425.0,-0.513,True,-0.412,-1.443,2.165,65.567,-4.619,2023-10-12,2390.0,strict_gakutto_next_open,-1.443,2.0
6420,2024-12-13,803,kuitto_pullback_auto,くいっと押し目版,1.7045454545454586,-3.539823008849563,-2.6954976303317557,2.168949771689488,2.0128755364806867,124136550.0,2.341048151104017,-4.278074866310155,0,2024-12-16,2710.0,0.931,False,-3.69,0.701,-5.978,48.155,-14.649,2024-12-23,2630.0,strict_gakutto_next_open,-2.952,6.0
6430,2024-02-09,595,kuitto_pullback_auto,くいっと押し目版,1.9525801952580135,-4.413347685683533,-1.5875631729290296,2.0094892548144117,2.296191819464034,776409600.0,3.244088333007621,-4.8177083333333375,2,2024-02-13,3690.0,0.958,False,18.97,10.84,7.317,20.461,-44.878,2024-02-27,4025.0,strict_gakutto_next_open,9.079,10.0
6430,2025-01-20,824,kuitto_pullback_auto,くいっと押し目版,1.9819193324061235,-3.111796660183752,-1.2386097015332664,1.2776243093922668,1.438729198184569,309454070.0,1.9531440261068629,-2.8807947019867552,0,2025-01-21,2935.0,0.068,True,1.465,-3.884,-2.93,4.6,-30.698,2025-02-03,2898.0,strict_gakutto_next_open,-1.261,10.0
6432,2023-12-15,559,kuitto_pullback_auto,くいっと押し目版,1.6129032258064502,-3.046511627906978,-2.751224061552815,-1.822105010788777,1.3422587486744433,1274272400.0,2.3373451944880514,-6.931818181818183,2,2023-12-18,4010.0,-2.076,True,6.733,6.858,14.963,98.254,-11.222,2024-01-12,4670.0,max15_next_open,16.459,16.0
6432,2023-12-20,562,kuitto_pullback_auto,くいっと押し目版,1.7857142857142794,-2.6956727358713684,-3.0480656506447823,3.3857315598548876,1.424334344455679,1258051350.0,2.5396825396825395,-2.285714285714291,1,2023-12-21,4235.0,-0.936,True,1.535,6.139,8.264,87.721,-15.939,2024-01-17,4645.0,max15_next_open,9.681,16.0
6440,2022-07-08,205,kuitto_pullback_auto,くいっと押し目版,1.854493580599148,-2.194710185706239,-1.2377076975245815,2.145922746781115,1.9460340456356393,259578105.0,2.5210084033613445,-1.3812154696132617,0,2022-07-11,721.0,0.98,False,-2.913,4.3,6.796,22.885,-56.033,2022-07-13,698.0,strict_gakutto_next_open,-3.19,3.0
6440,2022-09-08,247,kuitto_pullback_auto,くいっと押し目版,2.011494252873569,-3.1232571109871876,-1.5215792748458634,1.9529006318207864,1.4812744550027948,169866935.0,1.8008048289738434,-2.3383768913342484,0,2022-09-09,710.0,0.0,True,-0.986,-5.775,-1.549,24.789,-55.352,2022-09-16,699.0,strict_gakutto_next_open,-1.549,6.0
6440,2023-08-08,471,kuitto_pullback_auto,くいっと押し目版,3.014184397163122,-2.109266943291832,-1.8024263431542398,2.54147546770207,1.6853932584269662,120668095.0,2.1268748463240716,-0.1718213058419238,0,2023-08-09,577.0,-0.688,True,0.347,4.333,7.799,53.553,-45.061,2023-08-17,577.0,strict_gakutto_next_open,0.0,6.0
6440,2024-09-12,741,kuitto_pullback_auto,くいっと押し目版,2.5188916876574208,-2.144638403990029,-2.006556074302168,3.1424227065382615,1.399729912221472,57024155.0,2.8431028431028427,-4.23529411764706,0,2024-09-13,402.0,-1.229,True,3.731,-0.498,4.726,120.398,-21.144,2024-10-01,405.0,strict_gakutto_next_open,0.746,11.0
6445,2023-06-06,427,kuitto_pullback_auto,くいっと押し目版,1.8425460636515956,-3.419081732334739,-3.279328518446223,2.253615876219306,1.8100558659217878,32846495.0,1.738721804511278,-3.797468354430378,0,2023-06-07,610.0,0.329,True,-1.148,-0.656,-0.656,143.115,-7.213,2023-06-14,606.0,strict_gakutto_next_open,-0.656,6.0
6445,2023-11-24,544,kuitto_pullback_auto,くいっと押し目版,1.777777777777767,-2.2701149425287337,-2.643474280482927,0.9403467528651177,2.90625,48803800.0,2.7344562279060094,-6.4032697547683926,1,2023-11-27,691.0,0.582,False,2.894,-1.013,-1.592,114.616,-18.09,2023-12-08,698.0,strict_gakutto_next_open,1.013,10.0
6448,2022-02-02,100,kuitto_pullback_auto,くいっと押し目版,3.0046948356807546,-4.200308445976586,-3.5506190823015316,3.549178780441742,1.7838293567152854,1620078110.0,2.6500846464383385,-2.5322079075966286,1,2022-02-03,2186.0,-0.365,True,1.876,-3.614,-3.705,131.519,-13.952,2022-02-15,2123.0,strict_gakutto_next_open,-2.882,8.0
6448,2022-05-19,169,kuitto_pullback_auto,くいっと押し目版,3.1036056595161954,-4.408695652173922,-0.5226199242111207,1.9588373352590782,1.6454512765192377,1672193695.0,2.659204452033137,-2.6712623869021956,1,2022-05-20,2256.0,-0.133,True,1.729,6.649,9.087,124.335,-16.622,2022-06-10,2440.0,max15_next_open,8.156,16.0
6454,2023-10-12,515,kuitto_pullback_auto,くいっと押し目版,2.071187480822334,-4.6765964932856345,-3.1258883729745057,1.6842941859754212,1.851655629139073,216279320.0,2.319039745764532,-5.024982155603153,0,2023-10-13,661.8,-0.526,True,-3.475,-8.084,2.493,196.615,-8.734,2023-10-17,645.0,strict_gakutto_next_open,-2.539,3.0
6454,2024-07-29,709,kuitto_pullback_auto,くいっと押し目版,2.212878955521136,-4.179893052685402,-3.6449753764135506,2.553285968028418,2.095823095823096,231300904.0,2.2136826152846933,-4.5167958656330836,0,2024-07-30,925.0,0.13,True,-16.346,-5.535,-5.805,112.216,-18.778,2024-08-02,865.0,stop_gap_open,-6.486,4.0
6454,2025-02-28,851,kuitto_pullback_auto,くいっと押し目版,3.460891921289422,-2.607247458795159,-1.0433787217257073,2.223655157590332,2.3892709766162312,559111180.0,2.295845223303887,-4.881818181818187,0,2025-03-03,1050.0,0.354,True,6.076,5.6,5.476,86.952,-14.4,2025-03-12,1082.5,strict_gakutto_next_open,3.095,8.0
6454,2026-08-25,1214,kuitto_pullback_auto,くいっと押し目版,1.7927170868347275,-3.5055350553505504,-1.3505122632722744,2.1130718219624534,1.2704950495049505,599408485.0,2.476609796367639,-6.34020618556701,1,2026-08-26,1839.0,1.211,False,-0.381,2.012,4.731,5.438,-3.208,2026-09-16,1926.0,max15_next_open,4.731,16.0
6457,2024-07-31,711,kuitto_pullback_auto,くいっと押し目版,1.956764815505041,-2.9363427194039726,-2.825712604174979,2.269328547928806,3.4099252209381374,549377232.5,1.7716792438049977,-5.033848290227394,0,2024-08-01,2660.0,-2.76,True,-14.211,-7.35,-3.158,87.406,-19.699,2024-08-02,2527.0,stop_loss,-5.0,2.0
6459,2023-09-27,505,kuitto_pullback_auto,くいっと押し目版,3.3189033189033212,-2.807834543213261,-0.8243677518513515,0.8734854888701182,1.9400544959128065,56863320.0,2.2246608140462887,-2.981029810298108,0,2023-09-28,1428.0,-0.279,True,-7.773,-3.501,-7.353,46.078,-12.815,2023-10-03,1356.6,stop_loss,-5.0,4.0
6459,2024-12-02,794,kuitto_pullback_auto,くいっと押し目版,1.8493150684931514,-2.7906976744185963,-1.579019634765888,3.7248883928571397,1.6515151515151516,37328815.0,2.8148717456047647,-1.5231788079470232,0,2024-12-03,1495.0,0.538,False,0.134,-2.007,0.468,39.532,-9.699,2024-12-11,1500.0,strict_gakutto_next_open,0.334,7.0
6459,2026-04-27,1134,kuitto_pullback_auto,くいっと押し目版,2.8123309897241766,-3.802875599083144,-4.389750366500788,2.6347046755210046,1.467479674796748,118407300.0,2.998421883219358,-7.268292682926825,3,2026-04-28,1901.0,0.0,True,4.156,-0.368,-6.575,6.523,-16.781,2026-05-13,1855.0,strict_gakutto_next_open,-2.42,8.0
6459,2026-08-24,1213,kuitto_pullback_auto,くいっと押し目版,3.396901072705605,-3.2918968692449257,-1.6349472898591233,2.845287492590387,1.4123957091775923,212733840.0,3.9687114038699054,-3.8248337028824797,2,2026-08-25,1733.0,-0.115,True,0.346,-3.751,-5.943,0.462,-8.713,2026-08-31,1636.0,strict_gakutto_next_open,-5.597,5.0
6460,2025-09-24,991,kuitto_pullback_auto,くいっと押し目版,2.1939586645469022,-2.0744010088272424,-1.005286310104847,2.8940965552567643,2.316200593657241,2309003190.0,2.33576317894924,-0.37197768133911957,1,2025-09-25,3194.0,-0.622,True,-2.098,-3.632,-9.659,7.138,-34.941,2025-10-03,3034.3,stop_loss,-5.0,7.0
6463,2022-06-24,195,kuitto_pullback_auto,くいっと押し目版,2.066115702479343,-3.6354900704676396,-2.6592833456746345,2.116752108483544,1.7560975609756098,190581470.0,2.3597455176402544,-6.155015197568392,1,2022-06-27,625.0,1.215,False,-5.04,-4.08,-2.16,164.48,-5.92,2022-07-01,598.0,strict_gakutto_next_open,-4.32,5.0
6463,2023-11-28,546,kuitto_pullback_auto,くいっと押し目版,1.9053117782909856,-2.752499719132684,-1.579710801867551,1.6119746689694958,3.2553846153846155,160021740.0,2.347227842978551,-5.209452201933407,0,2023-11-29,877.5,-0.567,True,-2.45,-7.521,-11.567,88.376,-12.593,2023-12-04,854.5,strict_gakutto_next_open,-2.621,4.0
6464,2022-12-30,323,kuitto_pullback_auto,くいっと押し目版,2.2044088176352616,-2.9726516052318686,-2.2181803803724587,3.113627173473499,1.3161094224924013,285007090.0,2.787114845938375,-1.8286814244465877,0,2023-01-04,1014.0,-0.588,True,1.381,5.424,10.848,17.258,-72.288,2023-01-26,1127.0,max15_next_open,11.144,16.0
6464,2024-03-07,612,kuitto_pullback_auto,くいっと押し目版,1.5748031496062964,-2.248062015503871,-0.21080368906456481,2.1917084763665162,2.1132497761862132,340966805.0,2.7316352897748244,-0.7692307692307665,0,2024-03-08,780.0,0.775,False,0.0,4.359,8.077,11.667,-63.974,2024-04-01,856.0,max15_next_open,9.744,16.0
6464,2025-11-10,1022,kuitto_pullback_auto,くいっと押し目版,2.8350515463917425,-2.9101856497742107,-1.2596505485574894,2.6234567901234573,1.8857884490590526,100262050.0,3.47296813462227,-4.316546762589923,2,2025-11-11,397.0,-0.501,True,-7.809,-9.572,-8.816,25.693,-29.219,2025-11-12,364.0,stop_gap_open,-8.312,2.0
6464,2025-11-26,1033,kuitto_pullback_auto,くいっと押し目版,2.7247956403269713,-3.5162493340436862,-4.9178623414431355,3.0617823947512335,1.8724279835390947,98994860.0,3.8840469874952634,-5.513784461152882,2,2025-11-27,378.0,0.265,True,-5.291,-5.82,-8.73,32.011,-25.661,2025-12-01,371.0,strict_gakutto_next_open,-1.852,3.0
6465,2022-08-31,241,kuitto_pullback_auto,くいっと押し目版,1.7156862745097978,-3.0166270783847926,-0.18497785133623212,1.1948305291392236,2.188673139158576,1346044775.0,2.134251290877797,-3.263403263403264,1,2022-09-01,4130.0,-0.482,True,-4.479,-4.843,-5.811,59.54,-7.506,2022-09-05,4030.0,strict_gakutto_next_open,-2.421,3.0
6465,2022-12-26,319,kuitto_pullback_auto,くいっと押し目版,2.921348314606731,-2.196129593389873,-1.7390167364016773,1.5746285207363098,2.0107648725212464,1336336300.0,1.6453524641297568,-2.4494142705005273,1,2022-12-27,4615.0,0.764,False,-1.408,-3.034,-3.359,42.774,-13.413,2023-01-05,4510.0,strict_gakutto_next_open,-2.275,6.0
6465,2024-05-31,669,kuitto_pullback_auto,くいっと押し目版,2.048214609389154,-5.052246784150083,-1.7610214919982603,1.8598928933275527,2.4014447884416925,2558903825.0,2.6998223801065717,-9.674314134445694,2,2024-06-03,5669.0,0.693,False,-2.452,-6.139,-10.866,16.229,-29.511,2024-06-10,5517.0,strict_gakutto_next_open,-2.681,6.0
6473,2024-07-31,711,kuitto_pullback_auto,くいっと押し目版,2.2843822843822803,-4.548320273799877,-3.832268312935483,2.9563585171280993,2.39355085637738,1260197382.5,2.3049876285974733,-5.185825410544509,1,2024-08-01,1075.0,-2.005,True,-14.874,-9.433,-6.0,110.651,-21.46,2024-08-02,995.8,stop_gap_open,-7.367,2.0
6473,2026-07-27,1194,kuitto_pullback_auto,くいっと押し目版,2.682926829268295,-2.304981426802555,-0.2695547998144976,1.9617340760474722,1.3269230769230769,2572997215.0,3.1065490329148284,-3.218390804597704,3,2026-07-28,2103.5,-0.071,True,0.761,0.832,2.805,7.654,-7.392,2026-08-14,2165.0,strict_gakutto_next_open,2.924,13.0
6474,2022-07-08,205,kuitto_pullback_auto,くいっと押し目版,2.2727272727272707,-2.04487361545016,-3.2401489468126488,3.388856978747845,3.1029411764705883,294105000.0,2.301587301587302,-2.8340080971659964,0,2022-07-11,3620.0,0.556,False,-2.486,1.381,3.867,88.674,-27.072,2022-07-19,3550.0,strict_gakutto_next_open,-1.934,6.0
6474,2023-06-06,427,kuitto_pullback_auto,くいっと押し目版,1.9354838709677358,-2.1535343298707876,-0.6981161131358715,2.0935642284828138,1.950381679389313,154832275.0,1.8625678119349005,-0.7537688442211032,0,2023-06-07,3965.0,0.38,True,1.009,4.54,1.387,72.257,-33.417,2023-06-27,4055.0,strict_gakutto_next_open,2.27,15.0
6474,2023-10-27,526,kuitto_pullback_auto,くいっと押し目版,2.1592442645074206,-2.2204599524187185,-4.035433070866146,2.1592442645074206,1.6836158192090396,297003425.0,2.0947348556331384,-6.427688504326334,1,2023-10-30,3750.0,-0.925,True,5.333,2.933,2.933,82.133,-29.6,2023-11-14,3860.0,strict_gakutto_next_open,2.933,11.0
6474,2024-04-12,637,kuitto_pullback_auto,くいっと押し目版,2.35294117647058,-2.963176064441886,-1.147550532999364,2.533883323512076,1.251788268955651,314360950.0,1.8986042692939247,-1.1363636363636354,0,2024-04-15,3460.0,-0.575,True,-6.647,-3.035,-1.879,97.399,-23.699,2024-04-17,3405.0,strict_gakutto_next_open,-1.59,3.0
6479,2022-06-24,195,kuitto_pullback_auto,くいっと押し目版,2.9863855950812424,-5.3850656409398905,-4.290595700988065,3.1041153710868796,1.3307355864811132,3645840455.0,3.228754188242461,-8.3984375,4,2022-06-27,2388.0,1.834,False,-8.752,-2.471,-4.02,122.236,-25.67,2022-07-01,2268.6,stop_loss,-5.0,5.0
6479,2022-07-07,204,kuitto_pullback_auto,くいっと押し目版,1.6242317822651398,-4.267413251887664,-4.2428663522546035,2.5334396314996788,1.357272877709747,3952061980.0,3.3600740512187603,-8.4256329113924,4,2022-07-08,2334.0,0.821,False,-2.614,4.327,1.842,127.378,-23.95,2022-07-13,2257.0,strict_gakutto_next_open,-3.299,4.0
6479,2022-09-08,247,kuitto_pullback_auto,くいっと押し目版,2.1356783919598055,-3.6620412184908524,-3.4282166083859034,3.1725888324872997,1.5160958263148043,2665484440.0,2.334094769519124,-4.949337490257211,1,2022-09-09,2465.0,1.066,False,-2.434,-6.734,-11.278,115.294,-27.992,2022-09-16,2380.0,strict_gakutto_next_open,-3.448,6.0
6479,2025-06-26,931,kuitto_pullback_auto,くいっと押し目版,2.0739630184907654,-2.754942258759052,-0.6781013163143168,2.535140562248994,1.2860998650472335,3769872055.0,2.4881972372792447,-1.3523303549867194,1,2025-06-27,2066.0,1.151,False,5.615,4.84,6.607,156.873,-0.436,2025-07-11,2210.0,strict_gakutto_next_open,6.97,11.0
6480,2022-01-13,86,kuitto_pullback_auto,くいっと押し目版,1.9345238095238138,-2.4912075029308367,-0.548533269735263,2.6678657074340473,1.9426877470355732,190584620.0,2.617309697601668,-0.43604651162790775,0,2022-01-14,688.0,0.438,True,-8.721,-15.262,-10.174,275.0,-44.767,2022-01-18,664.0,strict_gakutto_next_open,-3.488,3.0
6480,2023-04-12,391,kuitto_pullback_auto,くいっと押し目版,2.108963093145877,-3.4067446662078615,-2.2873332872641816,2.722772277227725,2.136818687430478,135160800.0,1.6842881731005657,-0.8532423208191142,0,2023-04-13,577.0,-0.688,True,1.213,0.347,2.773,347.14,-34.142,2023-04-26,577.0,strict_gakutto_next_open,0.0,10.0
6480,2023-10-27,526,kuitto_pullback_auto,くいっと押し目版,2.0408163265306145,-2.2342342342342336,-1.7307553045115665,1.3264554163596287,1.26489226869455,109138690.0,2.155844155844156,-2.4822695035460973,0,2023-10-30,549.0,-0.182,True,2.914,1.093,0.546,369.945,-30.783,2023-11-14,549.0,strict_gakutto_next_open,0.0,11.0
6480,2024-01-04,570,kuitto_pullback_auto,くいっと押し目版,2.8368794326241176,-2.380131079682646,-2.331659673980324,2.1126760563380254,2.003095975232198,110766485.0,2.1551724137931036,-2.8475711892797295,0,2024-01-05,584.0,0.69,False,-1.027,-1.027,0.342,341.781,-34.932,2024-01-15,578.0,strict_gakutto_next_open,-1.027,6.0
6481,2021-12-24,75,kuitto_pullback_auto,くいっと押し目版,1.7422867513611662,-3.744778914014113,-0.717262912941663,3.953419373980127,1.3944620253164557,4824288275.0,2.5177106161765455,-1.6491228070175445,1,2021-12-27,2803.0,0.0,True,0.821,7.92,-1.677,194.113,-24.367,2022-01-18,2822.0,strict_gakutto_next_open,0.678,14.0
6481,2023-12-15,559,kuitto_pullback_auto,くいっと押し目版,2.546296296296302,-4.068317677198974,-2.416722449571107,1.8174746296099942,1.6510707635009312,1396821875.0,2.1333068737131944,-3.3724832214765077,1,2023-12-18,2829.5,-1.736,True,-3.163,-2.297,2.085,191.359,-25.075,2024-01-09,2750.0,strict_gakutto_next_open,-2.81,13.0
6481,2025-02-21,847,kuitto_pullback_auto,くいっと押し目版,2.8879892037786847,-2.0199342593574476,-0.5231983155566389,1.8761024106045188,2.004384042086804,4087791330.0,2.422800179883076,-1.0127239678005662,1,2025-02-25,3756.0,-1.469,True,3.647,-0.479,2.236,119.489,-20.9,2025-03-11,3668.0,strict_gakutto_next_open,-2.343,11.0
6486,2025-11-21,1031,kuitto_pullback_auto,くいっと押し目版,2.233346168656136,-3.16718587746625,-2.6934071824191608,1.5607069084232261,1.4159420289855071,375562120.0,2.776432606941081,-5.717329545454541,0,2025-11-25,2680.0,0.942,False,2.687,3.694,3.582,31.903,-1.343,2025-12-08,2758.0,strict_gakutto_next_open,2.91,10.0
6490,2026-06-05,1159,kuitto_pullback_auto,くいっと押し目版,3.2573289902280145,-2.907816044545264,-1.2268140518360449,0.7842306061890625,1.295010845986985,1523148450.0,4.979720594862551,-8.027079303675045,4,2026-06-08,8920.0,-6.204,True,3.7,23.094,17.04,35.426,-8.52,2026-06-11,8270.0,stop_gap_open,-7.287,4.0
6503,2022-06-23,194,kuitto_pullback_auto,くいっと押し目版,2.00357781753131,-3.3512618949110506,-1.8278590937740868,1.690683407048077,1.3952338397378612,6871906025.0,2.134589367139349,-4.360952700436094,1,2022-06-24,1429.0,0.246,True,1.54,1.959,1.015,367.88,-10.917,2022-07-04,1451.0,strict_gakutto_next_open,1.54,7.0
6503,2022-12-09,308,kuitto_pullback_auto,くいっと押し目版,2.792452830188674,-4.299534217126477,-1.6749607316392967,1.6721409375933138,1.777683191827774,6207415135.0,1.7568701489406333,-5.219206680584554,1,2022-12-12,1362.0,0.0,True,-0.954,-2.974,-3.561,390.896,-6.535,2023-01-04,1298.5,max15_next_open,-4.662,16.0
6503,2024-04-09,634,kuitto_pullback_auto,くいっと押し目版,2.3373983739837456,-3.9776775112799756,-1.6168259791048856,3.379599211563744,1.362996410790784,14867517832.5,2.4698538799829763,-2.2330097087378653,1,2024-04-10,2483.0,-1.37,True,1.591,-2.336,14.781,169.271,-24.809,2024-04-18,2463.0,strict_gakutto_next_open,-0.805,7.0
6503,2024-12-03,795,kuitto_pullback_auto,くいっと押し目版,1.7049808429118851,-2.303336394245481,-1.76873553737944,3.187560738581152,1.621442097596504,14664608822.5,2.3544923714447163,-3.7352674524025353,1,2024-12-04,2654.5,0.0,True,-1.601,-0.904,-0.075,151.874,-14.598,2024-12-11,2650.0,strict_gakutto_next_open,-0.17,6.0
6506,2021-10-28,36,kuitto_pullback_auto,くいっと押し目版,1.538461538461533,-2.0994256288373925,-3.787819864665165,0.04042037186742231,2.4264664608476005,11316941275.0,2.9725829725829724,-4.6242774566473965,3,2021-10-29,4945.0,-0.101,True,5.359,5.763,6.977,60.061,-47.786,2021-11-10,5000.0,strict_gakutto_next_open,1.112,8.0
6506,2022-07-19,211,kuitto_pullback_auto,くいっと押し目版,3.477218225419665,-5.333333333333334,-3.3105864994467105,2.8850739151168314,1.5286075067491074,7561029425.0,3.120344313855322,-5.0605060506050625,3,2022-07-20,4400.0,1.97,False,1.25,4.205,5.795,79.886,-41.318,2022-08-09,4705.0,strict_gakutto_next_open,6.932,15.0
6506,2025-11-12,1024,kuitto_pullback_auto,くいっと押し目版,1.8313253012048225,-3.202996956216342,-1.6296197870199758,1.9344879154807204,1.2984502773488877,19353236610.0,4.157933878710026,-7.344880508660379,4,2025-11-13,4247.0,0.497,True,-11.279,-6.616,12.291,86.367,-13.492,2025-11-14,4034.65,stop_loss,-5.0,2.0
6507,2022-06-24,195,kuitto_pullback_auto,くいっと押し目版,2.725208175624516,-4.672897196261683,-3.2173533265395293,2.060770156438041,1.8499025341130604,123631600.0,2.979260974839457,-8.619528619528616,3,2022-06-27,1386.0,2.137,False,-3.68,-1.443,0.577,1119.336,-4.762,2022-07-04,1364.0,strict_gakutto_next_open,-1.587,6.0
6507,2024-10-30,772,kuitto_pullback_auto,くいっと押し目版,2.385685884691857,-3.2239382239382275,-1.5198874736266355,2.162269390993843,4.215669014084507,867899400.0,3.002773925104022,-2.4621212121212155,3,2024-10-31,5100.0,-0.971,True,8.039,22.549,13.922,231.373,-16.471,2024-11-19,6100.0,strict_gakutto_next_open,19.608,13.0
6508,2021-12-07,62,kuitto_pullback_auto,くいっと押し目版,2.253944402704744,-3.517476303317535,-1.039003999639121,3.3958823976297126,1.6975308641975309,421012870.0,2.9468877925894823,-2.015838732901365,2,2021-12-08,2722.0,0.0,True,-1.323,-4.996,-1.653,368.773,-34.46,2021-12-20,2585.9,stop_loss,-5.0,9.0
6516,2023-12-15,559,kuitto_pullback_auto,くいっと押し目版,3.262491637935483,-2.177167371625499,-0.3250281860380122,2.2438934914860598,1.4779874213836477,206356831.5,2.2659803942506884,-1.1477832512315267,0,2023-12-18,1983.3,-1.166,True,1.513,5.38,6.388,297.318,-3.358,2024-01-12,2126.7,max15_next_open,7.23,16.0
6516,2025-01-22,826,kuitto_pullback_auto,くいっと押し目版,1.6619217081850435,-3.4296719111747587,-2.3627232486151395,2.2682523430731516,3.3373493975903616,183806010.0,2.54214403232501,-5.927487074785132,1,2025-01-23,2856.7,0.0,True,0.931,8.982,10.502,175.843,-14.121,2025-02-14,3170.0,max15_next_open,10.967,16.0
6516,2026-02-04,1079,kuitto_pullback_auto,くいっと押し目版,1.6627078384798155,-3.251277287505805,-0.9896301908234317,2.3433763749402203,1.2550231839258115,403978525.0,3.012349799732977,-2.0594965675057253,2,2026-02-05,4285.0,0.117,True,11.435,16.569,19.253,83.897,-1.984,2026-02-27,4900.0,strict_gakutto_next_open,14.352,15.0
6517,2022-06-27,196,kuitto_pullback_auto,くいっと押し目版,2.0000000000000018,-2.371186875160214,-2.0539741596799277,2.8359568101990362,1.9156626506024097,33832000.0,2.1911990602692692,-3.420891875381793,0,2022-06-28,1587.0,0.38,True,-0.819,3.529,-0.315,198.047,-14.682,2022-07-05,1591.0,strict_gakutto_next_open,0.252,6.0
6517,2022-12-28,321,kuitto_pullback_auto,くいっと押し目版,1.9138755980861344,-4.29439746300212,-2.8766429390279624,2.3195168816909195,2.411764705882353,31482060.0,1.7677493532624318,-3.495145631067964,0,2022-12-29,1465.0,-1.744,True,2.867,0.546,4.164,222.867,0.0,2023-01-11,1501.0,strict_gakutto_next_open,2.457,7.0
6517,2025-03-21,865,kuitto_pullback_auto,くいっと押し目版,1.5525477707006408,-3.498409813721026,-2.587286556495716,-0.007839448102842095,1.4675324675324675,83943815.0,2.055216441731534,-6.075110456553756,1,2025-03-24,2563.0,0.47,True,0.507,-16.816,-11.549,84.549,-24.659,2025-04-01,2455.0,strict_gakutto_next_open,-4.214,7.0
6517,2026-07-21,1190,kuitto_pullback_auto,くいっと押し目版,2.710413694721825,-2.0391061452514014,-2.537453701144343,2.098695405558715,1.6554054054054055,130309075.0,2.3511904761904763,-2.7027027027026973,0,2026-07-22,3600.0,0.0,True,-0.139,18.333,15.139,31.389,-1.944,2026-07-29,3635.0,strict_gakutto_next_open,0.972,6.0
6523,2024-07-29,683,kuitto_pullback_auto,くいっと押し目版,2.2241992882562345,-2.9958677685950397,-2.3072126377052693,1.8617021276595702,1.6633126934984521,183397190.0,2.4617679970160387,-3.037974683544309,0,2024-07-30,1132.0,-1.48,True,-14.223,-0.442,0.53,42.403,-24.382,2024-08-02,1075.4,stop_loss,-5.0,4.0
6523,2025-06-04,889,kuitto_pullback_auto,くいっと押し目版,1.7259978425026912,-2.061421960454346,-1.9871444775868552,1.0501500214316284,1.4203875315922494,156522760.0,1.88607786698985,-3.083247687564239,0,2025-06-05,942.0,-0.106,True,-2.76,-3.715,-4.565,71.125,-9.13,2025-06-09,918.0,strict_gakutto_next_open,-2.548,3.0
6523,2025-07-23,923,kuitto_pullback_auto,くいっと押し目版,2.1468926553672274,-2.9798422436459138,-1.396859290893715,1.9625535754568046,1.7075702075702075,164673965.0,1.6197850821744626,-1.95227765726681,0,2025-07-24,913.0,0.996,False,1.205,3.176,11.391,76.561,-0.657,2025-08-05,935.0,strict_gakutto_next_open,2.41,9.0
6523,2026-06-29,1149,kuitto_pullback_auto,くいっと押し目版,2.378592666005952,-3.690317671675869,-4.351921627731725,1.7333070711049947,1.6712564543889845,300762730.0,2.6483197344765594,-5.402930402930406,0,2026-06-30,1035.0,0.194,True,1.449,2.415,7.826,55.749,-2.899,2026-07-22,1110.0,max15_next_open,7.246,16.0
6526,2023-04-11,122,kuitto_pullback_auto,くいっと押し目版,1.5756302521008347,-5.237215033887866,-4.444353250164157,3.822203135065494,1.2958269978036832,9149724800.0,3.841040035455755,-6.929740134744944,4,2023-04-12,1910.0,-1.241,True,9.738,14.869,18.22,196.649,-35.419,2023-05-08,2280.0,max15_next_open,19.372,16.0
6532,2023-07-13,454,kuitto_pullback_auto,くいっと押し目版,3.30134357005758,-3.0094839817788044,-3.311815885489766,2.7805362462760774,1.439623276152035,4052562900.0,2.5574666879014702,-7.55754036413604,2,2023-07-14,5482.0,1.858,False,-12.933,-16.089,-18.679,65.542,-49.152,2023-07-18,4999.0,stop_gap_open,-8.811,2.0
6532,2023-09-28,506,kuitto_pullback_auto,くいっと押し目版,2.407638024076375,-2.9698599349841426,-2.2648167842985734,1.6858332302873036,1.3393546394935927,3455477005.0,2.3785395795934914,-4.6385775028991105,1,2023-09-29,4923.0,-0.223,True,-1.077,-3.23,-19.378,84.339,-43.378,2023-10-03,4861.0,strict_gakutto_next_open,-1.259,3.0
6532,2025-08-22,970,kuitto_pullback_auto,くいっと押し目版,1.9642857142857073,-2.257016933426126,-1.208515820783651,1.526753751689136,2.5631296891747053,6796279610.0,3.0464515052956385,-2.1925316889345625,3,2025-08-25,8565.0,0.0,True,-2.242,-3.094,-0.876,5.954,-55.867,2025-09-01,8320.0,strict_gakutto_next_open,-2.86,6.0
6533,2022-09-09,248,kuitto_pullback_auto,くいっと押し目版,2.127659574468077,-2.8817587641117193,-2.90327358909791,0.6864988558352492,1.5609756097560976,91688080.0,3.0735930735930737,-5.646890636168688,2,2022-09-12,2685.0,1.705,False,-4.655,-5.549,-7.337,2.905,-78.138,2022-09-16,2598.0,strict_gakutto_next_open,-3.24,5.0
6533,2026-09-15,1229,kuitto_pullback_auto,くいっと押し目版,1.6814159292035447,-2.8378612216646393,-4.4804930913031615,1.843644743839734,2.0,24630850.0,1.9147084421235856,-6.509357200976407,1,2026-09-16,1150.0,0.087,True,6.783,,,8.087,-0.087,,,,,
6535,2025-08-06,959,kuitto_pullback_auto,くいっと押し目版,2.3809523809523725,-3.6487322201607775,-1.9620056057303104,2.44599745870393,1.995748299319728,344609340.0,2.115171650055371,-1.6768292682926789,0,2025-08-07,640.0,-0.775,True,-1.562,1.094,-0.469,13.437,-30.625,2025-08-14,624.0,strict_gakutto_next_open,-2.5,5.0
6535,2025-11-21,1031,kuitto_pullback_auto,くいっと押し目版,2.3550724637681153,-3.514265831593588,-4.377800758359207,1.8385003604902694,1.4138349514563107,65749000.0,1.8710493046776233,-8.279220779220775,1,2025-11-25,574.0,1.593,False,-0.871,-5.052,-17.596,0.174,-22.648,2025-12-03,545.0,strict_gakutto_next_open,-5.052,7.0
6539,2022-05-02,159,kuitto_pullback_auto,くいっと押し目版,1.7199017199017286,-2.1359223300970953,-3.218873871722616,2.1465581051073324,1.837037037037037,16024060.0,2.355072463768116,-5.263157894736848,0,2022-05-06,825.0,-0.362,True,-6.909,-5.091,-0.364,58.182,-7.879,2022-05-12,783.75,stop_loss,-5.0,5.0
6544,2023-12-14,558,kuitto_pullback_auto,くいっと押し目版,1.6064257028112428,-3.4725848563968764,-0.9522961908152161,2.3002965225985994,2.6513693560325686,585887090.0,2.393500219587176,-3.1063829787233987,0,2023-12-15,1138.5,0.0,True,1.625,1.801,0.966,89.504,-12.253,2023-12-26,1131.5,strict_gakutto_next_open,-0.615,8.0
6544,2025-08-29,975,kuitto_pullback_auto,くいっと押し目版,2.3809523809523725,-2.0757654385054503,-4.103343465045595,2.2187004754358197,1.6066350710900474,1256327750.0,2.574750830564784,-7.4162679425837315,2,2025-09-01,1932.5,-0.129,True,-2.199,0.129,1.552,4.528,-26.882,2025-09-03,1835.875,stop_loss,-5.0,3.0
6560,2022-04-27,157,kuitto_pullback_auto,くいっと押し目版,2.2396018485602465,-4.402730375426622,-1.523485914021927,1.6757406490843563,1.7030303030303031,74562485.0,4.217166699781442,-5.238879736408563,2,2022-04-28,2842.0,-1.182,True,-4.785,16.819,31.949,50.422,-48.98,2022-05-10,2663.0,strict_gakutto_next_open,-6.298,5.0
6564,2025-06-20,927,kuitto_pullback_auto,くいっと押し目版,1.6751269035532923,-2.1177172400079547,-3.2191659968239694,1.4382659779195839,1.961340206185567,128887770.0,2.6353327152128947,-6.314312441534142,1,2025-06-23,1999.0,-0.2,True,0.5,0.05,1.301,17.309,-13.207,2025-07-02,2029.0,strict_gakutto_next_open,1.501,8.0
6571,2024-09-19,745,kuitto_pullback_auto,くいっと押し目版,1.724137931034475,-3.999266189689976,-3.015334709525197,0.9122006841504993,1.5024061597690086,134878135.0,2.7912294861447404,-5.093833780160861,0,2024-09-20,1061.0,-0.094,True,4.336,2.639,0.848,35.061,-9.614,2024-10-03,1075.0,strict_gakutto_next_open,1.32,9.0
6571,2024-11-20,786,kuitto_pullback_auto,くいっと押し目版,1.7189079878665359,-2.7652480878603614,-2.4039974819011545,1.3908486192299785,1.3863636363636365,69844595.0,2.0164725930133485,-3.547459252157237,0,2024-11-21,1000.0,-0.596,True,1.4,1.1,1.7,43.3,-4.1,2024-12-04,1011.0,strict_gakutto_next_open,1.1,10.0
6572,2022-02-01,99,kuitto_pullback_auto,くいっと押し目版,2.4096385542168752,-4.416961130742047,-3.5512033978291724,3.9755351681957096,1.435687263556116,73344570.0,5.4411764705882355,-7.103825136612018,3,2022-02-02,340.0,0.0,True,5.0,5.0,-10.588,43.235,-53.824,2022-02-15,346.0,strict_gakutto_next_open,1.765,9.0
6572,2022-08-01,220,kuitto_pullback_auto,くいっと押し目版,3.2258064516129004,-2.080706179066827,-3.1176251397342036,2.564102564102555,1.3743872549019607,50438105.0,3.125,-4.191616766467066,2,2022-08-02,322.0,0.625,False,0.932,-1.242,-3.106,51.242,-51.242,2022-08-24,310.0,max15_next_open,-3.727,16.0
6572,2022-12-14,311,kuitto_pullback_auto,くいっと押し目版,3.2490974729241895,-2.52808988764045,-3.015145199388636,2.4355300859598916,1.5844346549192365,27571735.0,2.647352647352647,-6.229508196721312,1,2022-12-15,283.0,-1.049,True,-8.127,-7.774,-7.42,72.085,-44.523,2022-12-19,277.0,strict_gakutto_next_open,-2.12,3.0
6572,2026-03-27,1113,kuitto_pullback_auto,くいっと押し目版,2.714932126696823,-3.0755711775043992,-3.672119735468149,2.529358626919609,1.4500514933058701,49169410.0,4.090623033354311,-6.9672131147541005,3,2026-03-30,220.0,-3.084,True,2.727,1.818,0.909,37.273,-12.273,2026-04-10,226.0,strict_gakutto_next_open,2.727,10.0
6584,2021-11-12,46,kuitto_pullback_auto,くいっと押し目版,2.7217741935483764,-2.575191665028498,-2.4136577708006257,2.4532475366981776,1.4462540716612378,353551805.0,2.9861208467685403,-4.229323308270672,2,2021-11-15,1036.0,1.668,False,-0.483,-8.108,-3.475,17.664,-52.124,2021-11-26,984.2,stop_loss,-5.0,9.0
6586,2023-10-27,526,kuitto_pullback_auto,くいっと押し目版,2.4558498896247283,-4.3286594433821985,-2.729587178137516,2.512424075096642,1.582922563205597,2744169330.0,2.5027894271093842,-4.64817668207499,1,2023-10-30,3687.0,-0.7,True,4.936,0.108,6.374,66.26,-2.549,2023-11-09,3809.0,strict_gakutto_next_open,3.309,8.0
6586,2026-06-05,1159,kuitto_pullback_auto,くいっと押し目版,1.745361014146618,-4.955002646903129,-4.3698385985840975,2.803044366066465,1.4055906464184922,4181635975.0,2.789815817984832,-6.373626373626373,2,2026-06-08,5375.0,-2.943,True,1.972,9.786,8.149,12.707,-6.177,2026-06-15,5578.0,strict_gakutto_next_open,3.777,6.0
6588,2022-11-28,299,kuitto_pullback_auto,くいっと押し目版,1.9973368841544659,-2.457516339869281,-3.530927835051545,2.324338765695977,1.8406113537117903,469655425.0,2.3778440880268557,-7.263922518159804,1,2022-11-29,3760.0,-1.828,True,-7.447,-5.053,-6.117,17.553,-46.649,2022-12-01,3735.0,strict_gakutto_next_open,-0.665,3.0
6588,2024-02-16,599,kuitto_pullback_auto,くいっと押し目版,1.746138347884485,-4.81386392811296,-1.4169747523254617,1.0943547310823476,1.4509316770186336,342727090.0,3.30975954738331,-5.607476635514019,2,2024-02-19,3000.0,-0.99,True,4.167,1.167,-1.267,28.5,-33.133,2024-03-04,3080.0,strict_gakutto_next_open,2.667,10.0
6588,2024-05-24,664,kuitto_pullback_auto,くいっと押し目版,3.1986531986532007,-3.225184709283657,-2.8568491126161444,1.3692287339595266,1.9827089337175792,168289430.0,2.7336285248193897,-6.412213740458017,1,2024-05-27,3100.0,1.142,False,2.581,0.968,2.581,24.355,-35.29,2024-06-10,3125.0,strict_gakutto_next_open,0.806,11.0
6592,2023-10-10,513,kuitto_pullback_auto,くいっと押し目版,1.5662758435514235,-2.044088882623485,-1.5447565629166493,1.9055658327197023,1.4032786885245903,972946782.0,1.853064101918526,-2.0288353621686905,1,2023-10-11,1132.5,-0.203,True,-2.87,-4.389,-5.21,68.389,-15.717,2023-10-17,1116.0,strict_gakutto_next_open,-1.457,5.0
6592,2026-06-05,1159,kuitto_pullback_auto,くいっと押し目版,1.9281045751633918,-2.85387402275471,-1.2240471025720456,1.9281045751633918,1.35987012987013,1941502372.5,2.3336234140979255,-2.6529338327091145,1,2026-06-08,1536.0,-1.507,True,-0.814,4.85,4.753,18.783,-2.962,2026-06-11,1508.0,strict_gakutto_next_open,-1.823,4.0
6594,2024-12-27,813,kuitto_pullback_auto,くいっと押し目版,2.9140271493212744,-2.729608220937696,-1.9420805556151,3.58144788137138,1.7643470960094825,11189217205.0,2.107934274659565,-0.8716875871687568,1,2024-12-30,2870.0,0.95,False,2.038,-2.456,-0.575,14.843,-37.387,2025-01-16,2880.0,strict_gakutto_next_open,0.348,9.0
6616,2024-04-24,645,kuitto_pullback_auto,くいっと押し目版,2.948113207547176,-4.295317306596791,-3.613908763614826,3.1914893617021267,1.835680751173709,38573595.0,2.4832269677630503,-4.694323144104806,0,2024-04-25,1741.0,-0.286,True,2.01,5.342,2.01,71.74,-47.214,2024-05-17,1726.0,strict_gakutto_next_open,-0.862,14.0
6616,2026-04-06,1119,kuitto_pullback_auto,くいっと押し目版,2.5454545454545396,-2.6610475617098173,-0.7910429597176583,3.778213935230612,1.5376884422110553,54400460.0,4.538162782843634,-1.3986013986013957,2,2026-04-07,1692.0,0.0,True,11.998,21.217,14.48,76.714,-5.201,2026-04-24,1909.0,strict_gakutto_next_open,12.825,14.0
6617,2022-04-14,148,kuitto_pullback_auto,くいっと押し目版,2.7027027027026973,-3.833736884584338,-1.3774029245851471,2.873802582257401,1.7009803921568627,70215290.0,2.299016772700983,-2.242744063324542,0,2022-04-15,1480.0,-0.135,True,5.811,9.392,9.189,497.973,-1.216,2022-05-12,1601.0,max15_next_open,8.176,16.0
6617,2023-04-13,392,kuitto_pullback_auto,くいっと押し目版,1.5929203539823078,-3.7829937236695033,-2.0668693009118555,1.8001241464928652,1.4745762711864407,261414770.0,2.1714783474365356,-3.6508602601762474,0,2023-04-14,2286.0,-0.436,True,2.668,-8.311,-7.087,287.139,-33.946,2023-04-25,2273.0,strict_gakutto_next_open,-0.569,8.0
6617,2024-07-29,709,kuitto_pullback_auto,くいっと押し目版,2.5520833333333437,-4.6389192410847375,-3.7553991361382155,2.2750883025140167,1.8157894736842106,93712435.0,2.278168758615686,-3.5749265426052834,0,2024-07-30,1929.0,-2.031,True,-21.669,-9.228,-7.154,358.787,-21.721,2024-08-05,1770.0,strict_gakutto_next_open,-8.243,5.0
6617,2024-09-19,745,kuitto_pullback_auto,くいっと押し目版,1.7583664208735028,-2.13579136690647,-1.9465427077280606,2.2222222222222143,1.5076923076923077,88565565.0,3.1573498964803313,-3.548387096774197,2,2024-09-20,1834.0,2.23,False,2.508,1.036,-0.6,382.552,-5.125,2024-10-01,1803.0,strict_gakutto_next_open,-1.69,7.0
6617,2025-03-03,852,kuitto_pullback_auto,くいっと押し目版,1.8464528668610258,-3.9641700019058645,-1.8366912462017937,3.312302839116721,2.4285714285714284,59878680.0,1.9901853871319521,-2.2843822843822803,0,2025-03-04,2096.0,0.0,True,-4.389,-2.052,0.477,322.233,-16.985,2025-03-10,1991.2,stop_loss,-5.0,5.0
6617,2025-10-20,1008,kuitto_pullback_auto,くいっと押し目版,2.411575562700974,-2.3759873617693494,-0.9740673687431478,2.51705935367581,1.9784172661870503,181007430.0,2.7831352321148235,-0.9331259720062213,0,2025-10-21,3190.0,0.157,True,4.702,11.442,8.464,177.429,-1.567,2025-11-11,3490.0,strict_gakutto_next_open,9.404,15.0
6620,2024-01-18,579,kuitto_pullback_auto,くいっと押し目版,2.9190207156308823,-2.5166543301258337,-3.9407975682130614,2.938406479563005,3.5901639344262297,100482495.0,3.8295647627761076,-12.06757843925985,3,2024-01-19,1091.0,-0.183,True,7.241,5.408,-1.467,160.128,-49.863,2024-01-30,1146.0,strict_gakutto_next_open,5.041,8.0
6620,2025-03-18,863,kuitto_pullback_auto,くいっと押し目版,2.278481012658218,-2.0499256075384276,-3.1315308254963536,2.140569694926686,2.9536082474226806,63590615.0,3.783592644978783,-5.0156739811912265,2,2025-03-19,1188.0,-1.98,True,10.522,-2.778,-16.667,53.62,-53.956,2025-03-25,1165.0,strict_gakutto_next_open,-1.936,4.0
6622,2023-10-27,526,kuitto_pullback_auto,くいっと押し目版,1.6025641025640969,-2.2911893355550883,-3.243065272861967,1.1271799234368274,1.4203612479474548,478351825.0,2.5461919783686344,-6.027667984189722,1,2023-10-30,4775.0,0.421,True,15.183,12.67,15.183,314.45,-3.141,2023-11-14,5380.0,strict_gakutto_next_open,12.67,11.0
6630,2022-01-14,87,kuitto_pullback_auto,くいっと押し目版,1.7758046614872347,-2.9146571608303584,-2.7748625162671625,-1.0146804835924006,1.2503617945007235,657485780.0,2.741860102819754,-5.561277033985579,0,2022-01-17,917.0,0.0,True,-3.053,-1.2,0.545,95.42,-27.917,2022-01-19,871.15,stop_loss,-5.0,3.0
6630,2023-11-20,541,kuitto_pullback_auto,くいっと押し目版,1.5429122468659573,-3.237275449101784,-0.6277752258459612,1.406009244992279,1.2720897615708275,254783385.0,2.367385700719034,-3.038674033149169,0,2023-11-21,1053.0,0.0,True,0.19,-0.665,-2.659,3.704,-37.227,2023-12-04,1041.0,strict_gakutto_next_open,-1.14,9.0
6630,2025-07-07,938,kuitto_pullback_auto,くいっと押し目版,1.6646848989298357,-2.69896193771626,-0.8307129112498202,1.1594888783719837,3.4104938271604937,93529810.0,1.89640768588137,-2.397260273972601,0,2025-07-08,850.0,-0.585,True,-2.588,-4.588,-1.176,0.824,-22.235,2025-07-11,845.0,strict_gakutto_next_open,-0.588,4.0
6638,2024-01-15,576,kuitto_pullback_auto,くいっと押し目版,3.0857142857142916,-3.1931292666813493,-2.3569023569023573,2.3139745916515464,1.2926829268292683,41450820.0,2.7795375356350966,-3.010752688172047,0,2024-01-16,903.0,0.111,True,3.765,1.218,5.537,150.941,-3.212,2024-01-18,874.0,strict_gakutto_next_open,-3.212,3.0
6644,2023-01-12,329,kuitto_pullback_auto,くいっと押し目版,1.9230769230769162,-2.4343856979840206,-2.037557971565429,2.8327512611563854,1.5163398692810457,41033150.0,1.7789757412398923,-2.752293577981646,0,2023-01-13,528.0,-0.377,True,0.189,1.894,0.0,319.129,-3.598,2023-01-20,529.0,strict_gakutto_next_open,0.189,6.0
6644,2024-03-06,611,kuitto_pullback_auto,くいっと押し目版,2.297090352220521,-2.5526862570495634,-2.8073286052009427,1.5506232897537275,1.3428571428571427,154906250.0,2.031650983746792,-6.047819971870605,1,2024-03-07,672.0,0.599,False,-1.339,1.637,0.744,229.315,-23.512,2024-03-14,662.0,strict_gakutto_next_open,-1.488,6.0
6644,2026-01-28,1074,kuitto_pullback_auto,くいっと押し目版,2.052545155993424,-3.7982867302408296,-2.409599269620788,3.8255930504510482,4.48962148962149,230751805.0,2.2928399034593725,-1.0350318471337605,0,2026-01-29,1240.0,-0.241,True,6.048,23.387,27.823,78.468,-2.339,2026-02-20,1799.0,max15_next_open,45.081,16.0
6645,2023-04-13,392,kuitto_pullback_auto,くいっと押し目版,1.91632928475034,-3.324325033453157,-1.223129229966402,1.7789757412398854,1.568631813125695,4904108785.0,1.6674863801452784,-2.01115868690801,1,2023-04-14,7625.0,0.967,False,0.236,1.377,7.056,22.348,-54.059,2023-04-27,7772.0,strict_gakutto_next_open,1.928,10.0
6645,2023-06-30,445,kuitto_pullback_auto,くいっと押し目版,1.7996052478811198,-4.817670718428479,-2.417742228685704,2.086438152011927,1.5369277187459005,7329645130.0,2.1800052137643378,-5.537599655246717,1,2023-07-03,8918.0,1.711,False,-4.586,-5.147,-5.405,0.751,-60.72,2023-07-10,8535.0,strict_gakutto_next_open,-4.295,6.0
6645,2023-10-12,515,kuitto_pullback_auto,くいっと押し目版,1.6619629978049444,-3.289752436293192,-4.4451461458718144,1.0693019920815505,1.4632890536504994,7267815060.0,2.051202961135102,-7.1060171919770765,2,2023-10-13,6480.0,-0.062,True,-2.5,-5.046,-13.333,11.806,-45.941,2023-10-17,6393.0,strict_gakutto_next_open,-1.343,3.0
6645,2023-10-27,526,kuitto_pullback_auto,くいっと押し目版,1.510282776349614,-3.2573903219732525,-3.7999875614155187,2.114041892940266,1.4599616189811584,6902087825.0,1.9615158504047394,-5.234738263086847,1,2023-10-30,5518.0,-12.662,True,7.195,6.832,11.272,31.298,-36.517,2023-11-14,5894.0,strict_gakutto_next_open,6.814,11.0
6645,2024-04-01,628,kuitto_pullback_auto,くいっと押し目版,2.7808269301134336,-2.2182340272792644,-1.9425063997303815,2.7056672760511935,1.3079793851075174,6459524720.0,2.0584346234043633,-1.7144856543037101,1,2024-04-02,5590.0,-0.498,True,-5.063,-6.869,-6.047,29.606,-37.335,2024-04-05,5310.5,stop_loss,-5.0,4.0
6645,2026-07-27,1194,kuitto_pullback_auto,くいっと押し目版,2.188460842828732,-4.9795146549007185,-4.139220721223625,2.817003930703166,1.5823759967563185,7286322770.0,4.2528445006321105,-8.487204405571758,4,2026-07-28,5521.0,-2.283,True,-2.916,24.506,24.072,31.226,-9.165,2026-07-28,5244.95,stop_loss,-5.0,1.0
6652,2022-02-16,109,kuitto_pullback_auto,くいっと押し目版,2.8289755679382855,-4.733190153642819,-4.623094181419196,2.979052197802212,1.3635806253832006,361085390.0,4.311320192937534,-4.536410664544366,2,2022-02-17,2380.0,-0.792,True,-0.84,3.908,5.84,67.017,-15.84,2022-03-07,2334.0,strict_gakutto_next_open,-1.933,12.0
6652,2023-09-27,505,kuitto_pullback_auto,くいっと押し目版,1.6366612111292866,-2.3188405797101463,-0.8341900808162217,1.870078740157477,1.8699763593380614,315159675.0,1.6816195077064642,-2.358490566037741,0,2023-09-28,3040.0,-2.093,True,-8.586,-5.461,-7.895,30.757,-34.112,2023-10-02,2970.0,strict_gakutto_next_open,-2.303,3.0
6653,2022-04-14,148,kuitto_pullback_auto,くいっと押し目版,3.220338983050852,-5.22043609740569,-1.6325857519788878,2.095557418273253,1.6169154228855722,43989665.0,3.1022753929157867,-4.694835680751175,2,2022-04-15,1215.0,-0.246,True,-0.741,-6.584,-11.687,134.979,-25.103,2022-04-19,1202.0,strict_gakutto_next_open,-1.07,3.0
6653,2022-09-28,259,kuitto_pullback_auto,くいっと押し目版,2.4024024024023927,-4.4965048176837215,-4.759215331902555,1.1069381300652381,2.518796992481203,22184480.0,1.906158357771261,-7.252946509519498,1,2022-09-29,1029.0,0.587,False,0.389,-4.762,-3.596,177.454,-11.565,2022-10-12,998.0,strict_gakutto_next_open,-3.013,9.0
6653,2023-06-06,427,kuitto_pullback_auto,くいっと押し目版,3.0800821355236208,-2.739452109578089,-2.9149410640331275,2.9532403609515923,1.3183856502242153,38508260.0,1.8639726807057486,-1.8572825024437911,0,2023-06-07,1004.0,0.0,True,1.394,2.789,5.08,184.363,-4.98,2023-06-26,1021.0,strict_gakutto_next_open,1.693,14.0
6653,2026-07-27,1194,kuitto_pullback_auto,くいっと押し目版,3.136531365313644,-2.9468854773248676,-4.264855453464122,0.6572431799765965,1.51740614334471,315508445.0,4.2614362381804245,-7.60330578512397,3,2026-07-28,2202.0,-1.521,True,-3.497,2.861,1.862,11.081,-12.579,2026-07-28,2091.9,stop_loss,-5.0,1.0
6674,2025-07-23,949,kuitto_pullback_auto,くいっと押し目版,3.3515345509320227,-2.4106155547364616,-0.34444202642972543,3.3320783132530174,2.2768623810628914,1329621775.0,1.8907945761653178,0.0,1,2025-07-24,2782.0,1.366,False,-1.977,8.627,8.016,183.932,-3.774,2025-07-31,2745.0,strict_gakutto_next_open,-1.33,6.0
6701,2021-12-21,72,kuitto_pullback_auto,くいっと押し目版,1.5238095238095273,-3.3482142857142905,-1.3422309850610548,2.4212144504227595,1.4422896465436346,8471071350.0,2.25140712945591,-1.4787430683918634,1,2021-12-22,1060.0,-0.563,True,-1.132,-0.566,-2.453,484.34,-18.302,2022-01-11,1050.0,strict_gakutto_next_open,-0.943,12.0
6701,2022-11-11,289,kuitto_pullback_auto,くいっと押し目版,1.675392670157061,-2.72783632982021,-0.8860283361892485,2.3613746573898364,1.3897510980966326,6315723150.0,2.118581727232603,-2.0181634712411745,1,2022-11-14,968.0,-0.309,True,0.413,0.413,-2.066,539.876,-8.988,2022-12-01,981.0,strict_gakutto_next_open,1.343,13.0
6702,2021-12-07,62,kuitto_pullback_auto,くいっと押し目版,1.6112266112266127,-3.259929817423579,-4.597701149425292,1.9663067855838934,1.8775040294727148,12495664700.0,2.707343807088053,-7.125890736342044,2,2021-12-08,1990.0,1.79,False,0.578,-2.739,-0.905,134.573,-26.558,2021-12-20,1930.0,strict_gakutto_next_open,-3.015,9.0
6703,2022-09-30,261,kuitto_pullback_auto,くいっと押し目版,1.9886363636363535,-3.4634414513469047,-4.215915899558809,2.0756326414557824,4.769260450160772,579516020.0,1.7409470752089138,-5.151915455746369,0,2022-10-03,713.0,-0.696,True,2.244,1.122,1.403,456.802,-3.647,2022-10-13,710.0,strict_gakutto_next_open,-0.421,8.0
6703,2026-02-03,1078,kuitto_pullback_auto,くいっと押し目版,1.9835510401548184,-4.681331077270157,-2.517166848377028,3.404297066614337,1.329608938547486,1223522670.0,3.398617511520737,-6.311111111111112,4,2026-02-04,2096.0,-0.569,True,31.679,44.084,44.561,89.408,-3.34,2026-02-27,3010.0,max15_next_open,43.607,16.0
6706,2022-02-02,100,kuitto_pullback_auto,くいっと押し目版,2.307357422725298,-3.085376162299236,-4.126476418944803,2.0851433536055675,1.5446428571428572,45489155.0,2.0790273556231,-6.856916369401511,1,2022-02-03,2350.0,0.0,True,1.745,0.213,0.383,54.255,-32.936,2022-02-08,2312.0,strict_gakutto_next_open,-1.617,4.0
6706,2022-07-05,202,kuitto_pullback_auto,くいっと押し目版,1.7111853088480844,-2.6918342224045877,-4.572628339717588,2.3261672824991697,2.0186046511627906,81243570.0,2.848936045489185,-7.443980250664639,1,2022-07-06,2413.0,-0.985,True,3.232,4.227,4.642,50.228,-34.687,2022-07-19,2463.0,strict_gakutto_next_open,2.072,9.0
6706,2023-07-03,446,kuitto_pullback_auto,くいっと押し目版,2.8828828828828756,-2.897662610522622,-0.7595567177188345,2.348091055744761,1.4206349206349207,40196320.0,1.9577182887165374,-1.8056749785038684,0,2023-07-04,2284.0,0.0,True,1.401,1.445,4.729,58.713,-30.998,2023-07-13,2292.0,strict_gakutto_next_open,0.35,8.0
6706,2024-01-04,570,kuitto_pullback_auto,くいっと押し目版,2.2042285200180034,-2.0480225988700584,-3.484326588544817,1.865136298421799,1.5980392156862746,44925785.0,2.049798792756539,-4.377104377104379,0,2024-01-05,2272.0,0.0,True,2.465,2.113,2.113,59.551,-30.634,2024-01-17,2345.0,strict_gakutto_next_open,3.213,8.0
6706,2026-03-30,1114,kuitto_pullback_auto,くいっと押し目版,1.683501683501687,-2.9319041614123575,-3.3360506678372093,-2.043464158287378,1.5029411764705882,156193025.0,3.8505203405865664,-12.081513828238721,3,2026-03-31,2977.0,-1.424,True,3.292,6.315,11.186,21.767,-4.736,2026-04-21,3300.0,max15_next_open,10.85,16.0
6707,2021-12-03,60,kuitto_pullback_auto,くいっと押し目版,3.4482758620689724,-2.081934184016121,-0.8413053802836079,2.634279849469734,1.3221288515406162,608084900.0,3.5238095238095237,-1.4778325123152691,2,2021-12-06,5950.0,-0.833,True,0.336,2.017,3.361,148.235,-29.16,2021-12-21,5910.0,strict_gakutto_next_open,-0.672,12.0
6718,2022-02-28,116,kuitto_pullback_auto,くいっと押し目版,1.9011406844106515,-2.822244841306565,-1.5543071161048583,1.9592923720753275,1.3421588594704685,157551010.0,1.8889925373134326,-1.876430205949653,0,2022-03-01,2158.0,0.653,False,-3.985,-5.607,-3.058,49.676,-23.309,2022-03-07,2050.1,stop_loss,-5.0,5.0
6723,2023-04-13,392,kuitto_pullback_auto,くいっと押し目版,1.5581524763494725,-3.590018781862092,-0.6166800408921591,0.9291007631899051,1.3312922914919756,17768597107.5,2.4129158512720155,-4.625032662660045,1,2023-04-14,1854.0,1.589,False,0.243,-4.261,0.566,185.005,-28.803,2023-04-24,1818.0,strict_gakutto_next_open,-1.942,7.0
6723,2023-05-02,405,kuitto_pullback_auto,くいっと押し目版,1.8743109151047488,-3.483528966300653,-1.9676546913837134,3.205629397967158,1.9995635748673677,15134274717.5,2.692099567099567,-1.4399999999999968,1,2023-05-08,1836.0,-0.649,True,7.19,15.686,20.098,187.8,-28.105,2023-05-29,2305.0,max15_next_open,25.545,16.0
6723,2026-09-18,1232,kuitto_pullback_auto,くいっと押し目版,2.19271155033971,-3.9838476374156273,-4.5704839265963475,3.0969591226321036,1.6848456542045924,32958524375.0,4.302119759962009,-3.4714119019836676,3,2026-09-24,3541.0,7.011,False,,,,1.694,-3.7,,,,,
6724,2025-02-25,848,kuitto_pullback_auto,くいっと押し目版,2.386294105649611,-2.3826628352490387,-4.7471492315319885,2.065712426805466,1.487266007873383,3529160182.5,2.2623790552077407,-10.929737402413053,2,2025-02-26,2509.5,-0.02,True,0.817,0.677,-0.797,32.775,-28.352,2025-03-10,2473.0,strict_gakutto_next_open,-1.454,9.0
6724,2025-06-09,918,kuitto_pullback_auto,くいっと押し目版,1.9452054794520501,-2.215845687868645,-3.2383555882662285,1.0811691839617499,1.3420976092141237,7356654920.0,2.017506814604369,-8.70951913640824,2,2025-06-10,1900.0,2.123,False,-3.368,-4.158,0.684,75.368,-5.368,2025-06-17,1833.0,strict_gakutto_next_open,-3.526,6.0
6727,2021-12-28,77,kuitto_pullback_auto,くいっと押し目版,3.3076074972436587,-3.141025641025641,-0.7163448938586447,3.0576330840299093,3.054541356772594,803874650.0,3.0035066321085533,-1.987447698744771,2,2021-12-29,938.0,0.107,True,-3.092,-4.264,-6.61,15.565,-52.132,2022-01-07,910.0,strict_gakutto_next_open,-2.985,6.0
6727,2024-09-19,745,kuitto_pullback_auto,くいっと押し目版,1.7187499999999911,-5.139765554553644,-4.746229351209008,2.262016965127245,1.5295902883156298,350937250.0,2.8527540048277378,-8.695652173913048,1,2024-09-20,666.0,2.304,False,6.456,2.402,3.904,42.492,-32.583,2024-10-04,687.0,strict_gakutto_next_open,3.153,10.0
6728,2023-03-17,374,kuitto_pullback_auto,くいっと押し目版,2.7079303675048294,-2.537878787878789,-3.032811559301618,3.0267753201397074,2.035185185185185,1548208300.0,2.2397094430992737,-0.5617977528089901,1,2023-03-20,5310.0,0.0,True,4.331,7.91,2.448,115.631,-26.271,2023-04-11,5530.0,max15_next_open,4.143,16.0
6728,2023-07-13,454,kuitto_pullback_auto,くいっと押し目版,1.5016028344862598,-3.7227761742324894,-1.246356417730421,2.052586938083123,1.3301576872536136,1824794965.0,2.141907294832827,-2.889426957223562,1,2023-07-14,6050.0,0.565,False,-0.43,-1.008,-1.372,89.256,-35.289,2023-07-26,6053.0,strict_gakutto_next_open,0.05,8.0
6728,2023-09-25,503,kuitto_pullback_auto,くいっと押し目版,3.0314232902033167,-2.816044655955907,-2.826551849918102,2.5650461855518225,2.0997610513739544,1246696565.0,2.265620995438003,-4.045446720605961,1,2023-09-26,5573.0,-0.018,True,-2.369,-3.912,-0.646,105.455,-29.751,2023-10-04,5282.0,stop_gap_open,-5.222,7.0
6737,2024-05-24,664,kuitto_pullback_auto,くいっと押し目版,1.5592515592515621,-2.6310504117292632,-2.5770712909441107,0.6386485372888329,1.4790996784565917,154296175.0,2.090948969147536,-6.417624521072796,1,2024-05-27,2450.0,0.307,True,2.041,-3.367,-2.857,31.224,-27.633,2024-06-05,2405.0,strict_gakutto_next_open,-1.837,8.0
6742,2022-06-21,192,kuitto_pullback_auto,くいっと押し目版,2.8368794326241176,-3.8461538461538436,-2.5214690297825637,1.921274601686962,1.2743362831858407,29727400.0,2.052545155993432,-3.761061946902655,0,2022-06-22,433.0,-0.46,True,3.464,-1.386,0.231,162.356,-9.238,2022-07-04,433.0,strict_gakutto_next_open,0.0,9.0
6742,2023-12-27,567,kuitto_pullback_auto,くいっと押し目版,2.637362637362628,-2.000869943453676,-2.806385169927905,3.0905077262693093,1.805781391147245,43696810.0,1.6824717038849801,-2.5052192066805867,0,2023-12-28,468.0,0.214,True,0.427,-1.709,-1.496,142.735,-16.026,2024-01-11,470.0,strict_gakutto_next_open,0.427,7.0
6744,2024-02-16,599,kuitto_pullback_auto,くいっと押し目版,1.8510356985456111,-4.073143253314848,-1.2683719615602107,3.3726963678654576,2.1526946107784433,157175730.0,3.152624095938678,-0.900514579759859,2,2024-02-19,2283.0,-1.212,True,-2.322,-2.497,-3.942,119.886,-14.236,2024-02-22,2221.0,strict_gakutto_next_open,-2.716,4.0
6744,2024-11-29,793,kuitto_pullback_auto,くいっと押し目版,3.1734837799717974,-2.6548672566371723,-3.4059486072705147,2.1505376344086002,3.1938579654510555,291700565.0,2.6730788008983497,-4.690553745928339,0,2024-12-02,2921.0,-0.171,True,5.615,7.669,12.29,71.859,-6.779,2024-12-23,3345.0,max15_next_open,14.516,16.0
6744,2025-02-25,848,kuitto_pullback_auto,くいっと押し目版,1.8333333333333313,-2.220791760540719,-1.1947633224560938,0.49342105263157077,1.7129337539432177,236584260.0,2.7682955342529807,-2.861685214626386,0,2025-02-26,3040.0,-0.491,True,4.441,0.329,8.059,65.132,-10.428,2025-03-10,3115.0,strict_gakutto_next_open,2.467,9.0
6750,2021-10-28,36,kuitto_pullback_auto,くいっと押し目版,1.6811594202898572,-4.138239570517843,-2.520284665246364,1.953034178098112,1.2688081149619612,300169460.0,1.767388825541619,-2.5555555555555554,0,2021-10-29,1767.0,0.741,False,-1.415,-12.564,-16.299,16.808,-30.673,2021-11-08,1755.0,strict_gakutto_next_open,-0.679,6.0
6750,2022-06-17,190,kuitto_pullback_auto,くいっと押し目版,2.0134228187919545,-3.8132891212855458,-2.0243965740981085,0.6622516556291425,1.922279792746114,290898700.0,2.2462406015037595,-4.702194357366773,0,2022-06-20,1535.0,0.987,False,0.261,0.13,3.909,34.463,-20.195,2022-06-29,1490.0,strict_gakutto_next_open,-2.932,8.0
6750,2026-05-07,1138,kuitto_pullback_auto,くいっと押し目版,1.7067003792667457,-2.3642095053346246,-1.1282805984792699,-0.2108657901265243,2.1883910386965377,226497815.0,1.8068010299209802,-4.340071343638529,0,2026-05-08,1614.0,0.311,True,0.186,3.16,4.275,27.881,-2.354,2026-05-18,1608.0,strict_gakutto_next_open,-0.372,7.0
6752,2024-04-24,645,kuitto_pullback_auto,くいっと押し目版,1.6417365924844995,-2.7530767589101557,-2.3653498983638666,1.4049646938923965,1.8588050984090287,11309291535.0,2.0408163265306123,-3.6319612590799077,1,2024-04-25,1367.0,-1.866,True,1.5,-3.914,-1.5,264.448,-27.805,2024-05-13,1312.0,strict_gakutto_next_open,-4.023,10.0
6752,2025-05-23,907,kuitto_pullback_auto,くいっと押し目版,2.298488664987408,-4.548719176442429,-0.7352483795921905,1.7984709863391402,1.406510990846529,14567865565.0,3.249351448797432,-6.395851339671566,4,2025-05-26,1616.0,-0.523,True,3.218,-3.001,-7.271,208.292,-12.717,2025-06-06,1550.0,strict_gakutto_next_open,-4.084,10.0
6753,2021-12-21,72,kuitto_pullback_auto,くいっと押し目版,3.306451612903216,-3.0976844042324814,-2.5854108956602007,1.1848341232227444,1.945659589838263,3077192540.0,2.4032563845210215,-5.181347150259064,1,2021-12-22,1276.0,-0.39,True,2.821,5.878,2.978,9.326,-58.119,2022-01-12,1336.0,strict_gakutto_next_open,4.702,13.0
6753,2023-09-27,505,kuitto_pullback_auto,くいっと押し目版,2.2347604823542477,-2.5939445995275867,-0.8666515616285619,1.5427554227193774,1.284228853315278,2963957805.0,2.4154776075563875,-2.7263157894736767,1,2023-09-28,925.7,0.173,True,-1.48,4.019,1.286,23.636,-42.271,2023-10-04,896.2,strict_gakutto_next_open,-3.187,5.0
6753,2024-04-18,641,kuitto_pullback_auto,くいっと押し目版,2.662167229096357,-3.2855919299581315,-2.1389731004282764,0.9760774961276475,1.706175449192209,3814223276.0,2.586176910501234,-7.0183382386235005,2,2024-04-19,801.0,-2.484,True,2.372,7.416,8.539,30.836,-33.283,2024-04-26,815.5,strict_gakutto_next_open,1.81,6.0
6753,2025-01-23,827,kuitto_pullback_auto,くいっと押し目版,2.207505518763786,-3.4460725847674234,-4.998579948878179,1.7761364635540344,2.142026323844506,1563863484.0,2.650416538105524,-7.399999999999995,2,2025-01-24,930.3,0.464,True,3.934,2.225,7.363,10.663,-42.556,2025-02-17,999.0,max15_next_open,7.385,16.0
6754,2022-06-24,195,kuitto_pullback_auto,くいっと押し目版,2.551724137931033,-2.5876010781671233,-1.32811863440071,2.325901458849433,2.1235477472371778,1879812175.0,2.089537899894322,-3.0638852672751016,1,2022-06-27,1508.0,1.412,False,-2.321,1.393,-0.265,221.95,-37.924,2022-07-04,1479.0,strict_gakutto_next_open,-1.923,6.0
6754,2025-09-10,983,kuitto_pullback_auto,くいっと押し目版,1.5451895043731678,-2.1627774615822437,-2.287681974702538,1.2735519888346092,1.4640522875816993,1347384840.0,2.1881793199622654,-3.061508488728082,1,2025-09-11,1726.5,-0.861,True,9.065,14.422,8.312,181.205,-0.116,2025-10-01,1876.0,strict_gakutto_next_open,8.659,13.0
6758,2024-04-24,645,kuitto_pullback_auto,くいっと押し目版,2.0667726550079424,-2.5831399845321013,-2.3003619937501996,1.6546591718787251,1.3130902323016476,39402890050.0,2.0443925233644857,-1.7221584385763489,1,2024-04-25,2570.0,0.078,True,1.634,-7.237,1.673,85.837,-14.008,2024-05-08,2476.0,strict_gakutto_next_open,-3.658,7.0
6762,2024-04-26,647,kuitto_pullback_auto,くいっと押し目版,2.294348069390062,-4.3027102005975255,-2.889983756279657,1.2489960951563406,1.3304318714429193,11065467900.0,2.9110659581119087,-5.23587350959046,1,2024-04-30,1389.4,-4.992,True,2.102,-0.13,7.5,210.566,-16.151,2024-05-23,1513.8,max15_next_open,8.954,16.0
6762,2024-10-24,768,kuitto_pullback_auto,くいっと押し目版,3.238524359335404,-4.135119394292374,-2.783350964870668,1.147776183644189,1.6696047289479774,15237932977.5,2.8193437767905856,-6.977924384673939,2,2024-10-25,1850.5,0.955,False,-0.432,10.43,7.457,133.18,-37.044,2024-11-01,1757.975,stop_loss,-5.0,6.0
6768,2022-04-19,151,kuitto_pullback_auto,くいっと押し目版,2.1126760563380254,-2.1702271956595354,-3.3843890040800018,0.3807545863620643,1.698019801980198,319350640.0,2.3891625615763545,-8.37282780410743,1,2022-04-20,587.0,1.207,False,-5.622,-7.325,-9.37,93.356,-36.286,2022-04-25,547.0,stop_gap_open,-6.814,4.0
6768,2024-02-05,591,kuitto_pullback_auto,くいっと押し目版,1.8587360594795488,-2.4542124542124455,-2.7261462205700138,2.6601723491944673,1.6469038208168643,277144745.0,2.0594369134515125,-5.354058721934374,0,2024-02-06,538.0,-1.825,True,5.762,5.39,3.16,110.967,-30.483,2024-02-27,564.0,strict_gakutto_next_open,4.833,14.0
6770,2022-09-08,247,kuitto_pullback_auto,くいっと押し目版,2.3558082859463925,-2.6068987442377956,-1.939552215038709,2.305943488145501,1.5042866282789507,2239243375.0,2.131519274376417,-2.927580893682591,1,2022-09-09,1249.0,-0.873,True,-0.801,-9.047,-14.412,91.793,-19.936,2022-09-16,1220.0,strict_gakutto_next_open,-2.322,6.0
6770,2024-07-31,711,kuitto_pullback_auto,くいっと押し目版,2.78935556268034,-3.427756771834123,-0.4820321864877908,2.703741670937987,1.4758339006126617,2437643510.0,3.141431244987078,-2.1964612568639463,3,2024-08-01,1490.0,-7.049,True,-4.832,-2.383,1.376,60.772,-19.799,2024-08-05,1360.0,stop_gap_open,-8.725,3.0
6779,2025-12-18,1049,kuitto_pullback_auto,くいっと押し目版,2.386117136659438,-2.385476039687573,-1.3585226066652578,1.5709059608349563,1.4981684981684982,142813670.0,2.63317191283293,-2.1761658031088094,0,2025-12-19,950.0,0.636,False,8.421,7.684,8.421,427.368,-1.053,2026-01-05,1024.0,strict_gakutto_next_open,7.789,9.0
6785,2023-10-30,527,kuitto_pullback_auto,くいっと押し目版,1.9642857142857073,-3.26011157601116,-3.684773975204614,2.3664395840803154,1.8778004073319756,51082200.0,3.0272704528396295,-5.4635761589403975,2,2023-10-31,1152.0,0.876,False,2.778,-1.649,-3.299,204.688,-6.51,2023-11-09,1148.0,strict_gakutto_next_open,-0.347,7.0
6785,2024-07-09,696,kuitto_pullback_auto,くいっと押し目版,1.7755681818181879,-4.423424676589227,-3.9254197903123123,3.1528937517995903,1.3213530655391121,143958870.0,3.1701724653573926,-5.537244561634802,2,2024-07-10,1428.0,-0.349,True,6.723,1.961,1.401,145.798,-19.468,2024-07-25,1450.0,strict_gakutto_next_open,1.541,11.0
6785,2024-12-26,812,kuitto_pullback_auto,くいっと押し目版,2.556818181818188,-2.175833885575429,-3.8972829258802855,1.4957264957264904,1.2824156305506216,138988090.0,2.287297190344282,-7.2932717000513625,1,2024-12-27,1779.0,-1.44,True,2.136,-2.417,-2.192,97.302,-27.544,2025-01-14,1825.0,strict_gakutto_next_open,2.586,8.0
6787,2023-02-16,354,kuitto_pullback_auto,くいっと押し目版,1.5895443306252144,-3.895838999184109,-0.2159248073612119,1.6901209249699622,1.250996015936255,528929295.0,3.593781045102325,-3.7161031134917977,2,2023-02-17,2826.0,-1.739,True,-1.982,3.786,3.079,1502.972,-15.782,2023-02-22,2684.7,stop_loss,-5.0,4.0
6787,2024-02-05,591,kuitto_pullback_auto,くいっと押し目版,1.6887816646562026,-4.619312906220985,-1.815575728619212,2.5547445255474477,1.276,608788425.0,3.6265039823758687,-6.333333333333336,3,2024-02-06,4220.0,0.119,True,9.123,8.057,17.891,973.46,-0.711,2024-02-20,4480.0,strict_gakutto_next_open,6.161,10.0
6788,2023-10-10,513,kuitto_pullback_auto,くいっと押し目版,1.8175698418041009,-4.2271086314407675,-3.650902204219053,3.228228228228236,1.7964601769911503,52780290.0,2.491145218417946,-3.044871794871795,0,2023-10-11,3025.0,0.0,True,-1.818,-1.851,-3.14,71.57,-9.917,2023-10-18,2964.0,strict_gakutto_next_open,-2.017,6.0
6788,2024-04-24,645,kuitto_pullback_auto,くいっと押し目版,1.5691868758915817,-3.501516404742211,-4.609196651809977,1.4245014245014342,1.6521739130434783,44462925.0,1.9462279293739968,-7.170795306388522,1,2024-04-25,3585.0,0.702,False,-5.718,-1.395,-5.718,44.77,-23.989,2024-05-02,3405.75,stop_loss,-5.0,5.0
6788,2025-05-23,907,kuitto_pullback_auto,くいっと押し目版,3.4696406443618377,-2.6866381359962,-0.01949887881447232,1.7796196977084344,2.5135135135135136,84922775.0,2.591958939264328,-2.453271028037385,0,2025-05-26,4175.0,0.0,True,-5.389,-4.192,-5.03,24.311,-5.629,2025-05-28,3966.25,stop_loss,-5.0,3.0
6794,2022-09-09,248,kuitto_pullback_auto,くいっと押し目版,3.11231393775373,-4.034291477559249,-2.874764259136542,-0.026239832065078073,1.5151515151515151,155798640.0,2.8308961379827524,-13.211845102505693,1,2022-09-12,773.0,1.444,False,1.294,-3.364,3.622,352.781,-6.986,2022-09-21,776.0,strict_gakutto_next_open,0.388,7.0
6800,2025-01-22,826,kuitto_pullback_auto,くいっと押し目版,1.8235294117647127,-4.464796794504866,-2.433648849294734,2.9009630246106255,1.775330396475771,82437195.0,2.2984237022365273,-3.187919463087252,0,2025-01-23,1731.0,0.0,True,-3.871,-7.915,-13.98,276.083,-41.19,2025-01-28,1644.45,stop_loss,-5.0,4.0
6804,2024-05-21,661,kuitto_pullback_auto,くいっと押し目版,1.831501831501825,-3.3079654997463237,-1.0074734712415823,1.4598540145985384,1.2608142493638677,432497995.0,2.661136397004845,-4.56105934281511,0,2024-05-22,1943.0,-0.154,True,1.801,3.397,1.75,62.12,-16.881,2024-05-30,1950.0,strict_gakutto_next_open,0.36,7.0
6804,2025-02-07,838,kuitto_pullback_auto,くいっと押し目版,2.0534861509073465,-2.6675464228485435,-2.676490489436889,3.1769022788721513,1.6442553191489362,421831260.0,1.8417006484390666,-0.8812615955473113,0,2025-02-10,2187.0,2.34,False,-0.366,-4.435,-4.801,44.033,-26.155,2025-02-19,2131.0,strict_gakutto_next_open,-2.561,7.0
6804,2025-03-17,862,kuitto_pullback_auto,くいっと押し目版,2.05580029368575,-2.48847040737894,-3.5667483334282934,2.6587887740029625,1.3642086330935252,495096675.0,2.36382322713258,-4.313905461220746,0,2025-03-18,2080.0,-0.24,True,0.913,-6.01,-14.856,51.442,-22.356,2025-03-31,2020.0,strict_gakutto_next_open,-2.885,9.0
6806,2023-08-10,473,kuitto_pullback_auto,くいっと押し目版,1.5519765739385072,-4.924707194645849,-4.707821129520751,1.30871698995092,1.8778877887788779,2229999300.0,2.210001647717911,-7.247927253276276,2,2023-08-14,17240.0,-0.577,True,0.029,1.363,2.523,86.833,-15.371,2023-09-04,17945.0,max15_next_open,4.089,16.0
6806,2025-03-07,856,kuitto_pullback_auto,くいっと押し目版,2.005231037489108,-3.5435237151975385,-2.804379836807891,-0.04556327599954946,1.2911725955204216,2122330700.0,1.9027269027269027,-4.981050351922034,1,2025-03-10,17795.0,1.396,False,-0.421,0.393,-3.063,81.006,-18.011,2025-03-31,17380.0,strict_gakutto_next_open,-2.332,15.0
6807,2022-06-24,195,kuitto_pullback_auto,くいっと押し目版,2.026693030153237,-3.8198029094321906,-0.4467754467754381,0.6829268292682933,1.3150242326332795,411776160.0,3.017718715393134,-5.277650298301973,2,2022-06-27,2087.0,1.114,False,-3.21,-2.156,2.444,55.247,-6.469,2022-07-04,2031.0,strict_gakutto_next_open,-2.683,6.0
6807,2023-10-12,515,kuitto_pullback_auto,くいっと押し目版,2.0205479452054753,-2.086128253286823,-2.347118841964213,1.188858695652173,1.5905017921146953,424816505.0,2.16515609264854,-3.747980613893376,0,2023-10-13,2966.0,-0.436,True,-2.293,-7.856,-0.236,9.238,-34.187,2023-10-24,2817.7,stop_loss,-5.0,8.0
6807,2025-07-31,955,kuitto_pullback_auto,くいっと押し目版,2.6615969581748944,-3.142998189896329,-2.9192902117916475,2.341644204851745,1.4379296401132229,596468070.0,2.4368018812463257,-3.379721669980118,0,2025-08-01,2425.0,-0.206,True,0.082,0.907,3.505,20.742,-9.732,2025-08-25,2510.0,max15_next_open,3.505,16.0
6809,2022-10-04,263,kuitto_pullback_auto,くいっと押し目版,2.075226977950706,-2.6401810409856674,-2.0137276673059312,1.339170744269902,1.8802395209580838,24919710.0,1.7335269558903612,-2.5990099009901013,0,2022-10-05,792.0,0.635,False,-2.652,-1.136,0.126,143.182,-6.061,2022-10-27,793.0,max15_next_open,0.126,16.0
6809,2024-02-16,599,kuitto_pullback_auto,くいっと押し目版,1.6468435498627532,-3.813708260105453,-1.4514622404253608,1.2577469923441553,1.591503267973856,49169025.0,2.558827311302559,-3.642671292281008,0,2024-02-19,1111.0,0.0,True,1.98,0.18,1.08,73.357,-28.263,2024-03-01,1121.0,strict_gakutto_next_open,0.9,9.0
6810,2022-01-04,80,kuitto_pullback_auto,くいっと押し目版,1.717967072297788,-3.5779430335344475,-1.5095414411848473,2.7327935222672073,2.2639467110741047,248417150.0,2.3725746456217953,-3.9215686274509776,0,2022-01-05,1435.0,0.985,False,4.948,-7.178,-10.174,86.063,-26.481,2022-01-18,1424.0,strict_gakutto_next_open,-0.767,9.0
6810,2022-10-04,263,kuitto_pullback_auto,くいっと押し目版,2.3571428571428577,-3.4734665747760185,-2.8994720694325515,1.9783660688869942,1.6157074340527577,249273610.0,2.6517794836008375,-3.8900067069081112,0,2022-10-05,1447.0,0.977,False,-5.39,-6.358,-7.671,84.52,-16.586,2022-10-11,1374.65,stop_loss,-5.0,4.0
6810,2023-10-12,515,kuitto_pullback_auto,くいっと押し目版,3.1269160024524734,-5.076741440377807,-2.1171030130783586,3.4694881889763884,1.627027027027027,450264420.0,2.6966196704603362,-4.540295119182747,0,2023-10-13,1682.0,0.0,True,-3.448,-7.907,-1.308,58.74,-17.955,2023-10-18,1655.0,strict_gakutto_next_open,-1.605,4.0
6810,2023-10-27,526,kuitto_pullback_auto,くいっと押し目版,3.20956576463185,-3.131881575727924,-3.1609965175462107,3.1057462592732454,3.142346208869814,276199355.0,2.530487804878049,-2.843601895734593,0,2023-10-30,1662.0,1.341,False,0.0,0.301,-1.264,60.65,-16.968,2023-10-31,1578.9,stop_loss,-5.0,2.0
6810,2024-02-09,595,kuitto_pullback_auto,くいっと押し目版,2.0382165605095537,-3.752321981424145,-2.1087736014643643,2.5870901639344357,1.2560570071258907,354977375.0,1.9618334225075795,-2.0183486238532056,0,2024-02-13,1610.0,0.499,True,-2.795,-1.615,-3.106,65.839,-14.286,2024-02-16,1560.0,strict_gakutto_next_open,-3.106,4.0
6810,2024-03-18,619,kuitto_pullback_auto,くいっと押し目版,1.558441558441559,-2.6479949077021003,-2.071466884626194,1.9822639540949538,1.9070403280929598,291144380.0,1.9820971867007673,-2.0050125313283207,0,2024-03-19,1570.0,0.384,True,0.764,-1.656,-1.083,70.064,-12.102,2024-03-28,1572.0,strict_gakutto_next_open,0.127,7.0
6814,2022-05-06,160,kuitto_pullback_auto,くいっと押し目版,1.778242677824271,-2.3494860499265746,-4.213700639797868,3.4886194426717587,1.4919786096256684,84400565.0,2.407869622669211,-5.62560620756547,0,2022-05-09,975.0,0.206,True,0.821,1.231,2.974,927.692,-8.0,2022-05-30,1014.0,max15_next_open,4.0,16.0
6814,2023-10-10,513,kuitto_pullback_auto,くいっと押し目版,2.284450994841558,-2.628521638106307,-0.6002720444733711,3.22772571768557,1.8152350081037276,101785715.0,2.5061753808151503,-0.2873563218390829,0,2023-10-11,1387.0,-0.072,True,3.317,16.078,18.673,622.422,-4.686,2023-10-31,1625.0,strict_gakutto_next_open,17.159,15.0
6817,2022-05-30,176,kuitto_pullback_auto,くいっと押し目版,2.5672371638141733,-3.05288461538461,-1.5634893575568687,3.7852548243443973,2.1973434535104364,88766615.0,2.698791077813724,-0.8274231678486954,0,2022-05-31,827.0,-1.43,True,2.418,-0.726,-7.618,117.291,-9.915,2022-06-13,810.0,strict_gakutto_next_open,-2.056,10.0
6817,2023-12-15,559,kuitto_pullback_auto,くいっと押し目版,2.7360988526037078,-2.5090846167156955,-1.7153133213445915,2.392681210415204,1.5459770114942528,474234400.0,2.0127638684339715,-2.267002518891692,0,2023-12-18,1157.0,-0.601,True,2.247,-0.346,1.901,40.536,-34.572,2024-01-04,1144.0,strict_gakutto_next_open,-1.124,11.0
6817,2024-07-31,711,kuitto_pullback_auto,くいっと押し目版,2.294455066921608,-4.258416742493177,-4.86173865895535,1.6337386018237199,1.3325717187103325,439170430.0,1.9692923898531376,-6.304728546409811,1,2024-08-01,984.0,-8.037,True,-11.28,-7.622,-4.878,65.244,-23.069,2024-08-02,934.8,stop_loss,-5.0,2.0
6817,2024-10-28,770,kuitto_pullback_auto,くいっと押し目版,2.1857923497267784,-2.069112627986347,-1.3191818494327934,1.7853254953189568,1.6041666666666667,155508935.0,1.4973262032085561,-3.1088082901554404,0,2024-10-29,942.0,0.749,False,1.062,1.168,0.0,72.611,-19.639,2024-11-14,942.0,strict_gakutto_next_open,0.0,12.0
6823,2021-11-18,50,kuitto_pullback_auto,くいっと押し目版,2.1419009370816644,-3.6540595919064223,-4.804015698957331,1.2563036362027713,1.6401869158878504,48405480.0,2.1219496973101166,-7.924376508447306,1,2021-11-19,2310.0,0.917,False,-3.68,-5.108,3.896,80.087,-25.628,2021-11-29,2215.0,strict_gakutto_next_open,-4.113,6.0
6823,2022-02-25,115,kuitto_pullback_auto,くいっと押し目版,2.6881720430107503,-4.205953041227584,-2.9216218747073697,1.331146908459524,1.3970588235294117,58950465.0,2.8795811518324608,-8.29332169358359,1,2022-02-28,2101.0,0.0,True,1.142,-4.664,9.329,98.001,-18.229,2022-03-08,2055.0,strict_gakutto_next_open,-2.189,7.0
6823,2024-04-24,645,kuitto_pullback_auto,くいっと押し目版,2.0168067226890685,-2.0887038138674208,-0.2725820095873632,2.1610340648983373,1.8557692307692308,97584760.0,3.071310896681572,-1.620745542949753,2,2024-04-25,3035.0,0.0,True,4.448,-0.165,-0.165,37.068,-37.99,2024-05-10,3080.0,strict_gakutto_next_open,1.483,9.0
6841,2024-12-03,795,kuitto_pullback_auto,くいっと押し目版,2.4011713030746673,-2.289900213416396,-2.4628279464952163,2.9134785167745703,1.5527653213751869,2887356380.0,2.8412108337758895,-5.02444323737099,1,2024-12-04,3467.0,-0.858,True,1.788,-2.163,-1.5,82.204,-29.391,2024-12-16,3433.0,strict_gakutto_next_open,-0.981,9.0
6845,2022-08-31,241,kuitto_pullback_auto,くいっと押し目版,2.570694087403602,-3.3664610912519155,-2.038316545564811,0.9104704097116834,2.175920514319112,1339810550.0,2.372359470103831,-3.6231884057971064,1,2022-09-01,981.3,-1.624,True,-0.51,2.16,1.651,79.354,-18.73,2022-09-20,990.0,strict_gakutto_next_open,0.887,13.0
6845,2024-04-01,628,kuitto_pullback_auto,くいっと押し目版,3.205555027109308,-2.0716475955425806,-1.2353542885191193,2.906028301528907,1.5987841945288754,2463940994.0,2.1356155365371947,0.0,1,2024-04-02,1068.5,-1.521,True,-0.019,0.122,1.713,64.717,-22.836,2024-04-04,1057.5,strict_gakutto_next_open,-1.029,3.0
6845,2026-03-27,1113,kuitto_pullback_auto,くいっと押し目版,2.3113037197544317,-2.3654102618095085,-0.8860777526105146,1.7966223499820355,1.78241779685823,1962959170.0,2.8364681559175033,-3.145299145299141,1,2026-03-30,1341.5,-5.295,True,6.523,10.026,10.921,31.196,-0.224,2026-04-16,1478.5,strict_gakutto_next_open,10.212,14.0
6850,2022-12-09,308,kuitto_pullback_auto,くいっと押し目版,2.363112391930833,-4.224738675958184,-2.6478200278717834,0.8861622358554921,2.0673076923076925,30076670.0,1.6972329472329473,-5.4816391697711575,0,2022-12-12,885.0,-0.338,True,-2.203,-3.898,-0.508,111.751,-8.531,2022-12-19,861.0,strict_gakutto_next_open,-2.712,6.0
6856,2022-12-09,308,kuitto_pullback_auto,くいっと押し目版,1.788617886178856,-3.5680751173708947,-2.0441848654139227,1.4257939079714843,1.4925925925925927,1023329450.0,1.7800091282519397,-4.573170731707322,1,2022-12-12,6180.0,-1.278,True,-1.133,-6.149,-7.282,387.055,-8.9,2022-12-19,6080.0,strict_gakutto_next_open,-1.618,6.0
6859,2022-10-18,272,kuitto_pullback_auto,くいっと押し目版,2.4157303370786476,-2.046353872244211,-1.1178472425683372,3.8746438746438683,2.9968354430379747,86389320.0,2.0609670088551053,0.0,0,2022-10-19,1818.0,-0.274,True,0.88,2.97,4.565,163.476,-3.355,2022-11-10,1897.0,max15_next_open,4.345,16.0
6859,2024-07-09,696,kuitto_pullback_auto,くいっと押し目版,1.6181229773462702,-2.0741671904462633,-1.2290927521540818,0.7055805003207238,2.1623931623931623,189698800.0,2.2861692447679713,-2.4844720496894457,0,2024-07-10,3135.0,-0.159,True,-2.073,-6.922,-8.485,52.791,-38.756,2024-07-22,2978.25,stop_loss,-5.0,8.0
6859,2025-10-20,1008,kuitto_pullback_auto,くいっと押し目版,1.6176470588235237,-3.8428693424423566,-2.278627055090854,1.9775678866587931,1.2908011869436202,260590775.0,2.491213562125284,-3.356643356643352,0,2025-10-21,3460.0,0.145,True,2.746,1.301,-0.578,38.439,-16.387,2025-10-30,3410.0,strict_gakutto_next_open,-1.445,8.0
6861,2022-09-08,247,kuitto_pullback_auto,くいっと押し目版,2.997694081475788,-3.3923746622635864,-4.7242879398018855,3.3512012648952982,2.1586655817738,27471407700.0,2.4347014925373136,-6.750173973556017,2,2022-09-09,53770.0,0.317,True,-3.18,-8.202,-9.931,63.511,-12.144,2022-09-16,51081.5,stop_loss,-5.0,6.0
6861,2025-06-10,919,kuitto_pullback_auto,くいっと押し目版,1.6246403790827646,-4.002875535078266,-4.551910193970132,2.000951216197855,1.9168900804289544,32088100850.0,2.013798025454978,-6.274387388793512,2,2025-06-11,61050.0,1.665,False,-6.65,-8.157,-7.207,44.013,-15.627,2025-06-13,57997.5,stop_loss,-5.0,3.0
6861,2025-06-26,931,kuitto_pullback_auto,くいっと押し目版,3.315217391304337,-3.5492763611302602,-4.619265867888855,1.646882686343698,1.4215546018121126,35235784800.0,2.2769970692116934,-6.108001317089229,2,2025-06-27,58380.0,2.367,False,-4.025,-4.967,-4.18,50.6,-11.768,2025-07-10,55461.0,stop_loss,-5.0,10.0
6866,2021-12-28,77,kuitto_pullback_auto,くいっと押し目版,2.2935779816513735,-3.175323202540259,-2.7351507492327065,3.480278422273786,1.4119718309859155,256138100.0,3.3712363869314546,-2.726281352235549,2,2021-12-29,8680.0,-2.691,True,-8.871,-9.332,-15.783,58.986,-39.401,2022-01-06,8290.0,strict_gakutto_next_open,-4.493,5.0
6866,2022-12-09,308,kuitto_pullback_auto,くいっと押し目版,2.9366306027820643,-4.991294254207778,-3.8630634855501556,1.5243902439024293,2.1123595505617976,156002950.0,1.984126984126984,-6.064880112834981,1,2022-12-12,6580.0,-1.201,True,-0.456,-4.711,-3.799,109.726,-20.061,2022-12-19,6480.0,strict_gakutto_next_open,-1.52,6.0
6866,2025-01-20,824,kuitto_pullback_auto,くいっと押し目版,2.857142857142847,-3.937224669603523,-4.714060717970991,2.593331433456836,1.7596153846153846,178954750.0,1.9940476190476193,-5.387647831800257,0,2025-01-21,7270.0,0.972,False,11.967,5.502,0.138,89.821,-27.648,2025-02-04,7810.0,strict_gakutto_next_open,7.428,11.0
6866,2025-07-16,945,kuitto_pullback_auto,くいっと押し目版,1.862197392923659,-4.2101475350845625,-3.4923154628761166,2.242990654205612,2.224242424242424,280334950.0,2.0893183598850875,-4.703832752613235,0,2025-07-17,5430.0,-0.731,True,1.842,2.947,7.919,154.144,-2.21,2025-07-23,5400.0,strict_gakutto_next_open,-0.552,4.0
6869,2022-08-31,241,kuitto_pullback_auto,くいっと押し目版,2.1624510153188448,-3.5402245912520502,-2.8521238873029264,0.41458614918097325,1.7469409008070815,5007926227.5,2.6663976606439186,-8.61376673040154,2,2022-09-01,2817.7,-1.744,True,-6.53,-1.349,-5.43,23.505,-55.78,2022-09-05,2656.0,stop_gap_open,-5.739,3.0
6869,2023-10-31,528,kuitto_pullback_auto,くいっと押し目版,2.185745510650161,-2.6171838558937455,-3.02802550340987,3.3533598619816862,1.2994337979094077,3851450932.5,2.2333598959862404,-3.1559707554833394,1,2023-11-01,2459.0,3.133,False,1.614,7.227,7.849,31.598,-49.329,2023-11-24,2697.7,max15_next_open,9.707,16.0
6869,2024-05-31,669,kuitto_pullback_auto,くいっと押し目版,1.7660463349791211,-3.1743125983963782,-0.003021969719874118,1.2201571471743833,2.3562130177514793,4657470750.0,2.8110255111561324,-3.1797651309846464,1,2024-06-03,2708.0,1.064,False,-3.25,-7.681,-8.327,19.498,-53.988,2024-06-04,2572.6,stop_loss,-5.0,2.0
6869,2026-06-25,1173,kuitto_pullback_auto,くいっと押し目版,3.356189101407425,-2.5848711086068454,-2.20815752461323,2.9771321731626665,1.469290289141461,8336640847.5,2.8531524341580203,-4.310056799198126,1,2026-06-26,1446.0,0.978,False,5.671,4.91,7.261,39.177,-0.519,2026-07-10,1525.0,strict_gakutto_next_open,5.463,11.0
6869,2026-09-16,1230,kuitto_pullback_auto,くいっと押し目版,1.8929150892374347,-4.552648238024892,-3.892802902463721,3.3744855967078102,1.5492033213644525,4881232392.5,2.494692144373673,-4.679989881102964,1,2026-09-17,1885.5,0.08,True,,,,0.902,-2.97,,,,,
6871,2025-01-06,815,kuitto_pullback_auto,くいっと押し目版,2.638522427440626,-3.7802419354838745,-0.8000415606005506,1.8591254255040601,1.4026362277483353,5285659050.0,4.333455747337496,-6.602641056422565,4,2025-01-07,4100.0,5.398,False,-4.634,-0.244,-9.024,343.415,-39.463,2025-01-15,3895.0,stop_loss,-5.0,6.0
6871,2026-03-16,1105,kuitto_pullback_auto,くいっと押し目版,3.151065801668218,-5.191160996141708,-2.857243766334683,1.1634248318487472,1.271309947466531,13210686750.0,7.681940700808626,-15.038167938931302,4,2026-03-17,11430.0,2.695,False,-9.449,-19.16,-6.824,59.055,-23.185,2026-03-17,10858.5,stop_loss,-5.0,1.0
6902,2022-09-08,247,kuitto_pullback_auto,くいっと押し目版,1.6279704998634292,-5.2528227785959665,-4.322889610048164,2.233384258597737,1.2728745563956179,11185229764.0,2.156718194454043,-6.225425950196595,2,2022-09-09,1860.3,0.0,True,-1.559,-5.268,-7.596,60.915,-15.686,2022-09-16,1825.0,strict_gakutto_next_open,-1.898,6.0
6902,2023-10-27,526,kuitto_pullback_auto,くいっと押し目版,2.437952998023274,-3.709298422289342,-3.589990504534668,1.448644886240058,1.5242053789731052,11518471922.5,2.297231070815976,-4.777460187831773,1,2023-10-30,2293.5,-1.651,True,4.295,1.984,7.347,30.521,-31.611,2023-10-31,2178.825,stop_loss,-5.0,2.0
6902,2024-10-23,767,kuitto_pullback_auto,くいっと押し目版,2.207293666026877,-2.165521137369364,-1.505646173149311,2.0066088788851077,1.4022298111691442,12769221962.5,2.340710932260228,-5.543237250554323,1,2024-10-24,2108.0,-1.033,True,4.435,11.622,7.732,13.093,-25.593,2024-11-15,2313.0,max15_next_open,9.725,16.0
6902,2026-05-27,1152,kuitto_pullback_auto,くいっと押し目版,1.5322580645161343,-2.4939108334215754,-1.8120321479313861,1.9653366448895815,1.4916614112535913,17750777492.5,2.5322440334354552,-2.8549382716049343,1,2026-05-28,1889.0,0.026,True,1.959,-0.344,1.482,17.417,-4.023,2026-06-08,1880.0,strict_gakutto_next_open,-0.476,8.0
6905,2024-07-12,699,kuitto_pullback_auto,くいっと押し目版,2.079999999999993,-2.094240837696326,-3.170442488922165,2.8037383177569986,1.7122641509433962,262514265.0,1.841692789968652,-6.588579795021965,1,2024-07-16,1282.0,0.47,True,-2.808,-4.524,-18.409,29.251,-28.549,2024-07-23,1246.0,strict_gakutto_next_open,-2.808,6.0
6905,2025-01-21,825,kuitto_pullback_auto,くいっと押し目版,2.34375,-2.342716795767996,-4.500387011168028,1.1192589733693525,2.4099509460406447,174499010.0,2.0651581243184296,-9.106678230702514,1,2025-01-22,1055.0,0.668,False,-1.043,-6.256,-3.507,57.062,-13.175,2025-01-29,1052.0,strict_gakutto_next_open,-0.284,6.0
6908,2024-04-24,645,kuitto_pullback_auto,くいっと押し目版,1.8459353922612776,-2.692626346313176,-3.865765606515914,1.4497878359264416,2.8720456397718013,409867360.0,1.832395558432505,-5.313531353135314,0,2024-04-25,2918.0,1.708,False,5.723,7.779,5.038,32.111,-27.245,2024-05-15,3050.0,strict_gakutto_next_open,4.524,12.0
6908,2026-07-27,1194,kuitto_pullback_auto,くいっと押し目版,2.9212682579266014,-3.5615299334811557,-2.5227449239986655,2.76019065234403,1.5696428571428571,526805975.0,2.222716708698017,-2.53036437246964,0,2026-07-28,2839.0,-1.731,True,-2.712,-1.338,-0.881,2.113,-5.389,2026-07-30,2770.0,strict_gakutto_next_open,-2.43,3.0
6914,2022-07-08,205,kuitto_pullback_auto,くいっと押し目版,3.006012024048088,-3.886857802578414,-0.44387453146577105,1.8527692460120981,2.0118829981718465,312427765.0,3.7312395775430796,-4.858861638130496,2,2022-07-11,2100.0,2.14,False,-3.714,0.524,0.238,126.429,-36.81,2022-07-12,1995.0,stop_loss,-5.0,2.0
6914,2024-04-25,646,kuitto_pullback_auto,くいっと押し目版,1.6519823788546217,-3.232712481267397,-4.111038232867148,1.8314210061782799,2.0536130536130535,117213975.0,2.06624361553939,-6.767676767676766,1,2024-04-26,1840.0,-0.325,True,-0.272,-4.946,-4.457,158.424,-27.88,2024-05-08,1813.0,strict_gakutto_next_open,-1.467,6.0
6923,2023-06-02,425,kuitto_pullback_auto,くいっと押し目版,2.2459893048128343,-3.538618577747532,-2.8059268185801955,1.0214864388869316,1.275968992248062,1408769710.0,2.557780434349472,-3.951774949765574,1,2023-06-05,2918.0,1.743,False,-1.302,1.953,-1.611,30.295,-22.687,2023-06-21,2900.0,strict_gakutto_next_open,-0.617,13.0
6925,2022-02-02,100,kuitto_pullback_auto,くいっと押し目版,1.861252115059231,-2.068657050206868,-4.216775432699649,2.8825338954084456,1.2792816241540863,679930865.0,2.9939882929916153,-6.570098292809101,3,2022-02-03,1794.0,-0.664,True,7.246,4.905,2.899,187.848,-17.781,2022-02-15,1839.0,strict_gakutto_next_open,2.508,8.0
6929,2024-02-20,601,kuitto_pullback_auto,くいっと押し目版,1.885310290651998,-4.271640219598405,-4.275302426929151,1.8053375196232402,1.7588856868395772,307689920.0,1.9192642361493557,-5.016477480776271,0,2024-02-21,2583.0,-0.424,True,2.904,1.161,3.058,65.699,-13.55,2024-03-06,2604.0,strict_gakutto_next_open,0.813,10.0
6941,2022-12-15,312,kuitto_pullback_auto,くいっと押し目版,2.3361823361823353,-2.4441728696811493,-4.714618772126766,1.7217942908926087,1.2774869109947644,444435150.0,1.773783009863188,-6.214099216710178,1,2022-12-16,1765.0,-1.726,True,-7.535,-3.739,-1.473,547.025,-9.575,2022-12-20,1676.75,stop_loss,-5.0,3.0
6947,2025-03-05,854,kuitto_pullback_auto,くいっと押し目版,2.350427350427342,-2.771362586605086,-2.8698952988779114,2.8559158256388217,2.4095427435387675,368261325.0,2.9749478079331944,-4.771371769383704,2,2025-03-06,4750.0,-0.835,True,-0.842,-4.105,1.263,23.579,-14.0,2025-03-21,4500.0,stop_gap_open,-5.263,11.0
6947,2025-10-10,1003,kuitto_pullback_auto,くいっと押し目版,2.9755579171094615,-2.7375201288244777,-3.1891568666533754,-0.24706609017912662,1.7220394736842106,401551525.0,2.8527200353825743,-7.00575815738963,1,2025-10-14,4720.0,-2.58,True,1.483,2.966,0.636,12.712,-10.169,2025-10-29,4690.0,strict_gakutto_next_open,-0.636,12.0
6947,2026-07-27,1194,kuitto_pullback_auto,くいっと押し目版,1.8498367791077275,-2.7154158648706406,-1.0504474127869368,2.2280471821756187,1.3242320819112627,192349375.0,2.0757020757020754,-3.005181347150254,0,2026-07-28,4685.0,0.107,True,1.494,6.19,5.123,11.419,-1.281,2026-08-05,4745.0,strict_gakutto_next_open,1.281,7.0
6951,2023-05-02,405,kuitto_pullback_auto,くいっと押し目版,2.49066002490661,-2.179296681525511,-3.8079068639340297,3.7569339384770473,1.5408163265306123,1258132450.0,2.334664120812359,-3.290246768507643,1,2023-05-08,4105.0,-0.243,True,1.462,2.68,8.161,125.457,-7.186,2023-05-16,4030.0,strict_gakutto_next_open,-1.827,7.0
6951,2024-02-15,598,kuitto_pullback_auto,くいっと押し目版,2.9438964241677024,-2.3492025778860115,-0.31682952390760244,1.473716195685193,1.666409067490984,3562327250.0,3.253267170021175,-8.781753619229715,4,2024-02-16,6775.0,1.437,False,-1.993,-1.815,-3.734,36.605,-43.764,2024-02-19,6436.25,stop_loss,-5.0,2.0
6954,2023-12-15,559,kuitto_pullback_auto,くいっと押し目版,2.4931438544004036,-2.5602262752365212,-0.23883614453055202,2.096061193066112,1.4593386952636282,15422514515.0,1.9095110678666993,-0.9636232233196873,1,2023-12-18,4117.0,0.146,True,0.923,0.729,4.615,115.691,-26.208,2024-01-04,4080.0,strict_gakutto_next_open,-0.899,11.0
6954,2024-06-12,677,kuitto_pullback_auto,くいっと押し目版,1.7680826636050417,-2.1711768407803533,-3.2666654856596367,1.455910630894608,1.5558052013705554,11680169575.0,1.8791903042805571,-5.177578091570389,1,2024-06-13,4452.0,0.451,True,-4.492,-1.887,0.539,99.461,-31.761,2024-06-18,4315.0,strict_gakutto_next_open,-3.077,4.0
6954,2025-06-26,931,kuitto_pullback_auto,くいっと押し目版,2.042982223401424,-2.510176390773411,-1.6048270516016871,2.3634621526668953,1.4970917800017107,11752623530.0,2.21194562068197,-0.5687693898655644,1,2025-06-27,3915.0,1.794,False,-0.587,-4.623,-3.193,126.82,-5.517,2025-07-07,3800.0,strict_gakutto_next_open,-2.937,7.0
6958,2024-04-10,635,kuitto_pullback_auto,くいっと押し目版,2.0408163265306145,-2.4590163934426257,-1.9665877400683929,0.6373700100637203,1.2637901446432949,346388405.0,2.547619047619048,-4.30622009569378,0,2024-04-11,596.0,-0.667,True,-3.356,-0.839,0.0,36.409,-47.987,2024-04-17,582.0,strict_gakutto_next_open,-2.349,5.0
6958,2024-05-31,669,kuitto_pullback_auto,くいっと押し目版,2.758620689655178,-3.599058190380089,-2.6832063641879733,3.221337028056803,1.4060676779463244,314001135.0,3.0321188878235863,-4.64,2,2024-06-03,600.0,0.671,False,-2.833,2.5,0.0,35.5,-48.333,2024-06-06,570.0,stop_loss,-5.0,4.0
6958,2025-01-20,824,kuitto_pullback_auto,くいっと押し目版,2.450980392156854,-5.107778819119025,-0.7812500000000111,2.8543307086614123,1.4338544798556825,178934185.0,2.546138072453862,-3.686635944700456,0,2025-01-21,426.0,1.914,False,8.451,5.634,28.404,90.845,-27.23,2025-02-03,461.0,strict_gakutto_next_open,8.216,10.0
6962,2024-04-24,645,kuitto_pullback_auto,くいっと押し目版,2.7559055118110187,-3.524340770791068,-3.0620017265018062,2.540597171293868,1.8144963144963144,93017935.0,2.234993614303959,-2.2471910112359605,0,2024-04-25,822.0,4.981,False,0.73,1.338,-13.382,48.783,-45.62,2024-05-09,828.0,strict_gakutto_next_open,0.73,8.0
6962,2025-10-20,1008,kuitto_pullback_auto,くいっと押し目版,1.730103806228378,-3.489565514881965,-2.4582846940877423,3.4846884899683017,1.9423255813953488,100361515.0,2.61175898931001,-2.3255813953488413,0,2025-10-21,591.0,0.51,False,3.553,-1.184,0.169,106.937,-10.152,2025-10-29,585.0,strict_gakutto_next_open,-1.015,7.0
6963,2024-02-02,590,kuitto_pullback_auto,くいっと押し目版,2.926549349655705,-4.233215025140491,-1.8699327757661588,3.1989566951785564,2.5825643711971633,13764540430.0,2.4557304802612365,-1.7348429510591679,1,2024-02-05,2715.5,0.929,False,-1.86,-3.406,-4.585,124.6,-60.633,2024-02-13,2692.0,strict_gakutto_next_open,-0.865,6.0
6965,2023-03-17,374,kuitto_pullback_auto,くいっと押し目版,1.8099547511312153,-2.877275396359369,-0.9992819530876051,1.9945602901178638,1.3565656565656565,2157488800.0,2.0,-1.7467248908296984,1,2023-03-20,3395.0,0.593,False,2.209,4.418,1.767,11.782,-67.113,2023-04-06,3425.0,strict_gakutto_next_open,0.884,13.0
6965,2023-12-12,556,kuitto_pullback_auto,くいっと押し目版,1.5420476958938556,-3.8975847413703635,-4.344093406593408,1.6514090827499661,1.4840923268870867,2868044745.0,1.883151282762796,-6.889181190397897,2,2023-12-13,2829.0,-0.088,True,1.608,1.626,0.636,9.579,-60.534,2024-01-09,2897.0,max15_next_open,2.404,16.0
6965,2025-10-20,1008,kuitto_pullback_auto,くいっと押し目版,2.331288343558291,-3.187394755833539,-0.2018610605091009,2.8613714849531346,1.6341903240764595,4727077797.5,3.860483042137718,-3.583815028901738,3,2025-10-21,1673.0,0.3,True,8.577,7.023,-0.747,85.296,-11.028,2025-11-12,1661.0,max15_next_open,-0.717,16.0
6966,2025-10-20,1008,kuitto_pullback_auto,くいっと押し目版,1.6883116883116944,-4.937965260545896,-2.14620717781403,1.9796822089085842,1.3182907764460656,1054010745.0,3.1928480204342273,-4.044117647058821,3,2025-10-21,786.0,0.383,True,2.926,-2.417,-1.781,72.774,-28.753,2025-10-24,777.0,strict_gakutto_next_open,-1.145,4.0
6971,2023-10-27,526,kuitto_pullback_auto,くいっと押し目版,2.001645187825618,-2.331536821352409,-1.8146092147788617,1.7027000426495187,1.4394420503515537,7638945564.0,1.8467741935483863,-2.6585723257274374,1,2023-10-30,1832.0,-1.505,True,10.262,7.86,9.378,119.378,-21.206,2023-11-21,2001.8,max15_next_open,9.269,16.0
6971,2025-07-23,949,kuitto_pullback_auto,くいっと押し目版,1.745254133496621,-2.010846383523246,-3.0321908207641024,2.637756362737842,1.6353675365064981,7477901822.5,1.8206439963888055,-4.153446783963077,1,2025-07-24,1678.5,1.023,False,-1.996,11.588,12.898,139.44,-2.383,2025-07-31,1790.0,strict_gakutto_next_open,6.643,6.0
6976,2023-03-22,376,kuitto_pullback_auto,くいっと押し目版,1.6627078384798155,-3.656821378340369,-0.9650296197209918,3.2320308731307312,1.7807924781732707,5267702350.0,2.4699599465954605,-1.6091954022988464,1,2023-03-23,4260.0,-0.467,True,0.117,0.704,3.638,464.906,-59.167,2023-04-07,4150.0,strict_gakutto_next_open,-2.582,12.0
6981,2025-03-07,856,kuitto_pullback_auto,くいっと押し目版,2.223104406510523,-4.611551191937224,-1.3769918025237082,0.20235037746128004,1.3239342322423941,18319184617.5,2.7739251040221915,-6.516609184970045,2,2025-03-10,2572.0,-0.117,True,-2.955,-3.946,-10.362,401.361,-29.024,2025-03-14,2455.5,strict_gakutto_next_open,-4.53,5.0
6986,2024-10-29,771,kuitto_pullback_auto,くいっと押し目版,1.6064257028112428,-3.515625,-2.890128013822346,2.3048928427011672,1.4635826771653544,37649080.0,2.2303783173348393,-3.802281368821292,0,2024-10-30,509.0,0.593,False,0.786,-10.216,-7.859,62.672,-16.306,2024-11-11,509.0,strict_gakutto_next_open,0.0,8.0
6988,2022-04-14,148,kuitto_pullback_auto,くいっと押し目版,2.3419203747072626,-3.7804600318834036,-0.804226866788238,2.99316521329247,1.5348629984406326,5151976550.0,2.3782281791435107,-3.7444933920704804,1,2022-04-15,1748.0,0.0,True,1.716,0.114,2.86,132.723,-14.188,2022-04-27,1660.6,stop_loss,-5.0,9.0
6988,2022-11-04,284,kuitto_pullback_auto,くいっと押し目版,1.950585175552666,-2.3797595190380716,-1.8630412890231596,0.5643919958953303,1.6400083963056256,5417503600.0,1.8859329446064141,-5.0847457627118615,1,2022-11-07,1582.0,0.893,False,8.47,7.585,10.493,157.143,-5.183,2022-11-21,1704.0,strict_gakutto_next_open,7.712,11.0
6988,2024-04-24,645,kuitto_pullback_auto,くいっと押し目版,1.6111707841031109,-3.383015597920269,-1.0381947891698773,1.6839842350412138,1.4454172366621068,7399223550.0,2.141850397664351,-2.171664943123064,1,2024-04-25,2838.0,0.0,True,-9.443,-12.262,-13.284,43.34,-35.321,2024-04-30,2611.0,stop_gap_open,-7.999,3.0
6988,2024-06-07,674,kuitto_pullback_auto,くいっと押し目版,1.610904584882289,-2.339566685888461,-2.8233106620345505,3.2225579053373643,1.8104630018184362,7130522575.0,2.110917537746806,-1.2048192771084376,1,2024-06-10,2448.0,-0.488,True,1.307,4.943,3.84,66.176,-25.016,2024-06-28,2555.0,strict_gakutto_next_open,4.371,15.0
6988,2024-10-28,770,kuitto_pullback_auto,くいっと押し目版,2.895181741335584,-2.35275159133026,-1.0539549844478469,0.4331683168316891,2.014935988620199,6471418927.5,2.2181146025878005,-2.6978417266187105,1,2024-10-29,2580.0,5.977,False,-2.694,1.221,-4.748,57.674,-12.616,2024-11-01,2451.0,stop_loss,-5.0,4.0
6995,2022-09-08,247,kuitto_pullback_auto,くいっと押し目版,2.002670226969294,-2.0375760783275965,-1.7784110398691322,2.6192075218267385,1.3093023255813954,192398795.0,1.9446522064323113,-2.17669654289373,0,2022-09-09,1522.0,-0.393,True,-1.905,-5.979,-7.227,126.347,-10.053,2022-09-26,1445.9,stop_loss,-5.0,10.0
6995,2024-07-30,710,kuitto_pullback_auto,くいっと押し目版,2.8148148148148255,-2.693893202952724,-3.6925581043228073,2.2894762700206295,2.603971119133574,423590925.0,2.3912446823109645,-5.749207786328658,0,2024-07-31,2044.0,-1.825,True,-8.708,-5.675,-4.11,68.542,-17.368,2024-08-01,1941.8,stop_loss,-5.0,2.0
6996,2026-04-06,1119,kuitto_pullback_auto,くいっと押し目版,1.763085399449027,-3.924324324324324,-4.970760233918126,2.9542920847268617,1.9245421245421246,591175650.0,5.158945007347823,-7.418546365914791,3,2026-04-07,1849.0,0.108,True,8.112,16.82,23.905,168.524,-0.487,2026-04-24,2126.0,strict_gakutto_next_open,14.981,14.0
6999,2023-05-18,414,kuitto_pullback_auto,くいっと押し目版,2.614758861127253,-2.3129409043598947,-1.1069340016708562,3.6020180687551306,1.6844876468205752,793998665.0,3.045623685487785,0.0,2,2023-05-19,1761.0,-0.283,True,-3.18,-6.019,-6.076,85.974,-58.717,2023-05-24,1686.0,strict_gakutto_next_open,-4.259,4.0
6999,2023-08-23,481,kuitto_pullback_auto,くいっと押し目版,1.9564002235886058,-2.268683274021366,-0.8494139268024892,3.074141048824597,1.3546831955922864,611073485.0,2.118577694235589,0.0,0,2023-08-24,1821.0,-0.164,True,0.549,3.734,1.757,79.846,-60.077,2023-09-11,1833.0,strict_gakutto_next_open,0.659,13.0
6999,2023-12-27,567,kuitto_pullback_auto,くいっと押し目版,2.271209084836334,-2.3921568627450873,-3.697977064811242,2.421728659352418,1.4167267483777939,212543900.0,2.0901371652514698,-5.4354539839407074,0,2023-12-28,1543.0,0.784,False,-0.843,0.389,2.009,112.249,-52.884,2024-01-10,1537.0,strict_gakutto_next_open,-0.389,6.0
6999,2024-12-26,812,kuitto_pullback_auto,くいっと押し目版,2.4008350730688965,-2.0901639344262257,-1.556739041376476,2.0599250936329527,1.3320235756385068,186858085.0,1.5654579874763361,-1.9000000000000017,0,2024-12-27,976.0,-0.51,True,0.512,-4.918,3.689,235.553,-25.512,2025-01-10,965.0,strict_gakutto_next_open,-1.127,7.0
6999,2025-01-20,824,kuitto_pullback_auto,くいっと押し目版,2.4468085106382986,-4.602595296025946,-2.815622161671205,2.2727272727272707,1.263586956521739,159809105.0,1.9507491470108291,-3.0211480362537735,0,2025-01-21,966.0,0.312,True,6.108,-4.037,-0.518,239.027,-24.741,2025-01-31,990.0,strict_gakutto_next_open,2.484,9.0
6999,2025-10-06,999,kuitto_pullback_auto,くいっと押し目版,1.7316017316017396,-5.082212257100149,-2.751794278716979,2.7457152850647093,2.0828625235404896,233881950.0,2.382978723404255,-3.3717105263157854,0,2025-10-07,1187.0,1.021,False,-4.971,5.644,20.977,175.906,-4.971,2025-10-15,1151.0,strict_gakutto_next_open,-3.033,6.0
7003,2022-05-06,160,kuitto_pullback_auto,くいっと押し目版,3.142857142857136,-5.271739130434772,-1.4922024009873192,2.790432801822318,1.5303925429959302,352112225.0,3.1658092599920855,-2.9569892473118253,2,2022-05-09,361.0,0.0,True,0.554,-2.77,-1.939,2237.396,-11.08,2022-05-16,342.95,stop_loss,-5.0,6.0
7004,2022-07-08,205,kuitto_pullback_auto,くいっと押し目版,2.1818181818181737,-3.2167832167832144,-3.089756734085203,1.3464775186343036,1.486203974008852,993800915.0,3.1943738349432294,-5.387205387205385,3,2022-07-11,852.0,1.068,False,-4.46,-2.934,-2.113,77.817,-12.089,2022-07-12,809.4,stop_loss,-5.0,2.0
7004,2022-12-15,312,kuitto_pullback_auto,くいっと押し目版,2.9761904761904656,-4.223089281615788,-3.8567115015097464,2.9026885557934756,2.0424559111691707,593532390.0,2.1552436003303055,-5.875952121871597,1,2022-12-16,853.0,-1.387,True,-3.4,-2.931,-6.096,77.608,-12.192,2022-12-23,810.35,stop_loss,-5.0,6.0
7004,2022-12-28,321,kuitto_pullback_auto,くいっと押し目版,2.4630541871921263,-3.3089104230678346,-3.9685511044552646,1.3645224171540127,1.8069142125480153,634364240.0,2.85885989010989,-6.935123042505598,1,2022-12-29,825.0,-0.841,True,-2.545,-5.939,-2.182,83.636,-9.212,2023-01-05,811.0,strict_gakutto_next_open,-1.697,4.0
7011,2023-02-14,352,kuitto_pullback_auto,くいっと押し目版,2.1001615508885463,-3.071116408422736,-1.3553429001440742,3.12895198466121,1.5896348300911707,12721415355.0,2.3409245027124754,-1.1921047488762881,1,2023-02-15,513.6,1.582,False,-2.005,-2.531,-0.643,914.019,-13.571,2023-02-22,501.6,strict_gakutto_next_open,-2.336,6.0
7011,2023-07-19,457,kuitto_pullback_auto,くいっと押し目版,2.3551286024171114,-4.442579214005216,-4.004986753934869,3.115634365634379,1.629073517962407,14685025460.0,2.177673976039097,-4.12191582002902,1,2023-07-20,661.1,0.076,True,0.136,2.072,16.412,687.778,-1.815,2023-08-04,663.9,strict_gakutto_next_open,0.424,12.0
7012,2022-02-28,116,kuitto_pullback_auto,くいっと押し目版,1.6738402678144526,-3.9071925754060266,-4.108068097705386,2.56657661134696,1.6586547085201793,3357205150.0,2.7482865206289464,-4.277352543899148,1,2022-03-01,431.6,1.505,False,-5.561,-3.753,0.185,772.567,-10.38,2022-03-07,410.02,stop_loss,-5.0,5.0
7012,2022-04-13,147,kuitto_pullback_auto,くいっと押し目版,1.5813953488372112,-4.134624083959116,-0.47548014171173714,2.2950819672131084,1.3056094630810462,2854097110.0,2.995813710099424,-3.703703703703709,3,2022-04-14,435.8,-0.229,True,9.729,4.727,3.396,764.158,-0.734,2022-04-26,460.0,strict_gakutto_next_open,5.553,9.0
7013,2022-07-13,208,kuitto_pullback_auto,くいっと押し目版,1.5447790379350845,-4.1845942961580835,-4.9825971348759435,2.051644853201262,1.332619496316601,6712807353.0,4.056284558884214,-6.314270250766729,4,2022-07-14,512.9,-1.232,True,-0.565,-0.702,-3.217,815.968,-30.922,2022-07-19,517.1,strict_gakutto_next_open,0.819,3.0
7013,2024-06-14,679,kuitto_pullback_auto,くいっと押し目版,3.117416464439038,-2.856533788104887,-1.8326573531620705,0.6303056800378792,1.5783030417176758,5095983151.0,2.5343953656770486,-4.478644302265256,1,2024-06-17,542.9,-1.72,True,5.784,26.432,47.78,765.353,-2.505,2024-07-08,798.9,max15_next_open,47.154,16.0
7013,2025-07-14,943,kuitto_pullback_auto,くいっと押し目版,2.9822122069329327,-2.3350281861390654,-2.6408967491010404,1.1852605594655952,2.0927872916762316,67747360992.5,3.6144938910430775,-6.323869335775656,4,2025-07-15,2190.7,1.993,False,5.218,3.487,13.142,114.452,-4.337,2025-08-06,2477.1,max15_next_open,13.073,16.0
7013,2026-07-23,1192,kuitto_pullback_auto,くいっと押し目版,3.1785714285714306,-2.0999787880930487,-0.6216721625055377,3.7454662979854225,1.3426103116047035,35168326212.5,4.6568263857983485,-5.9264083360468955,4,2026-07-24,2939.0,1.731,False,-5.699,-10.225,3.028,5.41,-12.623,2026-07-28,2792.05,stop_loss,-5.0,3.0
7033,2023-07-27,463,kuitto_pullback_auto,くいっと押し目版,2.3809523809523725,-4.895281352510727,-4.999244827065397,2.5437201907790197,1.3627232142857142,726154200.0,4.73421926910299,-7.857142857142863,3,2023-07-28,3745.0,-3.23,True,4.005,-2.003,-5.474,12.817,-73.565,2023-08-16,3557.75,stop_loss,-5.0,13.0
7033,2025-01-22,826,kuitto_pullback_auto,くいっと押し目版,2.718078381795186,-2.5556772544724327,-3.4579708751862337,1.1200995644057299,1.2661417322834645,157368950.0,3.1428571428571432,-6.123627960716349,3,2025-01-23,1585.0,-2.462,True,9.905,3.218,7.382,51.42,-23.722,2025-02-04,1692.0,strict_gakutto_next_open,6.751,9.0
7033,2026-07-02,1178,kuitto_pullback_auto,くいっと押し目版,1.9892884468247995,-4.614032517943456,-3.080625037133866,2.14559386973181,1.5372596153846154,181478760.0,3.2204479691351406,-5.056980056980054,2,2026-07-03,1334.0,0.075,True,2.174,1.949,0.75,30.735,-1.349,2026-07-13,1352.0,strict_gakutto_next_open,1.349,7.0
7034,2022-07-21,213,kuitto_pullback_auto,くいっと押し目版,2.972399150743099,-4.071661237785018,-0.47891110737690035,2.3638666103841244,1.6655172413793105,20527225.0,3.357879234167894,-4.150197628458496,2,2022-07-22,484.0,-0.206,True,2.066,3.099,1.86,66.322,-41.942,2022-08-01,484.0,strict_gakutto_next_open,0.0,7.0
7034,2023-07-04,447,kuitto_pullback_auto,くいっと押し目版,1.553398058252431,-2.739212007504699,0.0,0.7318952234206311,1.3488372093023255,7309415.0,2.690521715378312,-3.6832412523020275,0,2023-07-05,516.0,-1.338,True,-1.744,-1.938,-0.388,56.008,-45.543,2023-07-11,500.0,strict_gakutto_next_open,-3.101,5.0
7038,2023-08-10,473,kuitto_pullback_auto,くいっと押し目版,3.4208432776451803,-4.552918346021794,-4.436350609027928,1.530771633864414,1.8113207547169812,64769710.0,2.978021978021978,-7.010014306151646,3,2023-08-14,1303.0,0.231,True,-6.447,-4.605,5.065,52.341,-59.632,2023-08-17,1237.85,stop_loss,-5.0,4.0
7038,2025-02-07,838,kuitto_pullback_auto,くいっと押し目版,1.7173051519154603,-2.4199843871975046,-0.14341105858607373,2.393617021276606,2.758169934640523,24920790.0,2.050092764378479,-0.773195876288657,0,2025-02-10,785.0,1.948,False,-13.758,-16.433,-16.051,3.949,-32.994,2025-02-14,736.0,stop_gap_open,-6.242,4.0
7059,2022-09-12,249,kuitto_pullback_auto,くいっと押し目版,2.033438770899232,-2.8561385007469853,-1.7127425200767488,2.042660882140268,1.5140845070422535,19897826.0,2.261799316715173,-3.627827571489539,0,2022-09-13,226.8,0.443,True,-1.102,-4.982,-1.102,430.423,-7.275,2022-09-28,215.46,stop_loss,-5.0,10.0
7059,2023-12-14,558,kuitto_pullback_auto,くいっと押し目版,2.042253521126769,-4.271149076880687,-1.446094980868784,3.411361689980019,2.42603550295858,168597890.0,3.26333431923494,-5.417754569190603,2,2023-12-15,720.0,-0.621,True,5.903,7.014,13.472,67.083,-15.139,2024-01-11,818.5,max15_next_open,13.681,16.0
7085,2022-09-08,247,kuitto_pullback_auto,くいっと押し目版,1.610904584882289,-2.7873704982733005,-1.7319464490121006,3.8237528488225037,1.3972828324413338,254367575.0,2.918118466898955,-1.2048192771084376,2,2022-09-09,805.0,-1.829,True,5.59,1.242,2.609,26.708,-32.05,2022-10-04,830.0,max15_next_open,3.106,16.0
7085,2024-05-31,669,kuitto_pullback_auto,くいっと押し目版,2.063273727647874,-4.214963119072712,-3.1376088341473873,1.6716908742121284,2.121012101210121,104220605.0,2.464381979206777,-6.431273644388402,1,2024-06-03,749.0,0.943,False,-1.335,-0.267,0.534,33.778,-26.969,2024-06-24,757.0,max15_next_open,1.068,16.0
7095,2024-06-13,678,kuitto_pullback_auto,くいっと押し目版,3.065693430656924,-4.44755244755245,-3.4062023385866724,3.2163742690058506,2.9444444444444446,832252975.0,5.463375151760421,-4.07608695652174,3,2024-06-14,2830.0,-19.83,True,2.58,9.894,6.537,24.028,-65.512,2024-06-17,2688.5,stop_loss,-5.0,2.0
7095,2024-07-31,711,kuitto_pullback_auto,くいっと押し目版,2.0733652312599604,-5.3524565151052865,-0.207966521217684,2.2821709390781875,1.3306772908366533,686275790.0,4.53125,-4.761904761904767,2,2024-08-01,3170.0,-0.938,True,-22.019,-14.448,-3.47,10.726,-69.211,2024-08-01,3011.5,stop_loss,-5.0,1.0
7095,2024-09-12,741,kuitto_pullback_auto,くいっと押し目版,1.858108108108114,-4.690873405299312,-0.5085346567050286,3.288797533401855,1.7265577737447066,617929195.0,3.8900734423122487,-4.739336492891,2,2024-09-13,3350.0,11.111,False,-9.851,-21.104,-17.522,4.776,-70.866,2024-09-13,3182.5,stop_loss,-5.0,1.0
7102,2022-02-02,100,kuitto_pullback_auto,くいっと押し目版,1.5960099750623513,-2.13519630030502,-2.282523510971779,2.1052631578947434,2.2325581395348837,17955350.0,1.7848376463987656,-3.230403800475057,0,2022-02-03,2013.0,-1.178,True,0.546,2.186,2.434,119.821,-15.499,2022-02-25,2077.0,strict_gakutto_next_open,3.179,15.0
7102,2022-10-04,263,kuitto_pullback_auto,くいっと押し目版,1.9117647058823461,-2.7860220201053165,-3.0313403316598264,1.9317513237889772,2.716666666666667,19858950.0,1.6216587645159073,-3.437064561077563,0,2022-10-05,2090.0,0.529,False,-2.536,-1.675,-3.732,111.722,-18.612,2022-10-24,2029.0,strict_gakutto_next_open,-2.919,13.0
7130,2022-12-07,289,kuitto_pullback_auto,くいっと押し目版,2.1023125437981793,-3.736023997818372,-1.8455910879565551,2.837380011293056,1.2727272727272727,52704120.0,2.2796352583586628,-2.4112525117213623,0,2022-12-08,1450.0,-0.48,True,0.966,-3.655,-0.069,217.586,-5.724,2022-12-20,1377.5,stop_loss,-5.0,9.0
7130,2026-05-07,1121,kuitto_pullback_auto,くいっと押し目版,2.499999999999991,-3.2680621201890636,-2.979125852867659,1.3438239799470786,1.7783075089392133,170024020.0,1.999803700250282,-5.487012987012985,0,2026-05-08,2920.0,0.309,True,-3.767,-2.637,0.24,8.219,-8.973,2026-05-15,2840.0,strict_gakutto_next_open,-2.74,6.0
7157,2021-11-30,57,kuitto_pullback_auto,くいっと押し目版,2.9837251356238603,-3.0102040816326614,-1.6495058369778492,-0.29761904761905766,2.0475475475475475,244257805.0,3.900664743509344,-5.477178423236517,2,2021-12-01,1132.0,-0.615,True,-4.682,-13.339,-16.343,132.42,-58.392,2021-12-06,1075.4,stop_loss,-5.0,4.0
7157,2023-09-28,506,kuitto_pullback_auto,くいっと押し目版,2.9661016949152463,-3.567808635718639,-4.3198714084790035,2.057958840823182,2.137749445676275,921941520.0,2.8365667254556146,-4.518664047151278,1,2023-09-29,972.0,0.0,True,-3.807,-1.955,-3.909,170.679,-10.494,2023-10-03,923.4,stop_loss,-5.0,3.0
7157,2023-10-30,527,kuitto_pullback_auto,くいっと押し目版,2.3913043478260843,-4.295641187618438,-2.2035051897226543,2.4358416702914276,1.7407038512616202,321525305.0,3.1392174704276616,-2.8865979381443307,2,2023-10-31,932.0,-1.062,True,6.223,0.644,9.549,182.296,-2.575,2023-11-10,926.0,strict_gakutto_next_open,-0.644,8.0
7157,2024-03-08,613,kuitto_pullback_auto,くいっと押し目版,3.2983508245877147,-3.222044029741944,-0.42126019539301396,3.3603360336033505,1.3207180980106745,458163590.0,3.618080033174373,-3.972125435540075,2,2024-03-11,1375.0,-0.218,True,0.436,7.418,7.055,91.345,-9.091,2024-03-19,1350.0,strict_gakutto_next_open,-1.818,7.0
7157,2024-07-31,711,kuitto_pullback_auto,くいっと押し目版,2.471368294153109,-3.449862005519777,-4.502541757443712,0.9980988593155882,1.3132424109106908,381629755.0,3.0714285714285716,-6.695938529088918,3,2024-08-01,1688.0,-0.706,True,-9.834,-6.161,5.213,55.865,-25.948,2024-08-02,1600.0,stop_gap_open,-5.213,2.0
7157,2025-12-12,1045,kuitto_pullback_auto,くいっと押し目版,2.6997245179063434,-4.556830031282589,-3.231256599788812,1.7023134002619011,1.5705882352941176,377491340.0,2.9659717964438994,-6.001008572869393,3,2025-12-15,1872.0,0.429,True,1.656,4.434,4.167,26.335,-27.244,2025-12-23,1904.0,strict_gakutto_next_open,1.709,7.0
7167,2026-08-05,1201,kuitto_pullback_auto,くいっと押し目版,2.147651006711415,-2.483617300131069,-1.0774919486302714,1.9560557341907758,1.4324814367121395,4707726145.0,3.3203491646330017,-2.7786649632705163,3,2026-08-06,1562.0,2.628,False,4.802,2.977,7.778,11.076,-1.312,2026-08-21,1607.5,strict_gakutto_next_open,2.913,11.0
7172,2023-10-31,528,kuitto_pullback_auto,くいっと押し目版,2.2916452574247126,-5.257995653595405,-4.760341684945468,0.9021794221997004,1.4353182751540041,130916889.0,3.897930480208959,-7.816262270790886,3,2023-11-01,945.8,-4.983,True,-2.294,3.806,3.743,163.904,-16.156,2023-11-01,898.51,stop_loss,-5.0,1.0
7173,2021-12-07,62,kuitto_pullback_auto,くいっと押し目版,2.209631728045336,-2.12885154061625,-2.146591035479928,2.5233007501705096,1.2579075425790753,130345132.0,2.1816598036110237,-2.1161150298426468,0,2021-12-08,181.6,0.665,False,-0.661,2.148,4.901,957.269,-1.982,2021-12-29,190.5,max15_next_open,4.901,16.0
7173,2023-03-07,366,kuitto_pullback_auto,くいっと押し目版,3.3192686357243373,-4.106512672441465,-1.5998510747801897,2.1867349209882203,2.032874617737003,642701876.0,2.621446073664967,-3.671649619722006,0,2023-03-08,368.1,0.218,True,-13.094,-13.746,-12.768,421.597,-18.5,2023-03-13,349.695,stop_loss,-5.0,4.0
7180,2021-12-02,59,kuitto_pullback_auto,くいっと押し目版,1.8181818181818077,-2.5822784810126564,-1.7857142857142905,1.8181818181818077,1.5480205929344932,259406825.0,1.8950437317784257,-2.0000000000000018,0,2021-12-03,392.0,0.0,True,3.827,7.398,5.357,345.153,-8.673,2021-12-21,415.0,strict_gakutto_next_open,5.867,13.0
7181,2021-11-11,45,kuitto_pullback_auto,くいっと押し目版,2.287145242070121,-2.4335564364156403,-4.1480820695807274,1.824768995546111,1.3619776895443374,2745058546.5,2.055305556203222,-4.756723146276998,1,2021-11-12,607.7,-0.816,True,-1.596,-4.114,-2.37,201.794,-6.154,2021-11-29,573.3,stop_gap_open,-5.661,11.0
7181,2022-08-12,228,kuitto_pullback_auto,くいっと押し目版,1.6466849631662672,-3.3798656970102092,-2.585038585173016,1.1353837309571846,2.846007345939328,1891637778.0,1.7133924765017576,-4.036547115777978,1,2022-08-15,702.3,-0.199,True,2.278,1.239,0.911,161.142,-6.45,2022-08-29,699.0,strict_gakutto_next_open,-0.47,11.0
7181,2024-02-22,603,kuitto_pullback_auto,くいっと押し目版,2.393316775795906,-4.002080128274599,-0.9800922909158682,1.5086399856746535,1.2645927228756733,3106569772.5,2.3389510159080187,-3.459286854709953,1,2024-02-26,906.7,-0.033,True,4.974,6.573,2.647,102.272,-11.073,2024-03-12,945.2,strict_gakutto_next_open,4.246,12.0
7181,2024-04-24,645,kuitto_pullback_auto,くいっと押し目版,2.0714285714285685,-2.8449816290882834,-0.3488077636275899,2.498155586523465,1.7558489304812834,2875014253.5,2.268605132745891,-1.3802622498274686,1,2024-04-25,997.8,-0.25,True,-3.067,0.621,-3.838,83.804,-19.192,2024-05-02,951.3,strict_gakutto_next_open,-4.66,5.0
7182,2024-12-02,794,kuitto_pullback_auto,くいっと押し目版,2.02090592334494,-2.0543223493726726,-0.1150683393674079,2.8378758078111854,1.5989457310750086,9651902757.5,1.9906323185011712,-1.1144883485309065,1,2024-12-03,1472.5,0.581,False,2.377,2.716,-0.781,135.314,-21.256,2024-12-18,1471.0,strict_gakutto_next_open,-0.102,12.0
7184,2022-10-04,263,kuitto_pullback_auto,くいっと押し目版,2.4096385542168752,-4.315196998123827,-1.3761467889908285,2.9554263565891414,1.6772009029345372,28925190.0,2.974789915966386,-3.8461538461538436,2,2022-10-05,427.0,0.471,True,-3.981,-0.234,1.874,758.314,-7.728,2022-10-13,405.65,stop_loss,-5.0,6.0
7184,2023-04-18,395,kuitto_pullback_auto,くいっと押し目版,2.3809523809523725,-4.582921200131896,-1.4467160225497544,3.7215713301171682,1.564799230584275,348265545.0,2.9781680113906024,-3.833865814696491,2,2023-04-19,606.0,0.664,False,0.33,11.056,1.155,504.785,-2.145,2023-05-12,618.0,strict_gakutto_next_open,1.98,15.0
7184,2024-04-08,633,kuitto_pullback_auto,くいっと押し目版,1.6339869281045694,-5.361596009975067,-4.555133397352929,2.0341207349081403,1.2742238946378175,308270415.0,3.261368856224162,-5.852674066599395,2,2024-04-09,939.0,0.643,False,-0.426,-2.769,-0.745,290.309,-7.987,2024-04-17,902.0,strict_gakutto_next_open,-3.94,7.0
7184,2024-07-31,711,kuitto_pullback_auto,くいっと押し目版,2.083333333333326,-2.156952730610373,-1.255707762557079,3.3432276206842637,2.1577079107505073,289803900.0,3.007234639887701,-0.8245877061469287,2,2024-08-01,1340.0,1.285,False,-13.657,-9.03,-3.507,173.507,-35.522,2024-08-02,1272.0,stop_gap_open,-5.075,2.0
7184,2025-03-05,854,kuitto_pullback_auto,くいっと押し目版,1.9250253292806496,-2.1674876847290636,-2.441892368596399,1.0445962233828876,1.9265477439664218,190961855.0,2.0235728486225506,-3.824091778202676,0,2025-03-06,1016.0,0.994,False,0.787,5.315,10.236,260.728,-14.961,2025-03-14,1028.0,strict_gakutto_next_open,1.181,7.0
7187,2022-01-12,85,kuitto_pullback_auto,くいっと押し目版,2.4226804123711254,-2.801263115004582,-3.6702755708539203,3.1993352030746713,1.4014221073044602,1096779105.0,4.0081961320008626,-4.700239808153473,3,2022-01-13,1000.0,0.654,False,-16.2,-11.2,-12.95,79.0,-33.4,2022-01-14,950.0,stop_loss,-5.0,2.0
7187,2023-04-20,397,kuitto_pullback_auto,くいっと押し目版,3.2630522088353375,-2.2326216242566144,-3.47812733938615,2.267077657353078,1.50242065626681,215242900.0,2.705048961733454,-5.207373271889404,0,2023-04-21,1018.0,-1.021,True,0.295,0.491,4.126,75.835,-14.342,2023-04-27,985.5,strict_gakutto_next_open,-3.193,5.0
7187,2023-06-02,425,kuitto_pullback_auto,くいっと押し目版,2.6153846153846194,-4.236790606653617,-3.5539480667544754,1.9565881993274248,1.4085297418630751,377526435.0,2.9306775183836655,-7.957681692732288,3,2023-06-05,1015.5,1.499,False,-0.935,9.7,5.81,76.268,-14.131,2023-06-26,1070.0,max15_next_open,5.367,16.0
7187,2025-12-15,1046,kuitto_pullback_auto,くいっと押し目版,2.145922746781115,-2.6959072496158587,-2.780870727090523,2.2190408017179752,1.3004846526655898,97389130.0,1.8307322929171668,-3.186440677966107,0,2025-12-16,1418.0,-0.7,True,-0.776,3.032,2.821,6.135,-15.726,2025-12-23,1407.0,strict_gakutto_next_open,-0.776,6.0
7189,2025-02-12,840,kuitto_pullback_auto,くいっと押し目版,2.5870646766169125,-3.517055309308148,-0.015909949684778102,2.5360517155643914,1.9606099110546378,863420760.0,2.6049605099071638,-3.6448598130841114,1,2025-02-13,2059.0,-0.145,True,-0.68,-3.157,-2.817,150.17,-24.381,2025-02-20,2046.0,strict_gakutto_next_open,-0.631,6.0
7198,2023-08-24,482,kuitto_pullback_auto,くいっと押し目版,1.7391304347825987,-3.1355932203389836,-4.151888170248286,1.8720069656073202,1.4742268041237114,103803495.0,1.5033577533577533,-7.326732673267323,1,2023-08-25,932.0,-0.427,True,0.0,0.536,1.502,5.258,-26.824,2023-09-01,935.0,strict_gakutto_next_open,0.322,6.0
7198,2025-05-22,906,kuitto_pullback_auto,くいっと押し目版,1.5978695073235683,-3.1737773152965665,-2.817561585334094,2.224008574490899,2.404452690166976,87792880.0,1.6476315296760906,-3.417721518987338,0,2025-05-23,765.0,0.262,True,6.275,7.059,5.098,24.183,-0.131,2025-06-09,813.0,strict_gakutto_next_open,6.275,12.0
7199,2023-02-28,361,kuitto_pullback_auto,くいっと押し目版,1.9108280254777066,-2.0457128425306115,-1.8594001610305888,2.550955005768496,1.7193119624706803,258056895.0,2.5580357142857144,-3.0890369473046686,0,2023-03-01,1600.0,0.0,True,1.625,-2.063,-1.5,66.75,-15.625,2023-03-16,1520.0,stop_loss,-5.0,12.0
7199,2023-12-15,559,kuitto_pullback_auto,くいっと押し目版,1.9963702359346636,-2.221963704048402,-0.7800900285168888,0.11876484560569,1.7937625754527162,301658510.0,2.181833587527538,-4.691916336913515,0,2023-12-18,1663.0,-1.364,True,6.194,9.621,9.2,60.433,-5.592,2024-01-12,1817.0,max15_next_open,9.26,16.0
7199,2026-07-30,1197,kuitto_pullback_auto,くいっと押し目版,1.8334985133795945,-3.6232571374371525,-2.073046552287272,0.7945850500294283,1.4648760330578512,366071205.0,2.408759124087591,-6.590909090909092,1,2026-07-31,2042.0,-0.633,True,3.82,4.505,3.967,10.921,-2.253,2026-08-04,2048.0,strict_gakutto_next_open,0.294,3.0
7201,2022-05-06,160,kuitto_pullback_auto,くいっと押し目版,2.3874755381604773,-4.383366455435134,-1.8050043669460503,2.0519622376531155,1.3752424821951237,8769504554.5,3.1004259501965907,-5.010893246187342,3,2022-05-09,521.4,-0.344,True,-5.984,-4.699,-5.984,36.651,-44.227,2022-05-11,495.33,stop_loss,-5.0,3.0
7201,2022-05-18,168,kuitto_pullback_auto,くいっと押し目版,2.238046795523907,-4.156659177190669,-3.1204530875979963,1.4372804715571785,1.2915641665111492,10239607720.5,3.512437810945273,-8.769063180827875,4,2022-05-19,485.0,-3.483,True,0.742,11.237,15.67,46.907,-40.041,2022-06-09,562.2,max15_next_open,15.918,16.0
7201,2025-06-27,932,kuitto_pullback_auto,くいっと押し目版,1.5007215007214914,-4.309813372190774,-3.953597953642829,2.7041233500759265,4.139256184286638,7355651263.0,2.733660993541572,-4.168937329700273,1,2025-06-30,355.0,0.938,False,-0.197,-13.296,-14.0,31.268,-18.085,2025-07-02,337.25,stop_loss,-5.0,3.0
7201,2026-07-15,1187,kuitto_pullback_auto,くいっと押し目版,2.82192669477781,-2.000382238644316,-2.9904261074137684,2.775256127609893,1.8027457710223094,10767746894.0,2.8481297881928778,-7.580174927113703,2,2026-07-16,316.7,-0.095,True,4.926,12.093,5.81,13.104,-5.336,2026-07-27,328.7,strict_gakutto_next_open,3.789,7.0
7202,2023-06-02,425,kuitto_pullback_auto,くいっと押し目版,2.0948860135551417,-4.981290926099158,-0.8051373111819249,1.5816576753310496,1.2752173506590634,5010199830.0,2.051901025950513,-4.4956772334293955,1,2023-06-05,1690.0,1.992,False,2.929,4.467,1.982,73.314,-4.852,2023-06-21,1715.5,strict_gakutto_next_open,1.509,13.0
7203,2022-09-08,247,kuitto_pullback_auto,くいっと押し目版,1.8604651162790642,-2.7773814619298953,-2.446104792271453,1.492755744182639,1.2673442945864668,41943816832.5,1.4299447248257628,-4.695373339441133,1,2022-09-09,2070.0,-0.505,True,-1.449,-5.169,-6.208,93.237,-14.783,2022-09-26,1966.5,stop_loss,-5.0,10.0
7203,2024-04-24,645,kuitto_pullback_auto,くいっと押し目版,1.8867924528301883,-5.105859709153126,-3.971899486625241,1.8007878446820502,1.3388452055859739,97619000770.0,2.6257600884466554,-4.939569101418817,1,2024-04-25,3560.0,-1.603,True,0.59,-5.449,-3.174,12.36,-38.68,2024-05-10,3504.0,strict_gakutto_next_open,-1.573,9.0
7211,2023-04-28,403,kuitto_pullback_auto,くいっと押し目版,1.5779092702169706,-2.145922746781115,-1.1377010592389158,2.182539682539675,1.6028603425424581,5210302755.0,2.1359223300970873,-4.452690166975881,1,2023-05-01,524.0,1.748,False,-8.969,-13.359,-9.733,29.962,-42.615,2023-05-10,497.8,stop_loss,-5.0,5.0
7220,2022-09-22,256,kuitto_pullback_auto,くいっと押し目版,3.17848410757946,-3.8465981286819995,-0.912863070539427,0.9810959559703347,1.7405590975968612,399299125.0,2.9324644549763033,-5.328098710039264,2,2022-09-26,1658.0,-1.777,True,-6.152,0.181,-2.774,536.309,-18.034,2022-09-30,1575.1,stop_loss,-5.0,5.0
7220,2023-03-24,378,kuitto_pullback_auto,くいっと押し目版,2.245862884160754,-4.936035322087617,-3.789358898632378,2.125147579693043,1.9000933706816059,374563955.0,3.3030553261767133,-5.722070844686645,2,2023-03-27,1734.0,0.231,True,7.67,0.634,1.499,508.42,-21.626,2023-04-07,1712.0,strict_gakutto_next_open,-1.269,10.0
7220,2024-02-22,603,kuitto_pullback_auto,くいっと押し目版,2.0858895705521574,-2.347753545465381,-1.7208733791913344,1.4510425557858753,1.9407735697018533,708631495.0,2.5669642857142856,-3.6479444122756277,0,2024-02-26,1679.0,0.901,False,-1.37,-5.777,-4.765,528.35,-11.793,2024-03-08,1579.0,stop_gap_open,-5.956,10.0
7224,2024-03-19,620,kuitto_pullback_auto,くいっと押し目版,1.5833333333333366,-2.4334100624794575,-0.7126444437044355,2.213650846889159,1.7947368421052632,316720710.0,1.828196413922419,-1.135442011354415,0,2024-03-21,1248.0,2.379,False,1.603,-2.644,-2.324,119.872,-10.577,2024-03-29,1234.0,strict_gakutto_next_open,-1.122,7.0
7224,2024-07-31,711,kuitto_pullback_auto,くいっと押し目版,3.344947735191628,-3.9338578477130293,-1.2482246258057494,2.5445996404370064,1.6861575178997614,303059680.0,2.032559483672093,-2.7540983606557323,0,2024-08-01,1460.0,-1.551,True,-11.918,-9.795,-8.699,87.945,-23.562,2024-08-02,1328.0,stop_gap_open,-9.041,2.0
7231,2024-10-30,772,kuitto_pullback_auto,くいっと押し目版,1.8078512396694224,-2.2618926868850697,-2.80430193989345,1.91313340227508,7.2770562770562774,82076025.0,1.5619337537145754,-4.180845892075835,0,2024-10-31,1972.0,0.051,True,0.558,-5.375,-4.057,88.134,-12.576,2024-11-06,1941.0,strict_gakutto_next_open,-1.572,4.0
7231,2026-09-15,1229,kuitto_pullback_auto,くいっと押し目版,2.98013245033113,-3.300224287087472,-0.609316648103253,2.5049439683586083,1.8232189973614776,172451000.0,2.119889756545705,-2.6604068857590035,0,2026-09-16,3115.0,0.161,True,1.445,,,2.568,-0.321,,,,,
7236,2024-04-08,633,kuitto_pullback_auto,くいっと押し目版,1.6795865633074891,-4.441656210790457,-0.8411600784394624,2.3939630497007425,1.5078125,97986475.0,2.613904519876566,-3.078817733990147,0,2024-04-09,398.0,1.144,False,0.754,-4.02,-3.015,304.774,-33.04,2024-04-17,390.0,strict_gakutto_next_open,-2.01,7.0
7236,2025-01-24,828,kuitto_pullback_auto,くいっと押し目版,1.897810218978102,-2.793453724604955,-3.084688726864837,0.9837962962962798,1.9367088607594938,32390600.0,1.8419975440032748,-5.92991913746631,1,2025-01-27,350.0,0.287,True,3.286,3.286,3.714,360.286,-23.143,2025-02-05,362.0,strict_gakutto_next_open,3.429,8.0
7236,2026-01-13,1063,kuitto_pullback_auto,くいっと押し目版,2.784503631961255,-2.586826347305393,-2.5359215910172317,3.6123993165731116,1.4290429042904291,181808300.0,2.5071512704021535,-4.6067415730337125,0,2026-01-14,849.0,0.0,True,3.651,-0.707,17.786,89.753,-9.658,2026-01-26,867.0,strict_gakutto_next_open,2.12,9.0
7238,2022-04-19,151,kuitto_pullback_auto,くいっと押し目版,2.0270270270270174,-2.5367156208277786,-3.0047443331576162,2.5815217391304435,1.3579281700464207,101242470.0,2.1286660359508045,-5.031446540880502,0,2022-04-20,151.0,0.0,True,-1.325,1.325,-4.636,29.801,-45.695,2022-04-27,147.0,strict_gakutto_next_open,-2.649,6.0
7238,2025-10-20,1008,kuitto_pullback_auto,くいっと押し目版,1.724137931034475,-3.5775127768313486,-0.03501400560222967,3.327495621716281,1.3280673616680032,155399665.0,3.208232445520581,-0.8403361344537785,2,2025-10-21,118.0,0.0,True,2.542,-0.847,-1.695,55.085,-13.559,2025-10-29,118.0,strict_gakutto_next_open,0.0,7.0
7240,2022-08-10,227,kuitto_pullback_auto,くいっと押し目版,1.5665796344647598,-5.400465270854104,-2.12787758726688,1.8146920258244492,1.7688581314878893,612769660.0,2.54009058636308,-5.429497568881681,0,2022-08-12,1185.0,1.542,False,2.954,4.641,3.46,183.122,-7.595,2022-09-02,1230.0,max15_next_open,3.797,16.0
7240,2024-07-31,711,kuitto_pullback_auto,くいっと押し目版,3.251277287505805,-2.7391696750902472,-0.9881894825781057,3.098042853167615,1.2656403537504095,686863605.0,2.1704903283850654,-0.5591590248266609,0,2024-08-01,2173.5,-2.227,True,-6.694,-1.173,2.277,54.359,-17.345,2024-08-02,2064.825,stop_loss,-5.0,2.0
7241,2023-10-27,526,kuitto_pullback_auto,くいっと押し目版,3.47322720694645,-3.7614934522151033,-4.666483667307164,2.9369421249640038,1.765510658606427,330820655.0,2.907092907092907,-6.5359477124183,1,2023-10-30,708.0,-0.979,True,11.864,8.192,6.497,71.469,-19.633,2023-11-21,760.0,max15_next_open,7.345,16.0
7241,2024-06-14,679,kuitto_pullback_auto,くいっと押し目版,2.9055690072639306,-3.3661552553240215,-3.9996372211137388,0.3778932451582451,1.4858096828046745,316851105.0,2.5126050420168067,-6.077348066298338,1,2024-06-17,848.0,-0.235,True,0.59,4.127,4.363,39.033,-32.901,2024-07-03,882.0,strict_gakutto_next_open,4.009,13.0
7241,2025-01-20,824,kuitto_pullback_auto,くいっと押し目版,1.7316017316017396,-3.142536475869806,-0.9088830456156383,1.6729160657629194,1.8048780487804879,152283595.0,1.833839918946302,-3.424657534246578,0,2025-01-21,710.0,0.709,False,0.704,10.423,11.972,66.056,-15.634,2025-02-12,800.0,max15_next_open,12.676,16.0
7241,2026-04-28,1135,kuitto_pullback_auto,くいっと押し目版,3.125,-3.2604293236128012,-2.61722565939434,3.4482758620689724,1.4328451882845188,236651545.0,1.9552669552669555,-2.6548672566371723,0,2026-04-30,980.0,-1.01,True,2.857,8.673,1.837,16.939,-5.408,2026-05-21,1019.0,strict_gakutto_next_open,3.98,13.0
7242,2022-06-21,192,kuitto_pullback_auto,くいっと押し目版,2.203389830508473,-3.985742060920283,-0.6498291686206192,1.6520566419420124,1.5872534142640364,320464265.0,2.2245913290689407,-3.21027287319422,0,2022-06-22,1522.5,0.995,False,0.821,-2.135,-1.149,249.425,-3.974,2022-07-04,1512.5,strict_gakutto_next_open,-0.657,9.0
7242,2026-02-04,1079,kuitto_pullback_auto,くいっと押し目版,2.3307436182020025,-3.788373612018292,-1.7570126381610818,3.316898251904976,1.415977961432507,405386825.0,2.27765726681128,-2.330508474576276,0,2026-02-05,4700.0,1.952,False,2.979,11.064,12.553,13.191,-19.894,2026-03-02,5110.0,max15_next_open,8.723,16.0
7244,2022-09-08,247,kuitto_pullback_auto,くいっと押し目版,1.8617021276595702,-2.5600835945663536,-1.1713803292528469,2.2423918846769864,1.6436384571099596,63717200.0,1.939574785527788,-2.5445292620865145,0,2022-09-09,381.0,-0.522,True,3.15,-0.525,2.362,62.205,-13.386,2022-10-04,395.0,max15_next_open,3.675,16.0
7244,2023-06-05,426,kuitto_pullback_auto,くいっと押し目版,1.9685039370078705,-3.6279428791972324,-4.191845789030824,3.3932135728542923,1.2805397727272727,114699420.0,2.357970215113072,-5.474452554744524,0,2023-06-06,513.0,-0.965,True,4.678,14.425,9.552,20.468,-35.673,2023-06-23,563.0,strict_gakutto_next_open,9.747,14.0
7244,2023-10-27,526,kuitto_pullback_auto,くいっと押し目版,1.9157088122605304,-2.7417562060022105,-3.9052215884159747,1.21765601217656,1.5285481239804242,55420600.0,2.4973147153598285,-6.172839506172845,1,2023-10-30,532.0,0.0,True,3.571,5.639,-2.444,15.414,-37.97,2023-11-15,528.0,strict_gakutto_next_open,-0.752,12.0
7244,2023-11-28,546,kuitto_pullback_auto,くいっと押し目版,1.904761904761898,-3.4649776453055003,-2.0808293269230838,2.6083621020329906,1.6785714285714286,102921625.0,2.857142857142857,-4.804270462633453,0,2023-11-29,532.0,-0.561,True,0.188,0.376,2.82,15.414,-37.97,2023-12-06,531.0,strict_gakutto_next_open,-0.188,6.0
7244,2024-05-20,660,kuitto_pullback_auto,くいっと押し目版,3.4615384615384714,-5.190952910641455,-0.6366007056296863,3.8209185642609,3.2964601769911503,53986545.0,2.82793414763675,-1.46520146520146,0,2024-05-21,543.0,0.929,False,2.578,1.105,-0.368,11.602,-39.227,2024-05-30,542.0,strict_gakutto_next_open,-0.184,8.0
7244,2026-07-02,1178,kuitto_pullback_auto,くいっと押し目版,2.9880478087649376,-2.9581252401075786,-2.962792834175476,1.9723865877712132,2.2565284178187404,53631775.0,2.3348991434097814,-4.963235294117652,0,2026-07-03,517.0,0.0,True,-1.354,-0.387,0.387,17.215,-2.515,2026-07-10,511.0,strict_gakutto_next_open,-1.161,6.0
7246,2022-03-01,117,kuitto_pullback_auto,くいっと押し目版,2.3872679045092937,-3.814432989690719,-2.5811823480432983,3.0982905982906095,1.2939706341768198,319164070.0,2.4796447076239825,-3.7406483790523692,0,2022-03-02,378.0,-2.073,True,-8.995,-3.968,2.381,179.365,-9.259,2022-03-07,360.0,strict_gakutto_next_open,-4.762,4.0
7246,2023-10-27,526,kuitto_pullback_auto,くいっと押し目版,1.85185185185186,-3.0843664953129735,-3.288723519174208,2.3890784982935065,1.4263139814496737,311250880.0,2.813852813852814,-4.2089985486211905,0,2023-10-30,650.0,-1.515,True,-0.923,-6.769,-6.154,62.462,-31.692,2023-11-08,617.5,stop_loss,-5.0,7.0
7246,2024-07-31,711,kuitto_pullback_auto,くいっと押し目版,1.774193548387104,-3.6216047455510547,-3.621204579392734,1.8398967075532457,1.926401080351114,159150910.0,1.5395064523432194,-6.101190476190476,1,2024-08-01,621.0,-1.585,True,-13.043,-4.348,-3.704,70.048,-28.502,2024-08-02,587.0,stop_gap_open,-5.475,2.0
7259,2024-07-31,711,kuitto_pullback_auto,くいっと押し目版,2.0812273294880113,-3.622840141892647,-3.5793091016130374,1.566659961425132,1.489362787612877,16352173854.0,2.390383543176692,-6.411165022079257,2,2024-08-01,1697.3,-1.13,True,-6.163,-2.062,-1.667,85.883,-24.586,2024-08-05,1516.0,strict_gakutto_next_open,-10.682,3.0
7259,2024-12-04,796,kuitto_pullback_auto,くいっと押し目版,1.5648972077324297,-2.1560196560196476,-0.6363130907518388,2.897289231534428,2.1089578713968957,4393819490.0,2.3478636167457916,-1.2235153685467015,1,2024-12-05,1664.0,0.544,False,4.567,3.906,4.718,89.603,-23.077,2024-12-18,1709.5,strict_gakutto_next_open,2.734,10.0
7259,2025-11-26,1033,kuitto_pullback_auto,くいっと押し目版,1.7335766423357768,-4.436044645722648,-0.511443078960927,3.091830319168598,1.76168251224431,8344376512.5,2.316463805253043,-1.7101551480959043,1,2025-11-27,2783.0,-0.161,True,-1.491,5.875,7.079,13.367,-23.913,2025-12-04,2741.0,strict_gakutto_next_open,-1.509,6.0
7261,2025-01-23,827,kuitto_pullback_auto,くいっと押し目版,2.996070726915523,-3.0505243088655876,-0.8029635951046443,2.5026884348421152,1.4271349365178307,8335140984.0,2.8223993460044956,-4.33394160583942,1,2025-01-24,1048.5,0.0,True,1.097,0.525,0.62,33.047,-31.044,2025-02-03,975.5,stop_gap_open,-6.962,7.0
7261,2026-07-16,1188,kuitto_pullback_auto,くいっと押し目版,1.7921146953405076,-2.7865682137833914,-0.40308133285560377,2.167461102617141,1.4565660603637818,6799689237.5,2.637701207243461,-2.531102531102536,1,2026-07-17,1128.5,-0.66,True,-0.487,4.253,3.545,12.982,-3.234,2026-07-27,1145.0,strict_gakutto_next_open,1.462,6.0
7267,2024-07-31,711,kuitto_pullback_auto,くいっと押し目版,2.2346368715083775,-4.010488051963524,-4.454677826050924,2.0319662990955223,1.8461114454328005,48723747835.0,2.0817069997397866,-8.040201005025127,2,2024-08-01,1607.5,-2.398,True,-11.477,-3.795,-3.204,9.891,-28.087,2024-08-02,1527.0,stop_gap_open,-5.008,2.0
7269,2021-11-17,49,kuitto_pullback_auto,くいっと押し目版,2.8345974105569605,-3.6345527790578425,-0.08353757040802101,3.149110134325128,1.4865199876045863,8384186242.0,2.5952256787390526,-1.4102093279471206,1,2021-11-18,1334.8,-0.559,True,-4.967,-15.246,-13.657,85.271,-34.147,2021-11-25,1268.06,stop_loss,-5.0,5.0
7269,2024-05-14,656,kuitto_pullback_auto,くいっと押し目版,1.538461538461533,-2.2437841115827806,-0.7697792037074103,3.7328094302554016,2.537587657784011,11957786755.0,2.806122448979592,0.0,1,2024-05-15,1875.0,1.461,False,-1.573,0.187,-0.987,31.893,-30.667,2024-05-16,1781.25,stop_loss,-5.0,2.0
7269,2024-08-01,712,kuitto_pullback_auto,くいっと押し目版,1.7691415313225045,-4.961853010593343,-4.03428369981933,0.7060039031109966,1.698090207232832,11172884710.0,2.8213166144200628,-10.209825997952915,2,2024-08-02,1634.5,-6.84,True,-0.826,6.546,2.967,51.3,-20.465,2024-08-05,1480.5,stop_gap_open,-9.422,2.0
7269,2025-12-12,1045,kuitto_pullback_auto,くいっと押し目版,2.8316610925306573,-3.9674932277557695,-0.917423311829435,-0.03901339459881914,2.074566571284296,15125513255.0,2.377338619749721,-5.935141749949013,2,2025-12-15,2282.0,-1.041,True,2.213,1.49,1.008,6.88,-26.819,2025-12-24,2327.0,strict_gakutto_next_open,1.972,8.0
7269,2026-06-12,1164,kuitto_pullback_auto,くいっと押し目版,1.521739130434785,-4.071406201064831,-0.8222104729328716,1.6156231300658241,1.2657221394440734,13965912782.5,3.2005200367084736,-5.345832277679252,3,2026-06-15,1925.0,3.051,False,-0.442,2.0,9.61,18.857,-6.182,2026-06-23,1938.0,strict_gakutto_next_open,0.675,7.0
7272,2021-12-07,62,kuitto_pullback_auto,くいっと押し目版,1.5548780487804725,-4.080497447205822,-4.261921596354778,2.500718007631386,1.8410351201478743,5299893829.5,2.8541407556718275,-5.432005299517373,1,2021-12-08,1008.3,0.901,False,-5.782,-9.977,-5.683,97.064,-28.265,2021-12-14,966.7,strict_gakutto_next_open,-4.126,5.0
7272,2023-05-22,416,kuitto_pullback_auto,くいっと押し目版,2.212389380530966,-2.60210803689066,-1.6737133285073313,2.697704195045625,1.3323043282526208,5639952985.5,1.5868893011750147,-1.1384062312762122,1,2023-05-23,1175.0,1.732,False,0.281,4.996,6.919,69.106,-18.06,2023-06-01,1146.7,strict_gakutto_next_open,-2.409,8.0
7272,2023-07-19,457,kuitto_pullback_auto,くいっと押し目版,1.6372702240083248,-3.930468795609776,-1.6303523808674503,3.1853967390483184,1.4579856721449642,6460897044.0,2.0047280829297374,-1.980908634177847,1,2023-07-20,1365.7,0.0,True,0.754,1.801,-5.96,45.493,-29.501,2023-08-04,1342.7,strict_gakutto_next_open,-1.684,12.0
7276,2024-10-28,770,kuitto_pullback_auto,くいっと押し目版,2.1076688674454003,-2.142998222397796,-2.1361275158505943,1.443059690196269,2.3951338199513383,2277039110.0,1.9149465307137528,-5.654622243078366,1,2024-10-29,2010.0,-0.025,True,-1.692,-2.836,-2.488,47.91,-24.179,2024-11-05,1989.0,strict_gakutto_next_open,-1.045,5.0
7276,2025-02-27,850,kuitto_pullback_auto,くいっと押し目版,1.7029080429656895,-3.4301856335754666,-3.6443148688046656,1.2572382492566092,3.0226645644461962,2313875530.0,2.156473099286082,-5.570420822184385,1,2025-02-28,1928.0,-0.67,True,-0.467,1.4,5.524,54.201,-20.954,2025-03-24,2028.0,max15_next_open,5.187,16.0
7278,2023-10-27,526,kuitto_pullback_auto,くいっと押し目版,1.624695369618201,-2.5736754309317766,-3.984175879161267,1.8646690008957023,1.6119005328596803,381848955.0,2.024095009706521,-5.1554207733131125,0,2023-10-30,2460.0,-1.679,True,6.22,3.943,2.602,155.691,-2.52,2023-11-21,2514.0,max15_next_open,2.195,16.0
7280,2025-11-26,1033,kuitto_pullback_auto,くいっと押し目版,2.3178807947019875,-4.29737859905458,-3.9012092466777726,3.045798132503341,1.7740303541315345,113017625.0,2.8895053166897826,-3.235908141962418,0,2025-11-27,927.0,0.0,True,-0.971,0.324,5.286,132.147,-1.834,2025-12-12,931.0,strict_gakutto_next_open,0.431,12.0
7282,2025-06-11,920,kuitto_pullback_auto,くいっと押し目版,2.8501781361335077,-4.269752593774934,-3.0963512514907365,3.5335422250745596,1.643551523007129,863765270.0,1.955983852064071,-2.263007840342124,1,2025-06-12,2771.0,1.039,False,-1.859,-1.407,2.58,106.424,-4.294,2025-07-03,2873.0,max15_next_open,3.681,16.0
7283,2022-05-30,176,kuitto_pullback_auto,くいっと押し目版,1.6528925619834656,-2.836684109060872,-0.2583398854318797,3.8851351351351315,1.849213691026827,117363455.0,2.7197057684862567,-3.780964797913955,0,2022-05-31,734.0,-0.542,True,2.589,0.817,-4.223,244.278,-9.264,2022-06-10,755.0,strict_gakutto_next_open,2.861,9.0
7294,2023-10-27,526,kuitto_pullback_auto,くいっと押し目版,1.6968325791855143,-2.5844930417495027,-4.321655913047251,1.7198461190314651,1.3096590909090908,55578825.0,2.097568727157159,-8.730964467005077,1,2023-10-30,900.0,0.111,True,1.556,-0.889,-0.667,41.222,-9.444,2023-11-09,890.0,strict_gakutto_next_open,-1.111,8.0
7296,2021-10-28,36,kuitto_pullback_auto,くいっと押し目版,1.6455696202531733,-3.023255813953496,-0.7538003055270304,1.3121372697451505,1.5518590998043054,260938545.0,1.721223981497954,-3.31125827814569,0,2021-10-29,1609.0,0.187,True,-0.622,-2.797,-2.672,169.111,-23.12,2021-11-18,1528.55,stop_loss,-5.0,14.0
7309,2021-12-02,59,kuitto_pullback_auto,くいっと押し目版,2.5908372827804005,-2.6980198019802004,-0.8583906430400079,2.753164556962018,1.3650026838432636,5300656650.0,2.3890184345989702,-1.5762352227947862,1,2021-12-03,32830.0,1.109,False,-1.645,1.279,-2.711,1.889,-54.63,2021-12-07,31188.5,stop_loss,-5.0,3.0
7309,2022-12-09,308,kuitto_pullback_auto,くいっと押し目版,1.7075306479859886,-3.920664206642066,-2.1253178164940434,1.2509262084295925,1.2612773559624832,6969658475.0,2.137014943730398,-5.318932137762378,1,2022-12-12,23050.0,-0.775,True,-3.991,-7.961,-9.241,24.924,-35.38,2022-12-14,22600.0,strict_gakutto_next_open,-1.952,3.0
7309,2024-01-23,582,kuitto_pullback_auto,くいっと押し目版,1.8778280542986359,-4.592265193370171,-0.8532578937762381,3.6172856551152766,1.7899891186071817,4525439650.0,2.1890168459122488,-1.6812227074235797,1,2024-01-24,22280.0,-1.044,True,-3.434,-4.825,-10.076,29.241,-33.146,2024-01-29,21800.0,strict_gakutto_next_open,-2.154,4.0
7337,2022-02-07,103,kuitto_pullback_auto,くいっと押し目版,1.8840579710144967,-3.17869415807559,-2.8370003979759972,2.8379169104739477,1.347191011235955,556372820.0,2.865271286323918,-5.256064690026951,0,2022-02-08,701.0,-0.284,True,0.999,-2.996,-6.562,252.354,-16.12,2022-02-18,696.0,strict_gakutto_next_open,-0.713,8.0
7337,2022-03-11,125,kuitto_pullback_auto,くいっと押し目版,2.4390243902439046,-2.3067705212702183,-4.348080524344578,2.7837259100642386,1.8828869047619048,467159680.0,2.6466836734693877,-6.666666666666665,1,2022-03-14,679.0,1.042,False,0.147,2.504,-3.829,263.77,-13.402,2022-04-01,641.0,stop_gap_open,-5.596,14.0
7337,2026-08-06,1202,kuitto_pullback_auto,くいっと押し目版,2.094594594594601,-3.867475664585962,-0.6058158319870777,2.3296762833536544,1.3697667884237146,1797131282.5,3.2728246824871574,-3.6556854410201955,3,2026-08-07,2280.0,0.596,False,3.706,0.899,4.298,8.333,-2.697,2026-08-20,2266.5,strict_gakutto_next_open,-0.592,9.0
7347,2022-06-21,192,kuitto_pullback_auto,くいっと押し目版,1.6891891891891886,-2.7159685863874405,-1.670738955292872,1.074546675621213,1.8719512195121952,50944930.0,2.9663028001898435,-5.1968503937007915,2,2022-06-22,605.0,0.498,True,0.661,1.983,-1.322,86.612,-8.264,2022-07-05,614.0,strict_gakutto_next_open,1.488,10.0
7347,2025-02-06,837,kuitto_pullback_auto,くいっと押し目版,2.5675675675675746,-2.867863843473617,-2.463133148108565,3.9441248972884146,1.5267993874425727,62887730.0,2.1362695275738757,-0.654450261780104,0,2025-02-07,762.0,0.395,True,0.0,-5.381,-3.15,17.06,-13.255,2025-02-12,723.9,stop_loss,-5.0,3.0
7347,2025-03-03,852,kuitto_pullback_auto,くいっと押し目版,2.6425591098748313,-3.67587872283337,-2.3498835887162284,2.3010812309398387,1.6082758620689654,71982360.0,2.8455284552845526,-4.774193548387096,0,2025-03-04,729.0,-1.22,True,3.292,6.996,9.191,22.359,-9.328,2025-03-26,794.0,max15_next_open,8.916,16.0
7350,2022-10-04,246,kuitto_pullback_auto,くいっと押し目版,1.650485436893212,-3.676674364896071,-1.948637080423521,0.22975301550833827,1.5820895522388059,72842410.0,2.1728748806112703,-4.514363885088923,0,2022-10-05,2105.0,0.525,False,-2.613,-2.043,-0.903,293.349,-7.743,2022-10-11,2034.0,strict_gakutto_next_open,-3.373,4.0
7350,2023-12-08,537,kuitto_pullback_auto,くいっと押し目版,1.5833333333333366,-2.0683453237410054,-1.6776159504579002,1.5579438473714902,2.684684684684685,90126530.0,2.0918785890073828,-2.3237179487179516,0,2023-12-11,2448.0,0.41,True,-5.188,-6.454,-4.167,238.235,-20.67,2023-12-15,2341.0,strict_gakutto_next_open,-4.371,5.0
7366,2024-05-07,651,kuitto_pullback_auto,くいっと押し目版,2.2392135445111983,-2.784296991679114,-4.678094603320082,2.2615535889872307,2.029976019184652,286372005.0,2.9227716727716726,-6.165413533834585,3,2024-05-08,1850.0,-1.175,True,3.081,4.486,-5.73,6.973,-56.378,2024-05-23,1871.0,strict_gakutto_next_open,1.135,12.0
7366,2025-01-20,824,kuitto_pullback_auto,くいっと押し目版,2.539298669891177,-4.051222351571592,-4.47699131399002,2.539298669891177,1.2610868207370394,147439980.0,3.445080862533693,-5.251396648044693,2,2025-01-21,848.0,0.0,True,3.066,34.316,36.557,129.599,-1.769,2025-02-12,1150.0,max15_next_open,35.613,16.0
7366,2025-06-24,929,kuitto_pullback_auto,くいっと押し目版,2.786885245901649,-2.946301283066677,-4.949851411589901,2.1006350757205583,1.4752941176470589,143754445.0,2.130325814536341,-7.317073170731703,1,2025-06-25,1259.0,0.399,True,-0.556,1.668,0.079,54.647,-10.802,2025-07-02,1253.0,strict_gakutto_next_open,-0.477,6.0
7366,2025-09-09,982,kuitto_pullback_auto,くいっと押し目版,2.645502645502651,-3.850110213078628,-4.338363319791072,2.988017594418335,1.2968036529680365,258951535.0,2.6351777824531872,-7.3037542662116035,1,2025-09-10,1358.0,0.0,True,2.946,1.988,-4.86,43.373,-17.305,2025-09-22,1383.0,strict_gakutto_next_open,1.841,8.0
7366,2026-09-14,1228,kuitto_pullback_auto,くいっと押し目版,1.6638935108153063,-3.440790187778131,-2.828278429750264,2.677571140488455,1.6392961876832846,204119835.0,2.7823240589198037,-5.564142194744981,0,2026-09-15,1829.0,-0.218,True,5.03,,,5.85,-1.039,,,,,
7380,2026-06-08,1143,kuitto_pullback_auto,くいっと押し目版,2.5691699604743157,-2.9927760577915463,-1.0341004663965037,0.2414292612264557,1.641068447412354,1127097105.0,3.7228186072116713,-4.857928505957831,3,2026-06-09,2094.0,0.867,False,7.975,6.734,13.563,36.055,-0.669,2026-06-22,2174.0,strict_gakutto_next_open,3.82,10.0
7381,2022-08-10,210,kuitto_pullback_auto,くいっと押し目版,3.076923076923066,-2.3891519586741294,-0.15307238136890167,2.715724923346463,2.5273972602739727,259220975.0,2.413950654888821,-0.8456659619450302,0,2022-08-12,471.5,0.533,False,0.212,4.772,3.075,192.259,-20.467,2022-08-22,473.0,strict_gakutto_next_open,0.318,7.0
7381,2022-09-16,236,kuitto_pullback_auto,くいっと押し目版,2.685284640171859,-2.5796979865771785,-2.2668230956171986,2.4651661307609762,3.073226544622426,370532800.0,2.286312014345487,-4.304304304304307,0,2022-09-20,482.0,0.837,False,-3.838,0.622,-3.216,185.892,-22.199,2022-09-26,457.9,stop_loss,-5.0,4.0
7381,2024-07-12,682,kuitto_pullback_auto,くいっと押し目版,2.316602316602312,-3.7735849056603765,-1.229414889580338,1.8056089127929331,1.4532374100719425,330871900.0,2.2911051212938007,-3.8112522686025385,0,2024-07-16,528.0,-0.377,True,-1.326,4.167,-16.856,160.985,-20.928,2024-07-23,526.0,strict_gakutto_next_open,-0.379,6.0
7383,2025-01-21,757,kuitto_pullback_auto,くいっと押し目版,2.1008403361344463,-3.496784565916411,-3.241373763371669,0.9975062344139696,1.3641934777850733,594370790.0,3.4685479129923578,-7.954545454545459,3,2025-01-22,481.0,-1.029,True,1.871,-0.832,5.198,97.921,-33.056,2025-02-03,481.0,strict_gakutto_next_open,0.0,9.0
7384,2022-10-04,124,kuitto_pullback_auto,くいっと押し目版,3.3109404990403046,-2.288813310046889,-0.5895962385252806,1.022897897897912,1.8815331010452963,74620670.0,2.4052816667772543,-2.4467603081105627,0,2022-10-05,2170.0,0.79,False,0.829,2.673,1.705,161.751,-39.954,2022-10-27,2192.0,max15_next_open,1.014,16.0
7384,2024-10-07,617,kuitto_pullback_auto,くいっと押し目版,1.5686274509803866,-2.499722253082992,-1.3821900678813837,2.6265142080833304,2.0031645569620253,79076715.0,1.812307934756914,-0.928961748633883,0,2024-10-08,1796.0,-0.938,True,-1.448,-1.726,-0.835,216.258,-27.45,2024-10-16,1770.0,strict_gakutto_next_open,-1.448,6.0
7388,2026-07-30,941,kuitto_pullback_auto,くいっと押し目版,3.125,-2.3430432422652525,-0.3725932859791281,3.3529845246868195,1.2956926658905705,106991615.0,2.2345301757066465,-0.2666666666666706,0,2026-07-31,2225.0,-0.847,True,-3.955,0.225,0.36,6.472,-5.079,2026-08-04,2150.0,strict_gakutto_next_open,-3.371,3.0
7389,2023-07-18,194,kuitto_pullback_auto,くいっと押し目版,2.550335570469797,-3.16027088036116,-0.38365215537911057,2.1663546402781453,1.5243055555555556,359485475.0,2.3279730740463713,-2.3017902813299296,0,2023-07-19,467.8,2.051,False,0.086,3.292,2.736,341.855,-11.415,2023-08-09,479.2,max15_next_open,2.437,16.0
7419,2025-10-21,1009,kuitto_pullback_auto,くいっと押し目版,2.468152866242046,-4.871511425413022,-3.0206140646958812,1.8035121025154144,1.2869798657718121,1309463794.5,3.6041736041736048,-4.786565066212923,3,2025-10-22,1298.0,0.855,False,2.465,-12.943,-12.25,23.806,-18.49,2025-10-30,1238.0,strict_gakutto_next_open,-4.622,7.0
7421,2025-11-07,1021,kuitto_pullback_auto,くいっと押し目版,1.556156968876854,-3.548219391733809,-3.276557014692505,0.8872160236590876,1.2751423149905123,119487265.0,1.4847244694013515,-5.419029615626969,0,2025-11-10,1551.0,3.331,False,-1.161,-0.451,-0.064,7.479,-12.83,2025-11-18,1503.0,strict_gakutto_next_open,-3.095,7.0
7438,2022-04-04,140,kuitto_pullback_auto,くいっと押し目版,2.8155339805825186,-4.033613445378159,-0.5301982480405698,2.2595596755504044,1.4059405940594059,90228440.0,2.8530959125859976,-2.3963133640553025,0,2022-04-05,1068.0,0.85,False,-0.936,-1.311,-0.468,70.412,-10.674,2022-04-12,1014.6,stop_loss,-5.0,6.0
7438,2022-09-08,247,kuitto_pullback_auto,くいっと押し目版,1.9743336623889496,-2.0221660509430306,-1.2138480152999453,2.034768866060843,1.4166666666666667,13237600.0,1.1685797261789517,-1.1483253588516762,0,2022-09-09,1029.0,-0.387,True,-1.846,-3.499,-2.721,76.871,-7.289,2022-10-03,998.0,strict_gakutto_next_open,-3.013,15.0
7438,2026-08-07,1203,kuitto_pullback_auto,くいっと押し目版,2.310231023102305,-5.134690780321238,-2.4070419609472316,3.0996408141545695,1.5805555555555555,50120470.0,1.8571428571428572,-3.546981953951467,0,2026-08-10,1556.0,0.387,True,2.892,5.398,9.062,16.967,-0.514,2026-09-01,1688.0,max15_next_open,8.483,16.0
7447,2022-06-24,195,kuitto_pullback_auto,くいっと押し目版,1.9839142091152784,-2.252829382874233,-2.6576671588272593,3.033586132177679,1.7533333333333334,60240475.0,2.1819137749737116,-3.842264914054605,0,2022-06-27,1942.0,2.103,False,-2.678,0.927,2.626,39.135,-17.714,2022-07-04,1925.0,strict_gakutto_next_open,-0.875,6.0
7447,2022-12-07,306,kuitto_pullback_auto,くいっと押し目版,1.7412935323383172,-2.1295047215262985,-0.08820070560564552,0.2942618930848351,1.336734693877551,57597665.0,1.896611945511701,-2.5726536445926595,0,2022-12-08,2046.0,0.049,True,1.222,-0.733,-4.448,32.063,-21.896,2022-12-19,2004.0,strict_gakutto_next_open,-2.053,8.0
7453,2022-08-10,227,kuitto_pullback_auto,くいっと押し目版,1.5564202334630295,-3.5645041014168544,-0.9093135754087434,0.8033369380503697,1.3768675752496173,3665517490.0,2.594417077175698,-5.571635311143275,1,2022-08-12,655.5,0.46,True,0.0,0.458,-2.975,605.568,-10.526,2022-08-29,638.0,strict_gakutto_next_open,-2.67,12.0
7453,2022-12-08,307,kuitto_pullback_auto,くいっと押し目版,2.375960866526894,-3.367595347579111,-0.856335217825066,2.375960866526894,1.9048083805062137,3439181230.0,2.1111652852267184,-2.463382157123839,1,2022-12-09,737.0,0.614,False,3.46,0.475,4.817,527.544,-11.126,2022-12-20,732.5,strict_gakutto_next_open,-0.611,8.0
7453,2023-02-13,351,kuitto_pullback_auto,くいっと押し目版,2.939068100358422,-2.4781751619262216,-0.2951458536305851,3.1757436413277773,3.005584228784161,2920429060.0,2.01949860724234,0.0,1,2023-02-14,723.5,0.766,False,-2.972,-5.252,-4.63,539.254,-9.468,2023-02-22,687.325,stop_loss,-5.0,7.0
7453,2026-09-25,1234,kuitto_pullback_auto,くいっと押し目版,2.47975708502024,-2.21695551276353,-4.578097810934767,2.0099743085990607,1.3321375817683057,10937968395.0,2.869488536155203,-7.428571428571429,2,,,,,,,,,,,,,,
7456,2022-02-24,114,kuitto_pullback_auto,くいっと押し目版,3.285328532853282,-4.082505991098939,-2.408551398625669,2.0181365576102506,2.1144945188794155,221716715.0,3.1310301898537194,-4.653095139177399,2,2022-02-25,2315.0,0.871,False,8.553,3.888,3.326,282.721,-16.199,2022-03-08,2381.0,strict_gakutto_next_open,2.851,8.0
7456,2023-10-10,513,kuitto_pullback_auto,くいっと押し目版,2.6191498497209142,-3.8830097491875604,-0.7431363104658417,3.5528596187174966,1.372037914691943,142880695.0,2.286312014345487,-2.129402129402125,0,2023-10-11,2398.0,0.335,True,1.043,5.254,9.049,269.475,-4.087,2023-11-01,2650.0,max15_next_open,10.509,16.0
7456,2023-12-15,559,kuitto_pullback_auto,くいっと押し目版,2.0042643923240844,-5.353111899387297,-3.6720486338083225,1.4505047077784328,1.5789473684210527,121900840.0,2.2216913521261348,-6.489444878811568,1,2023-12-18,2362.0,-1.254,True,0.677,1.439,4.657,275.106,-2.625,2023-12-25,2388.0,strict_gakutto_next_open,1.101,6.0
7456,2025-08-19,967,kuitto_pullback_auto,くいっと押し目版,2.8340080971659853,-4.745937580603554,-0.47367854451501046,3.028664142779891,1.7585185185185186,260260375.0,2.924634420697413,-3.1766200762388785,2,2025-08-20,3850.0,1.05,False,-0.519,2.987,5.714,130.13,-1.169,2025-09-10,4060.0,max15_next_open,5.455,16.0
7458,2023-05-31,423,kuitto_pullback_auto,くいっと押し目版,1.6196013289036637,-3.2163044343603064,-1.312165883687011,0.4185817465528485,2.4264919941775838,530179115.0,2.2855975246657714,-4.414062500000004,0,2023-06-01,2430.0,-0.695,True,3.272,5.926,7.284,18.889,-42.263,2023-06-22,2594.0,max15_next_open,6.749,16.0
7458,2023-08-10,473,kuitto_pullback_auto,くいっと押し目版,3.2486930545182924,-4.10285431330244,-1.0270707011886593,1.6768404795175273,1.843013468013468,552121015.0,2.0756910359080343,-3.6417494336992484,0,2023-08-14,2776.5,0.416,True,-0.792,-0.036,3.764,4.052,-49.469,2023-08-21,2747.0,strict_gakutto_next_open,-1.062,6.0
7459,2024-09-26,749,kuitto_pullback_auto,くいっと押し目版,2.4801587301587213,-2.4621864828642592,-1.3576235785565105,1.26259655726777,2.8972962823882837,1188174850.0,2.433964873461485,-3.385708941264498,1,2024-09-27,2536.5,-1.781,True,1.104,2.03,-1.084,25.448,-15.001,2024-10-15,2571.0,strict_gakutto_next_open,1.36,12.0
7466,2022-03-10,124,kuitto_pullback_auto,くいっと押し目版,1.710730948678063,-3.0738946093276764,-1.724614109921141,2.1077283372365363,1.6936936936936937,10716615.0,1.9823066841415464,-2.3880597014925398,0,2022-03-11,650.0,-0.612,True,3.077,3.923,2.692,132.462,-2.538,2022-04-04,666.5,max15_next_open,2.538,16.0
7466,2025-08-22,970,kuitto_pullback_auto,くいっと押し目版,1.9839594765723945,-3.7250226132719333,-0.001698917789361154,2.616377845735629,2.2142857142857144,29385345.0,1.8004966887417218,-2.0275750202757514,0,2025-08-25,1223.5,1.283,False,-4.74,-3.31,-2.942,23.498,-9.277,2025-08-28,1162.325,stop_loss,-5.0,4.0
7466,2026-03-27,1113,kuitto_pullback_auto,くいっと押し目版,1.5922330097087434,-3.3090467516696975,-2.704184176868263,2.3474178403755763,1.7422680412371134,50124920.0,2.3563783311489734,-4.245973645680823,0,2026-03-30,1248.0,-4.587,True,1.522,5.849,6.17,21.074,-4.968,2026-04-20,1335.0,max15_next_open,6.971,16.0
7476,2022-08-25,237,kuitto_pullback_auto,くいっと押し目版,2.4844720496894457,-2.4515738498789297,-0.20372885541424246,2.0723785957315277,1.4918478260869565,395315300.0,2.510822510822511,-1.3452914798206317,0,2022-08-26,3360.0,1.818,False,-4.315,-6.25,-8.929,0.0,-41.696,2022-08-30,3220.0,strict_gakutto_next_open,-4.167,3.0
7476,2024-04-26,647,kuitto_pullback_auto,くいっと押し目版,2.957522826518466,-2.9974830295172006,-1.5990963299932326,1.2650814103315033,1.6728558797524316,259434027.5,2.4332810047095763,-3.6231884057971064,0,2024-04-30,2604.5,0.424,True,0.0,-4.358,-6.431,24.669,-24.784,2024-05-15,2474.275,stop_loss,-5.0,10.0
7476,2024-05-30,668,kuitto_pullback_auto,くいっと押し目版,1.8200836820083666,-3.310182364648062,-4.8908296943231395,1.5735871107771748,1.84645286686103,302980715.0,3.2346121107164865,-8.92589820359282,3,2024-05-31,2458.0,1.007,False,4.15,6.713,9.825,32.099,-20.301,2024-06-21,2709.0,max15_next_open,10.212,16.0
7476,2025-05-07,895,kuitto_pullback_auto,くいっと押し目版,2.533333333333343,-2.2687911326636723,-1.0459482622916405,1.944321696862561,1.3323636363636364,317183305.0,1.5387949718248808,-0.6459948320413411,0,2025-05-08,2295.0,-0.52,True,-1.373,-3.094,-4.139,15.534,-14.641,2025-05-15,2269.0,strict_gakutto_next_open,-1.133,6.0
7476,2025-05-30,912,kuitto_pullback_auto,くいっと押し目版,1.984036488027363,-3.063389620723178,-2.5676153438218274,1.4196942894725062,1.4821802935010482,354206617.5,2.221760797342193,-4.075504075504077,0,2025-06-02,2236.0,0.0,True,7.782,8.497,5.523,18.582,-12.388,2025-06-23,2400.0,max15_next_open,7.335,16.0
7482,2021-12-28,77,kuitto_pullback_auto,くいっと押し目版,2.6102610261026005,-4.093166638122958,-0.1922460749759547,1.6586409844836725,1.7808219178082192,13525395.0,2.431077694235589,-4.841402337228717,0,2021-12-29,1140.0,0.0,True,-3.421,-6.053,-7.281,38.509,-22.281,2022-01-04,1119.0,strict_gakutto_next_open,-1.842,3.0
7483,2024-07-31,711,kuitto_pullback_auto,くいっと押し目版,2.323503127792681,-3.7241856044240795,-2.1244575108497976,2.3600929733595732,2.735294117647059,84293310.0,1.8371802869619462,-1.8851756640959727,0,2024-08-01,2061.0,-10.0,True,0.582,4.076,5.725,82.193,-5.046,2024-08-23,2174.0,max15_next_open,5.483,16.0
7504,2021-11-12,46,kuitto_pullback_auto,くいっと押し目版,2.9546946815495634,-3.280343174362854,-2.3026567156575473,2.2031025941859017,1.7307692307692308,26259635.0,2.068148688046647,-2.850061957868655,0,2021-11-15,1579.0,0.702,False,-1.583,-6.84,-3.23,229.322,-10.006,2021-11-22,1554.0,strict_gakutto_next_open,-1.583,6.0
7504,2024-07-30,710,kuitto_pullback_auto,くいっと押し目版,2.257525083612033,-2.4105245955221455,-1.1245245576318896,2.2746278641913475,2.0786516853932584,22945305.0,2.0937974535685084,-0.6095083299471726,0,2024-07-31,2402.0,-1.799,True,-10.2,-4.496,-2.789,116.486,-24.188,2024-08-05,2285.0,strict_gakutto_next_open,-4.871,4.0
7508,2022-06-17,190,kuitto_pullback_auto,くいっと押し目版,2.891030392883609,-4.926727145847865,-2.6570117170795715,1.6254209986821033,1.7655954631379962,79524650.0,2.830382873610539,-4.670329670329664,0,2022-06-20,1400.0,0.865,False,5.286,0.929,3.643,25.214,-20.857,2022-07-04,1414.0,strict_gakutto_next_open,1.0,11.0
7508,2022-09-29,260,kuitto_pullback_auto,くいっと押し目版,1.7385257301808066,-2.161718429333692,-2.0737012009958145,2.179075289844956,1.287598944591029,59333730.0,2.3679328190606386,-2.596537949400801,0,2022-09-30,1450.0,-0.889,True,5.241,10.276,5.793,20.897,-23.586,2022-10-21,1540.0,strict_gakutto_next_open,6.207,15.0
7508,2023-03-24,378,kuitto_pullback_auto,くいっと押し目版,1.6416845110635236,-4.855554048555533,-2.605682605682602,1.3234666287178065,1.3283018867924528,68319545.0,2.387640449438202,-5.944517833553498,1,2023-03-27,1435.0,0.772,False,0.767,-4.111,-1.185,22.16,-22.787,2023-04-06,1388.0,strict_gakutto_next_open,-3.275,9.0
7513,2025-08-20,968,kuitto_pullback_auto,くいっと押し目版,2.231404958677685,-2.808361257379932,-2.6183701524984837,1.5265922521339403,1.559116809116809,304947060.0,2.1596027254879315,-3.0564263322883978,0,2025-08-21,1251.0,1.132,False,-2.318,-13.189,-6.715,21.263,-14.948,2025-08-28,1202.0,strict_gakutto_next_open,-3.917,6.0
7520,2025-12-10,1043,kuitto_pullback_auto,くいっと押し目版,1.7406143344709912,-2.3707473881596663,-0.10909586799399129,1.7406143344709912,2.220183486238532,37574480.0,1.6820817558824939,-1.7792421746293252,0,2025-12-11,2980.0,-0.034,True,1.007,3.188,0.671,10.57,-26.376,2025-12-29,3115.0,strict_gakutto_next_open,4.53,13.0
7522,2022-04-18,150,kuitto_pullback_auto,くいっと押し目版,1.5200868621064068,-3.594215227562736,-1.1148707270518865,2.544417635446372,4.03899721448468,96838690.0,2.5897631779984724,-2.9075804776739322,0,2022-04-19,937.0,0.214,True,-3.095,-1.494,-3.202,31.057,-12.7,2022-05-10,890.15,stop_loss,-5.0,12.0
7525,2022-04-13,147,kuitto_pullback_auto,くいっと押し目版,2.3627075351213334,-2.7835683629675145,-3.8708271805175554,0.9191639385545125,2.6315789473684212,20233655.0,3.0077533196684785,-7.979334098737079,3,2022-04-14,1606.0,0.187,True,0.436,-2.927,-1.37,192.03,-4.483,2022-04-18,1581.0,strict_gakutto_next_open,-1.557,3.0
7525,2023-07-18,456,kuitto_pullback_auto,くいっと押し目版,2.64026402640265,-5.253341622629781,-0.38812367685110427,2.0006559527713907,1.25,52576695.0,2.5953146531924665,-5.900151285930411,1,2023-07-19,3110.0,0.0,True,0.965,4.662,1.125,50.804,-22.669,2023-07-24,3035.0,strict_gakutto_next_open,-2.412,4.0
7525,2024-02-09,595,kuitto_pullback_auto,くいっと押し目版,1.5492957746478853,-2.9740791268758504,-1.8467475192943783,1.2356079752878335,1.6633663366336633,50405925.0,2.5460669704775114,-4.376657824933683,0,2024-02-13,3690.0,2.358,False,0.136,3.117,7.995,27.1,-34.824,2024-03-06,3980.0,max15_next_open,7.859,16.0
7532,2024-02-02,590,kuitto_pullback_auto,くいっと押し目版,2.131603336422616,-3.0063291139240444,-2.438876344477614,2.8432775461954884,1.865349404943546,6052688880.000001,2.1670555699593774,-2.5353773584905537,1,2024-02-05,668.0,1.028,False,0.269,5.269,3.922,70.569,-8.772,2024-02-28,693.0,max15_next_open,3.743,16.0
7537,2022-10-04,263,kuitto_pullback_auto,くいっと押し目版,1.5037593984962516,-3.8992492128844702,-1.790572290646475,1.9894233190631994,1.7379480840543882,106477200.0,2.751322751322751,-2.9940119760479056,0,2022-10-05,820.0,1.235,False,-3.78,-1.585,0.976,135.122,-7.195,2022-10-13,788.0,strict_gakutto_next_open,-3.902,6.0
7545,2026-06-29,1175,kuitto_pullback_auto,くいっと押し目版,1.9483938915218602,-2.636240491820363,-2.49766815214012,2.8911564625850428,1.2756370416407707,396002970.0,1.9554309327036599,-2.0738492665655084,0,2026-06-30,1955.0,0.981,False,4.552,3.223,1.535,6.65,-2.148,2026-07-22,1949.0,max15_next_open,-0.307,16.0
7550,2024-05-13,655,kuitto_pullback_auto,くいっと押し目版,2.0499999999999963,-2.421941480657197,-1.3286736342355887,2.2955092221331075,1.578525641025641,2538513245.0,2.235132171437904,-0.5683663527119243,1,2024-05-14,6127.0,0.065,True,4.749,1.387,1.289,96.997,-14.379,2024-05-23,6165.0,strict_gakutto_next_open,0.62,8.0
7550,2025-06-09,918,kuitto_pullback_auto,くいっと押し目版,2.7973822661362835,-2.455726684392723,-4.610299064873768,2.363915154612828,1.931454418928323,4180682835.0,1.6227686930470602,-7.333718912666276,2,2025-06-10,7982.0,-0.362,True,-1.278,3.495,9.471,51.215,-7.529,2025-06-17,7890.0,strict_gakutto_next_open,-1.153,6.0
7550,2026-02-02,1077,kuitto_pullback_auto,くいっと押し目版,1.5002953337271085,-3.2229723480995065,-3.588537663999114,2.5273859812414923,1.2889818688981869,3437419415.0,2.019320297951583,-3.579845135226123,1,2026-02-03,8600.0,0.093,True,5.14,10.523,15.814,40.349,-14.174,2026-02-26,10000.0,max15_next_open,16.279,16.0
7552,2024-11-28,792,kuitto_pullback_auto,くいっと押し目版,1.6209476309226867,-2.1706956092747864,-1.0713754278061538,2.155928804211582,1.5975395430579964,449452725.0,3.6108676599474143,-2.8605482717520836,2,2024-11-29,2037.5,0.0,True,7.607,9.816,16.933,112.515,-0.613,2024-12-20,2382.5,max15_next_open,16.933,16.0
7552,2025-07-23,949,kuitto_pullback_auto,くいっと押し目版,2.1818181818181737,-2.5502873563218342,-1.5659955257270708,3.0058651026392935,1.8974358974358974,466283450.0,2.452974072191154,-2.260869565217394,0,2025-07-24,2845.0,1.246,False,1.582,2.636,11.599,52.197,-12.654,2025-08-15,3175.0,max15_next_open,11.599,16.0
7554,2022-08-12,228,kuitto_pullback_auto,くいっと押し目版,1.7871649065800188,-2.765625000000005,-2.334923424554358,0.6587403598971697,2.010135135135135,33469420.0,1.3909474404286855,-4.351145038167936,0,2022-08-15,1234.0,-1.516,True,-2.188,-5.997,-12.48,18.72,-25.446,2022-08-24,1172.3,stop_loss,-5.0,8.0
7575,2024-06-20,683,kuitto_pullback_auto,くいっと押し目版,1.9718309859154903,-2.214089661482166,-3.3402997982127314,1.2115563839701693,1.359026369168357,175341045.0,1.848197842672981,-4.653204565408253,0,2024-06-21,1088.0,0.184,True,5.515,5.974,7.445,51.195,-10.846,2024-07-12,1167.0,max15_next_open,7.261,16.0
7575,2025-10-06,999,kuitto_pullback_auto,くいっと押し目版,1.5779092702169706,-2.494420375475914,-1.3589255499153907,3.524524256231576,1.615819209039548,231055025.0,1.9325011558021268,-0.45103092783504994,0,2025-10-07,1545.0,0.0,True,-4.79,-1.489,-2.654,6.472,-19.806,2025-10-15,1494.0,strict_gakutto_next_open,-3.301,6.0
7581,2023-02-28,361,kuitto_pullback_auto,くいっと押し目版,1.82724252491695,-2.6683854334515034,-3.321774513441933,1.4161868837270886,1.3366013071895424,417196595.0,1.491493824283384,-4.665629860031107,0,2023-03-01,3050.0,-0.489,True,9.18,6.885,5.41,176.066,-1.475,2023-03-15,3270.0,strict_gakutto_next_open,7.213,11.0
7581,2024-06-19,682,kuitto_pullback_auto,くいっと押し目版,2.6365348399246757,-2.6218611521418023,-0.04522840343734735,2.75263951734539,1.7052722558340536,1057659800.0,2.2804718217562256,0.0,1,2024-06-20,5440.0,-0.183,True,-0.735,6.066,5.699,54.779,-30.515,2024-07-10,5620.0,strict_gakutto_next_open,3.309,15.0
7593,2022-05-02,159,kuitto_pullback_auto,くいっと押し目版,2.1598272138228847,-3.195568811248406,-1.269759004923554,3.45581802274717,1.680043980208906,186055660.0,2.14436726064633,-2.8747433264887046,0,2022-05-06,471.0,-0.423,True,-5.096,-3.185,-1.911,22.081,-9.13,2022-05-12,447.45,stop_loss,-5.0,5.0
7600,2022-12-20,315,kuitto_pullback_auto,くいっと押し目版,1.5495867768595017,-2.037489812550941,-4.732721809267748,1.992114546586432,2.8748403575989783,86139275.0,2.303444266821683,-8.387698042870461,1,2022-12-21,960.0,-2.34,True,-9.062,-11.042,-14.792,20.104,-53.646,2022-12-23,912.0,stop_loss,-5.0,3.0
7606,2025-09-03,978,kuitto_pullback_auto,くいっと押し目版,1.7527675276752808,-2.343026486386368,-1.4249137259267575,3.801995106342937,2.5515177426250535,462644015.0,2.337780080300479,-1.3857845328565044,0,2025-09-04,2220.0,0.635,False,0.0,-2.162,-2.793,24.144,-14.414,2025-09-29,2149.0,max15_next_open,-3.198,16.0
7606,2026-04-07,1120,kuitto_pullback_auto,くいっと押し目版,2.655601659751028,-3.2286705948825545,-4.098686828491838,2.655601659751028,1.4703982777179763,506521190.0,2.439658159140778,-5.608546356352539,0,2026-04-08,2498.0,0.97,False,-1.441,-1.401,-0.841,10.328,-8.527,2026-04-15,2466.0,strict_gakutto_next_open,-1.281,6.0
7607,2025-09-04,979,kuitto_pullback_auto,くいっと押し目版,2.4615384615384706,-2.1295740851829614,-2.428111203913619,1.8037297462549784,1.7826086956521738,119045450.0,1.6087516087516087,-3.1976744186046457,0,2025-09-05,3325.0,-0.15,True,1.203,2.707,2.105,4.211,-14.195,2025-09-18,3280.0,strict_gakutto_next_open,-1.353,9.0
7609,2022-12-14,311,kuitto_pullback_auto,くいっと押し目版,1.724137931034475,-2.123440469305138,-0.8655914875164816,1.741251682368783,1.7433628318584071,76003000.0,1.9163763066202089,-2.1044111695669776,0,2022-12-15,1200.0,-0.785,True,-4.5,-1.958,-7.625,309.167,-9.292,2022-12-21,1170.5,strict_gakutto_next_open,-2.458,5.0
7609,2023-01-12,329,kuitto_pullback_auto,くいっと押し目版,1.5852047556142779,-4.108881040571976,-3.5565716643173984,2.798324570002686,1.6898395721925135,69433045.0,2.328317542881912,-5.41205412054121,0,2023-01-13,1144.0,-0.824,True,1.267,4.545,8.348,329.196,-0.35,2023-02-03,1247.0,max15_next_open,9.003,16.0
7609,2024-04-24,645,kuitto_pullback_auto,くいっと押し目版,1.6417910447761086,-5.0571428571428605,-3.0888255482519833,2.190876350540205,1.4915966386554622,83494725.0,2.4753513740297883,-5.41666666666667,0,2024-04-25,1697.5,-0.294,True,-0.442,-4.86,-7.069,189.249,-32.842,2024-05-10,1635.0,strict_gakutto_next_open,-3.682,9.0
7611,2022-03-15,127,kuitto_pullback_auto,くいっと押し目版,1.5963511972634015,-2.2714557457759965,-0.06383512299659166,1.6311166875784044,1.4894957983193278,264761920.0,2.37694404361071,-0.9449694274596965,0,2022-03-16,1790.0,0.449,True,-0.279,0.559,0.559,117.877,-2.57,2022-03-25,1780.0,strict_gakutto_next_open,-0.559,7.0
7611,2022-12-28,321,kuitto_pullback_auto,くいっと押し目版,1.5576323987538832,-2.4417654270535327,-1.6527908788910306,1.9599666388657067,2.185185185185185,113583315.0,1.2671633070406076,-1.2619888944977231,0,2022-12-29,1951.0,-0.256,True,-2.922,0.051,3.588,99.897,-4.152,2023-01-05,1918.0,strict_gakutto_next_open,-1.691,4.0
7611,2026-06-10,1162,kuitto_pullback_auto,くいっと押し目版,2.5196850393700787,-2.2660706027439526,-4.185668487831295,2.262016965127245,1.5184729064039408,447208765.0,2.463243361860873,-5.856832971800429,1,2026-06-11,2610.0,0.23,True,-2.452,-4.368,-3.985,19.157,-5.9,2026-06-18,2555.0,strict_gakutto_next_open,-2.107,6.0
7613,2024-07-31,711,kuitto_pullback_auto,くいっと押し目版,2.0242914979757165,-3.522656734947227,-2.8267999375292674,1.2536162005785778,1.5217391304347827,161216020.0,1.9671201814058954,-4.8338368580060465,0,2024-08-01,1255.0,-0.397,True,-14.183,-9.721,-7.729,34.9,-29.801,2024-08-02,1156.0,stop_gap_open,-7.888,2.0
7628,2021-11-01,38,kuitto_pullback_auto,くいっと押し目版,1.5467383994619999,-2.0429682351390532,-1.5031436572092716,1.2471503285503394,1.2730923694779117,35307290.0,1.9631031220435196,-2.3285899094437235,0,2021-11-02,755.0,0.0,True,-2.848,4.834,1.391,71.391,-19.868,2021-11-25,765.5,max15_next_open,1.391,16.0
7628,2022-10-04,263,kuitto_pullback_auto,くいっと押し目版,1.9019751280175523,-4.059616749467709,-2.70371007511897,2.622660969500501,1.3716814159292035,40389120.0,2.1741359860527125,-1.9704433497536922,0,2022-10-05,698.5,0.287,True,0.143,0.429,2.147,85.254,-3.006,2022-10-14,702.0,strict_gakutto_next_open,0.501,7.0
7630,2023-05-31,423,kuitto_pullback_auto,くいっと押し目版,1.9193857965451144,-2.0817843866171137,-1.1832546993185145,0.6062902614626831,3.556451612903226,136812050.0,1.4527845036319613,-2.925045703839124,0,2023-06-01,1066.0,0.377,True,0.375,0.375,1.876,27.017,-21.201,2023-06-22,1086.0,max15_next_open,1.876,16.0
7630,2026-03-09,1100,kuitto_pullback_auto,くいっと押し目版,2.259887005649719,-2.880838061981661,-2.1467140787567396,1.5029161058770724,1.7243931320307875,383180695.0,1.3338595106550908,-2.6881720430107503,0,2026-03-10,908.0,0.331,True,-0.661,1.101,1.211,31.167,-7.489,2026-03-17,905.0,strict_gakutto_next_open,-0.33,6.0
7630,2026-06-29,1175,kuitto_pullback_auto,くいっと押し目版,3.033838973162184,-2.5588768115942018,-0.587209835764746,1.8689432395016192,2.3074123097286567,345938130.0,1.9899692606374375,-1.8888888888888844,0,2026-06-30,880.0,-0.34,True,3.068,3.182,2.841,35.341,-2.045,2026-07-13,906.0,strict_gakutto_next_open,2.955,10.0
7637,2022-02-28,116,kuitto_pullback_auto,くいっと押し目版,2.9468786351299014,-3.574121550294085,-2.795012257498264,3.3315170857009413,1.9380530973451326,129031955.0,3.23379069141781,-4.255319148936165,2,2022-03-01,2683.0,1.055,False,-6.15,-7.156,-1.155,52.255,-32.911,2022-03-07,2548.85,stop_loss,-5.0,5.0
7637,2023-12-15,559,kuitto_pullback_auto,くいっと押し目版,2.081362346263016,-4.862222222222224,-3.7698234522890117,0.6905561776782365,1.322085889570552,44654530.0,1.5556732424202302,-6.133101348412351,1,2023-12-18,2135.0,-1.066,True,5.948,8.993,12.131,91.335,-15.691,2024-01-12,2400.0,max15_next_open,12.412,16.0
7637,2024-06-12,677,kuitto_pullback_auto,くいっと押し目版,1.549841493483628,-2.7821884708318922,-0.20665804419951472,1.5355356765513806,1.7142857142857142,34634770.0,2.1530152123284276,-2.6013513513513553,0,2024-06-13,2883.0,0.0,True,0.59,0.763,-1.492,41.693,-37.565,2024-06-25,2864.0,strict_gakutto_next_open,-0.659,9.0
7637,2026-04-08,1121,kuitto_pullback_auto,くいっと押し目版,2.57142857142858,-3.172857928218009,-2.3670511542538963,1.8150879183210566,2.3785714285714286,57165125.0,3.5160025012790634,-4.047346315387557,2,2026-04-09,2513.0,0.0,True,0.716,-3.979,-5.611,62.555,-7.083,2026-04-21,2485.0,strict_gakutto_next_open,-1.114,9.0
7649,2022-02-24,114,kuitto_pullback_auto,くいっと押し目版,2.0312646260413736,-3.8980671633732755,-3.667547597216969,1.71136367877871,2.4134333224649493,1805500971.0,2.687418086500656,-5.488597936356543,1,2022-02-25,1086.7,-0.303,True,0.607,-0.313,-3.994,87.448,-25.002,2022-03-07,1071.7,strict_gakutto_next_open,-1.38,7.0
7649,2022-06-22,193,kuitto_pullback_auto,くいっと押し目版,2.3668639053254337,-4.092292319571234,-3.1437385344127544,1.8869702466489224,1.4842259721203228,1136034735.0,2.6440957886044614,-6.314307375717531,2,2022-06-23,865.0,0.0,True,15.803,16.96,14.832,135.491,-0.775,2022-07-14,991.7,max15_next_open,14.647,16.0
7649,2023-12-22,564,kuitto_pullback_auto,くいっと押し目版,2.073349633251831,-4.378178542608902,-3.0168985707035967,1.8919868791002603,1.4222054380664653,966965031.0,1.9764847588934982,-3.557567917205695,1,2023-12-25,1058.3,1.399,False,2.079,4.914,5.282,92.479,-1.162,2024-01-17,1096.2,strict_gakutto_next_open,3.581,14.0
7649,2024-02-16,599,kuitto_pullback_auto,くいっと押し目版,2.7663124615789902,-3.2244793005913985,-0.16910658285165248,3.0268880632494444,1.3211732807493222,1622901420.0,1.8250848450814268,-0.6621392190152786,1,2024-02-19,1170.2,0.0,True,4.486,-0.444,5.179,74.073,-9.844,2024-02-29,1187.8,strict_gakutto_next_open,1.504,8.0
7679,2022-03-29,136,kuitto_pullback_auto,くいっと押し目版,2.4128686327077764,-3.1802426343154333,-3.0862491796483704,2.111734830259304,1.411764705882353,72698130.0,2.231363749688357,-5.872689938398357,1,2022-03-30,2306.0,0.611,False,-0.087,-12.229,-20.382,30.529,-31.917,2022-04-06,2154.0,stop_gap_open,-6.592,6.0
7679,2022-11-22,296,kuitto_pullback_auto,くいっと押し目版,2.0233463035019383,-2.2718638401337143,-2.754352147460992,1.5098722415795685,1.4393939393939394,79366635.0,2.263811703170971,-5.886575735821964,1,2022-11-24,2650.0,1.068,False,-2.642,1.623,1.132,13.585,-40.755,2022-12-01,2574.0,strict_gakutto_next_open,-2.868,6.0
7679,2025-12-10,1043,kuitto_pullback_auto,くいっと押し目版,1.8589132507149664,-3.3654287024300844,-0.39021999359060144,1.1071158213474597,1.8916256157635467,56572135.0,1.838358179022662,-2.642369020501134,0,2025-12-11,2127.0,-0.468,True,-1.74,2.445,1.269,4.843,-24.354,2026-01-06,2154.0,max15_next_open,1.269,16.0
7679,2026-04-03,1118,kuitto_pullback_auto,くいっと押し目版,2.3735810113518996,-2.1503174278107773,-2.9233259154359703,3.365635094300301,1.2551724137931035,91933210.0,2.4085541474654377,-1.9762845849802368,0,2026-04-06,1980.0,-0.202,True,-6.515,-7.879,-12.121,1.162,-18.737,2026-04-09,1949.0,strict_gakutto_next_open,-1.566,4.0
7679,2026-06-29,1175,kuitto_pullback_auto,くいっと押し目版,2.5516403402187082,-3.07216003810431,-2.001678053457978,3.228962818003911,1.7236842105263157,41945555.0,1.9041976980365607,-0.23640661938534313,0,2026-06-30,1679.0,-0.533,True,2.144,-0.119,5.182,7.921,-4.169,2026-07-02,1615.0,strict_gakutto_next_open,-3.812,3.0
7715,2024-02-21,602,kuitto_pullback_auto,くいっと押し目版,2.9200359389038644,-4.44076077473391,-0.6515830588404659,3.7684572877977995,1.4440124416796267,405682015.0,3.1926170730186443,-1.4623655913978517,2,2024-02-22,2300.0,0.393,True,1.913,10.043,-1.261,110.652,-33.435,2024-03-15,2258.0,max15_next_open,-1.826,16.0
7717,2022-06-24,195,kuitto_pullback_auto,くいっと押し目版,1.8129079042784602,-3.1131943472785806,-3.9350250435841505,1.1090306783811066,1.311046511627907,190439200.0,2.836284086284086,-8.68292682926829,1,2022-06-27,2844.0,1.282,False,-3.235,-0.598,0.879,257.947,-40.858,2022-07-04,2770.0,strict_gakutto_next_open,-2.602,6.0
7717,2024-04-09,634,kuitto_pullback_auto,くいっと押し目版,2.3387096774193594,-2.529416473224999,-1.3521967181559957,3.170731707317076,1.4556650246305418,114868265.0,2.265563435776202,-0.03938558487593946,0,2024-04-10,2541.0,0.118,True,1.653,-3.03,0.826,300.63,-33.806,2024-04-18,2548.0,strict_gakutto_next_open,0.275,7.0
7717,2024-04-24,645,kuitto_pullback_auto,くいっと押し目版,2.734217933252925,-3.037817730936143,-0.11158935118761315,1.9390360676667662,1.8742331288343559,126218205.0,2.9382163824433882,-1.8063028439661788,2,2024-04-25,2546.0,-0.352,True,-0.275,8.484,12.529,299.843,-33.936,2024-05-07,2563.0,strict_gakutto_next_open,0.668,6.0
7717,2024-07-03,692,kuitto_pullback_auto,くいっと押し目版,2.728731942215079,-2.0076481835564097,-0.2337565057922486,3.5598705501618033,3.152,255725125.0,3.908482142857143,-2.8831562974203306,2,2024-07-04,3265.0,2.031,False,-0.306,-6.126,-12.404,211.792,-48.484,2024-07-18,3185.0,strict_gakutto_next_open,-2.45,10.0
7717,2025-12-22,1051,kuitto_pullback_auto,くいっと押し目版,2.261048304213764,-2.074943689850517,-0.31855955678670167,3.689037098791159,1.6480086114101185,232498025.0,2.3737736300550374,0.0,0,2025-12-23,2964.0,-0.704,True,2.564,3.576,9.48,243.455,-0.202,2026-01-05,3040.0,strict_gakutto_next_open,2.564,7.0
7721,2022-05-06,160,kuitto_pullback_auto,くいっと押し目版,1.6407599309153698,-4.691983122362863,-2.066471499913902,3.4816247582204918,2.169642857142857,66927020.0,2.4760286442529433,-2.2425249169435224,0,2022-05-09,1180.0,0.255,True,-4.237,-5.0,11.695,708.475,-10.508,2022-05-12,1121.0,strict_gakutto_next_open,-5.0,4.0
7721,2023-10-31,528,kuitto_pullback_auto,くいっと押し目版,3.368421052631576,-3.320338755209029,-0.8070493288314218,1.909506019095053,1.8706896551724137,103255725.0,2.982251963922025,-3.788373612018292,2,2023-11-01,1493.0,1.358,False,-1.139,6.497,7.971,538.982,-1.608,2023-11-21,1632.0,strict_gakutto_next_open,9.31,14.0
7721,2025-02-06,837,kuitto_pullback_auto,くいっと押し目版,3.0944625407166138,-4.082268619507634,-0.9659039755115728,2.759740259740262,1.8596851471594797,778249365.0,3.8095238095238093,-5.5223880597014885,2,2025-02-07,3160.0,-0.158,True,7.753,2.532,-2.057,201.899,-20.538,2025-02-26,3002.0,stop_loss,-5.0,12.0
7723,2023-12-20,562,kuitto_pullback_auto,くいっと押し目版,2.589285714285716,-2.7848996552028993,-2.7073500254417127,3.606853020739398,1.3725490196078431,49462370.0,2.7974636329727716,-4.449064449064444,0,2023-12-21,2302.0,0.174,True,1.911,1.651,7.211,45.091,-27.281,2024-01-17,2468.0,max15_next_open,7.211,16.0
7723,2024-07-11,698,kuitto_pullback_auto,くいっと押し目版,2.4455313472654616,-2.868888305781503,-0.4768112577459682,3.3554638435313144,1.465,41847995.0,2.2724454365079363,-1.4542343883661268,0,2024-07-12,2293.0,-0.477,True,-0.654,-7.327,-16.572,45.661,-26.995,2024-07-25,2166.0,strict_gakutto_next_open,-5.539,9.0
7725,2022-12-27,320,kuitto_pullback_auto,くいっと押し目版,2.1636240703177823,-4.761904761904767,-3.7929876236984073,1.45024842218342,1.7157757496740547,206062430.0,3.1861586461189377,-5.503439649781116,2,2022-12-28,1480.0,-2.052,True,3.041,-0.338,0.405,54.595,-38.041,2023-01-16,1450.0,strict_gakutto_next_open,-2.027,11.0
7725,2025-08-27,973,kuitto_pullback_auto,くいっと押し目版,3.2305433186490484,-4.94238511731222,-0.5622536517505217,2.448265811716688,1.9757174392935983,138457315.0,2.519813046128836,-4.418762746431004,0,2025-08-28,1401.0,-0.356,True,-4.497,1.999,8.637,63.312,-9.493,2025-09-03,1338.0,strict_gakutto_next_open,-4.497,5.0
7725,2025-09-08,981,kuitto_pullback_auto,くいっと押し目版,1.520637219406229,-2.681003584229402,-2.4705544383797795,3.2400589101620136,2.6950354609929077,122642510.0,2.4098227022620744,-4.690686607749828,0,2025-09-09,1403.0,0.071,True,8.553,9.765,1.283,63.079,-9.622,2025-09-29,1500.0,strict_gakutto_next_open,6.914,13.0
7725,2025-11-26,1033,kuitto_pullback_auto,くいっと押し目版,1.921655580192172,-4.544808975997727,-3.2110485231464314,1.846381093057614,2.5866141732283463,76893810.0,2.532891329120481,-4.102920723226699,0,2025-11-27,1366.0,-0.943,True,-6.369,-6.735,-3.001,67.496,-7.174,2025-12-01,1354.0,strict_gakutto_next_open,-0.878,3.0
7729,2023-10-27,526,kuitto_pullback_auto,くいっと押し目版,1.5514809590973178,-4.165546895995698,-2.84038451094335,0.6148686416992843,1.4519490544191431,2407174100.0,4.0476190476190474,-9.433962264150942,4,2023-10-30,7230.0,0.417,True,13.306,14.523,21.992,194.744,-15.159,2023-11-01,7070.0,strict_gakutto_next_open,-2.213,3.0
7729,2023-12-13,557,kuitto_pullback_auto,くいっと押し目版,2.4941924440640584,-3.945623342175053,-3.09996234670582,3.0840363001401805,1.5839519264757864,3258477460.0,3.158603295785688,-6.156946154707265,4,2023-12-14,8500.0,1.396,False,0.376,0.6,3.106,150.706,-27.835,2023-12-22,8386.0,strict_gakutto_next_open,-1.341,7.0
7730,2023-10-05,511,kuitto_pullback_auto,くいっと押し目版,2.857142857142847,-2.7115025353616207,-2.567243675099873,2.3342262067457487,1.2572167169323567,495936402.5,2.338980463980464,-2.2709475332811313,0,2023-10-06,1874.5,0.134,True,6.162,9.789,8.562,28.568,-44.278,2023-10-27,2035.5,strict_gakutto_next_open,8.589,15.0
7731,2022-02-01,99,kuitto_pullback_auto,くいっと押し目版,1.9087136929460513,-2.9296875,-4.193828072316242,2.8992793698676023,1.5189454584267263,2731953105.0,3.5190786412284782,-6.4024390243902385,4,2022-02-02,1236.0,0.651,False,7.12,10.113,-4.773,93.366,-14.887,2022-02-21,1282.0,strict_gakutto_next_open,3.722,13.0
7733,2023-06-02,425,kuitto_pullback_auto,くいっと押し目版,2.384811298911793,-3.7984877634110403,-4.967451001035239,2.058714918759219,1.336412289395441,19385947692.5,2.9915358273567225,-10.176721511273612,4,2023-06-05,2230.0,0.859,False,-2.197,4.731,1.771,28.565,-41.592,2023-06-07,2189.0,strict_gakutto_next_open,-1.839,3.0
7734,2023-08-09,472,kuitto_pullback_auto,くいっと押し目版,2.941176470588225,-2.940067847719563,-4.04792023216014,1.7836370686312497,1.794759825327511,162657950.0,2.551020408163265,-4.7186932849364815,0,2023-08-10,2580.0,-1.714,True,-4.36,-3.101,2.326,74.419,-16.279,2023-08-17,2451.0,stop_loss,-5.0,5.0
7734,2023-11-17,540,kuitto_pullback_auto,くいっと押し目版,2.450980392156854,-3.7560192616372445,-0.5713535167794048,3.533685601056802,1.3514285714285714,437699850.0,3.4859876965140124,-1.104100946372244,2,2023-11-20,3160.0,0.797,False,-1.899,2.215,1.108,42.405,-31.646,2023-12-06,3160.0,strict_gakutto_next_open,0.0,12.0
7734,2024-09-13,742,kuitto_pullback_auto,くいっと押し目版,2.1024967148488782,-4.6382656919586545,-4.387291981845687,2.452531645569622,1.3580508474576272,205852225.0,3.2910461481890056,-7.168458781362008,3,2024-09-17,3920.0,0.901,False,4.974,-2.296,2.168,14.796,-44.898,2024-10-02,3724.0,stop_loss,-5.0,11.0
7734,2026-07-27,1194,kuitto_pullback_auto,くいっと押し目版,1.9345238095238138,-3.581744656268049,-4.631149861291961,1.662214306915999,1.729896907216495,312802625.0,3.263816475495308,-9.5112285336856,3,2026-07-28,3370.0,-1.606,True,4.896,0.297,1.187,11.276,-6.973,2026-08-12,3390.0,strict_gakutto_next_open,0.593,11.0
7735,2021-12-07,62,kuitto_pullback_auto,くいっと押し目版,1.9315188762071944,-2.446117003079029,-0.7055225384909547,1.5925796289814498,1.647314578005115,6987192600.0,3.2914974775439894,-4.365733113673809,3,2021-12-08,2985.0,2.842,False,-2.094,-0.251,3.183,562.312,-37.018,2021-12-21,2950.0,strict_gakutto_next_open,-1.173,10.0
7735,2025-09-08,981,kuitto_pullback_auto,くいっと押し目版,2.4200913242009126,-4.950928846827896,-4.591783124934324,2.927679882525691,1.2621896162528217,13185295150.0,3.136742882618941,-8.261758691206545,4,2025-09-09,5695.0,1.56,False,13.257,23.749,17.954,247.147,-0.834,2025-10-02,7017.5,max15_next_open,23.222,16.0
7735,2025-12-22,1051,kuitto_pullback_auto,くいっと押し目版,2.168949771689488,-4.4846693756926514,-0.8051702010633766,3.388525221409311,1.3674659753726506,14938617475.0,3.689811119978718,-4.346277164232282,3,2025-12-23,6670.0,-0.633,True,12.406,15.255,33.958,196.402,-0.037,2026-01-19,8850.0,max15_next_open,32.684,16.0
7740,2026-07-10,1184,kuitto_pullback_auto,くいっと押し目版,1.9625334522747506,-2.3147348419416125,-0.28911924405895517,1.0431400282885361,1.5156531126304427,814883125.0,2.7434070741157357,-10.703125000000002,1,2026-07-13,1144.0,0.087,True,-1.486,-0.874,24.738,27.885,-3.322,2026-07-21,1130.0,strict_gakutto_next_open,-1.224,6.0
7741,2025-07-08,939,kuitto_pullback_auto,くいっと押し目版,1.9748653500897717,-2.3435669088352484,-0.5546515909118033,1.755643138659968,2.193032462391132,18148878400.0,2.4396378269617705,-0.9302325581395321,1,2025-07-09,17285.0,1.438,False,4.946,7.55,9.517,75.875,-2.198,2025-07-23,18060.0,strict_gakutto_next_open,4.484,10.0
7741,2026-07-31,1198,kuitto_pullback_auto,くいっと押し目版,1.6059295861643008,-4.000796178343946,-3.736021822706459,2.2247079294059224,1.8878139700008876,26544598400.0,2.6834563612679116,-4.839953721558043,1,2026-08-03,24175.0,-2.026,True,6.06,9.204,2.978,11.375,-8.314,2026-08-20,25820.0,strict_gakutto_next_open,6.805,13.0
7744,2023-03-29,381,kuitto_pullback_auto,くいっと押し目版,2.161016949152539,-3.3532183814115712,-3.636944814658294,1.6641835099654223,2.434313725490196,493142307.0,3.2865240662835,-10.956543149082854,3,2023-03-30,728.0,0.65,False,-0.041,1.277,1.236,224.176,-2.843,2023-04-20,735.0,max15_next_open,0.962,16.0
7744,2023-12-20,562,kuitto_pullback_auto,くいっと押し目版,2.313278008298747,-2.924120407368702,-4.028932276564213,3.4725136382710797,1.2975460122699387,403399089.0,2.26387219188598,-4.242718446601945,0,2023-12-21,978.0,-0.842,True,2.935,6.677,5.654,141.309,-2.526,2024-01-17,1038.3,max15_next_open,6.166,16.0
7744,2026-04-30,1136,kuitto_pullback_auto,くいっと押し目版,2.768166089965396,-2.513328255902525,-2.1286353040088635,1.474033580632561,1.3655564581640942,465968020.0,2.281316567030853,-5.370960400546199,0,2026-05-01,2075.0,-0.192,True,-2.361,2.651,-1.012,6.747,-8.096,2026-05-13,2025.0,strict_gakutto_next_open,-2.41,6.0
7745,2022-12-29,322,kuitto_pullback_auto,くいっと押し目版,2.4242424242424176,-4.38361408882082,-3.634403634403638,1.2784658409908056,1.3714953271028036,166672545.0,2.916314454775993,-8.483754512635377,1,2022-12-30,1018.0,0.394,True,-0.786,-1.473,3.733,244.794,-4.322,2023-01-05,988.0,strict_gakutto_next_open,-2.947,3.0
7745,2023-05-15,411,kuitto_pullback_auto,くいっと押し目版,1.6176470588235237,-2.043516612760965,-1.2702078521940052,3.6137351926825545,3.022684310018904,168906165.0,2.63076286954724,-0.5039596832253412,0,2023-05-16,1380.0,-0.145,True,4.638,8.623,22.754,154.348,-3.768,2023-05-24,1370.0,strict_gakutto_next_open,-0.725,7.0
7745,2023-06-29,444,kuitto_pullback_auto,くいっと押し目版,2.9940119760478945,-3.4382622836566457,-0.08158564092720644,3.2660902977905915,1.4713333333333334,358456510.0,2.641196013289037,-0.9216589861751112,0,2023-06-30,1732.0,0.698,False,5.196,3.695,1.039,102.656,-23.326,2023-07-11,1798.0,strict_gakutto_next_open,3.811,8.0
7747,2021-11-12,46,kuitto_pullback_auto,くいっと押し目版,1.5625,-3.4216410325902835,-2.4791920075441953,2.4805549716207853,1.9182142187206903,1992291850.0,2.3907203907203907,-2.66222961730449,1,2021-11-15,2750.0,-5.983,True,3.309,-6.364,-13.527,55.709,-37.6,2021-11-29,2598.0,stop_gap_open,-5.527,10.0
7747,2022-08-31,241,kuitto_pullback_auto,くいっと押し目版,2.370249284838577,-3.97784104024006,-0.5542901740917205,0.3043164891487038,1.5376989667690588,2816426235.0,3.418876532648987,-7.666789531883522,4,2022-09-01,2471.0,-1.357,True,-3.804,0.04,-6.556,73.29,-22.906,2022-09-05,2347.45,stop_loss,-5.0,3.0
7747,2024-02-26,604,kuitto_pullback_auto,くいっと押し目版,2.5078919677306244,-3.05516170413882,-1.3060866105543245,1.5638575152041811,2.3213238374528697,2789565477.5,2.6897225956250765,-2.355496157701298,1,2024-02-27,2910.0,-0.428,True,5.876,2.56,-0.258,47.148,-34.536,2024-03-19,2862.0,max15_next_open,-1.649,16.0
7747,2024-07-08,695,kuitto_pullback_auto,くいっと押し目版,1.7101710171017137,-2.297982042848268,-0.6925505956652867,2.0776874435411097,1.407185628742515,3237696600.0,2.707016434892541,-0.6156552330694787,1,2024-07-09,2241.0,-0.841,True,8.612,8.188,5.868,91.075,-14.993,2024-07-24,2405.0,strict_gakutto_next_open,7.318,11.0
7751,2022-09-08,247,kuitto_pullback_auto,くいっと押し目版,2.046511627906966,-4.705328784848839,-3.2722855986091592,1.2864705158192935,1.3495118770009091,11637756240.0,1.7233146677084692,-5.998286203941728,2,2022-09-09,3291.0,0.0,True,0.577,-2.735,-3.403,60.255,-16.302,2022-09-21,3300.0,strict_gakutto_next_open,0.273,8.0
7752,2022-09-08,247,kuitto_pullback_auto,くいっと押し目版,2.0735155513666337,-2.845676760306459,-1.98524824777071,1.3665293897416664,1.3090325827148068,2039241385.0,1.7214087851206965,-3.303571428571428,1,2022-09-09,1090.0,0.646,False,2.569,-3.394,-4.404,68.899,-14.037,2022-09-22,1107.0,strict_gakutto_next_open,1.56,9.0
7752,2023-10-27,526,kuitto_pullback_auto,くいっと押し目版,1.5276630883567233,-3.969006957621757,-3.9762311144825757,1.1767610269914464,1.4553597737049915,2700694190.0,2.230872015337245,-4.874274661508704,1,2023-10-30,1210.0,-1.586,True,3.76,0.537,-2.562,52.149,-13.388,2023-11-21,1172.5,max15_next_open,-3.099,16.0
7762,2024-07-31,711,kuitto_pullback_auto,くいっと押し目版,1.5857284440039754,-3.5946462715105154,-4.445705637533104,1.46505642447039,1.4499757556166155,861151375.0,1.735191637630662,-7.906558849955081,2,2024-08-01,1010.0,-1.463,True,-9.703,-9.703,-8.614,189.109,-28.119,2024-08-02,959.5,stop_loss,-5.0,2.0
7769,2021-12-24,75,kuitto_pullback_auto,くいっと押し目版,1.5586546349466879,-2.435460301997072,-1.1629811629811693,2.585349685117677,1.9153846153846155,33834805.0,3.4848834525732753,-3.1298904538341166,2,2021-12-27,1237.0,-0.081,True,6.952,1.778,-3.314,258.933,-4.689,2022-01-11,1212.0,strict_gakutto_next_open,-2.021,9.0
7769,2026-06-15,1163,kuitto_pullback_auto,くいっと押し目版,1.8181818181818077,-2.7670171555063683,-1.090604026845643,2.912072377721242,1.298165137614679,143050650.0,2.119309262166405,-0.952380952380949,0,2026-06-16,3660.0,0.549,False,3.279,3.415,5.738,10.792,-0.82,2026-06-25,3725.0,strict_gakutto_next_open,1.776,8.0
7780,2024-12-27,813,kuitto_pullback_auto,くいっと押し目版,2.4199288256227858,-3.226245575823583,-4.964197926685898,1.1385999437728556,1.3687057844361215,458581830.0,2.337933088454284,-6.740116655865203,1,2024-12-30,1440.0,0.069,True,-6.458,-3.056,-4.097,44.861,-30.208,2025-01-06,1368.0,stop_loss,-5.0,2.0
7818,2023-12-20,562,kuitto_pullback_auto,くいっと押し目版,2.238095238095239,-2.3003676817196284,-0.7262771640968224,2.7961313798716914,1.3128964059196617,110424300.0,2.6415596513407413,-1.6491067338525012,0,2023-12-21,1073.5,0.0,True,-3.307,0.186,7.359,33.954,-25.151,2023-12-27,1038.0,strict_gakutto_next_open,-3.307,5.0
7818,2025-11-06,1020,kuitto_pullback_auto,くいっと押し目版,2.44140625,-2.705295471987723,-4.517453798767979,2.5415444770283457,1.3816964285714286,223386620.0,2.3151300558354895,-8.782608695652172,1,2025-11-07,1042.0,-0.667,True,3.263,1.44,4.415,38.004,-0.192,2025-11-19,1058.0,strict_gakutto_next_open,1.536,9.0
7818,2026-09-10,1226,kuitto_pullback_auto,くいっと押し目版,1.668129938542573,-3.1708551189070566,-3.3270664070368716,0.5382878972043814,1.8136557610241821,304795660.0,2.300764865531705,-8.168120539254565,1,2026-09-11,1160.0,0.173,True,6.207,,,8.19,-0.345,,,,,
7820,2024-12-26,812,kuitto_pullback_auto,くいっと押し目版,1.7699115044247815,-2.636766880236563,-3.209236338730981,1.7184735911043747,2.3486238532110093,38804270.0,1.3132209405501332,-3.0120481927710885,0,2024-12-27,811.0,0.745,False,-1.48,-2.466,-2.219,7.275,-14.55,2025-01-09,802.0,strict_gakutto_next_open,-1.11,6.0
7821,2022-11-11,289,kuitto_pullback_auto,くいっと押し目版,2.6378085897869497,-2.4925895984909685,-3.1635190181452666,3.6260584539743235,1.918421052631579,216024285.0,2.652388797364086,-3.343949044585992,0,2022-11-14,1482.5,-2.306,True,13.828,13.828,3.879,51.164,-10.826,2022-11-25,1737.5,strict_gakutto_next_open,17.201,9.0
7821,2023-12-06,552,kuitto_pullback_auto,くいっと押し目版,2.496580027359774,-2.6785122323145227,-1.0893802219058113,1.7518842941535828,1.367198838896952,183704185.0,2.0449020449020447,-3.0097087378640808,0,2023-12-07,1496.5,-0.133,True,2.573,1.236,-0.802,49.749,-11.661,2023-12-18,1480.0,strict_gakutto_next_open,-1.103,8.0
7821,2024-02-13,596,kuitto_pullback_auto,くいっと押し目版,1.6025641025640969,-2.5689223057644095,-2.2080040145527557,1.6677357280307836,1.8690176322418135,129928450.0,1.5209553853086977,-2.1604938271604923,0,2024-02-14,1575.0,-0.631,True,6.667,11.429,10.0,42.286,-16.063,2024-03-05,1720.0,strict_gakutto_next_open,9.206,14.0
7821,2024-11-15,783,kuitto_pullback_auto,くいっと押し目版,1.8079096045197751,-2.5429475587703476,-2.1663172606568915,3.801843317972353,2.0147392290249435,213581325.0,2.576502299032821,-0.33185840707964376,0,2024-11-18,1815.0,0.721,False,4.408,-0.496,-2.59,23.471,-5.565,2024-11-26,1877.0,strict_gakutto_next_open,3.416,7.0
7821,2025-12-15,1046,kuitto_pullback_auto,くいっと押し目版,2.8673835125448077,-2.27502527805864,-2.121999879088332,3.407453160387064,1.314499659632403,281771315.0,1.9412643106022895,-1.808406647116323,0,2025-12-16,2014.0,0.249,True,-1.688,-1.341,-2.085,11.271,-14.896,2026-01-05,1970.0,strict_gakutto_next_open,-2.185,12.0
7821,2026-04-28,1135,kuitto_pullback_auto,くいっと押し目版,2.650469353948104,-3.728741945706149,-4.64844076582226,1.8741779921087165,1.5905017921146953,227289765.0,1.948051948051948,-8.106772120612948,1,2026-04-30,1850.0,-0.484,True,-0.27,-2.865,-3.081,15.027,-7.351,2026-05-18,1757.5,stop_loss,-5.0,10.0
7826,2025-02-06,837,kuitto_pullback_auto,くいっと押し目版,3.301886792452824,-3.0129557095510684,-3.8427113789605616,1.9236735960285412,1.9488320355951056,345484050.0,2.609262883235486,-5.1948051948051965,0,2025-02-07,3285.0,0.0,True,-7.154,-11.416,-15.799,261.644,-38.508,2025-02-12,3120.75,stop_loss,-5.0,3.0
7832,2025-06-04,915,kuitto_pullback_auto,くいっと押し目版,2.302126726595044,-2.552775771991689,-2.9128267621247983,1.677925473959463,1.570522534657911,14654590190.0,2.954503704610863,-2.993762993762994,3,2025-06-05,4675.0,0.193,True,-1.005,5.54,8.193,25.134,-24.492,2025-06-12,4620.0,strict_gakutto_next_open,-1.176,6.0
7839,2023-07-13,454,kuitto_pullback_auto,くいっと押し目版,2.1157684630738416,-5.401558285885521,-2.875541757599964,1.19471477173827,1.4261715296198054,492428720.0,2.4991622919691725,-5.608856088560888,0,2023-07-14,2590.0,1.251,False,-3.591,-0.425,-3.436,7.297,-44.865,2023-07-19,2572.0,strict_gakutto_next_open,-0.695,3.0
7839,2024-06-25,686,kuitto_pullback_auto,くいっと押し目版,2.474747474747474,-2.5287808717898153,-1.7381664126066454,2.1960310264933947,1.306044376434583,251134805.0,1.8517214672956417,-0.9760858955588092,0,2024-06-26,2019.0,-0.493,True,-1.387,-1.684,1.783,23.626,-29.272,2024-07-01,1965.0,strict_gakutto_next_open,-2.675,4.0
7840,2024-07-31,711,kuitto_pullback_auto,くいっと押し目版,2.7049873203719432,-2.0205366015236703,-2.54070378151261,2.307174132704626,1.3111111111111111,43763760.0,1.4814814814814816,-2.1739130434782594,0,2024-08-01,1196.0,-1.564,True,-4.766,-1.171,0.167,16.388,-9.866,2024-08-02,1136.2,stop_loss,-5.0,2.0
7846,2022-06-28,197,kuitto_pullback_auto,くいっと押し目版,1.6687499999999966,-4.251446090465983,-3.745681250435784,1.5824049557875863,1.6902485659655833,356819851.5,2.562154756781917,-6.333851557551673,1,2022-06-29,1611.7,-0.922,True,-2.072,-1.036,6.304,34.64,-23.869,2022-07-04,1618.3,strict_gakutto_next_open,0.41,4.0
7846,2022-12-26,319,kuitto_pullback_auto,くいっと押し目版,2.325286700880702,-4.558225508317926,-3.675869753621397,3.7904397115718247,1.2593800978792822,444342484.5,1.8805838124723588,-2.6111077609600186,0,2022-12-27,1631.7,1.034,False,-5.822,-4.596,-6.846,32.99,-24.802,2023-01-04,1550.115,stop_loss,-5.0,5.0
7856,2022-05-06,160,kuitto_pullback_auto,くいっと押し目版,2.6923076923076827,-2.6656654777548416,-4.03312262023584,2.850539291217258,1.2661290322580645,42417555.0,1.7388978063135367,-5.319148936170215,0,2022-05-09,1070.0,0.187,True,0.28,3.645,5.234,97.196,-7.85,2022-05-13,1037.0,strict_gakutto_next_open,-3.084,5.0
7860,2024-03-08,613,kuitto_pullback_auto,くいっと押し目版,1.7968750000000089,-2.127982976136189,-3.283411867102859,1.0861132660977546,1.3570909090909091,247426190.0,1.4801008661330994,-7.127583749109057,1,2024-03-11,1300.0,-0.23,True,-0.308,0.231,-3.846,20.308,-11.769,2024-03-18,1300.0,strict_gakutto_next_open,0.0,6.0
7860,2025-11-21,1031,kuitto_pullback_auto,くいっと押し目版,2.9166666666666563,-2.4200097450057023,-1.1178128892676886,2.3537212000663166,1.6554455445544554,172266680.0,1.5615962984384038,-0.6436041834271933,0,2025-11-25,1235.0,0.0,True,-2.591,-3.725,-4.453,10.202,-7.126,2025-12-02,1207.0,strict_gakutto_next_open,-2.267,6.0
7867,2022-06-21,192,kuitto_pullback_auto,くいっと押し目版,3.125,-2.494643403734309,-0.02806886227544325,2.9480580252690736,1.6831578947368422,333345470.0,1.9101731601731602,-1.1235955056179803,0,2022-06-22,1320.0,0.0,True,3.03,6.742,8.409,287.803,-11.515,2022-07-13,1430.0,max15_next_open,8.333,16.0
7867,2024-02-21,602,kuitto_pullback_auto,くいっと押し目版,2.3936738619363185,-2.429149797570851,-3.6360476088000193,2.877388876959408,1.7499358809951269,1883585477.5,2.4763693830694455,-4.618753732828984,1,2024-02-22,2410.5,0.626,False,10.662,11.595,13.006,112.363,-0.021,2024-03-15,2750.0,max15_next_open,14.084,16.0
7867,2024-11-27,791,kuitto_pullback_auto,くいっと押し目版,2.725681420355097,-2.765967844402084,-1.9239677893097662,3.210893924928393,1.6063569682151588,3120077320.0,3.133259145917374,-6.231454005934722,4,2024-11-28,4130.0,0.536,False,6.634,4.843,11.138,23.947,-39.564,2024-12-11,4338.0,strict_gakutto_next_open,5.036,10.0
7868,2025-02-28,851,kuitto_pullback_auto,くいっと押し目版,1.6528925619834656,-3.13119302417757,-4.497891613306271,0.5723630417007408,7.319344639264156,353608560.0,3.179442508710801,-10.21897810218978,3,2025-03-03,505.0,2.642,False,4.158,4.95,6.535,49.109,-18.812,2025-03-11,518.0,strict_gakutto_next_open,2.574,7.0
7868,2025-12-18,1049,kuitto_pullback_auto,くいっと押し目版,2.0454545454545503,-2.471315092674309,-0.3401056117426027,0.8082622361921921,1.909755322529393,258005055.0,2.704422526248807,-3.440860215053765,0,2025-12-19,450.0,0.223,True,0.889,1.556,5.778,67.333,-0.667,2026-01-05,457.0,strict_gakutto_next_open,1.556,9.0
7874,2024-04-11,636,kuitto_pullback_auto,くいっと押し目版,1.9073569482288777,-2.375960866526905,-1.5388949536922936,0.32188841201716833,1.3941908713692945,119639285.0,3.0494015788133435,-5.714285714285716,2,2024-04-12,1150.0,2.496,False,0.348,-6.087,-4.348,30.435,-25.478,2024-04-19,1092.5,stop_loss,-5.0,6.0
7874,2024-10-29,771,kuitto_pullback_auto,くいっと押し目版,2.285263987391639,-3.878200272685961,-3.6956456048106934,1.8198933165986864,1.3692307692307693,37103705.0,2.316751045564605,-8.008504606661937,1,2024-10-30,1308.0,0.77,False,-0.841,-10.015,-7.798,8.792,-34.48,2024-11-11,1200.0,stop_gap_open,-8.257,8.0
7888,2022-07-11,206,kuitto_pullback_auto,くいっと押し目版,1.8018018018018056,-3.7296037296037365,-2.539383964260522,2.231604342581406,1.275,30058200.0,1.8963337547408345,-3.4188034188034178,0,2022-07-12,337.0,-0.59,True,10.979,16.32,13.353,222.849,-3.264,2022-07-29,384.0,strict_gakutto_next_open,13.947,13.0
7888,2023-08-10,473,kuitto_pullback_auto,くいっと押し目版,1.967213114754096,-2.0311012377023263,-3.586327127825173,0.4197610590894518,1.5671077504725899,123196935.0,2.2508038585209005,-5.757575757575761,0,2023-08-14,629.0,1.125,False,1.749,0.318,9.221,72.973,-24.483,2023-09-04,707.0,max15_next_open,12.401,16.0
7888,2024-02-22,603,kuitto_pullback_auto,くいっと押し目版,2.8257456828885363,-3.7394451145959073,-1.7572863090864588,2.0567154876908855,1.6557922769640478,118791965.0,2.420937840785169,-2.238805970149249,0,2024-02-26,662.0,1.069,False,0.302,8.157,2.115,64.35,-28.248,2024-03-14,669.0,strict_gakutto_next_open,1.057,14.0
7893,2022-03-10,124,kuitto_pullback_auto,くいっと押し目版,1.7857142857142794,-3.372434017595305,-2.0618556701030966,2.5179856115107757,1.4850299401197604,15171760.0,1.7477905289539637,-1.5454545454545499,0,2022-03-11,1030.0,-4.894,True,6.214,7.864,4.466,35.631,-10.583,2022-03-29,1106.0,strict_gakutto_next_open,7.379,12.0
7911,2022-09-05,244,kuitto_pullback_auto,くいっと押し目版,2.277904328018221,-2.454594497392548,-1.6849895810878812,2.5488763018454375,1.7098640439687591,1739202550.0,1.7817371937639197,-2.3913043478260843,1,2022-09-06,2240.0,-0.223,True,2.545,0.848,-4.107,164.643,-17.545,2022-09-16,2218.0,strict_gakutto_next_open,-0.982,9.0
7912,2023-10-10,513,kuitto_pullback_auto,くいっと押し目版,1.8648018648018683,-4.400040367342816,-3.984848484848491,3.4401136184314396,1.2772100567721005,2954772950.0,2.043151356652501,-3.2234251968503935,1,2023-10-11,1965.0,-0.076,True,-0.712,-1.12,-0.534,71.196,-7.888,2023-10-18,1954.5,strict_gakutto_next_open,-0.534,6.0
7912,2024-10-28,770,kuitto_pullback_auto,くいっと押し目版,1.7278198408076095,-2.2116004703918613,-1.6102495353584545,1.416737632577214,1.5022482893450635,2614666125.0,2.234187568157034,-4.501549116092585,1,2024-10-29,2603.5,-0.63,True,2.17,1.978,-7.355,29.211,-30.478,2024-11-13,2668.5,strict_gakutto_next_open,2.497,11.0
7914,2022-12-29,322,kuitto_pullback_auto,くいっと押し目版,3.2099134069871527,-2.5074003134250678,-3.5894418772027037,2.393577628343757,2.0546875,60818302.0,1.9972722200409188,-4.713990351481745,0,2022-12-30,691.5,0.029,True,-1.403,-1.764,1.518,160.304,-4.772,2023-01-11,685.5,strict_gakutto_next_open,-0.868,6.0
7914,2024-12-11,801,kuitto_pullback_auto,くいっと押し目版,2.7602127873130655,-2.187628987558232,-0.02437503995906809,2.300205839445235,1.7173913043478262,55403364.0,2.1279267714118273,-0.7272374672743109,0,2024-12-12,1023.8,0.0,True,-4.034,-2.813,0.606,75.816,-17.757,2024-12-19,967.5,strict_gakutto_next_open,-5.499,6.0
7914,2026-04-30,1136,kuitto_pullback_auto,くいっと押し目版,2.1164021164021163,-3.721107442214877,-3.8169484661334407,1.5789473684210575,1.730043541364296,105741675.0,1.591413767579571,-5.043050430504303,0,2026-05-01,1531.0,-0.842,True,-2.025,-0.588,-0.653,17.57,-4.376,2026-05-27,1529.0,max15_next_open,-0.131,16.0
7915,2022-11-18,294,kuitto_pullback_auto,くいっと押し目版,1.6156953260242357,-2.7530271875713996,-0.31127320030663874,2.5865082139112205,1.5963636363636364,340491170.0,3.338200697655553,-0.9561304836895435,2,2022-11-21,1774.0,0.738,False,0.507,1.409,5.411,23.168,-40.192,2022-12-01,1780.0,strict_gakutto_next_open,0.338,8.0
7915,2022-12-28,321,kuitto_pullback_auto,くいっと押し目版,1.9433647973348123,-4.021220159151195,-0.7007555020256184,1.2239497188223591,1.5306633291614518,301502745.0,2.4198568316215376,-4.672897196261683,0,2022-12-29,1801.0,-1.906,True,1.777,-0.167,2.054,21.321,-41.088,2023-01-17,1800.0,strict_gakutto_next_open,-0.056,11.0
7915,2023-09-27,505,kuitto_pullback_auto,くいっと押し目版,2.164762477450388,-2.5837098829799676,-2.3376743970100033,0.962681245543151,1.3539473684210526,160399035.0,2.1020768519297066,-5.136795086543833,0,2023-09-28,1697.0,-0.118,True,-7.366,-1.355,-5.068,28.757,-37.478,2023-10-02,1680.0,strict_gakutto_next_open,-1.002,3.0
7915,2024-10-28,770,kuitto_pullback_auto,くいっと押し目版,1.878453038674044,-2.2744503411675554,-4.579910893388794,2.0137198495242314,1.753501400560224,171158740.0,2.0258754260923455,-6.253177427554657,1,2024-10-29,1853.0,0.488,True,2.159,-6.638,-5.666,7.717,-42.742,2024-11-12,1798.0,strict_gakutto_next_open,-2.968,10.0
7915,2025-08-15,965,kuitto_pullback_auto,くいっと押し目版,1.8447348193697088,-4.290183226575294,-1.4762613529358037,2.1273315862494258,1.386518771331058,245762115.0,2.8787061994609164,-2.573529411764708,0,2025-08-18,1330.0,0.377,True,0.376,2.481,9.023,28.571,-16.015,2025-09-08,1480.0,max15_next_open,11.278,16.0
7915,2026-05-07,1138,kuitto_pullback_auto,くいっと押し目版,2.3455824863174435,-4.742729306487692,-0.3024444998752873,2.3455824863174435,3.5984630163304514,239061545.0,2.581032412965186,-5.00725689404935,0,2026-05-08,1300.0,-0.688,True,18.0,26.0,26.538,31.538,-12.308,2026-05-29,1656.0,max15_next_open,27.385,16.0
7917,2022-06-24,195,kuitto_pullback_auto,くいっと押し目版,1.6046511627906934,-4.124405349609539,-3.2625823434064394,1.9579473057805163,1.3125,99469338.0,2.2692345420658526,-7.28912466843502,1,2022-06-27,886.3,1.431,False,-2.821,-1.41,-2.257,74.659,-15.604,2022-07-04,875.0,strict_gakutto_next_open,-1.275,6.0
7917,2022-08-05,224,kuitto_pullback_auto,くいっと押し目版,3.033109516091703,-3.169076163610729,-0.3073185324860117,1.1639538055833398,1.5551181102362204,74570268.0,2.287319422150883,-3.134523291249447,0,2022-08-08,887.5,-0.281,True,1.273,0.845,-1.127,74.423,-15.718,2022-08-30,880.0,max15_next_open,-0.845,16.0
7917,2022-10-04,263,kuitto_pullback_auto,くいっと押し目版,1.8488845063478365,-3.961836612999403,-4.729064966977514,2.070311534945768,1.263157894736842,149983052.0,2.58294289517816,-7.933147632311988,1,2022-10-05,838.8,1.513,False,-6.116,-6.414,-7.749,84.549,-10.825,2022-10-12,796.86,stop_loss,-5.0,5.0
7917,2023-08-23,481,kuitto_pullback_auto,くいっと押し目版,2.41238051888939,-3.3549429201318537,-0.0284016626243222,1.4633266442696025,1.6235294117647059,83612914.0,2.2119047619047625,-2.7027027027026973,0,2023-08-24,908.8,0.978,False,0.407,7.978,7.427,70.335,-4.952,2023-09-14,978.8,max15_next_open,7.702,16.0
7917,2024-04-26,647,kuitto_pullback_auto,くいっと押し目版,2.321951219512197,-3.609869183639658,-2.334417493431784,-0.09335289298710858,1.8617886178861789,117119318.0,2.5886727688787183,-5.197505197505192,0,2024-04-30,1055.0,0.591,False,1.659,-0.588,-4.028,46.73,-18.123,2024-05-13,1047.5,strict_gakutto_next_open,-0.711,8.0
7917,2024-06-25,686,kuitto_pullback_auto,くいっと押し目版,1.5786924939467317,-3.460084584003853,-2.3772858153640386,1.6239680632533782,1.5045454545454546,166859990.0,2.707175547564564,-6.357142857142861,1,2024-06-26,1057.5,0.83,False,-1.418,0.709,7.215,46.383,-18.317,2024-07-03,1037.5,strict_gakutto_next_open,-1.891,6.0
7921,2022-12-08,307,kuitto_pullback_auto,くいっと押し目版,2.5370990904739044,-3.5034846487097426,-1.6745179562489443,3.86965376782078,2.74468085106383,61104795.0,1.7607042817126852,-0.32573289902280145,0,2022-12-09,2153.0,0.514,False,-0.046,-3.948,-4.784,122.712,-7.664,2022-12-21,2101.0,strict_gakutto_next_open,-2.415,9.0
7921,2024-03-08,613,kuitto_pullback_auto,くいっと押し目版,1.875225387666779,-2.0306000141013913,-1.4185301703369846,1.5237547617336311,1.4594594594594594,84676370.0,1.7319848293299622,-1.9777931991672437,0,2024-03-11,2775.0,-1.77,True,-1.73,-1.477,-2.126,72.793,-9.586,2024-03-14,2752.0,strict_gakutto_next_open,-0.829,4.0
7931,2022-03-10,124,kuitto_pullback_auto,くいっと押し目版,3.0181086519114775,-2.2581068662202997,-1.7516635543515346,2.797483603265949,1.7590361445783131,13224395.0,1.4415922619047619,-0.903225806451613,0,2022-03-11,1497.0,-2.539,True,3.206,5.745,3.741,272.077,-5.077,2022-04-01,1571.0,strict_gakutto_next_open,4.943,15.0
7931,2024-05-10,654,kuitto_pullback_auto,くいっと押し目版,1.8300653594771177,-2.1108850457782324,-2.634766807995159,0.9590461378952808,1.6921397379912664,393984875.0,3.979460847240052,-7.810650887573967,3,2024-05-13,3895.0,0.0,True,0.385,0.899,2.953,9.884,-28.113,2024-05-15,3935.0,strict_gakutto_next_open,1.027,3.0
7931,2025-06-20,927,kuitto_pullback_auto,くいっと押し目版,2.2455089820359264,-3.9046798736721233,-3.033273744305398,1.5462384775497995,9.67065868263473,102016725.0,1.704664296172349,-2.7065527065527117,0,2025-06-23,3400.0,-0.439,True,0.0,0.441,-0.294,18.971,-17.647,2025-07-08,3415.0,strict_gakutto_next_open,0.441,12.0
7936,2022-09-08,247,kuitto_pullback_auto,くいっと押し目版,1.6693679092382396,-3.60459625373839,-4.260573286236758,2.4062948935614337,1.5365728900255755,2935220276.0,2.7658217758648185,-8.222384784198978,2,2022-09-09,630.0,0.43,True,2.54,-7.175,-7.857,763.492,-13.254,2022-09-22,630.0,strict_gakutto_next_open,0.0,9.0
7936,2025-03-06,855,kuitto_pullback_auto,くいっと押し目版,1.928783382789323,-3.2912844036697253,-1.7870620885054533,1.531094821470802,1.343263157894737,19761525535.0,4.986483676440008,-9.6765711280568,4,2025-03-07,3268.0,-4.862,True,-1.408,-2.142,-2.295,66.463,-21.634,2025-03-10,3104.6,stop_loss,-5.0,2.0
7936,2025-06-24,929,kuitto_pullback_auto,くいっと押し目版,2.353633421594581,-2.288488210818318,-1.7234185577524874,2.5709063034377033,1.3884394606861568,13397147395.0,2.605428489303166,-3.199777406789095,1,2025-06-25,3520.0,1.178,False,4.773,7.67,3.494,54.545,-2.699,2025-07-14,3622.0,strict_gakutto_next_open,2.898,14.0
7942,2022-10-04,263,kuitto_pullback_auto,くいっと押し目版,1.54494382022472,-2.1675698207586525,-1.3660440479509317,2.1763708309779473,1.8937728937728937,44281375.0,1.4028848053744318,-1.498637602179842,0,2022-10-05,1451.0,0.346,True,-0.896,0.896,1.034,123.294,-3.239,2022-10-18,1465.0,strict_gakutto_next_open,0.965,9.0
7942,2026-04-07,1120,kuitto_pullback_auto,くいっと押し目版,2.059596844872913,-3.4363972441606494,-4.793707331552377,0.8487052914176729,1.6398601398601398,230174380.0,3.183463166288413,-10.111925897336938,3,2026-04-08,2379.0,2.147,False,3.363,1.513,-0.883,36.192,-4.035,2026-04-20,2458.0,strict_gakutto_next_open,3.321,9.0
7943,2026-05-07,1138,kuitto_pullback_auto,くいっと押し目版,2.0602218700475516,-3.8153846153846205,-4.150620453572962,2.678571428571419,2.2564935064935066,215179350.0,2.417923691215617,-6.122448979591832,1,2026-05-08,3195.0,-0.776,True,-5.79,-8.764,-7.042,3.286,-12.801,2026-05-14,3035.25,stop_loss,-5.0,5.0
7944,2022-07-20,212,kuitto_pullback_auto,くいっと押し目版,2.846534653465338,-3.5296981499513103,-2.677702044790653,3.926963481740864,1.9896907216494846,218396600.0,2.60443527591542,-2.004716981132071,0,2022-07-21,4150.0,-0.12,True,2.289,4.217,4.699,23.373,-31.687,2022-08-01,4295.0,strict_gakutto_next_open,3.494,8.0
7947,2022-05-10,162,kuitto_pullback_auto,くいっと押し目版,3.4169392948018906,-2.178939255937773,-1.3457030698409977,1.8034781364059338,1.2983906046107003,576139775.0,3.007783078081848,-3.49389416553596,2,2022-05-11,2817.0,-0.984,True,-7.49,-5.005,-2.982,39.333,-20.376,2022-05-12,2673.0,stop_gap_open,-5.112,2.0
7947,2022-09-08,247,kuitto_pullback_auto,くいっと押し目版,1.7910447761193993,-2.0102010201020093,-2.5966361758630874,3.3020296879733513,2.0273972602739727,441942725.0,2.1470465018852116,-5.1460361613351875,0,2022-09-09,3380.0,-0.88,True,-1.479,1.036,3.55,16.124,-33.639,2022-09-16,3325.0,strict_gakutto_next_open,-1.627,6.0
7947,2023-01-23,336,kuitto_pullback_auto,くいっと押し目版,1.895043731778423,-2.566995768688296,-3.90482001220257,0.8658008658008587,1.2730923694779117,416418475.0,2.28898426323319,-9.220779220779217,1,2023-01-24,3530.0,1.001,False,-2.125,3.683,0.425,9.773,-36.459,2023-02-09,3550.0,strict_gakutto_next_open,0.567,13.0
7947,2024-04-10,635,kuitto_pullback_auto,くいっと押し目版,1.6335622795619065,-2.6406471036309,-1.0472856440403078,1.5167247645182957,1.406282722513089,344035237.5,1.9112850619699935,-1.864133357232478,0,2024-04-11,2737.0,-0.018,True,-3.051,-5.005,-4.969,17.83,-18.049,2024-04-18,2689.5,strict_gakutto_next_open,-1.735,6.0
7947,2025-01-16,822,kuitto_pullback_auto,くいっと押し目版,2.169117647058827,-2.980913574951749,-2.982098862131344,1.9816513761467869,1.878217821782178,307168310.0,1.660412275741531,-4.991452991452993,0,2025-01-17,2779.0,0.0,True,0.144,5.074,4.858,16.049,-19.288,2025-02-07,2929.0,max15_next_open,5.398,16.0
7947,2025-04-04,875,kuitto_pullback_auto,くいっと押し目版,3.256979241231206,-2.100956871446402,-1.7868308068527572,2.0372073282874714,1.7415175817396669,456399020.0,1.842040108937856,-1.0291595197255532,0,2025-04-07,2785.0,-3.466,True,6.607,13.465,9.156,15.799,-19.461,2025-04-25,3040.0,strict_gakutto_next_open,9.156,15.0
7951,2022-06-24,195,kuitto_pullback_auto,くいっと押し目版,1.6949152542372836,-3.7819383259911854,-1.46196932840712,2.1960802125678303,1.5159509202453987,3036914125.5,2.9234126984126982,-7.374054443472444,4,2022-06-27,1830.0,1.667,False,0.727,2.552,-1.093,7.033,-54.372,2022-07-12,1870.0,strict_gakutto_next_open,2.186,12.0
7951,2024-07-09,696,kuitto_pullback_auto,くいっと押し目版,1.9823242752126768,-2.3025263831148,-0.5325595677136863,0.8346400104534135,1.344279822819612,3499394806.5,2.0016429670596674,-2.1632329635499215,1,2024-07-10,1226.7,-0.648,True,-2.071,-4.842,-2.315,16.736,-31.931,2024-07-16,1199.0,strict_gakutto_next_open,-2.258,4.0
7951,2025-02-26,849,kuitto_pullback_auto,くいっと押し目版,2.2497704315886047,-2.3852547885796715,-0.2913208376848053,2.306137449467105,1.478565539983512,1940839292.5,2.902687792674321,-1.807760141093473,1,2025-02-27,1113.5,0.0,True,-0.718,4.894,10.328,28.604,-16.12,2025-03-21,1249.0,max15_next_open,12.169,16.0
7952,2022-11-24,297,kuitto_pullback_auto,くいっと押し目版,1.5426147319706818,-2.931889941362198,-2.0709790632941982,1.6837877500579301,1.6521739130434783,40064910.0,1.855569421084043,-4.045189504373181,0,2022-11-25,2660.0,1.025,False,-3.271,-4.887,-2.594,51.88,-12.782,2022-12-01,2577.0,strict_gakutto_next_open,-3.12,5.0
7952,2025-07-23,949,kuitto_pullback_auto,くいっと押し目版,2.7349768875192693,-2.7400345319420483,-0.9969558599695505,2.5059574140979146,3.22972972972973,60703115.0,2.4559430071241097,-3.053435114503822,0,2025-07-24,2646.0,-0.787,True,-0.983,-0.794,-3.061,39.267,-9.637,2025-07-31,2620.0,strict_gakutto_next_open,-0.983,6.0
7952,2026-06-15,1165,kuitto_pullback_auto,くいっと押し目版,2.6058631921824116,-3.169124568559778,-0.005182756967558877,2.0408163265306145,1.9185185185185185,80831695.0,3.895691609977324,-4.545454545454541,2,2026-06-16,3195.0,1.429,False,4.538,0.469,3.286,15.336,-4.538,2026-06-30,3210.0,strict_gakutto_next_open,0.469,11.0
7955,2021-12-03,60,kuitto_pullback_auto,くいっと押し目版,2.544031311154593,-2.2264875239923265,-3.6866706875753774,2.544031311154593,1.2676991150442478,28177845.0,1.8947655398037075,-6.761565836298933,1,2021-12-06,522.0,-0.382,True,2.299,3.065,1.724,111.494,-2.874,2021-12-15,530.0,strict_gakutto_next_open,1.533,8.0
7955,2022-10-04,263,kuitto_pullback_auto,くいっと押し目版,1.721170395869187,-4.128902316213479,-4.25035030359645,2.961672473867605,2.1433823529411766,25189065.0,2.0788010635726373,-4.3689320388349495,0,2022-10-05,594.0,0.508,False,-0.505,1.347,0.337,85.859,-2.694,2022-10-14,597.0,strict_gakutto_next_open,0.505,7.0
7955,2024-07-31,711,kuitto_pullback_auto,くいっと押し目版,3.3613445378151363,-2.219786242806243,-1.6272189349112454,2.7568922305764243,2.9881889763779528,32841675.0,1.5098722415795585,-1.2048192771084376,0,2024-08-01,731.0,-0.949,True,-8.345,-4.651,-0.137,51.026,-20.52,2024-08-02,694.45,stop_loss,-5.0,2.0
7955,2025-11-06,1020,kuitto_pullback_auto,くいっと押し目版,2.8833551769331667,-2.5432349949135347,-0.1813941435605093,1.8951194184839038,2.0094637223974763,46968560.0,2.1474067333939946,-0.8838383838383868,0,2025-11-07,779.0,-0.764,True,1.797,0.642,7.445,41.72,-2.054,2025-11-19,796.0,strict_gakutto_next_open,2.182,9.0
7955,2026-05-22,1149,kuitto_pullback_auto,くいっと押し目版,2.8441410693970326,-3.5542956825119987,-1.0567619387345628,1.8476791347453725,1.669833729216152,92462270.0,3.887484197218711,-5.042016806722693,2,2026-05-25,904.0,0.0,True,4.978,-0.885,-1.881,12.611,-5.642,2026-06-02,886.0,strict_gakutto_next_open,-1.991,7.0
7956,2022-01-04,80,kuitto_pullback_auto,くいっと押し目版,3.001792114695334,-5.30044383748719,-1.4333433484738478,3.057199211045347,1.5012451085023124,2990336120.0,2.8552786925992666,-3.847762442492686,1,2022-01-05,2301.0,0.087,True,3.216,-3.781,1.434,5.128,-44.024,2022-01-27,2320.0,max15_next_open,0.826,16.0
7956,2023-06-02,425,kuitto_pullback_auto,くいっと押し目版,2.4173655648741965,-4.51710451710452,-3.8541904110630076,2.538773090980939,1.4118993135011442,1156869975.0,2.0437654830718417,-6.905829596412561,2,2023-06-05,2098.5,1.084,False,0.524,-1.096,-3.24,4.718,-38.623,2023-06-16,2046.5,strict_gakutto_next_open,-2.478,10.0
7956,2024-07-09,696,kuitto_pullback_auto,くいっと押し目版,1.695501730103799,-3.6031227063454963,-2.788011950536562,1.2610253583241526,1.4059746696035242,1496443532.5,1.5943226559082293,-4.9482535575679165,1,2024-07-10,1460.0,-0.646,True,3.836,2.363,4.692,50.514,-11.781,2024-07-24,1499.5,strict_gakutto_next_open,2.705,10.0
7965,2022-09-08,247,kuitto_pullback_auto,くいっと押し目版,1.5792798483891257,-2.1547987616098996,-0.07313259696374308,1.4511041009463765,1.5958132045088567,109384610.0,1.9500710732054016,-3.481392557022811,0,2022-09-09,1610.0,0.124,True,0.311,-3.727,-1.925,35.404,-25.776,2022-10-04,1540.0,max15_next_open,-4.348,16.0
7965,2023-09-27,505,kuitto_pullback_auto,くいっと押し目版,1.573033707865168,-2.723819858925669,-1.220425606908404,0.802854594112401,1.3333333333333333,166957980.0,2.1491782553729455,-4.540654699049629,0,2023-09-28,1798.0,-0.553,True,-11.012,-11.513,-15.795,8.12,-33.537,2023-10-03,1621.0,stop_gap_open,-9.844,4.0
7966,2023-10-05,511,kuitto_pullback_auto,くいっと押し目版,2.360379346680719,-2.8629441624365537,-2.356023078743552,1.4834935227747703,1.5216216216216216,704280590.0,1.9044677784640722,-3.0732388744761474,0,2023-10-06,2421.5,-0.288,True,3.221,4.274,3.737,203.944,-4.357,2023-10-27,2490.5,strict_gakutto_next_open,2.849,15.0
7970,2023-10-10,513,kuitto_pullback_auto,くいっと押し目版,1.8181818181818077,-2.553763440860224,-3.0645544084490273,2.8309104820198883,2.1206743566992015,216808895.0,1.9345238095238095,-1.897810218978102,0,2023-10-11,1334.0,-0.744,True,0.075,-1.799,1.649,90.93,-6.597,2023-10-26,1267.3,stop_loss,-5.0,12.0
7970,2023-10-27,526,kuitto_pullback_auto,くいっと押し目版,2.8809704321455687,-2.5818072650855672,-1.3803727308424163,3.905053598774888,2.3169350029815146,252937705.0,2.5423728813559325,-0.586080586080584,0,2023-10-30,1327.0,-2.211,True,4.295,3.09,6.858,91.937,-6.104,2023-11-14,1390.0,strict_gakutto_next_open,4.748,11.0
7970,2024-12-19,807,kuitto_pullback_auto,くいっと押し目版,3.450479233226833,-2.7867228139707656,-2.391127139787075,2.4294571681639843,1.7786259541984732,209159520.0,2.5368393188034943,-4.1444641799881605,0,2024-12-20,1624.0,0.309,True,1.663,-1.232,-1.478,56.835,-23.276,2025-01-07,1632.0,strict_gakutto_next_open,0.493,9.0
7970,2025-10-31,1017,kuitto_pullback_auto,くいっと押し目版,1.8440463645943206,-2.776064157927205,-1.176127121825088,1.9729900822958557,1.5710407239819004,501513580.0,2.3390732392284384,-3.1077694235588926,0,2025-11-04,1933.0,0.0,True,-2.587,-2.121,-2.483,31.764,-6.105,2025-11-05,1836.35,stop_loss,-5.0,2.0
7972,2025-09-03,978,kuitto_pullback_auto,くいっと押し目版,3.018542475204833,-4.171096753087433,-2.4815337372396162,1.659574468085112,3.048175182481752,407599925.0,1.8716737427495067,-4.554534558529766,0,2025-09-04,2403.0,0.586,False,0.832,3.995,6.034,53.766,-8.406,2025-09-29,2573.0,max15_next_open,7.074,16.0
7974,2025-09-08,981,kuitto_pullback_auto,くいっと押し目版,3.10280373831775,-2.1590740465944447,-2.8371692523241676,3.567405182125416,1.8397381756756757,56093497325.0,2.027866984357195,-5.902422381439787,2,2025-09-09,14000.0,1.523,False,-1.607,-6.429,-7.143,4.5,-53.257,2025-09-17,13720.0,strict_gakutto_next_open,-2.0,6.0
7976,2022-09-29,260,kuitto_pullback_auto,くいっと押し目版,2.077363896848139,-2.039082412914206,-0.6040479803040344,2.6065668202764902,1.3390728476821192,84509215.0,1.8596491228070178,0.0,0,2022-09-30,1420.0,-0.351,True,1.127,1.901,-0.493,141.549,-4.93,2022-10-24,1452.0,max15_next_open,2.254,16.0
7976,2025-11-05,1019,kuitto_pullback_auto,くいっと押し目版,1.7265515632291173,-3.926965776676772,-2.275173514456441,3.4941131788833957,1.2782228696285507,159367335.0,2.221494102228047,-0.7285974499089298,0,2025-11-06,2225.0,2.064,False,-2.697,-9.618,-4.809,54.157,-9.843,2025-11-13,2178.0,strict_gakutto_next_open,-2.112,6.0
7979,2023-07-13,454,kuitto_pullback_auto,くいっと押し目版,2.1680216802167918,-2.949340735600281,-1.9307251607477594,1.0272443054935243,1.9130434782608696,48688735.0,1.878868258178603,-3.908241291418857,0,2023-07-14,1141.5,0.928,False,-0.438,1.533,-9.855,144.415,-12.352,2023-07-27,1165.5,strict_gakutto_next_open,2.102,9.0
7979,2023-10-10,513,kuitto_pullback_auto,くいっと押し目版,2.716627634660429,-3.274165363745052,-2.9155643738977055,3.7468066988362025,1.6304347826086956,46815750.0,2.2930102273467527,-1.8352730528200523,0,2023-10-11,1098.5,0.182,True,-1.684,3.323,14.292,153.983,-2.731,2023-11-01,1253.0,max15_next_open,14.065,16.0
7979,2024-04-22,643,kuitto_pullback_auto,くいっと押し目版,1.5506547208821608,-3.051391862955044,-1.6380105223192554,1.5646539840088236,1.3612903225806452,83396220.0,2.5958601968103157,-4.006514657980453,0,2024-04-23,1475.0,0.102,True,3.729,9.153,6.61,89.153,-1.593,2024-05-15,1585.0,strict_gakutto_next_open,7.458,14.0
7979,2025-09-08,981,kuitto_pullback_auto,くいっと押し目版,2.6275115919629055,-2.241971318925473,-2.213020843802138,2.3638232271325776,2.61525129982669,167727230.0,1.6386976477337925,-3.159941662615462,0,2025-09-09,1998.0,0.301,True,-1.552,0.801,-4.354,21.121,-18.919,2025-10-01,1942.0,strict_gakutto_next_open,-2.803,15.0
7981,2022-05-30,176,kuitto_pullback_auto,くいっと押し目版,1.6393442622950838,-2.185441105576069,-3.5756062090986696,1.6393442622950838,4.709315375982043,209579340.0,1.8548387096774193,-5.271199388846448,0,2022-05-31,1250.0,0.806,False,-0.48,0.64,-1.52,166.4,-2.24,2022-06-21,1225.0,max15_next_open,-2.0,16.0
7981,2024-07-31,711,kuitto_pullback_auto,くいっと押し目版,3.444180522565321,-2.1565495207667706,-1.3201699001262779,1.326198231735698,1.425977653631285,156724990.0,1.7262588158110548,-2.244668911335579,0,2024-08-01,1735.0,-0.402,True,-14.582,-10.778,-9.452,91.931,-21.441,2024-08-01,1648.25,stop_loss,-5.0,1.0
7984,2024-02-14,597,kuitto_pullback_auto,くいっと押し目版,2.454935622317578,-2.1334589628831946,-1.9064299909057114,2.461971637537319,1.6318562132011156,550718728.0,2.043039065492152,-1.3390643081501064,0,2024-02-15,598.8,0.335,True,2.772,-1.136,-0.384,62.826,-11.323,2024-02-28,605.3,strict_gakutto_next_open,1.086,9.0
7988,2022-08-05,224,kuitto_pullback_auto,くいっと押し目版,2.8799999999999937,-3.6052551176290915,-1.608679386457157,1.8694550063371285,1.4353658536585365,786436875.0,3.099311264163519,-3.8863976083707064,2,2022-08-08,3190.0,-0.778,True,3.918,3.292,-2.194,74.357,-9.843,2022-08-23,3240.0,strict_gakutto_next_open,1.567,11.0
7988,2026-06-15,1165,kuitto_pullback_auto,くいっと押し目版,2.188940092165903,-2.1705141175388465,-0.7697781227763878,3.254796051406217,1.460045019696117,1720581715.0,3.0922853921726525,-1.880530973451322,3,2026-06-16,4371.0,-1.443,True,7.092,11.279,18.119,25.829,0.0,2026-07-07,5250.0,max15_next_open,20.11,16.0
7989,2022-08-12,228,kuitto_pullback_auto,くいっと押し目版,1.9444444444444375,-3.660535421598987,-0.9715578299402949,3.070586032578171,4.341463414634147,12597940.0,1.8230180355520955,-0.9892086330935301,0,2022-08-15,1101.0,0.0,True,-1.453,-3.542,-4.905,149.137,-8.084,2022-08-22,1088.0,strict_gakutto_next_open,-1.181,6.0
7989,2025-03-03,852,kuitto_pullback_auto,くいっと押し目版,2.3859649122806914,-2.1814644990968524,-0.8491438500126014,3.094968908988127,1.5727699530516432,31634385.0,2.065994320963478,-0.068493150684934,0,2025-03-04,1450.0,-0.617,True,2.0,3.241,3.448,89.172,-10.207,2025-03-26,1507.0,max15_next_open,3.931,16.0
7994,2022-12-27,320,kuitto_pullback_auto,くいっと押し目版,1.544117647058818,-2.049716528565204,-2.2247905229702547,2.0242316784869985,1.3081761006289307,208412410.0,2.4412951277542154,-2.402826855123674,0,2022-12-28,1390.0,0.652,False,1.367,1.871,1.583,98.633,-8.489,2023-01-11,1411.0,strict_gakutto_next_open,1.511,8.0
7994,2024-06-14,679,kuitto_pullback_auto,くいっと押し目版,2.7340129749768405,-2.3557649568850536,-1.992173603699754,0.5898366606170491,1.3890701468189233,297118095.0,1.9846639603067207,-2.5922671353251325,0,2024-06-17,2202.0,-0.677,True,-2.952,2.407,0.545,25.386,-29.473,2024-07-08,2202.0,max15_next_open,0.0,16.0
7995,2022-10-18,272,kuitto_pullback_auto,くいっと押し目版,1.9208153665229322,-2.599493903841721,-2.029154698084523,1.912825337096269,2.213793103448276,138016600.0,1.934065934065934,-2.365752910251595,0,2022-10-19,2594.0,-0.231,True,0.231,3.2,4.896,233.847,-3.894,2022-10-24,2602.0,strict_gakutto_next_open,0.308,4.0
7995,2023-05-25,419,kuitto_pullback_auto,くいっと押し目版,2.9940119760478945,-2.2589052997393555,-1.2973352033660568,1.8354055654233203,1.9792099792099793,230130275.0,1.9310631229235882,-2.824858757062143,0,2023-05-26,3470.0,0.872,False,0.576,4.755,12.104,149.568,-28.156,2023-06-16,3875.0,max15_next_open,11.671,16.0
7995,2023-10-12,515,kuitto_pullback_auto,くいっと押し目版,2.2222222222222143,-3.369434416365824,-3.5584984756097504,2.2474685107434,1.826625386996904,192254100.0,2.2946859903381642,-4.1666666666666625,0,2023-10-13,4125.0,-0.362,True,-2.788,-7.03,-9.939,109.939,-39.564,2023-10-18,4020.0,strict_gakutto_next_open,-2.545,4.0
8001,2022-05-06,160,kuitto_pullback_auto,くいっと押し目版,1.7179487179487252,-2.460782839673259,-2.808529312030006,1.7701385325808117,1.7092445994901382,15058175555.0,1.9482156361410172,-3.361753958587088,1,2022-05-09,785.6,-0.983,True,-9.852,-7.459,-6.441,205.372,-11.456,2022-05-10,746.32,stop_loss,-5.0,2.0
8001,2022-08-12,228,kuitto_pullback_auto,くいっと押し目版,1.7333333333333423,-2.7295799450976266,-1.6157013565202938,1.3118759294667548,1.6794913998847831,10501617210.0,1.8891593334581545,-3.417721518987338,1,2022-08-15,763.4,0.052,True,1.52,2.174,-3.511,214.252,-8.881,2022-08-17,767.2,strict_gakutto_next_open,0.498,3.0
8001,2024-04-24,645,kuitto_pullback_auto,くいっと押し目版,3.0847559149445924,-2.502656120883018,-0.08592304179585453,3.49700814866043,1.7729327840852005,25382242875.0,2.220469826512827,0.0,1,2024-04-25,1368.8,-0.581,True,7.116,4.193,7.145,75.263,-14.188,2024-05-14,1421.2,strict_gakutto_next_open,3.828,11.0
8001,2024-12-03,795,kuitto_pullback_auto,くいっと押し目版,1.7432646592709933,-3.0399036447423478,-2.979443143377569,3.3123239908810387,1.8755586112066003,24528235475.0,2.0221406319537154,-3.4465471863642017,1,2024-12-04,1559.0,1.181,False,-1.155,-1.873,-1.899,53.881,-24.657,2024-12-12,1555.8,strict_gakutto_next_open,-0.205,7.0
8007,2024-03-15,618,kuitto_pullback_auto,くいっと押し目版,1.739788199697423,-4.002345697111876,-3.4483773207402924,2.468383361267712,1.972938144329897,194447180.0,2.7190653212958047,-7.305306685044799,1,2024-03-18,672.5,0.0,True,-0.892,-8.401,-11.004,39.777,-42.23,2024-03-28,638.875,stop_loss,-5.0,8.0
8007,2024-10-04,755,kuitto_pullback_auto,くいっと押し目版,2.429149797570851,-3.8515081206496493,-3.7159551117568967,1.5411783592871986,1.3194174757281554,241170435.0,2.4054206662902313,-4.456193353474324,0,2024-10-07,638.0,0.87,False,-3.683,-3.37,-5.486,47.335,-13.088,2024-10-09,618.5,strict_gakutto_next_open,-3.056,3.0
8008,2022-09-08,247,kuitto_pullback_auto,くいっと押し目版,2.405498281786933,-3.786536758193093,-3.504311297811191,2.4172299232443573,1.8787023977433004,154259275.0,1.6618728028124004,-3.819257665411513,0,2022-09-09,1780.0,-0.447,True,0.674,-2.247,-3.596,24.382,-7.865,2022-09-20,1780.0,strict_gakutto_next_open,0.0,7.0
8011,2022-12-27,320,kuitto_pullback_auto,くいっと押し目版,3.212255992092916,-4.270633397312862,-4.113620612723457,3.391089108910883,8.153939393939394,148311600.0,3.79116932863641,-5.218969820739727,2,2022-12-28,427.7,2.394,False,5.611,1.941,2.104,366.846,-3.507,2023-01-12,459.0,strict_gakutto_next_open,7.318,9.0
8012,2024-06-14,679,kuitto_pullback_auto,くいっと押し目版,2.3965141612200425,-2.8096692647988197,-2.4847694104525697,1.4269914488414415,1.6772111039380246,625958598.0,1.684080547112463,-3.5031438470422116,0,2024-06-17,752.0,0.0,True,0.173,4.694,7.114,73.737,-25.931,2024-07-08,803.5,max15_next_open,6.848,16.0
8012,2024-09-12,741,kuitto_pullback_auto,くいっと押し目版,1.7987922394963274,-2.0897481197314716,-0.25842973172530703,1.827575570635398,1.5805954825462012,556333726.0,2.0861506283694857,-0.8757662955085732,0,2024-09-13,787.0,-0.669,True,2.097,1.69,4.574,66.01,-29.225,2024-10-04,809.5,strict_gakutto_next_open,2.859,14.0
8014,2022-03-10,124,kuitto_pullback_auto,くいっと押し目版,1.9664545980335513,-3.8340454238812716,-3.289206162743419,2.954917075449659,1.2722772277227723,36134320.0,1.9690462685357752,-2.488938053097345,0,2022-03-11,1737.0,-1.475,True,2.303,3.166,1.612,173.172,-1.842,2022-04-04,1760.0,max15_next_open,1.324,16.0
8014,2024-04-24,645,kuitto_pullback_auto,くいっと押し目版,1.538461538461533,-5.332552007031932,-3.757122507122501,1.757631822386685,2.5185185185185186,73959850.0,1.8506493506493507,-4.6242774566473965,0,2024-04-25,3325.0,0.758,False,6.617,9.774,7.97,42.707,-27.218,2024-05-16,3570.0,strict_gakutto_next_open,7.368,13.0
8014,2024-10-30,772,kuitto_pullback_auto,くいっと押し目版,2.564102564102555,-4.576603034752813,-1.9361327633894865,2.564102564102555,2.808805031446541,215708900.0,2.4285714285714284,-3.6144578313253017,0,2024-10-31,4010.0,0.25,True,-1.122,-2.993,-1.87,18.329,-39.651,2024-11-08,3990.0,strict_gakutto_next_open,-0.499,6.0
8014,2025-03-18,863,kuitto_pullback_auto,くいっと押し目版,1.605136436597121,-2.9831799428752803,-1.6210351649754373,2.6597469996756384,2.25,60397925.0,1.9205596930715414,-0.1577287066246047,0,2025-03-19,3140.0,-0.79,True,2.229,-4.618,-15.191,51.115,-22.93,2025-03-31,3070.0,strict_gakutto_next_open,-2.229,8.0
8014,2025-07-23,949,kuitto_pullback_auto,くいっと押し目版,2.405063291139231,-2.6728788621873445,-0.5600840126018913,1.709831531304995,2.970873786407767,74800725.0,1.9512625816704927,-1.2210012210012167,0,2025-07-24,4055.0,0.247,True,-7.768,-3.329,-4.316,17.016,-16.03,2025-07-30,3852.25,stop_loss,-5.0,5.0
8015,2023-12-15,559,kuitto_pullback_auto,くいっと押し目版,2.4533193072096893,-2.374298665938701,-2.4828309545745664,0.17117626747575887,1.3535961210379814,7149568365.0,2.6625281575776647,-6.0724003719904935,2,2023-12-18,2761.0,1.247,False,0.59,0.301,12.459,182.434,-24.955,2023-12-26,2803.7,strict_gakutto_next_open,1.547,7.0
8015,2026-03-30,1114,kuitto_pullback_auto,くいっと押し目版,2.4001371506943148,-4.334674275735184,-4.987903051153686,-2.751546727450338,1.2967046632124353,16923869945.0,4.720049747674057,-14.032815198618309,4,2026-03-31,5887.0,-1.44,True,2.004,8.476,6.744,32.461,-1.206,2026-04-16,6288.0,strict_gakutto_next_open,6.812,13.0
8016,2022-11-16,292,kuitto_pullback_auto,くいっと押し目版,1.661129568106312,-2.012987012987011,-1.9709543568464882,1.1904761904762085,1.7004820792286732,216092195.0,1.984126984126984,-3.164556962025311,0,2022-11-17,305.0,-0.327,True,5.574,7.541,7.541,176.066,-1.311,2022-12-05,322.0,strict_gakutto_next_open,5.574,12.0
8016,2024-05-07,651,kuitto_pullback_auto,くいっと押し目版,3.47682119205297,-3.3354714560615895,-1.764858551777837,3.2034346103038347,1.7066109304845951,1041393380.0,3.0628571428571427,-5.303030303030298,3,2024-05-08,621.0,-0.64,True,-1.932,-2.738,-0.644,35.588,-29.147,2024-05-29,616.0,max15_next_open,-0.805,16.0
8020,2022-10-04,263,kuitto_pullback_auto,くいっと押し目版,1.9191226867717681,-3.0632809351068047,-2.627968905506084,2.6933701657458453,1.7246184472461845,285421590.0,1.758093957152464,-2.4918032786885203,0,2022-10-05,744.0,0.067,True,-1.613,0.202,-1.546,231.72,-3.091,2022-10-13,728.5,strict_gakutto_next_open,-2.083,6.0
8020,2024-07-31,711,kuitto_pullback_auto,くいっと押し目版,2.2763578274760388,-4.360376785171683,-4.3339658444022655,1.5947318311646974,1.9680232558139534,608669880.0,1.910526022201149,-6.087275394206082,1,2024-08-01,1270.0,-0.82,True,-9.961,-6.22,-5.079,94.331,-21.181,2024-08-02,1187.0,stop_gap_open,-6.535,2.0
8020,2026-04-28,1135,kuitto_pullback_auto,くいっと押し目版,2.1942110177404217,-3.3514533447144945,-4.016024840286947,1.7429700209156351,1.5712527688899827,1137966755.0,2.261306532663317,-7.0488322717622065,2,2026-04-30,2165.0,-1.096,True,2.286,4.111,1.155,9.284,-8.106,2026-05-20,2238.5,strict_gakutto_next_open,3.395,12.0
8022,2021-10-14,26,kuitto_pullback_auto,くいっと押し目版,2.015889956124739,-3.2560967371478844,-3.2118036031578145,-0.04182836427859549,1.3190954773869348,217084335.0,2.658541040500821,-8.185699039487737,1,2021-10-15,864.7,0.511,False,-0.162,4.117,3.388,415.786,-22.285,2021-11-08,896.0,max15_next_open,3.62,16.0
8031,2021-12-07,62,kuitto_pullback_auto,くいっと押し目版,1.9443148234562058,-4.891369225259634,-0.8484859741337281,2.3087369850611106,1.8318530480419863,13843061113.0,2.5295348533065947,-4.759136816101139,1,2021-12-08,1294.8,-1.221,True,0.015,2.062,4.842,415.524,-1.004,2021-12-29,1365.0,max15_next_open,5.422,16.0
8031,2024-10-28,770,kuitto_pullback_auto,くいっと押し目版,3.141361256544495,-3.149704326174907,-3.1423060170493455,1.246306051651036,1.374134190647952,21698822605.0,2.456490210297317,-8.425334108076699,2,2024-10-29,3163.0,0.349,True,1.707,1.296,3.889,111.034,-25.213,2024-11-13,3202.0,strict_gakutto_next_open,1.233,11.0
8031,2024-12-03,795,kuitto_pullback_auto,くいっと押し目版,2.8366583541147072,-3.3835499939254055,-0.9504690385020553,3.184036031527593,1.7540667432935264,21256237030.0,2.5354003377646905,-0.7819548872180504,1,2024-12-04,3308.0,0.273,True,-2.297,-2.902,-2.781,101.784,-28.492,2024-12-06,3142.6,stop_loss,-5.0,3.0
8032,2022-06-21,192,kuitto_pullback_auto,くいっと押し目版,2.6134800550206227,-2.717976318622184,-0.476529550309468,2.641717116125486,1.6521739130434783,47814825.0,1.5319800842589046,-0.2673796791443861,0,2022-06-22,373.0,0.0,True,4.29,5.094,5.898,245.576,-0.804,2022-07-13,395.0,max15_next_open,5.898,16.0
8032,2022-12-09,308,kuitto_pullback_auto,くいっと押し目版,1.541623843782114,-4.387351778656123,-1.8466884874934308,1.6879374228077282,1.6568627450980393,89107925.0,1.9519953730480044,-4.448742746615086,0,2022-12-12,494.0,0.0,True,0.607,0.607,3.441,160.931,-9.615,2022-12-21,490.0,strict_gakutto_next_open,-0.81,8.0
8035,2026-09-18,1232,kuitto_pullback_auto,くいっと押し目版,1.9385796545105638,-5.180405681017541,-4.96957253847744,3.1863221293957578,1.4350268336314849,154718547250.0,4.356187965677704,-5.9000708717221855,4,2026-09-24,54110.0,1.883,False,,,,4.528,-2.218,,,,,
8037,2022-10-04,263,kuitto_pullback_auto,くいっと押し目版,1.8382352941176405,-2.465107848468373,-1.457460375296049,2.4218894435200644,1.3197026022304832,52637090.0,1.9468798349664778,-2.721685689201059,0,2022-10-05,1124.0,1.444,False,-1.868,0.89,0.0,370.641,-3.915,2022-10-27,1124.0,max15_next_open,0.0,16.0
8037,2025-02-10,839,kuitto_pullback_auto,くいっと押し目版,1.5706806282722585,-3.8367164844969825,-2.1278524326406756,1.0650613567955602,2.2732558139534884,44526250.0,1.894125347733595,-2.9460811561978884,0,2025-02-12,1766.0,1.145,False,6.852,7.475,16.308,199.547,-9.4,2025-03-06,2095.0,max15_next_open,18.63,16.0
8037,2026-04-30,1136,kuitto_pullback_auto,くいっと押し目版,1.748807631160565,-4.221954161640529,-4.70764617691154,0.6922592825676421,1.9653979238754324,139624450.0,2.1316964285714284,-8.701854493580596,1,2026-05-01,3200.0,0.0,True,4.531,9.531,12.969,65.312,-1.406,2026-05-18,3320.0,strict_gakutto_next_open,3.75,9.0
8043,2022-09-08,247,kuitto_pullback_auto,くいっと押し目版,3.3368091762252527,-3.8264444194165748,-2.6993969734895873,1.3973748063262015,1.50625,28179832.5,1.7525072592104476,-4.750789509817366,0,2022-09-09,691.0,-0.389,True,-1.838,-2.504,-2.171,133.43,-3.43,2022-09-16,677.3,strict_gakutto_next_open,-1.983,6.0
8043,2024-02-19,600,kuitto_pullback_auto,くいっと押し目版,2.6004464285714235,-2.4776658011706254,-1.3096661211562277,2.7242658561658972,1.5857142857142856,50494699.5,1.969666361051112,-0.1520582165743578,0,2024-02-20,919.3,0.0,True,0.979,2.176,0.761,75.46,-8.702,2024-03-13,926.7,max15_next_open,0.805,16.0
8050,2022-08-22,234,kuitto_pullback_auto,くいっと押し目版,3.005366726296965,-4.618763296959716,-2.707510980152339,2.8214285714285747,1.9085619285120532,419952360.0,2.9524140326502257,-4.510779436152568,2,2022-08-23,1426.5,-0.903,True,-1.647,-1.612,3.891,735.612,-20.365,2022-09-05,1409.5,strict_gakutto_next_open,-1.192,10.0
8050,2022-12-27,320,kuitto_pullback_auto,くいっと押し目版,2.203389830508473,-4.773394196283021,-3.3656062701705847,2.7467284623773125,2.714987714987715,330813195.0,2.3809523809523814,-4.739336492891,0,2022-12-28,1515.0,0.498,True,-1.089,-4.059,-7.261,686.799,-25.017,2023-01-06,1505.0,strict_gakutto_next_open,-0.66,6.0
8050,2023-03-24,378,kuitto_pullback_auto,くいっと押し目版,1.8083182640144635,-5.391518805233952,-4.084629986282962,1.6612495485734957,1.4841269841269842,337503095.0,2.763258056330881,-7.704918032786889,1,2023-03-27,1429.0,1.528,False,1.295,-1.33,-0.07,734.15,-20.504,2023-04-06,1400.0,strict_gakutto_next_open,-2.029,9.0
8050,2024-04-26,647,kuitto_pullback_auto,くいっと押し目版,2.668360864040653,-4.147794994040521,-2.0013634592909946,0.3726708074534235,1.4500525762355416,571412075.0,3.2620226308345117,-7.44558991981672,3,2024-04-30,2040.0,0.99,False,1.838,0.368,4.534,484.314,-21.569,2024-05-10,2085.0,strict_gakutto_next_open,2.206,7.0
8050,2025-01-20,824,kuitto_pullback_auto,くいっと押し目版,2.7926960257787403,-3.5869790586771755,-1.6012505809286481,2.726492056676677,1.7132034632034632,642392125.0,2.604866397969846,-2.8426395939086246,0,2025-01-21,2450.0,2.403,False,4.286,7.959,6.122,386.531,-34.592,2025-02-06,2610.0,strict_gakutto_next_open,6.531,13.0
8050,2025-06-09,918,kuitto_pullback_auto,くいっと押し目版,3.409090909090917,-3.5389530597198293,-1.955432031366322,3.6446469248291535,3.9834394904458597,502651100.0,2.3983952555381127,-6.292906178489699,1,2025-06-10,2070.0,1.099,False,1.57,1.087,5.918,475.845,-3.986,2025-06-20,2075.0,strict_gakutto_next_open,0.242,9.0
8051,2025-12-12,1045,kuitto_pullback_auto,くいっと押し目版,1.9297036526533473,-3.1170227058981537,-1.1931089087285351,2.1691074882564276,1.8564593301435406,185519745.0,1.782092147203709,-2.2471910112359605,0,2025-12-15,1479.0,0.0,True,-0.744,0.203,0.879,39.689,-9.195,2025-12-22,1468.0,strict_gakutto_next_open,-0.744,6.0
8053,2026-04-30,1136,kuitto_pullback_auto,くいっと押し目版,2.4202034373904002,-4.344654721960661,-3.292197612252268,1.144456452462106,1.2711303462321792,16346541360.0,2.314579256360079,-6.607816797799526,2,2026-05-01,1457.5,-0.171,True,27.41,23.794,26.244,33.365,-2.381,2026-05-20,1804.3,strict_gakutto_next_open,23.794,11.0
8056,2021-12-03,60,kuitto_pullback_auto,くいっと押し目版,2.968750000000009,-5.152224824355967,-3.5447096544353407,1.415820252385358,1.4928698752228164,1155088075.0,2.3954042922176457,-6.9209039548022595,2,2021-12-06,3295.0,0.0,True,-1.214,-1.214,-3.035,100.121,-20.395,2021-12-13,3280.0,strict_gakutto_next_open,-0.455,6.0
8056,2022-01-14,87,kuitto_pullback_auto,くいっと押し目版,1.6339869281045694,-4.726598702502316,-4.090004972650418,0.7777057679844379,1.6602262016965128,621983925.0,2.2852549379880567,-6.325301204819278,1,2022-01-17,3140.0,0.965,False,-1.115,-6.561,2.548,110.0,-16.465,2022-01-20,3060.0,strict_gakutto_next_open,-2.548,4.0
8056,2022-11-08,286,kuitto_pullback_auto,くいっと押し目版,1.572327044025168,-2.3721503388786203,-0.980208528438542,1.828499369482972,1.7208061647895674,1004232425.0,2.1782397169394074,-0.9202453987730008,1,2022-11-09,3215.0,-0.464,True,-4.821,-0.622,2.177,105.101,-9.705,2022-11-16,3054.25,stop_loss,-5.0,6.0
8057,2022-04-13,147,kuitto_pullback_auto,くいっと押し目版,1.9933554817275656,-5.0259605399792235,-0.7805724197744945,0.6337412587412494,1.326241134751773,93487650.0,2.683418644330697,-7.437185929648238,1,2022-04-14,929.0,0.869,False,1.615,2.799,3.445,177.933,-8.719,2022-04-19,917.0,strict_gakutto_next_open,-1.292,4.0
8057,2023-06-05,426,kuitto_pullback_auto,くいっと押し目版,2.5048169556840083,-2.200303490136579,-1.9354838709677469,2.941176470588247,2.1155778894472363,92347350.0,2.1750805585392055,-2.9197080291970767,0,2023-06-06,1158.0,8.835,False,-1.727,-0.173,-4.663,122.971,-10.19,2023-06-15,1136.0,strict_gakutto_next_open,-1.9,8.0
8058,2024-06-25,686,kuitto_pullback_auto,くいっと押し目版,3.0944625407166138,-4.029925814158175,-4.7716402745768605,2.9536139483442803,1.7431657819139783,35526586500.0,2.0920785375761675,-5.803571428571431,1,2024-06-26,3153.0,-0.379,True,6.026,7.073,7.58,90.676,-28.417,2024-07-11,3385.0,strict_gakutto_next_open,7.358,12.0
8059,2023-11-17,540,kuitto_pullback_auto,くいっと押し目版,2.2667369530838144,-4.657643312101911,-0.27844734436041074,1.062721400291733,1.96875,133944590.0,2.5331369661266567,-5.088062622309197,0,2023-11-20,1948.0,0.412,True,-2.053,-1.335,-2.875,97.125,-6.366,2023-12-06,1918.0,strict_gakutto_next_open,-1.54,12.0
8059,2024-12-03,795,kuitto_pullback_auto,くいっと押し目版,2.1810699588477256,-4.992125984251972,-4.176455647977662,2.8327673320632796,1.556701030927835,56584110.0,3.1269777343075766,-9.24707602339181,3,2024-12-04,2481.0,-0.081,True,9.875,13.664,13.22,54.776,-24.99,2024-12-19,2725.0,strict_gakutto_next_open,9.835,12.0
8061,2023-08-21,479,kuitto_pullback_auto,くいっと押し目版,1.868857741259844,-3.519323895006332,-3.5596815345362853,0.7713639116437632,1.9407407407407407,38974404.0,1.818756919183932,-5.865713860354338,1,2023-08-22,639.3,1.107,False,8.916,12.889,12.78,468.591,-1.455,2023-09-11,716.0,strict_gakutto_next_open,11.997,15.0
8061,2024-07-31,711,kuitto_pullback_auto,くいっと押し目版,2.8161764705882275,-4.258140151568012,-3.21785177816043,1.793748089046776,2.6324324324324326,198478099.5,3.208998682073129,-4.663530374309676,2,2024-08-01,1386.7,-0.83,True,-10.817,-1.082,-2.524,162.133,-23.437,2024-08-02,1295.0,stop_gap_open,-6.613,2.0
8070,2024-05-30,668,kuitto_pullback_auto,くいっと押し目版,2.0569620253164667,-2.211981566820276,-2.256561196958551,1.1606022584692566,1.4545454545454546,30476540.0,1.3510520487264672,-3.731343283582089,0,2024-05-31,649.0,0.62,False,-0.308,1.233,10.786,74.576,-9.553,2024-06-21,715.0,max15_next_open,10.169,16.0
8074,2024-07-29,709,kuitto_pullback_auto,くいっと押し目版,1.6483516483516425,-2.3305844388669783,-1.9875152471837576,1.5739385065885791,1.6330275229357798,145267500.0,1.9948519948519947,-2.2887323943661997,0,2024-07-30,5550.0,0.0,True,-16.577,-9.189,-6.486,18.739,-33.153,2024-08-02,5272.5,stop_loss,-5.0,4.0
8074,2024-12-03,795,kuitto_pullback_auto,くいっと押し目版,3.3642691415313175,-3.8929440389294356,-4.720164789411396,2.4609015639374343,2.2,87167575.0,2.268718935385602,-7.090719499478626,1,2024-12-04,4415.0,-0.898,True,1.812,-2.265,-0.227,49.264,-15.968,2024-12-17,4345.0,strict_gakutto_next_open,-1.586,10.0
8074,2026-03-18,1107,kuitto_pullback_auto,くいっと押し目版,2.6981450252951067,-4.376224689745268,-4.672045809474234,3.924914675767921,1.9004524886877827,240124850.0,3.506920009383064,-7.022900763358775,3,2026-03-19,5990.0,-1.642,True,0.167,1.503,6.678,10.017,-14.524,2026-03-23,5690.5,stop_loss,-5.0,2.0
8075,2023-07-19,457,kuitto_pullback_auto,くいっと押し目版,1.7734827165082567,-2.4442148760330684,-1.561458333333332,1.411625273806627,1.9154929577464788,109338315.0,1.5528922478366836,-3.523430814919215,0,2023-07-20,1926.7,0.522,False,5.014,8.647,-2.424,67.644,-21.472,2023-08-04,1886.7,strict_gakutto_next_open,-2.076,12.0
8081,2026-08-10,1204,kuitto_pullback_auto,くいっと押し目版,1.7140468227424766,-3.737561685947721,-3.6745913102184558,1.5018773466833446,1.553941908713693,155435080.0,3.0150901297633728,-7.420091324200917,3,2026-08-12,2451.0,0.74,False,2.285,4.447,4.57,7.915,-1.265,2026-08-20,2440.0,strict_gakutto_next_open,-0.449,7.0
8084,2023-06-06,427,kuitto_pullback_auto,くいっと押し目版,2.60736196319018,-3.621810905452727,-3.62956182592431,3.603138550485241,1.3040752351097178,69564085.0,1.7723681400811444,-2.383268482490275,0,2023-06-07,2031.0,1.196,False,3.25,5.367,5.022,143.968,-0.788,2023-06-27,2125.0,strict_gakutto_next_open,4.628,15.0
8084,2026-03-18,1107,kuitto_pullback_auto,くいっと押し目版,1.764705882352935,-2.0899854862118983,-4.380553511800334,2.3971589227582024,1.6172638436482085,238587175.0,2.8901734104046244,-6.989247311827961,1,2026-03-19,3400.0,-1.734,True,1.029,-2.5,-1.324,45.735,-5.0,2026-03-27,3435.0,strict_gakutto_next_open,1.029,6.0
8086,2021-12-03,60,kuitto_pullback_auto,くいっと押し目版,2.488479262672816,-4.572740112994344,-4.5855379188712515,2.772643253234741,1.421871261067241,571056270.0,1.8499486125385407,-4.957264957264962,0,2021-12-06,1114.0,0.18,True,-0.987,-0.628,-3.411,58.034,-11.4,2021-12-13,1110.0,strict_gakutto_next_open,-0.359,6.0
8088,2023-08-10,473,kuitto_pullback_auto,くいっと押し目版,1.959183673469389,-2.154711493220418,-0.7569458691919606,1.9225747486617095,1.7467343976777938,1571996830.0,2.184604826718518,-1.238798102266736,1,2023-08-14,1873.5,0.0,True,-2.375,-1.532,3.149,40.779,-37.737,2023-09-04,1933.3,max15_next_open,3.192,16.0
8088,2024-12-03,795,kuitto_pullback_auto,くいっと押し目版,1.528559935639584,-2.4292353189691585,-3.736748841980908,1.8892297755530363,1.7450271247739602,1204322517.5,1.896083314466833,-6.287128712871281,2,2024-12-04,1895.0,0.106,True,-2.507,-7.098,-7.757,20.976,-38.443,2024-12-09,1846.5,strict_gakutto_next_open,-2.559,4.0
8088,2024-12-26,812,kuitto_pullback_auto,くいっと押し目版,2.1203438395415386,-2.874777580071175,-3.412402538132475,1.4459751793236997,1.5120975804839032,1134995802.5,1.821789321789322,-5.863708399366086,2,2024-12-27,1785.0,0.168,True,-0.28,-2.409,-3.641,28.431,-34.65,2025-01-16,1762.5,strict_gakutto_next_open,-1.261,10.0
8093,2022-10-04,263,kuitto_pullback_auto,くいっと押し目版,1.8779342723004744,-4.663758086354742,-3.9184192981392862,2.66519476423277,1.4430379746835442,67776300.0,1.9365810840465219,-3.340757238307346,0,2022-10-05,1320.0,1.382,False,-3.106,-1.515,-1.97,71.364,-5.152,2022-10-13,1269.0,strict_gakutto_next_open,-3.864,6.0
8095,2022-04-14,148,kuitto_pullback_auto,くいっと押し目版,2.1126760563380254,-5.018248175182483,-2.7506737292073202,3.9178213091256575,1.5078393881453156,71363465.0,2.216748768472906,-3.3333333333333326,0,2022-04-15,435.0,0.0,True,0.0,0.0,-0.69,32.414,-11.034,2022-04-25,418.0,strict_gakutto_next_open,-3.908,7.0
8095,2022-06-01,178,kuitto_pullback_auto,くいっと押し目版,2.4330900243308973,-3.3723653395784536,-2.5479503572771622,1.5436565364206345,1.4097189137684611,90205645.0,2.4601289446895147,-4.318181818181821,0,2022-06-02,421.0,0.0,True,3.325,-1.188,-1.425,36.817,-8.076,2022-06-23,418.0,max15_next_open,-0.713,16.0
8095,2024-12-26,812,kuitto_pullback_auto,くいっと押し目版,1.9354838709677358,-2.0083682008368298,-2.3079486752207945,1.0660980810234477,1.3810848400556328,42011525.0,1.3713080168776373,-3.2653061224489743,0,2024-12-27,476.0,0.422,True,-2.101,-9.874,-7.773,15.966,-18.697,2025-01-09,467.0,strict_gakutto_next_open,-1.891,6.0
8097,2023-11-15,538,kuitto_pullback_auto,くいっと押し目版,3.4307496823379857,-3.715247475377148,-1.447927402528848,3.813289121285557,1.8909634055265123,251429360.0,2.9176904176904177,-1.273499090357788,2,2023-11-16,1590.0,-2.334,True,1.447,1.698,2.767,64.403,-7.044,2023-12-08,1634.0,max15_next_open,2.767,16.0
8097,2026-03-18,1107,kuitto_pullback_auto,くいっと押し目版,2.1015761821365997,-2.218795511008298,-4.222494256535825,2.07476144620502,1.6655290102389078,314190530.0,3.5377358490566038,-9.542280837858808,3,2026-03-19,2308.0,-1.029,True,5.589,8.016,7.366,13.258,-12.565,2026-04-10,2478.0,max15_next_open,7.366,16.0
8101,2021-10-19,29,kuitto_pullback_auto,くいっと押し目版,1.8000000000000016,-3.6814570819608594,-4.555895865237359,2.085840352988355,1.4697674418604652,159370435.0,2.4136963233230424,-6.175115207373272,1,2021-10-20,1024.0,0.589,False,-0.586,-3.516,-15.82,174.414,-17.188,2021-10-25,1008.0,strict_gakutto_next_open,-1.562,4.0
8101,2022-06-21,192,kuitto_pullback_auto,くいっと押し目版,2.654176424668231,-3.3444309927360694,-0.23039322519381455,2.5901076611015705,1.4840182648401827,92090145.0,2.7322107550244437,-2.2304832713754608,0,2022-06-22,1320.0,0.38,True,5.303,5.758,8.485,112.879,-1.439,2022-07-13,1419.0,max15_next_open,7.5,16.0
8101,2022-10-06,265,kuitto_pullback_auto,くいっと押し目版,2.685512367491172,-3.754913921648373,-4.752353444587087,1.9935420468903509,2.0078125,148250690.0,2.6054468587159567,-5.218525766470972,0,2022-10-07,1426.0,-1.858,True,-1.332,-0.631,0.491,97.055,-4.769,2022-10-31,1433.0,max15_next_open,0.491,16.0
8103,2024-04-08,633,kuitto_pullback_auto,くいっと押し目版,1.6975308641975273,-4.172832198875398,-1.9619680048294619,1.447044334975356,3.4488087572440436,502554840.0,1.842618686321266,-4.630969609261937,0,2024-04-09,666.0,1.062,False,3.754,0.901,0.45,56.306,-10.961,2024-04-18,670.0,strict_gakutto_next_open,0.601,8.0
8111,2023-03-24,378,kuitto_pullback_auto,くいっと押し目版,2.2916501466973216,-3.9292329831043027,-1.8832393659109936,1.8597967015323569,1.4416017797552836,1768775232.0,2.755998523440385,-5.0702774302744835,1,2023-03-27,3893.3,0.602,False,7.878,5.309,8.648,17.594,-47.833,2023-04-06,4043.3,strict_gakutto_next_open,3.853,9.0
8113,2022-06-17,190,kuitto_pullback_auto,くいっと押し目版,2.822609828472178,-2.096706377014701,-3.0293968617874145,1.4148249671635194,1.3779261704681873,5720346645.0,2.1433096360948825,-5.267720210708804,1,2022-06-20,1421.7,0.07,True,8.933,5.768,12.492,39.692,-38.475,2022-07-04,1518.0,strict_gakutto_next_open,6.774,11.0
8129,2022-06-20,191,kuitto_pullback_auto,くいっと押し目版,3.185378590078325,-3.4806573440849253,-2.7806132865134114,3.737925241495166,1.6931155192532088,323828295.0,2.3207056101792944,-1.5445939212755389,0,2022-06-21,1975.0,-0.051,True,4.861,7.139,7.443,189.924,-8.253,2022-07-04,2114.0,strict_gakutto_next_open,7.038,10.0
8129,2023-12-01,549,kuitto_pullback_auto,くいっと押し目版,1.6533986527862865,-2.898200700398501,-3.38219119123907,2.703705995174177,1.2794500185804534,1100536515.0,2.433304647160069,-5.413105413105413,1,2023-12-04,3251.0,-2.078,True,0.892,1.569,-0.523,76.13,-3.999,2023-12-14,3306.0,strict_gakutto_next_open,1.692,9.0
8129,2024-09-26,749,kuitto_pullback_auto,くいっと押し目版,2.1199143468950687,-3.4065979552133863,-1.4089254415531882,1.901709401709395,1.51309460181721,1194847235.0,3.0779139082766678,-4.753345316556823,3,2024-09-27,4674.0,-1.992,True,0.107,6.312,3.209,22.507,-23.534,2024-10-17,4890.0,strict_gakutto_next_open,4.621,14.0
8129,2025-02-28,851,kuitto_pullback_auto,くいっと押し目版,1.5742310486800637,-2.5053078556263264,-1.593492841173949,1.3631090487238984,1.5166240409207161,848272845.0,2.0011581170379453,-3.163241745555301,1,2025-03-03,4225.0,0.739,False,-0.26,-0.118,2.154,35.527,-15.408,2025-03-11,4218.0,strict_gakutto_next_open,-0.166,7.0
8130,2022-04-19,151,kuitto_pullback_auto,くいっと押し目版,1.6000000000000014,-2.172481895984202,-2.6583268178264285,2.008032128514059,2.2730870712401057,168803100.0,1.25140607424072,-3.1766200762388785,0,2022-04-20,1541.0,1.115,False,-1.168,1.103,0.454,137.184,-2.141,2022-04-27,1509.0,strict_gakutto_next_open,-2.077,6.0
8130,2024-05-31,669,kuitto_pullback_auto,くいっと押し目版,1.6271186440677932,-2.343288480472594,-4.777432513650726,0.6513126972403249,1.3569804456571168,674203885.0,2.113313637663204,-9.151515151515156,1,2024-06-03,3020.0,0.734,False,-0.331,-0.166,-2.152,11.589,-15.53,2024-06-24,3005.0,max15_next_open,-0.497,16.0
8136,2022-12-09,308,kuitto_pullback_auto,くいっと押し目版,2.6708289975719612,-5.026508288034348,-1.0389214081615639,3.7213539841614685,1.5967472894078398,1211586052.5,2.835424710424709,-2.213412619755528,1,2022-12-12,294.0,-0.676,True,4.422,0.68,8.401,490.816,-13.367,2022-12-20,301.0,strict_gakutto_next_open,2.381,7.0
8136,2024-07-31,711,kuitto_pullback_auto,くいっと押し目版,3.242375601926173,-4.004562550095569,-0.26266008844807454,3.0339922468202385,1.4536439665471923,3811910702.5,3.042821606254442,-1.8015267175572447,3,2024-08-01,635.6,-1.182,True,5.538,21.051,16.866,173.285,-17.495,2024-08-01,603.82,stop_loss,-5.0,1.0
8136,2025-11-04,1018,kuitto_pullback_auto,くいっと押し目版,1.7782133856062643,-3.3122561549845164,-3.211926941032206,0.9807735052233646,2.4483745773132495,67792560620.0,3.04620403671167,-6.508038585209008,4,2025-11-05,1453.2,-0.041,True,-18.277,-23.768,-25.585,4.652,-43.655,2025-11-06,1343.4,stop_gap_open,-7.556,2.0
8137,2023-10-27,526,kuitto_pullback_auto,くいっと押し目版,1.5880654475457279,-2.266502974785156,-3.550935241076081,1.9412787328568548,1.7532467532467533,40105825.0,2.1959802395614805,-4.045454545454541,0,2023-10-30,2128.0,0.805,False,6.156,1.034,0.423,128.853,-20.536,2023-11-10,2170.0,strict_gakutto_next_open,1.974,9.0
8137,2024-10-30,772,kuitto_pullback_auto,くいっと押し目版,2.1538461538461506,-2.0270958541306006,-0.9841230869956585,2.9031924785618335,5.420168067226891,90867015.0,1.4271371199082041,-0.15037593984962294,0,2024-10-31,2115.0,6.175,False,4.586,2.837,3.215,130.26,-16.548,2024-11-11,2165.0,strict_gakutto_next_open,2.364,7.0
8137,2026-06-18,1168,kuitto_pullback_auto,くいっと押し目版,2.717391304347827,-3.783499737256968,-1.6760969360521072,2.6058631921824116,1.761603375527426,255820000.0,3.5619803476946337,-3.4482758620689613,2,2026-06-19,3850.0,1.852,False,-3.896,-2.857,-0.26,26.494,-10.909,2026-06-24,3655.0,stop_gap_open,-5.065,4.0
8141,2023-10-10,513,kuitto_pullback_auto,くいっと押し目版,2.033898305084736,-5.08864084044649,-4.330461761890614,3.8468173193030752,1.2774451097804391,87307510.0,2.3374466065495967,-4.5202220459952365,0,2023-10-11,1200.0,-0.332,True,-0.833,-3.833,-3.083,47.667,-41.417,2023-10-18,1201.0,strict_gakutto_next_open,0.083,6.0
8141,2025-09-26,993,kuitto_pullback_auto,くいっと押し目版,1.6666666666666607,-4.275534441805218,-2.072287206054968,0.8472824963835501,1.6839160839160838,144717835.0,2.1589578454332554,-6.602870813397132,1,2025-09-29,970.0,-0.615,True,8.557,1.34,6.701,82.68,-0.825,2025-10-09,1009.0,strict_gakutto_next_open,4.021,9.0
8142,2024-02-21,602,kuitto_pullback_auto,くいっと押し目版,2.5391849529780464,-2.8330654798697896,-0.4520143571165036,3.3338949496651393,1.4564564564564564,280749864.0,3.076094393734259,0.0,2,2024-02-22,989.3,0.815,False,-0.404,-1.516,-2.254,47.68,-20.681,2024-03-04,983.7,strict_gakutto_next_open,-0.566,7.0
8142,2024-06-04,671,kuitto_pullback_auto,くいっと押し目版,2.950722927117133,-2.495153643883985,-3.1843091352694586,2.7163353025455805,1.8837209302325582,79017070.5,2.5658873466268135,-3.5299539170506877,0,2024-06-05,1035.0,-1.118,True,0.802,22.222,22.541,41.159,-24.184,2024-06-12,1040.0,strict_gakutto_next_open,0.483,6.0
8150,2022-01-31,98,kuitto_pullback_auto,くいっと押し目版,1.6960651289009476,-2.008032128514059,-0.6123665528640299,2.1673936750272516,1.2555066079295154,53458645.0,1.9822738968836369,-1.3815789473684226,0,2022-02-01,1500.0,0.067,True,9.133,9.533,9.867,129.0,-2.0,2022-02-24,1637.0,max15_next_open,9.133,16.0
8150,2023-06-06,427,kuitto_pullback_auto,くいっと押し目版,2.1452949780594865,-2.412175744232803,-4.944942714426304,2.314905254932609,2.135204081632653,176972570.0,1.8786225707466755,-11.303979678238784,1,2023-06-07,2118.0,1.098,False,0.283,0.803,0.0,62.181,-22.096,2023-06-23,2130.0,strict_gakutto_next_open,0.567,13.0
8151,2022-12-12,309,kuitto_pullback_auto,くいっと押し目版,1.896813353566018,-5.135951661631422,-2.1462026442164994,1.7116025446834326,2.4011627906976742,85474655.0,1.8083182640144666,-4.751773049645392,0,2022-12-13,1349.0,0.447,True,0.667,0.222,-0.445,65.456,-13.269,2022-12-21,1334.0,strict_gakutto_next_open,-1.112,7.0
8151,2024-04-26,647,kuitto_pullback_auto,くいっと押し目版,2.3035230352303593,-2.3157894736842155,-1.6708327851598481,1.0168584426010208,5.231597845601437,110687825.0,1.9063386944181644,-2.2020725388601003,0,2024-04-30,1520.0,0.662,False,-2.237,-3.947,-0.789,46.842,-23.026,2024-05-07,1488.0,strict_gakutto_next_open,-2.105,4.0
8151,2024-11-22,788,kuitto_pullback_auto,くいっと押し目版,1.6926201760324888,-4.008248485629595,-4.274448354697025,0.7647927009257982,1.3714285714285714,54294340.0,2.159026060490774,-6.125000000000003,1,2024-11-25,1503.0,0.067,True,-3.127,-6.055,-5.921,48.503,-22.156,2024-11-27,1478.0,strict_gakutto_next_open,-1.663,3.0
8154,2022-06-27,196,kuitto_pullback_auto,くいっと押し目版,1.6528925619834656,-3.2824179395515074,-2.151839412637657,2.2749950109758554,1.4428044280442804,200907740.0,2.8269454123112663,-4.503105590062106,0,2022-06-28,1522.5,-0.976,True,-2.43,0.493,1.314,257.307,-7.389,2022-07-04,1477.5,strict_gakutto_next_open,-2.956,5.0
8154,2023-03-24,378,kuitto_pullback_auto,くいっと押し目版,3.03347280334727,-4.541864139020535,-1.4210676330469463,1.7141676992978194,1.723136495643756,664586950.0,2.7483683828861496,-5.651340996168585,0,2023-03-27,2520.0,2.335,False,-0.595,-6.845,-5.556,115.873,-15.079,2023-04-05,2394.0,stop_loss,-5.0,8.0
8154,2024-12-03,795,kuitto_pullback_auto,くいっと押し目版,2.111613876319751,-3.6521993705628253,-3.178978855684922,2.529153415114349,1.403973509933775,365964320.0,1.8569318421607934,-4.209409267775022,0,2024-12-04,2706.0,-0.074,True,3.215,7.354,6.615,101.035,-19.327,2024-12-23,2898.0,strict_gakutto_next_open,7.095,14.0
8157,2022-09-08,247,kuitto_pullback_auto,くいっと押し目版,2.2848438690022954,-3.0067468465825753,-1.6434854969091806,1.4503701465478303,1.4102564102564104,28521135.0,1.6062121050952025,-3.172314347512617,0,2022-09-09,1337.0,-0.447,True,-1.346,-5.834,-7.405,226.477,-9.125,2022-09-16,1319.0,strict_gakutto_next_open,-1.346,6.0
8157,2023-12-27,567,kuitto_pullback_auto,くいっと押し目版,3.164855928200283,-2.9422415353974274,-0.14140587206489252,1.7328116266070337,1.3737373737373737,52839615.0,2.2337781266352694,-3.1485587583148567,0,2023-12-28,2234.0,2.289,False,2.328,-0.358,-0.582,95.389,-23.321,2024-01-11,2269.0,strict_gakutto_next_open,1.567,7.0
8157,2024-04-24,645,kuitto_pullback_auto,くいっと押し目版,1.8627896410722489,-4.15427671855868,-4.007683576355525,1.9647080225577485,1.28125,43857625.0,1.8573977316171786,-4.514480408858601,0,2024-04-25,2234.0,-0.357,True,0.492,-1.253,-0.448,95.389,-23.321,2024-05-09,2225.0,strict_gakutto_next_open,-0.403,8.0
8158,2022-12-07,306,kuitto_pullback_auto,くいっと押し目版,1.6920473773265554,-3.085417343293273,-1.8021573270191937,0.6363027461486759,1.5536912751677852,30758140.0,1.3548847159496078,-4.299363057324845,0,2022-12-08,603.0,0.333,True,3.317,10.282,18.905,133.333,-0.995,2022-12-29,711.0,max15_next_open,17.91,16.0
8158,2023-05-17,413,kuitto_pullback_auto,くいっと押し目版,1.74563591022443,-4.400680768295651,-1.875651267801326,3.1605562579013924,1.8044077134986225,90751780.0,2.039565826330532,-1.210653753026636,0,2023-05-18,821.0,0.613,False,-3.654,-7.065,-4.872,71.376,-7.917,2023-05-24,793.0,strict_gakutto_next_open,-3.41,5.0
8158,2024-02-19,600,kuitto_pullback_auto,くいっと押し目版,3.04347826086957,-2.0138771365713293,-3.351843846639857,1.9267159814209567,2.7093821510297484,64097585.0,2.760699216395419,-5.5776892430278835,0,2024-02-20,1182.0,-0.253,True,1.1,4.315,3.807,19.036,-30.626,2024-03-13,1237.0,max15_next_open,4.653,16.0
8158,2024-05-30,668,kuitto_pullback_auto,くいっと押し目版,2.7237354085603016,-3.7837837837837784,-3.9186691312384503,1.5775298191612164,1.8206278026905829,39702415.0,2.3606601731601726,-5.96616206589492,1,2024-05-31,1057.0,0.095,True,-0.189,3.69,8.988,33.113,-22.422,2024-06-21,1160.0,max15_next_open,9.745,16.0
8159,2022-04-18,150,kuitto_pullback_auto,くいっと押し目版,1.5883100381194337,-3.229737964655699,-3.4117104656523733,0.42708202487125035,1.7644230769230769,151340015.0,1.965514160636112,-6.709451575262548,1,2022-04-19,1600.0,0.063,True,-0.062,2.937,-0.187,180.0,-6.812,2022-04-28,1591.0,strict_gakutto_next_open,-0.562,8.0
8160,2025-11-07,1021,kuitto_pullback_auto,くいっと押し目版,1.8274543136421517,-2.232550419121926,-1.6431612559872244,1.2850862360500592,1.2598425196850394,138642275.0,1.255067970426902,-2.8779894608836676,0,2025-11-10,2428.0,1.336,False,1.236,2.965,4.448,8.155,-8.237,2025-11-20,2443.0,strict_gakutto_next_open,0.618,9.0
8167,2022-08-12,228,kuitto_pullback_auto,くいっと押し目版,2.2298456260720467,-3.4374999999999933,-2.5997621564482043,1.0683398338138028,1.686375321336761,110171855.0,2.235139022051774,-7.020280811232449,1,2022-08-15,1192.0,0.0,True,0.671,-4.195,-10.319,60.151,-14.43,2022-08-24,1179.0,strict_gakutto_next_open,-1.091,8.0
8167,2024-03-08,613,kuitto_pullback_auto,くいっと押し目版,3.3838973162193753,-3.879115922417675,-1.2379896526237943,3.6014967259120567,1.3142857142857143,300023350.0,2.8539180909384068,-0.7838745800671898,0,2024-03-11,1759.0,-0.734,True,4.093,3.695,2.558,8.528,-33.94,2024-03-26,1820.0,strict_gakutto_next_open,3.468,11.0
8167,2024-06-20,683,kuitto_pullback_auto,くいっと押し目版,1.6853932584269593,-3.7617554858934144,-2.914147521160826,1.4447627350853143,1.6861702127659575,51648790.0,2.1573270192054723,-5.069930069930074,0,2024-06-21,1635.0,0.368,True,8.563,6.544,5.26,9.113,-28.93,2024-07-12,1700.0,max15_next_open,3.976,16.0
8167,2024-07-29,709,kuitto_pullback_auto,くいっと押し目版,1.7083587553386126,-3.222341568206233,-4.22399170750094,2.5089164924363416,1.6557692307692307,79020255.0,2.558059816608107,-5.7126696832579205,0,2024-07-30,1650.0,-1.02,True,-17.939,-15.515,-12.121,3.03,-29.576,2024-08-02,1567.5,stop_loss,-5.0,4.0
8173,2022-02-28,116,kuitto_pullback_auto,くいっと押し目版,1.844660194174752,-2.067526555386967,-0.8274752427835486,1.3037180106228785,1.4377777777777778,87949840.0,1.9916927686231785,-1.8709073900841866,0,2022-03-01,2100.0,0.095,True,-4.19,-5.905,-2.857,120.952,-13.667,2022-03-03,2077.0,strict_gakutto_next_open,-1.095,3.0
8173,2024-10-15,761,kuitto_pullback_auto,くいっと押し目版,2.849544072948329,-2.41833469752214,-2.895339389910634,2.9512436297254085,2.469543147208122,186252905.0,1.8681724629268033,-3.4249018908312556,0,2024-10-16,2690.0,-0.628,True,-4.498,-3.643,-7.323,72.491,-29.888,2024-10-22,2586.0,strict_gakutto_next_open,-3.866,5.0
8173,2024-12-26,812,kuitto_pullback_auto,くいっと押し目版,1.8352730528200523,-2.295851813201155,-2.025378233284525,1.1830635118306398,1.9489953632148378,133509245.0,1.5729984301412874,-2.902262057191629,0,2024-12-27,2300.0,1.099,False,-0.565,-2.826,-1.565,101.739,-18.0,2025-01-10,2280.0,strict_gakutto_next_open,-0.87,7.0
8173,2026-04-23,1132,kuitto_pullback_auto,くいっと押し目版,2.1985815602836967,-2.5875605926128253,-0.8639248857591375,0.945709281961471,1.5834411384217335,346185710.0,1.8290869435907604,-3.901300433477828,0,2026-04-24,2882.0,0.0,True,3.747,1.249,4.615,60.999,-1.353,2026-05-12,2866.0,strict_gakutto_next_open,-0.555,9.0
8174,2022-09-08,247,kuitto_pullback_auto,くいっと押し目版,2.2652194431335593,-4.368888490176737,-1.7525469859134168,1.4038371548900308,1.262381454162276,918887720.0,2.4424813764915285,-5.164113785557989,1,2022-09-09,2124.0,-1.984,True,3.578,-2.872,-2.919,49.105,-20.48,2022-09-27,2069.0,strict_gakutto_next_open,-2.589,11.0
8174,2026-02-12,1084,kuitto_pullback_auto,くいっと押し目版,1.9260269302880495,-2.662381596752361,-0.898451835641767,2.5236593059936974,1.4620445344129556,1131629507.5,2.3268036311514573,-0.46604527296937315,1,2026-02-13,3010.0,0.669,False,2.326,3.787,1.495,5.216,-11.894,2026-03-09,3001.0,max15_next_open,-0.299,16.0
8185,2022-09-08,247,kuitto_pullback_auto,くいっと押し目版,2.080624187256186,-3.14449713002245,-3.2523159677258717,1.029601029601035,1.6139240506329113,43564565.0,1.337579617834395,-5.193236714975846,0,2022-09-09,787.0,0.255,True,-0.889,-0.508,-0.635,90.089,-12.198,2022-09-29,786.0,strict_gakutto_next_open,-0.127,13.0
8185,2023-09-15,498,kuitto_pullback_auto,くいっと押し目版,2.73109243697478,-2.0134228187919434,-1.6660556438144125,1.2841756420878259,1.6839378238341969,80069885.0,1.7090271691498686,-3.0723488602576787,0,2023-09-19,963.0,-1.534,True,-1.454,-5.504,-4.154,55.348,-17.445,2023-09-22,914.85,stop_loss,-5.0,4.0
8185,2023-10-06,512,kuitto_pullback_auto,くいっと押し目版,2.3178807947019875,-3.975340136054417,-4.457388881853874,2.385685884691857,1.5777777777777777,64743520.0,2.196024040684235,-5.214723926380371,0,2023-10-10,932.0,0.539,False,-11.159,-12.983,-11.695,60.515,-14.7,2023-10-16,870.0,stop_gap_open,-6.652,5.0
8185,2025-06-04,915,kuitto_pullback_auto,くいっと押し目版,2.1186440677966045,-2.0333939494131203,-1.347002421950172,1.3115856734488007,1.752808988764045,146337280.0,1.973918197984588,-2.900886381950041,0,2025-06-05,1198.0,-0.581,True,0.501,-6.177,-2.087,8.848,-22.454,2025-06-17,1138.1,stop_loss,-5.0,9.0
8194,2022-02-28,116,kuitto_pullback_auto,くいっと押し目版,3.050847457627115,-2.931317778508047,-2.7724928817918215,2.564102564102555,1.3446782178217822,382041130.0,2.236842105263158,-4.702194357366773,0,2022-03-01,1540.0,1.316,False,-2.435,1.623,4.383,83.766,-29.968,2022-03-23,1610.0,max15_next_open,4.545,16.0
8194,2023-10-10,513,kuitto_pullback_auto,くいっと押し目版,1.5151515151515138,-2.314814814814814,-1.7301604628315759,2.3326853651763457,1.6782802075611565,352215925.0,1.8995929443690638,-1.2064343163538882,0,2023-10-11,1877.5,1.9,False,-6.791,-6.658,-5.726,50.732,-14.514,2023-10-12,1783.625,stop_loss,-5.0,2.0
8194,2023-11-15,538,kuitto_pullback_auto,くいっと押し目版,2.0378457059679667,-2.3136246786632397,-1.7704169046259266,1.8895348837209225,2.5975103734439835,488902325.0,2.4862441410230285,-1.8207282913165312,0,2023-11-16,1735.0,-0.999,True,-0.72,-1.873,-2.017,63.112,-7.493,2023-11-17,1680.0,strict_gakutto_next_open,-3.17,2.0
8194,2024-03-11,614,kuitto_pullback_auto,くいっと押し目版,1.8918918918918948,-2.2027600849256923,-0.8051529790660261,2.002164502164505,1.9159859976662776,408581050.0,1.9325502084122776,-2.0779220779220786,0,2024-03-12,1877.5,-0.398,True,3.595,3.862,0.266,50.732,-14.514,2024-03-26,1937.5,strict_gakutto_next_open,3.196,10.0
8214,2022-02-02,100,kuitto_pullback_auto,くいっと押し目版,2.564102564102555,-3.3700367033700274,-4.410310501681058,3.4482758620689724,1.371069182389937,98987690.0,2.8690476190476195,-6.687402799377917,1,2022-02-03,595.0,-0.833,True,0.0,3.866,-1.008,220.168,-15.462,2022-02-22,603.0,strict_gakutto_next_open,1.345,13.0
8217,2023-08-24,482,kuitto_pullback_auto,くいっと押し目版,2.209302325581386,-2.3930050621260968,-0.36788674676353494,2.7109137648983372,5.522613065326633,42015215.0,1.3164310092637739,0.0,0,2023-08-25,868.0,-1.251,True,-0.461,4.724,5.645,21.083,-14.055,2023-09-01,866.0,strict_gakutto_next_open,-0.23,6.0
8217,2025-11-07,1021,kuitto_pullback_auto,くいっと押し目版,3.0525030525030417,-5.000000000000004,-3.081232492997199,1.6377649325626242,1.2857142857142858,88942475.0,1.9380501015572107,-5.698324022346368,0,2025-11-10,847.0,0.355,True,0.0,1.535,-0.118,7.084,-11.452,2025-11-21,843.0,strict_gakutto_next_open,-0.472,10.0
8218,2023-12-07,553,kuitto_pullback_auto,くいっと押し目版,1.7656500802568198,-2.7431421446383997,-1.2833480844607337,1.5049631764329163,1.3533246414602347,316362275.0,1.971608832807571,-2.7607361963190136,0,2023-12-08,3140.0,-0.946,True,1.592,-1.592,-0.955,33.439,-15.382,2023-12-19,3125.0,strict_gakutto_next_open,-0.478,8.0
8219,2022-10-03,262,kuitto_pullback_auto,くいっと押し目版,2.9771749917300694,-2.7788303650372437,-1.7802606128473952,0.8291766534948453,1.259478354396343,355437568.5,3.634528016153457,-6.8800478612025096,3,2022-10-04,315.7,1.413,False,4.625,10.548,8.742,192.778,-14.254,2022-10-26,346.0,max15_next_open,9.598,16.0
8219,2023-04-18,395,kuitto_pullback_auto,くいっと押し目版,1.5666666666666718,-2.0448160972104223,-1.2116359053795045,1.222510132217125,1.325698579935868,269544613.5,2.395799146701675,-4.7812500000000036,0,2023-04-19,303.3,-0.459,True,0.89,0.659,6.396,204.748,-2.176,2023-04-27,300.7,strict_gakutto_next_open,-0.857,7.0
8219,2023-12-26,566,kuitto_pullback_auto,くいっと押し目版,1.6119282691920311,-2.079002079002068,-2.069295513911651,0.9852216748768461,1.8155913978494624,610736686.5,2.4716013710659763,-4.974561899378182,0,2023-12-27,504.3,0.0,True,-1.705,12.096,17.926,83.284,-26.631,2024-01-04,490.0,strict_gakutto_next_open,-2.836,4.0
8219,2024-05-30,668,kuitto_pullback_auto,くいっと押し目版,2.3122570083896177,-2.3964368767490307,-4.640838146737125,0.6846556584776398,1.4834390415785765,477289054.5,2.191428571428569,-8.307353750229229,1,2024-05-31,495.3,-0.94,True,0.949,-2.423,-0.323,86.614,-25.298,2024-06-21,497.3,max15_next_open,0.404,16.0
8219,2025-02-28,851,kuitto_pullback_auto,くいっと押し目版,1.7258737235725574,-2.7951699463327317,-2.119816185340828,1.364326865201071,1.9930178432893717,714854527.5,1.761224778332089,-3.7294133659997453,0,2025-03-03,713.3,0.848,False,0.477,-0.603,-0.182,29.581,-17.566,2025-03-11,704.7,strict_gakutto_next_open,-1.206,7.0
8227,2024-02-05,591,kuitto_pullback_auto,くいっと押し目版,1.816637743233751,-2.0173473075533077,-0.2845886020649724,1.5212541142339608,1.3107011070110701,2202691575.0,1.4094029270819852,-1.868327402135228,1,2024-02-06,2757.5,0.0,True,-1.723,-1.396,-3.826,39.92,-22.636,2024-02-08,2680.0,strict_gakutto_next_open,-2.811,3.0
8227,2025-08-26,972,kuitto_pullback_auto,くいっと押し目版,3.308833803761546,-4.50654192646801,-2.3528695705099967,2.8666993165779697,2.905720823798627,2894604693.0,1.9871004641205083,-3.1009174311926624,1,2025-08-27,3705.0,0.225,True,-1.665,0.675,-0.945,2.564,-16.904,2025-09-03,3653.3,strict_gakutto_next_open,-1.395,6.0
8227,2026-08-24,1213,kuitto_pullback_auto,くいっと押し目版,2.262443438914019,-2.317280121715737,-0.9176484518382599,1.2786806883365198,1.2568940493468794,2572378985.0,2.271386430678466,-5.068608232987959,1,2026-08-25,3413.0,0.678,False,-4.073,-4.541,-5.274,0.352,-8.087,2026-09-02,3242.35,stop_loss,-5.0,7.0
8233,2023-01-19,334,kuitto_pullback_auto,くいっと押し目版,2.1675454012888062,-5.311599024173875,-1.9928988661092606,1.9048732032254323,1.4425994131968287,3465008115.0,2.7113368283093053,-5.831533477321815,1,2023-01-20,880.0,0.917,False,3.011,0.966,1.25,196.42,-1.023,2023-02-03,887.5,strict_gakutto_next_open,0.852,11.0
8233,2025-03-14,861,kuitto_pullback_auto,くいっと押し目版,2.499999999999991,-2.0585842148087785,-2.7540253622019395,2.03235172127747,1.441362018764154,1997072342.5,1.6927990708478515,-2.9585798816568087,1,2025-03-17,1230.0,0.0,True,-0.325,-1.626,-16.789,112.073,-18.756,2025-03-25,1234.5,strict_gakutto_next_open,0.366,6.0
8233,2026-05-07,1138,kuitto_pullback_auto,くいっと押し目版,2.2702991452991483,-3.398713158987132,-2.774607259219297,2.161152614727846,1.516155503128526,2668071840.0,2.385926948475917,-4.513715710723187,1,2026-05-08,1929.0,0.757,False,1.192,2.385,3.007,35.226,-2.151,2026-05-27,1956.0,strict_gakutto_next_open,1.4,14.0
8237,2022-08-31,241,kuitto_pullback_auto,くいっと押し目版,3.4965034965035002,-2.4423337856173677,-2.8531694405813934,2.5167397829600535,2.48953488372093,107431295.0,2.5176962676962678,-2.41758241758242,0,2022-09-01,873.0,-1.689,True,1.145,21.077,19.359,251.088,-11.569,2022-09-07,861.0,strict_gakutto_next_open,-1.375,5.0
8237,2023-01-19,334,kuitto_pullback_auto,くいっと押し目版,2.5025025025025016,-4.549854791868347,-1.5379736800380517,3.059581320450877,2.6689855072463766,259110195.0,3.766741071428571,-3.5781544256120568,2,2023-01-20,1024.0,0.0,True,10.156,9.277,8.789,199.316,-24.609,2023-02-01,1131.0,strict_gakutto_next_open,10.449,9.0
8237,2023-06-02,425,kuitto_pullback_auto,くいっと押し目版,3.054806828391743,-5.303678357570574,-4.537024316527005,3.166037057024651,3.061176470588235,168131260.0,2.746294681778553,-7.3505654281098565,1,2023-06-05,1163.0,1.395,False,1.118,0.172,-1.978,163.543,-33.62,2023-06-13,1180.0,strict_gakutto_next_open,1.462,7.0
8237,2024-10-28,770,kuitto_pullback_auto,くいっと押し目版,3.3333333333333437,-4.667444574095681,-4.797357033176675,2.2727272727272707,1.2771295215869312,212563660.0,2.6967059225123746,-5.6369785794814,0,2024-10-29,836.0,-0.119,True,-0.598,4.306,4.067,266.627,-0.957,2024-11-06,841.0,strict_gakutto_next_open,0.598,6.0
8237,2025-03-14,861,kuitto_pullback_auto,くいっと押し目版,2.0648967551622377,-4.3012772351615265,-2.097100729592427,1.2485368708544664,1.2715404699738904,183751285.0,3.151665290393614,-5.722070844686645,2,2025-03-17,1037.0,-0.096,True,0.193,2.604,-9.836,195.564,-14.176,2025-04-02,1020.0,strict_gakutto_next_open,-1.639,12.0
8242,2022-03-14,126,kuitto_pullback_auto,くいっと押し目版,1.7114914425427896,-3.5585477278191724,-4.070872126163794,2.995791037385498,1.4683917458237798,422775040.0,3.073489010989011,-6.935123042505598,3,2022-03-15,839.0,0.841,False,3.218,5.483,3.695,265.912,-1.311,2022-03-31,858.0,strict_gakutto_next_open,2.265,12.0
8242,2024-10-07,756,kuitto_pullback_auto,くいっと押し目版,1.888530631045593,-4.839295442164538,-0.8558004251034812,3.9962388340385457,1.848474801061008,1191702145.0,3.222681477654353,-1.8197958277851756,3,2024-10-08,2162.0,-2.26,True,-0.833,-4.209,-4.903,41.998,-18.964,2024-10-16,2095.0,strict_gakutto_next_open,-3.099,6.0
8242,2025-07-01,934,kuitto_pullback_auto,くいっと押し目版,3.063919704173279,-3.128215682239144,-1.6836481113320034,2.738283307003697,1.5914739055629898,871156412.5,1.7884601303360916,-0.4591836734693877,1,2025-07-02,1912.0,-1.999,True,1.961,2.798,3.766,60.565,0.0,2025-07-17,1918.0,strict_gakutto_next_open,0.314,12.0
8252,2022-12-27,320,kuitto_pullback_auto,くいっと押し目版,2.1052631578947434,-5.442356884537358,-4.707568198705026,3.5459017915158375,1.5136498000347767,1687705930.0,2.0298392777101872,-4.413024850042846,1,2022-12-28,2213.0,-0.807,True,-3.66,-5.197,-1.853,52.146,-11.613,2023-01-05,2144.0,strict_gakutto_next_open,-3.118,5.0
8252,2023-01-18,333,kuitto_pullback_auto,くいっと押し目版,2.248803827751189,-2.1572655958162046,-3.3589445949182895,1.8589132507149664,1.3763289555972482,1681192075.0,1.9085500367671635,-4.725813642443155,1,2023-01-19,2106.0,-1.451,True,3.134,3.086,-2.184,59.877,-7.123,2023-01-30,2163.0,strict_gakutto_next_open,2.707,8.0
8255,2023-05-31,423,kuitto_pullback_auto,くいっと押し目版,3.2073170731707235,-3.795854009182409,-2.824110681183356,1.8681239317268172,6.006410256410256,90220274.0,1.7082763626542437,-3.9714058776807004,0,2023-06-01,840.0,-0.744,True,1.488,5.512,9.821,62.262,-1.786,2023-06-22,922.5,max15_next_open,9.821,16.0
8255,2023-08-25,483,kuitto_pullback_auto,くいっと押し目版,1.537604456824515,-3.4600442164459455,-2.7709587672377523,0.9146881644223948,2.6076923076923078,228372042.0,2.02928312771394,-10.43734643734644,1,2023-08-28,916.3,0.549,False,3.405,1.91,3.405,48.75,-5.489,2023-09-11,941.3,strict_gakutto_next_open,2.728,11.0
8255,2026-05-29,1154,kuitto_pullback_auto,くいっと押し目版,2.257114818449457,-3.8108004595940326,-4.610853064461318,3.127474267616792,1.4179775280898876,183596255.0,2.7625445571702767,-8.112874779541446,1,2026-06-01,1032.0,-0.96,True,-0.097,7.849,4.748,32.074,-2.713,2026-06-04,1010.0,strict_gakutto_next_open,-2.132,4.0
8267,2026-06-29,1175,kuitto_pullback_auto,くいっと押し目版,2.925731432858214,-3.387573964497037,-2.934686672550746,3.963021898916419,1.9760171933766424,11154908615.0,3.0508121615993335,-3.5839775122979645,3,2026-06-30,1385.0,0.948,False,5.054,1.336,-1.336,6.643,-6.859,2026-07-01,1315.75,stop_loss,-5.0,2.0
8273,2024-06-25,686,kuitto_pullback_auto,くいっと押し目版,2.1931915705158733,-2.973630072938116,-3.8994957104073524,2.698507005002182,1.3839009287925697,408029707.5,2.14012450179288,-4.653024911032022,0,2024-06-26,1072.7,0.093,True,0.028,3.85,6.805,14.636,-19.642,2024-07-18,1146.0,max15_next_open,6.833,16.0
8273,2026-09-17,1231,kuitto_pullback_auto,くいっと押し目版,1.7223910840932222,-2.0226055919095765,-3.0598270532535055,1.3118062563067578,1.3849499782514136,879070370.0,1.7999430848036426,-7.294552169898427,2,2026-09-18,1000.0,-0.398,True,,,,0.3,-2.3,2026-09-25,984.0,strict_gakutto_next_open,-1.6,3.0
8276,2023-03-09,368,kuitto_pullback_auto,くいっと押し目版,1.5903614457831283,-2.6539575740584853,-1.8747769240884393,0.8902077151335286,1.614678899082569,595043955.0,1.5519110870154513,-3.919781221513219,0,2023-03-10,2095.0,-0.617,True,-2.721,-2.721,-2.864,55.131,-7.876,2023-04-03,2055.0,max15_next_open,-1.909,16.0
8281,2023-10-10,513,kuitto_pullback_auto,くいっと押し目版,1.8367346938775508,-4.894283476898986,-3.9069289721102907,2.5693730729702047,1.81002331002331,199747830.0,1.8894932722588034,-3.760848601735778,0,2023-10-11,998.0,0.0,True,-4.309,-3.307,-2.906,36.573,-8.317,2023-10-16,967.0,strict_gakutto_next_open,-3.106,4.0
8281,2025-01-16,822,kuitto_pullback_auto,くいっと押し目版,1.945181255526074,-2.0782396088019572,-0.9874894574079307,2.3070097604259043,1.8264248704663213,65067255.0,1.3133440713666213,-0.603448275862073,0,2025-01-17,1153.0,0.0,True,7.719,10.147,9.107,18.213,-17.52,2025-02-05,1250.0,strict_gakutto_next_open,8.413,14.0
8281,2026-08-07,1203,kuitto_pullback_auto,くいっと押し目版,1.83486238532109,-3.167501789549021,-1.352874859075548,2.304147465437789,1.6678200692041523,85356370.0,1.8532818532818536,-2.4604569420035194,0,2026-08-10,1117.0,0.631,False,7.431,6.625,3.85,11.996,-2.507,2026-09-01,1160.0,max15_next_open,3.85,16.0
8282,2022-01-14,87,kuitto_pullback_auto,くいっと押し目版,1.7351598173515947,-2.454642475987201,-0.8039512582017516,1.217517717608585,1.8517133956386294,705186345.0,1.756860733521416,-1.9366197183098621,0,2022-01-17,1112.0,-0.18,True,-1.259,0.27,8.543,97.932,-2.878,2022-01-20,1084.0,strict_gakutto_next_open,-2.518,4.0
8282,2023-06-02,425,kuitto_pullback_auto,くいっと押し目版,2.2462562396006636,-3.9899069547390087,-1.8343595860601525,0.9031198686371145,1.3749784890724488,1100227645.0,1.3948622573520864,-6.183206106870232,2,2023-06-05,1244.5,1.261,False,0.321,-1.165,0.603,76.858,-2.21,2023-06-19,1230.0,strict_gakutto_next_open,-1.165,11.0
8282,2026-07-21,1190,kuitto_pullback_auto,くいっと押し目版,1.7376681614349687,-2.865251323473228,-4.569562572700015,1.4816885658373025,1.7083818393480792,1438876702.5,2.39275875639512,-6.031581672275433,2,2026-07-22,1800.5,-0.799,True,6.748,3.305,7.026,10.914,-0.528,2026-08-04,1882.0,strict_gakutto_next_open,4.527,10.0
8304,2026-06-08,1160,kuitto_pullback_auto,くいっと押し目版,1.746806912096166,-2.3050496841638735,-0.5604129674166347,2.034281408928229,1.7674540133779264,3533417580.0,2.7769719665602994,-3.042777877214964,1,2026-06-09,2720.5,0.443,True,2.573,2.573,-0.331,30.895,-1.525,2026-06-25,2741.0,strict_gakutto_next_open,0.754,13.0
8306,2023-12-22,564,kuitto_pullback_auto,くいっと押し目版,2.4863042562157656,-5.39188438021122,-4.163589068370843,1.8681410739716853,1.4784148125544117,92218336400.0,2.423049812030075,-6.064117419853221,2,2023-12-25,1220.0,0.329,True,-0.697,5.0,6.475,212.541,-1.967,2024-01-19,1305.5,max15_next_open,7.008,16.0
8306,2024-07-31,711,kuitto_pullback_auto,くいっと押し目版,2.941176470588225,-3.910361609416557,-2.9934240569915005,2.9775214781687653,2.709313226904878,95346060727.5,2.322448979591837,-4.240766073871405,1,2024-08-01,1742.0,-0.457,True,-17.738,-13.72,-13.117,118.886,-31.114,2024-08-02,1565.5,stop_gap_open,-10.132,2.0
8306,2025-10-20,1008,kuitto_pullback_auto,くいっと押し目版,2.1080368906455815,-2.3864809081527327,-1.6024533517622674,2.0587331548220122,1.374512136636187,107732139962.5,2.741935483870968,-2.902484861140109,1,2025-10-21,2339.5,0.624,False,-2.842,-0.321,-0.769,62.984,-4.51,2025-10-23,2270.0,strict_gakutto_next_open,-2.971,3.0
8306,2026-04-28,1135,kuitto_pullback_auto,くいっと押し目版,1.9142148174406293,-3.67115324729248,-0.2001072002858595,2.939596834831182,1.5564559586905955,103436551400.0,2.237267080745341,-2.4266078398099467,1,2026-04-30,2868.0,-0.243,True,-0.401,4.428,6.904,32.95,-3.975,2026-05-26,3041.0,max15_next_open,6.032,16.0
8308,2021-12-03,60,kuitto_pullback_auto,くいっと押し目版,1.5348288075560879,-2.5637459434399656,-3.1030957271412696,2.186311787072248,1.2839357634463422,5754560879.5,2.0980066445182706,-4.99337163057888,1,2021-12-06,430.0,0.0,True,1.651,4.721,3.186,504.884,-0.791,2021-12-21,440.0,strict_gakutto_next_open,2.326,12.0
8308,2023-08-17,477,kuitto_pullback_auto,くいっと押し目版,3.4641368405921913,-2.3128656569522565,-0.5789041339194667,0.46057222609909854,1.367536118618863,9734442789.0,3.2260945500734315,-7.050619834710748,4,2023-08-18,718.0,-0.25,True,4.875,7.563,14.457,262.256,-2.925,2023-09-08,811.8,max15_next_open,13.064,16.0
8308,2023-10-10,513,kuitto_pullback_auto,くいっと押し目版,2.047452727929655,-3.109748909583865,-2.555872731834541,2.907598134473366,1.2805759483601156,12552082124.0,2.582994722732715,-4.021295876755781,1,2023-10-11,844.1,-0.378,True,-4.028,-7.156,-4.81,208.139,-17.427,2023-10-16,809.0,strict_gakutto_next_open,-4.158,4.0
8308,2025-10-08,1001,kuitto_pullback_auto,くいっと押し目版,1.6666666666666607,-4.6223662884927075,-1.5450207829352802,1.4389465825018766,1.5517690798589674,14414708632.5,2.7242747215982415,-4.626675175494577,1,2025-10-09,1509.0,0.97,False,-3.181,-3.479,-0.265,72.366,-7.124,2025-10-14,1433.55,stop_loss,-5.0,3.0
8308,2026-01-05,1058,kuitto_pullback_auto,くいっと押し目版,2.3723228995057744,-2.3740216055372354,-2.0174961824158233,2.588654824011094,1.3417760039326303,12311312625.0,2.321945836590188,-1.0509554140127442,1,2026-01-06,1581.0,1.77,False,6.452,12.524,13.314,64.516,-0.569,2026-01-23,1796.5,strict_gakutto_next_open,13.631,13.0
8308,2026-07-02,1178,kuitto_pullback_auto,くいっと押し目版,1.9962859795728871,-3.930688554491557,-0.1334812280272879,3.3979668674698704,1.4555611648421725,21236808560.0,3.6429546784576377,-2.6152482269503508,3,2026-07-03,2225.0,1.274,False,6.27,5.798,6.315,16.899,-3.236,2026-07-17,2350.0,strict_gakutto_next_open,5.618,11.0
8309,2022-01-28,97,kuitto_pullback_auto,くいっと押し目版,2.233502538071064,-4.09547161137076,-0.6697313148926076,0.43885896668660607,1.5472482746416563,4720067936.0,2.6798127393956594,-6.586270871985156,2,2022-01-31,495.6,-1.569,True,3.814,6.921,4.883,267.736,-6.416,2022-02-16,530.1,strict_gakutto_next_open,6.961,12.0
8309,2026-04-28,1135,kuitto_pullback_auto,くいっと押し目版,2.9434546862896926,-4.676888401198154,-0.7825437742144725,2.886074381444903,1.5401916682964991,9666492610.0,1.91497366440933,-2.7442371020856227,1,2026-04-30,1310.0,-1.43,True,5.115,4.275,8.038,39.122,-1.924,2026-05-19,1391.0,strict_gakutto_next_open,6.183,11.0
8334,2023-01-27,340,kuitto_pullback_auto,くいっと押し目版,2.429149797570851,-2.1048451151707726,-0.6731308598445396,2.0572811617587616,1.3089145496535797,835219585.0,3.077357425183512,-3.984819734345346,3,2023-01-30,502.0,-0.791,True,-3.187,-0.199,-0.199,539.044,-14.741,2023-02-03,482.0,strict_gakutto_next_open,-3.984,5.0
8334,2025-02-14,842,kuitto_pullback_auto,くいっと押し目版,2.3121387283236983,-4.822358206228894,-1.5008673353948287,1.6462480857580397,1.5571527938789707,1053119332.5,2.4549367769706754,-5.263157894736848,1,2025-02-17,1065.0,0.282,True,4.178,6.995,9.296,201.221,-10.141,2025-02-27,1126.5,strict_gakutto_next_open,5.775,8.0
8334,2025-06-17,924,kuitto_pullback_auto,くいっと押し目版,2.254359846873677,-3.41358839050131,-1.268694337086218,2.289166879414517,1.4066690830010873,1316365615.0,2.237342524364155,-3.5313001605136396,1,2025-06-18,1197.0,-0.416,True,-0.877,1.378,2.047,168.003,-1.462,2025-06-25,1200.0,strict_gakutto_next_open,0.251,6.0
8337,2024-06-19,682,kuitto_pullback_auto,くいっと押し目版,1.8200202224469164,-2.8855721393034828,-1.4388199258423273,2.9441831936209306,1.3186925434116445,190033005.0,4.206270392963541,-8.53769300635786,3,2024-06-20,1000.0,-0.695,True,1.1,5.3,3.2,186.6,-22.3,2024-06-28,1008.0,strict_gakutto_next_open,0.8,7.0
8338,2024-05-13,655,kuitto_pullback_auto,くいっと押し目版,2.0477815699658786,-4.828042328042315,-2.12535535400028,3.38865836791149,1.4599227426364074,158017005.0,2.72336359292881,-2.287581699346408,0,2024-05-14,296.0,-1.003,True,5.405,6.419,15.203,169.932,-38.514,2024-06-04,337.0,max15_next_open,13.851,16.0
8341,2022-03-10,124,kuitto_pullback_auto,くいっと押し目版,2.0132876988121495,-2.922895357985844,-4.365703135284149,2.5666977045463835,1.4891304347826086,359021539.5,2.6854436268290596,-6.856617647058827,1,2022-03-11,501.3,-1.066,True,5.925,9.176,2.274,737.223,-2.853,2022-03-31,520.7,strict_gakutto_next_open,3.87,14.0
8341,2023-10-10,513,kuitto_pullback_auto,くいっと押し目版,3.1513201476293995,-4.792774419112855,-4.215000475114971,3.9739015968102143,1.537914691943128,943734409.5,3.278505897771956,-4.10838391836017,3,2023-10-11,1090.0,0.0,True,-3.367,-2.45,1.991,285.046,-5.807,2023-10-16,1035.5,stop_loss,-5.0,4.0
8343,2025-10-20,1008,kuitto_pullback_auto,くいっと押し目版,2.2824536376604865,-2.0210646171363478,-1.1226990368723988,3.3141210374639796,1.347496206373293,314051825.0,2.620043833432955,-0.2781641168289273,0,2025-10-21,3585.0,0.0,True,2.232,2.092,0.418,186.75,-2.51,2025-10-30,3600.0,strict_gakutto_next_open,0.418,8.0
8344,2023-12-27,567,kuitto_pullback_auto,くいっと押し目版,1.5094339622641506,-2.4174201882266155,-0.5248359887535026,1.3755417373280565,1.556420233463035,68710425.0,2.01141795007966,-3.3243486073674777,0,2023-12-28,1068.0,-0.743,True,1.404,2.903,1.124,437.453,-11.891,2024-01-22,1087.0,strict_gakutto_next_open,1.779,14.0
8344,2025-10-20,1008,kuitto_pullback_auto,くいっと押し目版,1.8124999999999947,-3.2838725370956,-2.24394306851865,2.0548803408094285,1.336111111111111,140735460.0,2.4116460580548975,-4.120070629782225,0,2025-10-21,1640.0,0.675,False,1.463,3.72,4.512,250.0,-1.829,2025-11-12,1730.0,max15_next_open,5.488,16.0
8345,2022-09-09,248,kuitto_pullback_auto,くいっと押し目版,1.5866020273248127,-3.9521161438213825,-3.675145373550537,1.7166056219937387,1.6126126126126126,77609344.0,1.413077161450263,-4.948453608247427,0,2022-09-12,463.8,0.607,False,-0.216,-1.725,-3.083,527.857,-5.239,2022-09-27,457.5,strict_gakutto_next_open,-1.358,10.0
8346,2023-03-09,368,kuitto_pullback_auto,くいっと押し目版,1.6597510373443924,-3.0253475061324586,-1.5501319261213675,2.5963149078726877,1.2946249807484984,187724450.0,1.661807580174927,-1.2096774193548376,0,2023-03-10,242.0,-1.224,True,-9.504,-10.331,-10.331,353.719,-11.983,2023-03-13,229.9,stop_loss,-5.0,2.0
8346,2024-05-14,656,kuitto_pullback_auto,くいっと押し目版,1.812688821752273,-3.4218289085545806,-2.1532238876992627,2.4316109422492405,1.784058487874465,241582285.0,1.8228062738448496,-1.4619883040935644,0,2024-05-15,338.0,0.297,True,11.243,7.988,-2.071,224.852,-31.361,2024-06-05,328.0,max15_next_open,-2.959,16.0
8346,2024-07-31,711,kuitto_pullback_auto,くいっと押し目版,2.922077922077926,-4.488778054862852,-4.119850187265916,3.190104166666674,1.329967248908297,198802550.0,2.501126633618747,-5.089820359281438,0,2024-08-01,315.0,-0.631,True,-16.508,-13.333,-12.063,248.571,-26.349,2024-08-02,299.25,stop_loss,-5.0,2.0
8354,2024-07-31,711,kuitto_pullback_auto,くいっと押し目版,1.9565736101169184,-3.4686892979372885,-2.3514562199055566,2.2836078130984205,2.586902459242885,3092164975.0,2.201531209254121,-2.331428571428573,1,2024-08-01,4350.0,1.802,False,-17.678,-9.678,-12.092,84.414,-32.943,2024-08-02,4126.0,stop_gap_open,-5.149,2.0
8354,2025-10-08,1001,kuitto_pullback_auto,くいっと押し目版,1.802218114602594,-3.361005160421815,-2.019890664805124,1.9199629886652803,1.4230769230769231,3635599195.0,2.182089358666753,-2.7373068432671066,1,2025-10-09,4380.0,-0.59,True,-1.644,-0.457,2.945,83.151,-5.046,2025-10-14,4228.0,strict_gakutto_next_open,-3.47,3.0
8354,2026-06-03,1157,kuitto_pullback_auto,くいっと押し目版,2.3011897307451568,-3.240685276147126,-0.8383145336491871,1.1109048149523515,1.431260380143938,4343347050.0,2.7248879658979126,-2.9119001634229646,1,2026-06-04,6517.0,-0.275,True,5.263,5.463,5.094,23.093,-1.381,2026-06-12,6858.0,strict_gakutto_next_open,5.232,7.0
8354,2026-08-05,1201,kuitto_pullback_auto,くいっと押し目版,2.081066376496188,-3.470386558140748,-0.19889419153295007,1.6084048631231251,1.4463792737311532,4801787710.0,3.3406300561530413,-3.8190439574522617,3,2026-08-06,7495.0,-0.133,True,2.789,0.16,2.975,7.031,-4.576,2026-08-12,7350.0,strict_gakutto_next_open,-1.935,4.0
8358,2022-09-09,248,kuitto_pullback_auto,くいっと押し目版,1.8867924528301883,-2.6232948583420734,-1.2116059092358356,1.667563206024747,1.2750754780275075,219666520.0,1.9085411942554802,-4.060913705583758,0,2022-09-12,379.0,0.265,True,2.111,-2.639,-1.319,695.515,-4.222,2022-09-27,371.0,strict_gakutto_next_open,-2.111,10.0
8358,2024-11-25,789,kuitto_pullback_auto,くいっと押し目版,2.200000000000002,-3.6384527001149136,-4.6899210158346305,1.3084853291038812,1.3620347940982163,960709565.0,3.312831982107911,-6.921675774134794,4,2024-11-26,1022.0,0.0,True,3.62,5.284,8.611,195.01,-3.131,2024-12-11,1071.0,strict_gakutto_next_open,4.795,12.0
8358,2026-06-08,1160,kuitto_pullback_auto,くいっと押し目版,2.8854824165915227,-4.1016457747079516,-1.9537910156929628,1.23325348238843,1.5573188946975354,1903364915.0,3.1426067359459116,-4.71816283924843,3,2026-06-09,2308.0,1.139,False,3.769,4.376,4.289,30.633,-1.646,2026-06-25,2333.0,strict_gakutto_next_open,1.083,13.0
8358,2026-08-05,1201,kuitto_pullback_auto,くいっと押し目版,2.184557438794732,-3.742922273696603,-0.025805668139100568,2.983601579107198,1.4823648453310205,2289521970.0,3.333157811594966,-1.7385005432814182,3,2026-08-06,2800.0,3.207,False,2.857,1.036,5.679,7.679,-4.607,2026-08-28,2944.0,max15_next_open,5.143,16.0
8360,2023-12-06,552,kuitto_pullback_auto,くいっと押し目版,2.649379932356255,-4.702161307327357,-3.5125157380337724,0.685613181466338,1.3608108108108108,194552060.0,3.0752333882482152,-4.858934169278994,2,2023-12-07,1804.0,-0.934,True,0.721,-6.596,-7.65,327.938,-19.457,2023-12-15,1713.8,stop_loss,-5.0,7.0
8360,2024-07-29,709,kuitto_pullback_auto,くいっと押し目版,2.4793388429751984,-2.7919543680576364,-2.567129536996271,1.858507033576351,1.3676092544987146,81175320.0,2.149337557603687,-5.343511450381677,0,2024-07-30,1956.0,-1.411,True,-25.716,-9.458,-6.646,294.683,-25.716,2024-08-02,1858.2,stop_loss,-5.0,4.0
8360,2026-09-11,1227,kuitto_pullback_auto,くいっと押し目版,2.269503546099294,-2.737476047084586,-1.4634957591884268,1.4064697609001309,1.596041055718475,963256250.0,3.318803249455122,-5.006587615283264,3,2026-09-14,7060.0,-2.08,True,4.674,,,7.932,0.0,2026-09-25,7310.0,strict_gakutto_next_open,3.541,7.0
8361,2026-03-18,1107,kuitto_pullback_auto,くいっと押し目版,2.110389610389607,-3.1599106287902967,-3.7548280883935914,3.453947368421062,1.2773109243697478,1749109250.0,5.746082216670452,-8.040935672514616,4,2026-03-19,6190.0,-1.59,True,-0.485,2.585,10.016,42.973,-7.754,2026-03-23,5800.0,stop_gap_open,-6.3,2.0
8362,2022-10-04,263,kuitto_pullback_auto,くいっと押し目版,2.127659574468077,-3.445366333848965,-0.9331036462819409,0.8549485581799798,2.550632911392405,31433540.0,2.3039819376026274,-3.8674033149171283,0,2022-10-05,1400.0,0.575,False,-4.571,-3.071,-2.071,506.429,-5.786,2022-10-12,1329.0,stop_gap_open,-5.071,5.0
8366,2022-03-10,124,kuitto_pullback_auto,くいっと押し目版,3.017832647462293,-2.0550425493391367,-3.2697305186714654,3.643389456251711,1.3908484270734032,252083170.0,2.7328641176843558,-3.676784950833689,0,2022-03-11,448.0,-0.577,True,5.045,5.402,-1.116,574.107,-2.813,2022-03-30,457.6,strict_gakutto_next_open,2.143,13.0
8366,2023-02-07,347,kuitto_pullback_auto,くいっと押し目版,3.3923303834808127,-3.0529415990230624,-0.5947944524821835,3.057924139958801,1.3683193818415968,687605510.0,2.6110658243325853,-4.8200950441276476,0,2023-02-08,560.2,-0.107,True,0.821,5.998,5.177,439.093,-8.497,2023-03-02,591.0,max15_next_open,5.498,16.0
8366,2025-07-01,934,kuitto_pullback_auto,くいっと押し目版,3.2928942807625594,-2.2095748242383584,-1.5589302513103087,1.7064846416382284,2.8067581837381206,808867500.0,2.6725790987535953,-3.2467532467532423,0,2025-07-02,1182.0,-0.839,True,0.338,1.523,3.046,155.499,-2.538,2025-07-04,1168.0,strict_gakutto_next_open,-1.184,3.0
8367,2022-03-11,125,kuitto_pullback_auto,くいっと押し目版,1.7266896891958483,-3.5279335008699064,-3.7660917445273667,2.7711323763955242,1.626865671641791,129134830.0,2.729666066232509,-6.059225512528476,1,2022-03-14,416.4,0.97,False,0.865,2.882,-3.458,401.441,-8.838,2022-03-28,428.6,strict_gakutto_next_open,2.93,10.0
8368,2022-03-11,125,kuitto_pullback_auto,くいっと押し目版,2.0289855072463725,-2.5655644241733166,-3.7879636893421553,2.5043680838672255,1.6772705196697426,141568455.0,2.2118506493506493,-5.376344086021501,0,2022-03-14,354.0,0.568,False,4.52,2.825,-5.085,637.288,-12.429,2022-03-31,336.3,stop_loss,-5.0,13.0
8368,2023-11-21,542,kuitto_pullback_auto,くいっと押し目版,2.0522388059701413,-2.6248632883703937,-2.013914317099963,2.2047832585949,1.8197969543147208,384300170.0,3.4604335335596756,-6.174957118353341,3,2023-11-22,545.0,-0.366,True,-0.734,0.734,3.853,378.899,-7.89,2023-11-30,542.0,strict_gakutto_next_open,-0.55,6.0
8368,2024-05-20,660,kuitto_pullback_auto,くいっと押し目版,2.715654952076685,-3.9490049751243927,-1.44854196976405,3.1771501925545564,2.0691222195646977,464976120.0,2.4994445678738058,-1.8320610687022953,0,2024-05-21,644.0,0.156,True,2.484,11.335,5.124,305.28,-22.05,2024-06-06,666.0,strict_gakutto_next_open,3.416,13.0
8370,2021-12-29,78,kuitto_pullback_auto,くいっと押し目版,1.7780938833570348,-2.4165386227126606,-0.15376292035650385,2.0248110651647,2.570877531340405,151669755.0,1.771987621044225,-2.1203830369357024,0,2021-12-30,1431.0,0.0,True,0.419,2.655,-0.419,277.358,-8.246,2022-01-19,1441.0,strict_gakutto_next_open,0.699,12.0
8381,2022-11-10,288,kuitto_pullback_auto,くいっと押し目版,3.4682080924855585,-2.080989876265471,-0.9241410590769883,2.4320457796852546,5.263922518159807,240364925.0,1.9952114924181963,-3.2432432432432434,0,2022-11-11,719.0,0.419,True,-3.477,3.755,0.139,275.243,-4.868,2022-11-16,690.0,strict_gakutto_next_open,-4.033,4.0
8386,2021-12-02,59,kuitto_pullback_auto,くいっと押し目版,2.5882352941176467,-2.8808481216870296,-4.673055242390078,3.128141446395838,1.267628205128205,255990418.0,1.8942496723460025,-6.236559139784948,1,2021-12-03,350.5,0.487,True,4.28,4.85,3.424,830.1,-0.428,2021-12-15,361.8,strict_gakutto_next_open,3.224,9.0
8386,2026-06-08,1160,kuitto_pullback_auto,くいっと押し目版,2.695871946082562,-4.491800681296054,-1.633337675872859,0.9022431917887763,1.3553299492385786,913645515.0,3.709129262861831,-5.577072037180475,3,2026-06-09,2459.0,0.861,False,3.945,1.749,5.205,32.574,-3.985,2026-06-30,2587.0,max15_next_open,5.205,16.0
8392,2024-04-15,638,kuitto_pullback_auto,くいっと押し目版,2.316602316602334,-3.6327212020033417,-2.513600712771835,0.9139375476009182,1.503875968992248,125425795.0,2.173486890468024,-4.893964110929849,0,2024-04-16,580.6,-0.412,True,-0.344,1.171,1.24,464.933,-13.331,2024-04-17,551.57,stop_loss,-5.0,2.0
8392,2024-12-02,794,kuitto_pullback_auto,くいっと押し目版,3.109656301145658,-3.6432637571157445,-3.0329245331026433,3.31933875623196,1.4213483146067416,79866735.0,2.142857142857143,-4.545454545454541,0,2024-12-03,626.0,-0.635,True,2.396,0.0,0.319,423.962,-15.847,2024-12-17,623.0,strict_gakutto_next_open,-0.479,11.0
8392,2024-12-23,809,kuitto_pullback_auto,くいっと押し目版,2.614379084967311,-4.170528266913809,-0.9686187929912493,1.1597938144330078,1.6040816326530611,100222185.0,2.1951774340309376,-4.414003044140036,0,2024-12-24,630.0,0.318,True,-0.794,-2.54,-1.746,420.635,-16.381,2024-12-26,618.0,strict_gakutto_next_open,-1.905,3.0
8393,2023-03-09,368,kuitto_pullback_auto,くいっと押し目版,2.0043731778425666,-2.371998842927392,-0.12339512883037251,2.9195469922047135,1.4457831325301205,93036865.0,1.998162609095084,-0.7094714437743899,0,2023-03-10,556.8,-0.536,True,-14.045,-16.523,-15.948,430.891,-19.432,2023-03-13,523.8,stop_gap_open,-5.927,2.0
8395,2024-04-23,644,kuitto_pullback_auto,くいっと押し目版,2.220077220077221,-2.4935264217895825,-2.523371589268064,3.2163742690058506,1.8461538461538463,56365600.0,2.0504519088088493,-2.6206896551724146,0,2024-04-24,2147.0,1.369,False,2.701,3.26,15.836,229.762,-21.705,2024-05-09,2176.0,strict_gakutto_next_open,1.351,9.0
8395,2025-02-18,844,kuitto_pullback_auto,くいっと押し目版,1.5486725663716783,-3.16161268090972,-0.23864238995934262,1.6656330291485721,1.9876847290640394,97625790.0,2.321817615935263,-2.2155943757988905,0,2025-02-19,2293.0,-0.087,True,-3.053,-4.579,-4.972,208.766,-26.69,2025-02-21,2215.0,strict_gakutto_next_open,-3.402,3.0
8399,2023-12-27,567,kuitto_pullback_auto,くいっと押し目版,1.7543859649122862,-2.440347071583515,-2.503056894195488,1.623017336776078,1.4610778443113772,90214505.0,2.1454498314752395,-3.9232781168265007,0,2023-12-28,1095.0,-0.635,True,2.374,2.466,1.918,213.699,-24.11,2024-01-24,1115.0,max15_next_open,1.826,16.0
8399,2026-06-08,1160,kuitto_pullback_auto,くいっと押し目版,3.4655532359081365,-3.7926180794494835,-2.3615686771414013,0.4947684321518375,1.474,426285505.0,3.5483684999423497,-4.984662576687116,2,2026-06-09,2511.0,1.332,False,4.5,-0.398,3.146,36.798,-3.345,2026-06-22,2453.0,strict_gakutto_next_open,-2.31,10.0
8410,2025-10-20,1008,kuitto_pullback_auto,くいっと押し目版,1.556970983722561,-2.707205331112017,-2.1997745961514603,2.0771091193626523,1.558246379068681,2235925904.0,1.642608262817322,-4.333333333333334,1,2025-10-21,287.0,0.0,True,0.07,-1.638,-0.662,22.3,-8.78,2025-10-29,285.0,strict_gakutto_next_open,-0.697,7.0
8411,2023-08-22,480,kuitto_pullback_auto,くいっと押し目版,1.5350877192982448,-2.9786508714364723,-1.4375849265628737,1.6420793818054058,1.609304674292489,26797842965.0,1.99166923788954,-4.516395133017115,1,2023-08-23,2301.5,-0.583,True,3.259,7.973,12.97,286.444,-0.348,2023-09-13,2600.5,max15_next_open,12.992,16.0
8411,2025-03-05,854,kuitto_pullback_auto,くいっと押し目版,2.1649233763074704,-2.9743023950719594,-0.7374007796721482,-0.6340493990725893,1.4002266372956027,43051940490.0,2.554421768707483,-5.533063427800267,1,2025-03-06,4231.0,0.738,False,-4.113,2.505,4.349,110.21,-36.469,2025-03-11,3974.0,strict_gakutto_next_open,-6.074,4.0
8418,2025-10-20,1008,kuitto_pullback_auto,くいっと押し目版,2.471315092674309,-4.010741015825858,-4.0264409402234635,3.2244680220496758,1.3733474352194606,1102042790.0,2.2886674049464744,-6.421278882321335,2,2025-10-21,1745.0,0.201,True,2.292,1.948,2.521,104.527,-1.633,2025-10-30,1733.5,strict_gakutto_next_open,-0.659,8.0
8418,2026-06-08,1160,kuitto_pullback_auto,くいっと押し目版,2.4202420242024125,-2.8958983744213573,-1.5486087056921893,2.360184710107749,1.5930656934306568,1761069572.5,2.869418444069357,-3.9050404266299688,1,2026-06-09,2830.0,1.325,False,3.392,2.827,1.625,26.113,-0.972,2026-06-18,2880.0,strict_gakutto_next_open,1.767,8.0
8439,2021-11-12,46,kuitto_pullback_auto,くいっと押し目版,2.411575562700974,-5.371393492940458,-2.98226928137334,2.841459476913144,1.442065491183879,1101192150.0,2.9378784480825297,-4.783258594917783,3,2021-11-15,1575.0,-1.099,True,-7.302,-11.746,-13.333,77.397,-39.441,2021-11-17,1496.25,stop_loss,-5.0,3.0
8439,2022-01-24,93,kuitto_pullback_auto,くいっと押し目版,2.8673835125448077,-3.9491758241758212,-1.249382367473706,2.573266619013581,1.2507462686567163,596942700.0,3.7207565953210557,-3.8525963149078746,2,2022-01-25,1412.5,-1.568,True,-0.531,4.071,3.894,97.805,-32.474,2022-01-27,1341.875,stop_loss,-5.0,3.0
8473,2024-06-25,686,kuitto_pullback_auto,くいっと押し目版,2.3682200152788324,-2.1203180477071593,-1.887263467971445,2.2848709989313543,1.2729639938942265,6670726625.0,2.2352523098791757,-3.620234955646129,1,2024-06-26,2002.0,-0.398,True,4.82,3.996,3.871,93.107,-28.696,2024-07-10,2076.0,strict_gakutto_next_open,3.696,11.0
8473,2026-02-04,1079,kuitto_pullback_auto,くいっと押し目版,2.9807967899111443,-2.001360698491894,-1.9136867507922095,3.270866865946198,2.487277317996914,15504145400.0,2.868673213788716,-5.942408376963348,2,2026-02-05,3634.0,1.141,False,-0.936,-3.88,-7.815,1.624,-27.6,2026-02-06,3449.0,stop_gap_open,-5.091,2.0
8473,2026-07-06,1180,kuitto_pullback_auto,くいっと押し目版,1.605462262410029,-3.0532131433556264,-4.593086166638194,2.7085509625428994,1.7525260625501202,10690121037.5,2.8202999325411238,-7.259558699679969,2,2026-07-07,2785.0,1.162,False,0.18,1.041,1.185,23.519,-4.56,2026-07-21,2751.0,strict_gakutto_next_open,-1.221,10.0
8511,2022-06-21,192,kuitto_pullback_auto,くいっと押し目版,1.773049645390068,-2.9258335223406595,-1.1171636967962417,0.4901960784313708,1.3521266073194858,100441350.0,1.833416293346607,-4.013377926421402,0,2022-06-22,867.0,0.697,False,0.692,-2.076,-1.499,199.769,-7.612,2022-07-01,850.0,strict_gakutto_next_open,-1.961,8.0
8511,2022-08-10,227,kuitto_pullback_auto,くいっと押し目版,2.2360248447204967,-3.0629337162000336,-2.9939833826759576,1.2798424809254305,1.4766248574686431,132808275.0,1.9441069258809234,-4.302325581395349,0,2022-08-12,826.0,0.365,True,3.027,2.179,-0.726,214.649,-2.785,2022-08-25,842.0,strict_gakutto_next_open,1.937,10.0
8511,2022-09-08,247,kuitto_pullback_auto,くいっと押し目版,1.577669902912615,-2.0738974970202606,-0.8079642187274638,1.454545454545464,1.7663107947805456,137137790.0,1.3824884792626728,-1.7605633802816878,0,2022-09-09,837.0,0.0,True,-1.912,-2.867,-2.151,210.514,-4.062,2022-09-16,821.0,strict_gakutto_next_open,-1.912,6.0
8511,2023-10-31,528,kuitto_pullback_auto,くいっと押し目版,3.3264033264033266,-3.3476741059424553,-1.5298192031850677,3.2262531154804597,1.250845819236346,266567545.0,3.0803870844112295,-2.4214659685863893,2,2023-11-01,1516.0,1.677,False,2.573,2.441,0.858,71.438,-7.652,2023-11-24,1524.0,max15_next_open,0.528,16.0
8511,2024-03-19,620,kuitto_pullback_auto,くいっと押し目版,2.147239263803691,-2.071041541240226,-0.7563965366280789,2.009557652248506,1.325565912117177,496591820.0,2.6683826683826686,-1.010701545778836,0,2024-03-21,1689.0,1.441,False,2.664,-6.335,-4.144,53.878,-17.111,2024-03-29,1662.0,strict_gakutto_next_open,-1.599,7.0
8511,2024-05-31,669,kuitto_pullback_auto,くいっと押し目版,2.7414330218068494,-2.7086116846835817,-0.28701504354711194,2.29528535980148,2.7053805774278215,390512895.0,2.0012128562765312,-1.9619500594530326,0,2024-06-03,1656.0,0.424,True,0.0,-2.899,-3.2,56.944,-15.459,2024-06-13,1610.0,strict_gakutto_next_open,-2.778,9.0
8522,2024-10-07,756,kuitto_pullback_auto,くいっと押し目版,1.75321263077437,-3.11812005707105,-3.6431529533953677,3.231684857414252,1.5747330960854093,376441087.5,3.0291750503018124,-3.326827939908328,2,2024-10-08,2106.7,-1.094,True,-2.217,-6.489,-4.908,255.532,-13.927,2024-10-21,2001.365,stop_loss,-5.0,9.0
8524,2022-09-08,247,kuitto_pullback_auto,くいっと押し目版,1.777777777777767,-3.2815198618307395,-2.0429544264012556,2.049910873440286,1.2635970940506578,194376740.0,1.8091079226450406,-2.9661016949152574,0,2022-09-09,230.0,0.437,True,-2.174,-3.043,-2.174,498.261,-4.783,2022-09-16,226.0,strict_gakutto_next_open,-1.739,6.0
8524,2026-06-04,1158,kuitto_pullback_auto,くいっと押し目版,2.393340270551514,-3.4806961392278457,-2.1408587763045883,1.9266625233063994,1.4539319872476089,2365757980.0,2.7221254355400695,-2.8627838104639647,1,2026-06-05,996.0,1.22,False,0.301,3.414,9.94,38.153,-2.912,2026-06-22,1004.0,strict_gakutto_next_open,0.803,12.0
8541,2022-03-11,125,kuitto_pullback_auto,くいっと押し目版,1.829924650161474,-2.837636014508216,-4.862842892768072,3.320227173438184,1.3725806451612903,55272520.0,3.035336756266989,-7.25490196078431,3,2022-03-14,956.0,1.057,False,3.661,1.569,-1.569,290.69,-17.992,2022-04-05,950.0,max15_next_open,-0.628,16.0
8541,2023-12-22,564,kuitto_pullback_auto,くいっと押し目版,2.2222222222222143,-3.575055860247822,-4.552571359749491,1.577287066246047,1.3078817733990147,68891345.0,1.9668737060041408,-6.213592233009713,1,2023-12-25,980.0,1.449,False,2.857,6.122,7.551,281.122,-10.816,2024-01-19,1049.0,max15_next_open,7.041,16.0
8541,2025-10-20,1008,kuitto_pullback_auto,くいっと押し目版,1.7872340425531874,-3.1202563670096106,-2.971558894553261,3.3529208434151414,1.2535787321063394,92525900.0,2.2157190635451505,-3.0794165316045397,0,2025-10-21,1200.0,0.334,True,5.0,4.75,4.0,211.25,-0.667,2025-11-12,1252.0,max15_next_open,4.333,16.0
8544,2024-04-12,637,kuitto_pullback_auto,くいっと押し目版,2.19780219780219,-2.4112706583581778,-3.396065468891618,2.64900662251657,1.3100038037276531,272585410.0,2.457757296466974,-6.060606060606055,1,2024-04-15,732.0,-1.613,True,0.137,6.421,5.191,311.202,-12.158,2024-04-22,745.0,strict_gakutto_next_open,1.776,6.0
8550,2022-05-19,169,kuitto_pullback_auto,くいっと押し目版,2.5751072961373467,-5.084745762711873,-0.4727334121222282,1.3570822731127974,1.5614669421487604,58343335.0,3.3771667662881053,-5.158730158730163,2,2022-05-20,238.0,-0.418,True,9.664,13.025,13.445,407.563,-2.101,2022-06-10,268.0,max15_next_open,12.605,16.0
8550,2022-06-23,194,kuitto_pullback_auto,くいっと押し目版,1.9607843137254832,-4.252088078967342,-2.4239617106685096,2.848101265822778,1.4449204406364748,74066770.0,2.5824175824175826,-4.411764705882348,0,2022-06-24,261.0,0.385,True,-1.916,-3.831,1.916,362.835,-10.728,2022-06-30,253.0,strict_gakutto_next_open,-3.065,5.0
8550,2024-09-03,734,kuitto_pullback_auto,くいっと押し目版,2.0905923344947785,-2.3841961852861027,-2.777777777777779,2.0905923344947785,1.2642796248934356,199118155.0,2.8278888347147735,-3.934426229508192,0,2024-09-04,285.0,-2.73,True,-7.719,-8.07,-4.211,323.86,-17.544,2024-09-05,270.75,stop_loss,-5.0,2.0
8550,2026-06-29,1175,kuitto_pullback_auto,くいっと押し目版,1.5135135135135203,-4.537885095753524,-2.447300335072322,2.0652173913043415,1.4156106519742884,676414330.0,3.9175414574775593,-6.845238095238093,3,2026-06-30,939.0,0.0,True,3.408,3.94,4.579,28.647,-3.301,2026-07-21,955.0,strict_gakutto_next_open,1.704,15.0
8566,2026-04-28,1135,kuitto_pullback_auto,くいっと押し目版,2.333333333333343,-2.5558071821417006,-0.17194629984789156,1.6893010930771668,1.6728971962616823,199871000.0,1.6286644951140066,-1.602564102564108,0,2026-04-30,6140.0,0.0,True,1.466,0.651,-1.466,13.192,-4.723,2026-05-11,6110.0,strict_gakutto_next_open,-0.489,5.0
8591,2022-02-02,100,kuitto_pullback_auto,くいっと押し目版,1.7292281737663506,-4.899170596845015,-3.095824715508788,2.5510204081632626,1.3386968121682208,11415450192.5,2.6800521203506276,-6.09305041853222,2,2022-02-03,2410.0,-0.083,True,1.867,-1.411,-7.697,177.178,-17.801,2022-02-15,2370.5,strict_gakutto_next_open,-1.639,8.0
8593,2024-07-31,711,kuitto_pullback_auto,くいっと押し目版,1.6309412861136963,-2.754491017964078,-1.0174039429061033,2.64495481927709,1.5548254835996635,2575180555.0,1.6604440951070938,-0.5018248175182483,1,2024-08-01,1072.0,-1.696,True,-6.11,-2.285,-2.752,43.797,-20.336,2024-08-02,1015.0,stop_gap_open,-5.317,2.0
8600,2022-03-11,125,kuitto_pullback_auto,くいっと押し目版,3.0303030303030276,-3.388822829964322,-4.925078406318983,3.8485033598045337,1.632829373650108,147058675.0,2.9621848739495795,-8.847184986595169,3,2022-03-14,343.0,0.882,False,-1.166,2.332,-4.082,258.601,-11.953,2022-03-22,340.0,strict_gakutto_next_open,-0.875,6.0
8600,2024-06-24,685,kuitto_pullback_auto,くいっと押し目版,2.238805970149249,-2.1653543307086465,-1.320977917981081,2.647352647352652,1.337323064113239,408530715.0,1.8421967327076814,-3.74707259953162,0,2024-06-25,416.0,1.217,False,1.923,-1.923,-0.721,195.673,-18.269,2024-07-08,413.0,strict_gakutto_next_open,-0.721,10.0
8600,2025-10-20,1008,kuitto_pullback_auto,くいっと押し目版,1.9637462235649439,-2.6606875934230168,-1.1171497584541057,3.053435114503822,1.4754444109671587,397838900.0,2.560846560846561,-1.603498542274051,0,2025-10-21,675.0,0.0,True,3.704,2.667,1.778,82.222,-1.185,2025-10-30,676.0,strict_gakutto_next_open,0.148,8.0
8601,2024-06-25,686,kuitto_pullback_auto,くいっと押し目版,2.7234042553191395,-4.512946979038235,-3.249545229039208,3.153576617383136,1.467557901907357,8250347885.0,2.796188898094449,-8.664396519107076,2,2024-06-26,1230.0,1.906,False,4.39,2.967,8.455,54.309,-37.154,2024-07-18,1310.0,max15_next_open,6.504,16.0
8601,2025-03-14,861,kuitto_pullback_auto,くいっと押し目版,1.764705882352935,-2.163093415007644,-2.2930349778524484,1.4167073766487626,1.5110813864993888,4814518885.0,1.8882466281310208,-2.763466042154572,1,2025-03-17,1052.0,1.349,False,2.234,-5.532,-22.814,80.418,-26.521,2025-03-31,1000.0,strict_gakutto_next_open,-4.943,10.0
8601,2026-05-07,1138,kuitto_pullback_auto,くいっと押し目版,1.8443997317236782,-2.2496371552975236,-2.046957279170125,2.297224467798431,1.5601751683312275,7348033172.5,2.641234300766734,-3.3725739739102756,1,2026-05-08,1479.5,-2.568,True,-0.101,1.994,-0.507,28.287,-2.873,2026-05-15,1474.0,strict_gakutto_next_open,-0.372,6.0
8609,2021-11-18,50,kuitto_pullback_auto,くいっと押し目版,1.6000000000000014,-2.1818181818181737,-2.5082576383154365,0.8470089994706109,4.3408613445378155,142917345.0,1.818522684664417,-3.7878787878787845,0,2021-11-19,382.0,0.262,True,-0.785,-0.524,0.524,234.555,-16.492,2021-11-29,374.0,strict_gakutto_next_open,-2.094,6.0
8609,2022-05-10,162,kuitto_pullback_auto,くいっと押し目版,3.170028818443793,-3.2542746828461144,-2.2531477799867528,1.1299435028248483,1.412483039348711,95392370.0,2.094972067039106,-2.717391304347827,0,2022-05-11,355.0,-0.838,True,-3.944,-5.352,-3.662,260.0,-10.141,2022-05-19,336.0,stop_gap_open,-5.352,7.0
8609,2023-10-27,526,kuitto_pullback_auto,くいっと押し目版,2.3121387283236983,-2.5970399329796168,-1.4565573307739998,1.4036092810083112,1.6964909363046732,701693390.0,2.935835351089588,-3.4106412005457054,2,2023-10-30,703.0,-0.706,True,-0.853,0.569,2.56,81.792,-24.609,2023-10-30,667.85,stop_loss,-5.0,1.0
8613,2022-04-28,158,kuitto_pullback_auto,くいっと押し目版,2.9166666666666563,-2.0449897750511203,-2.9687752790810595,2.959566486035836,1.2599512591389115,96245915.0,2.0676691729323307,-1.5936254980079667,0,2022-05-02,494.0,0.0,True,2.429,-4.858,-3.239,168.826,-23.684,2022-05-16,493.0,strict_gakutto_next_open,-0.202,8.0
8613,2024-05-07,651,kuitto_pullback_auto,くいっと押し目版,1.976284584980248,-2.38141335914811,-1.5080845771144102,1.8153117600631319,1.4671516253694021,409473295.0,2.8377630121816164,-1.62059103908484,0,2024-05-08,1027.0,-0.484,True,0.0,0.292,1.266,29.309,-28.432,2024-05-29,1040.0,max15_next_open,1.266,16.0
8614,2022-03-14,126,kuitto_pullback_auto,くいっと押し目版,2.6315789473684292,-3.831417624521072,-2.5423728813559143,2.766798418972316,1.2555049354593775,64664195.0,3.296703296703297,-2.500000000000002,2,2022-03-15,156.0,0.0,True,1.282,3.205,-4.487,414.103,-8.333,2022-03-30,148.2,stop_loss,-5.0,11.0
8614,2022-09-12,249,kuitto_pullback_auto,くいっと押し目版,3.238866396761142,-4.130943102104457,-1.5272033089405057,2.988691437802915,1.899057344854674,114921430.0,2.88515406162465,-3.409090909090906,0,2022-09-13,256.0,0.392,True,3.906,3.516,-1.562,213.281,-12.109,2022-09-22,260.0,strict_gakutto_next_open,1.562,7.0
8614,2025-05-09,897,kuitto_pullback_auto,くいっと押し目版,1.5981735159817267,-2.419354838709664,-3.238651446774632,1.7375400091449444,1.3401476433844406,241168630.0,2.1508828250401284,-5.720338983050843,0,2025-05-12,446.0,0.225,True,3.363,1.345,5.605,79.821,-0.224,2025-05-21,452.0,strict_gakutto_next_open,1.345,8.0
8616,2022-05-10,162,kuitto_pullback_auto,くいっと押し目版,1.5789473684210575,-4.945598417408503,-3.500852643193897,0.31185031185030354,1.3985736925515055,343451800.0,1.8319763138415985,-6.082725060827254,1,2022-05-11,381.0,-1.295,True,-4.462,-4.462,-2.887,143.57,-11.811,2022-05-18,361.95,stop_loss,-5.0,6.0
8616,2026-04-28,1135,kuitto_pullback_auto,くいっと押し目版,2.2346368715083775,-5.100422832980955,-2.93831694933564,1.8363939899833204,1.5588972431077694,600671470.0,1.912568306010929,-4.43864229765013,0,2026-04-30,720.0,-1.639,True,-1.389,-2.778,-3.333,28.889,-6.528,2026-05-01,684.0,stop_loss,-5.0,2.0
8622,2024-02-13,596,kuitto_pullback_auto,くいっと押し目版,1.9955654101995624,-3.2048505846686948,-1.90783169265617,2.131438721136769,2.238368387507967,119026820.0,2.1739130434782608,-3.563941299790352,0,2024-02-14,459.0,-0.217,True,2.397,8.279,8.497,117.865,-20.479,2024-02-16,449.0,strict_gakutto_next_open,-2.179,3.0
8622,2024-12-26,812,kuitto_pullback_auto,くいっと押し目版,2.123893805309729,-3.8514442916093516,-0.6222159372127556,2.632515119174661,1.9805194805194806,105530405.0,2.2654122307501856,-2.533783783783783,0,2024-12-27,578.0,0.173,True,-2.941,-5.017,-4.844,73.01,-27.336,2025-01-09,559.0,strict_gakutto_next_open,-3.287,6.0
8622,2025-11-10,1022,kuitto_pullback_auto,くいっと押し目版,2.1400778210116655,-2.394526795895102,-2.0352369380315927,1.744186046511631,1.752212389380531,61548780.0,1.9727891156462587,-2.5974025974025983,0,2025-11-11,528.0,0.571,False,-0.379,-0.568,0.568,89.394,-2.273,2025-11-19,522.0,strict_gakutto_next_open,-1.136,7.0
8628,2022-05-10,162,kuitto_pullback_auto,くいっと押し目版,1.602959309494456,-2.811824080749825,-1.6007761338830973,1.5528715799852044,1.7416115042227802,402917090.0,1.2829403606102634,-1.5531660692950977,0,2022-05-11,821.0,-0.364,True,0.974,-0.974,-0.365,49.33,-19.61,2022-05-19,802.0,strict_gakutto_next_open,-2.314,7.0
8630,2022-01-04,80,kuitto_pullback_auto,くいっと押し目版,2.349595004019034,-2.064369703261937,-0.5836319432917736,1.6057551837165507,1.3888945909884018,6274824186.0,1.9715890947691828,-3.368359603035609,1,2022-01-05,1711.7,3.407,False,3.307,4.282,3.055,333.078,-10.048,2022-01-19,1780.3,strict_gakutto_next_open,4.008,10.0
8697,2024-10-29,771,kuitto_pullback_auto,くいっと押し目版,1.8252212389380462,-2.0864136684737966,-2.783184118333981,2.3801579357134894,1.5198940025719965,4601887710.0,2.1087142081167065,-5.589743589743589,1,2024-10-30,1961.0,6.518,False,-3.748,-4.895,-7.7,20.525,-29.398,2024-10-30,1862.95,stop_loss,-5.0,1.0
8698,2022-09-29,260,kuitto_pullback_auto,くいっと押し目版,1.9230769230769162,-5.243600330305531,-4.154941234894882,2.9792746113989743,1.5297727693569294,2133332675.0,3.7885594489368075,-6.8359375,4,2022-09-30,464.0,-2.725,True,5.388,6.681,1.509,163.147,-15.517,2022-10-03,440.8,stop_loss,-5.0,2.0
8698,2023-05-23,417,kuitto_pullback_auto,くいっと押し目版,1.8292682926829285,-2.535657686212367,-1.3932260389142415,1.705237515225333,1.9851845788655154,1764510495.0,2.537781579697747,-6.703910614525144,2,2023-05-24,498.0,-0.599,True,-0.402,0.0,-0.402,145.181,-4.217,2023-06-13,500.0,strict_gakutto_next_open,0.402,15.0
8698,2023-08-23,481,kuitto_pullback_auto,くいっと押し目版,2.5691699604743157,-2.106472615856003,-3.4948671497584516,1.4861165428236234,1.57696653628857,1326227640.0,1.9680704651802918,-6.654676258992809,2,2023-08-24,520.0,0.193,True,2.885,5.0,7.308,134.808,-1.154,2023-09-14,561.0,max15_next_open,7.885,16.0
8698,2024-04-08,633,kuitto_pullback_auto,くいっと押し目版,2.499999999999991,-3.1749555950266295,-3.291542993842189,3.29821346770498,2.0134491842676896,3123362720.0,3.2863477985429204,-4.1445270988310305,3,2024-04-09,913.0,1.22,False,-3.943,-9.529,-10.186,33.735,-39.978,2024-04-16,851.0,strict_gakutto_next_open,-6.791,6.0
8698,2025-02-10,839,kuitto_pullback_auto,くいっと押し目版,1.839080459770126,-3.7690103592682322,-3.2094071880111485,1.1646494633478,1.898687106321621,3803089825.0,2.7974846823605284,-5.341880341880345,1,2025-02-12,898.0,1.354,False,-5.345,-13.808,-13.697,0.78,-37.973,2025-02-13,838.0,stop_gap_open,-6.682,2.0
8706,2024-06-19,682,kuitto_pullback_auto,くいっと押し目版,2.7445460942997935,-2.0867655134541363,-3.0389954807457986,1.8699413898967343,1.2981186685962374,272864140.0,2.098825831702544,-2.6666666666666616,0,2024-06-20,1441.0,-1.301,True,2.359,3.4,3.331,36.711,-22.068,2024-06-24,1418.0,strict_gakutto_next_open,-1.596,3.0
8707,2024-06-03,670,kuitto_pullback_auto,くいっと押し目版,1.5178571428571486,-3.824091778202676,-2.5931843320399772,2.4693583273251773,1.8676923076923078,179201520.0,1.686769694685262,-2.903501280956444,0,2024-06-04,2263.0,-0.484,True,-0.486,-4.551,-1.547,112.992,-29.695,2024-06-13,2149.85,stop_loss,-5.0,8.0
8707,2024-06-19,682,kuitto_pullback_auto,くいっと押し目版,1.6506189821182904,-2.897120818010601,-2.7007690931854844,1.8841911764705843,1.9031339031339032,143495285.0,1.8718989625620206,-3.1031468531468542,0,2024-06-20,2217.0,0.0,True,2.706,3.563,1.714,117.411,-28.236,2024-07-10,2273.0,strict_gakutto_next_open,2.526,15.0
8708,2025-08-05,958,kuitto_pullback_auto,くいっと押し目版,2.8483448806774447,-2.275810097965336,-1.6710482579397556,2.6429010448678625,2.481283422459893,126896965.0,2.389863130881095,-2.6239067055393583,0,2025-08-06,1346.0,0.749,False,2.155,3.269,3.195,40.49,-7.132,2025-08-27,1368.0,strict_gakutto_next_open,1.634,15.0
8714,2023-01-27,340,kuitto_pullback_auto,くいっと押し目版,3.2258064516129004,-2.039215686274509,0.0,1.9108280254777066,1.9471692825112108,605045860.0,3.2366071428571432,-3.0303030303030276,2,2023-01-30,256.0,0.0,True,-3.516,-3.906,-1.953,344.922,-12.5,2023-02-02,248.0,strict_gakutto_next_open,-3.125,4.0
8714,2025-09-10,983,kuitto_pullback_auto,くいっと押し目版,1.7350157728706517,-2.4151635585447973,-1.6207256430720074,0.6240249609984483,1.268993839835729,964119145.0,2.281284606866002,-5.286343612334798,1,2025-09-11,643.0,-0.31,True,-4.355,1.089,0.467,77.138,-4.821,2025-10-03,635.0,strict_gakutto_next_open,-1.244,15.0
8715,2024-03-15,618,kuitto_pullback_auto,くいっと押し目版,2.5134649910233398,-2.6634382566586123,-2.1761729849608336,1.1335458731845494,1.989089184060721,194052470.0,3.002251688766575,-4.515050167224077,2,2024-03-18,574.0,0.525,False,0.523,0.0,1.916,197.909,-24.564,2024-03-27,568.0,strict_gakutto_next_open,-1.045,7.0
8729,2026-08-10,210,kuitto_pullback_auto,くいっと押し目版,2.4246395806029053,-3.199798437893686,-0.6225620624628503,1.572654016116437,2.5444817548753287,10050533891.5,2.700850013709898,-3.5185185185185097,1,2026-08-12,154.0,-1.472,True,0.649,5.26,4.87,7.987,-0.974,2026-08-19,155.2,strict_gakutto_next_open,0.779,6.0
8739,2023-06-06,427,kuitto_pullback_auto,くいっと押し目版,2.7279253409906667,-2.140758360151118,-2.14263765119983,2.1267485012846032,1.2997118155619596,74983110.0,2.221223919337127,-3.9597315436241565,0,2023-06-07,1461.0,2.096,False,6.366,10.335,2.806,85.489,-22.04,2023-06-23,1559.0,strict_gakutto_next_open,6.708,13.0
8739,2023-07-13,454,kuitto_pullback_auto,くいっと押し目版,2.974983096686956,-2.8104575163398704,-3.0646755814558446,2.1873322597960154,2.37109375,88787270.0,2.0495263108526407,-6.67892156862745,1,2023-07-14,1526.0,0.197,True,-1.704,-2.49,-5.898,77.588,-25.36,2023-07-24,1515.0,strict_gakutto_next_open,-0.721,6.0
8739,2024-10-04,755,kuitto_pullback_auto,くいっと押し目版,2.0911127707244237,-2.1185817272326157,-1.0114532202885496,2.704733283245675,1.368836291913215,74522830.0,3.0776465670393978,-2.1474588403722294,2,2024-10-07,1394.0,1.975,False,-5.093,-3.443,-1.865,94.405,-12.195,2024-10-09,1324.3,stop_loss,-5.0,3.0
8750,2021-12-03,60,kuitto_pullback_auto,くいっと押し目版,3.436728939020095,-2.174358274167121,-3.196522701655624,2.3008541049328812,1.4230769230769231,9374378902.0,2.5983983642869317,-3.6921562192320345,1,2021-12-06,588.0,0.187,True,2.024,1.582,-1.905,233.163,-6.956,2021-12-20,587.5,strict_gakutto_next_open,-0.085,11.0
8750,2022-10-04,263,kuitto_pullback_auto,くいっと押し目版,2.082248828735045,-5.415186208711686,-2.847452598646072,2.075163965714699,1.6862198854272934,7141399390.0,2.516937422597801,-5.250442905459818,1,2022-10-05,592.4,0.697,False,-5.3,-2.532,-0.27,230.689,-6.668,2022-10-12,562.8,strict_gakutto_next_open,-4.997,5.0
8750,2023-08-10,473,kuitto_pullback_auto,くいっと押し目版,2.2030366180410876,-3.4400814756138764,-1.0013668164759348,0.41828765320151007,1.8484616721710412,11879094446.0,2.718363780117347,-5.47907488986783,1,2023-08-14,688.1,0.218,True,-5.668,-3.895,-0.698,184.697,-8.473,2023-08-16,653.695,stop_loss,-5.0,3.0
8750,2023-10-27,526,kuitto_pullback_auto,くいっと押し目版,2.160251374705413,-2.1467315185005997,-0.743406264821711,1.3218719160650316,1.4703725921482371,9759242610.0,2.2582889364896284,-2.559940059940058,1,2023-10-30,765.0,-1.961,True,4.314,0.562,-0.588,156.078,-6.758,2023-11-09,735.5,strict_gakutto_next_open,-3.856,8.0
8750,2024-07-31,711,kuitto_pullback_auto,くいっと押し目版,2.2167487684729092,-3.4839552431206067,-1.2819973792455808,3.103760359177299,1.6079091654794284,12909983812.0,2.885419227932136,-2.5167785234899376,1,2024-08-01,1144.5,-1.506,True,-19.895,-11.883,-11.027,71.166,-28.755,2024-08-02,1048.8,stop_gap_open,-8.362,2.0
8750,2025-03-14,861,kuitto_pullback_auto,くいっと押し目版,2.396021699819162,-3.3994535325219233,-1.3549979076177276,3.541910473961396,1.317891894408492,14064122578.0,2.778303374329864,-3.575989782886335,1,2025-03-17,1144.3,1.042,False,0.524,-0.988,-26.584,71.196,-28.742,2025-04-03,1043.0,stop_gap_open,-8.853,13.0
8766,2024-12-03,795,kuitto_pullback_auto,くいっと押し目版,2.071005917159763,-2.4964410957952876,-1.5398550724637805,3.7612341660179904,1.4774041550653245,31830660325.0,2.7061259286323227,-3.121902874132809,1,2024-12-04,5911.0,0.784,False,-4.872,-8.222,-5.6,43.258,-26.324,2024-12-10,5729.0,strict_gakutto_next_open,-3.079,5.0
8771,2022-09-09,248,kuitto_pullback_auto,くいっと押し目版,2.0851818988465,-3.4762861385273958,-3.5288606672565503,3.452926895063402,1.2943495400788436,199534645.0,2.3374930154591174,-5.851063829787229,0,2022-09-12,2332.0,1.347,False,0.943,2.916,9.091,11.235,-50.257,2022-09-22,2370.0,strict_gakutto_next_open,1.63,8.0
8771,2023-02-16,354,kuitto_pullback_auto,くいっと押し目版,1.5929203539823078,-2.21047156726768,-3.1301934312196966,1.5210470463388859,1.5421686746987953,178801625.0,2.267919362867098,-5.006206040546135,0,2023-02-17,2282.0,-0.61,True,0.307,-5.521,-5.697,1.49,-49.167,2023-03-02,2150.0,stop_gap_open,-5.784,9.0
8771,2023-03-09,368,kuitto_pullback_auto,くいっと押し目版,3.412809724170174,-5.235231694375663,-3.7865012300780876,2.4643320363164634,1.8896257697773566,280205610.0,2.5574786876776026,-3.993055555555558,0,2023-03-10,2200.0,-0.542,True,-1.818,-2.227,-1.136,1.591,-47.273,2023-03-14,2090.0,stop_loss,-5.0,3.0
8771,2026-09-10,1226,kuitto_pullback_auto,くいっと押し目版,2.3668639053254337,-3.080407701019261,-4.69671675013913,1.0159990657479856,1.5250814332247558,262161000.0,1.5978530140379852,-7.188841201716734,1,2026-09-11,1703.0,-1.561,True,5.813,,,6.518,0.0,,,,,
8793,2024-04-24,645,kuitto_pullback_auto,くいっと押し目版,1.6260162601626105,-2.5715800636267216,-2.461570968253124,1.543460601137281,1.6605504587155964,80768450.0,1.6571428571428575,-2.2164276401564487,0,2024-04-25,3750.0,0.0,True,2.4,1.467,4.267,18.8,-16.933,2024-05-13,3810.0,strict_gakutto_next_open,1.6,10.0
8795,2024-11-25,789,kuitto_pullback_auto,くいっと押し目版,3.1069958847736556,-4.744397074353646,-2.0239374929807985,2.570925615098063,1.9632999069575106,5803361200.0,3.0376029877127464,-3.9486294805443745,3,2024-11-26,2554.0,1.936,False,13.626,7.283,9.143,102.662,-4.327,2024-12-06,2838.0,strict_gakutto_next_open,11.12,9.0
8801,2022-12-09,308,kuitto_pullback_auto,くいっと押し目版,1.7900732302685185,-5.2587973662407865,-3.41166440199292,0.6482311564719678,1.39584342602461,8864055525.0,1.9951385830111412,-5.513595166163132,1,2022-12-12,866.7,-1.028,True,1.858,-8.077,-7.038,148.99,-14.469,2022-12-20,874.3,strict_gakutto_next_open,0.877,7.0
8802,2023-12-15,559,kuitto_pullback_auto,くいっと押し目版,3.412616339193386,-2.2692965683808075,-0.36543531591323175,2.1659174499387035,1.8006134969325154,9149322462.5,1.9339285714285714,-0.07494379215587932,1,2023-12-18,1960.0,-2.0,True,-0.867,-0.867,6.607,175.867,-2.577,2023-12-25,1954.0,strict_gakutto_next_open,-0.306,6.0
8802,2024-07-31,711,kuitto_pullback_auto,くいっと押し目版,1.9603960396039621,-4.080169094889408,-1.3356045062134614,1.0162442125088322,1.9351636229930138,11274423245.0,2.8313403434786224,-4.648148148148145,1,2024-08-01,2451.0,-4.797,True,-6.344,-4.61,-1.367,120.604,-16.667,2024-08-01,2328.45,stop_loss,-5.0,1.0
8803,2022-06-21,192,kuitto_pullback_auto,くいっと押し目版,2.05920205920207,-3.361766181635728,-0.03101416313449068,2.5077559462254317,1.254320987654321,453794475.0,2.8643487659881104,-2.69938650306748,0,2022-06-22,1982.5,0.0,True,-0.252,-1.765,-1.261,28.525,-12.989,2022-07-13,1970.0,max15_next_open,-0.631,16.0
8803,2022-12-09,308,kuitto_pullback_auto,くいっと押し目版,2.0779220779220786,-5.135135135135139,-1.8613379317340417,1.5503875968992276,1.5931174089068827,251396500.0,1.9538349691021448,-5.186972255729794,0,2022-12-12,1952.5,-0.636,True,2.561,-2.689,-6.146,30.499,-11.652,2022-12-21,1927.5,strict_gakutto_next_open,-1.28,8.0
8803,2025-06-17,924,kuitto_pullback_auto,くいっと押し目版,1.9406392694063967,-2.160356347438752,-1.2470282151348044,1.4081308198955256,1.463905325443787,389765625.0,1.5677491601343785,-1.3259668508287303,0,2025-06-18,2222.5,-0.448,True,-1.012,-2.002,-0.517,14.646,-2.767,2025-06-25,2202.5,strict_gakutto_next_open,-0.9,6.0
8804,2022-01-21,92,kuitto_pullback_auto,くいっと押し目版,1.7104459376908965,-2.3539056095561617,-0.7875139777783091,-0.17985611510791255,1.272300469483568,791191510.0,2.5396825396825395,-3.979238754325265,0,2022-01-24,1670.0,0.3,True,1.976,3.413,4.072,161.916,-11.138,2022-02-15,1824.0,max15_next_open,9.222,16.0
8804,2022-06-21,192,kuitto_pullback_auto,くいっと押し目版,2.7459954233409523,-2.3253176043557144,-1.032428253058626,3.170955882352944,1.4306489062690944,1853853390.0,2.3106904231625833,0.0,1,2022-06-22,1805.0,0.501,False,4.931,4.543,7.202,142.327,-17.784,2022-07-06,1861.0,strict_gakutto_next_open,3.102,11.0
8804,2024-05-31,669,kuitto_pullback_auto,くいっと押し目版,1.5366194372380848,-4.479774444923034,-3.3745825967393506,3.4314522686615723,1.6237172177879133,3007534495.0,2.7431491464510334,-3.709311127933379,1,2024-06-03,2594.0,1.965,False,-1.831,-2.062,-5.359,68.62,-20.971,2024-06-12,2508.0,strict_gakutto_next_open,-3.315,8.0
8804,2024-07-31,711,kuitto_pullback_auto,くいっと押し目版,1.791562319398965,-3.504254366323334,-1.049538203190592,1.9014926524472564,1.8726463539883602,2494137592.5,2.4724234886990373,-3.063658044395523,1,2024-08-01,2542.0,-3.785,True,-6.157,-4.386,-4.898,72.069,-19.355,2024-08-01,2414.9,stop_loss,-5.0,1.0
8804,2024-12-20,808,kuitto_pullback_auto,くいっと押し目版,1.872357559895299,-3.27090066586192,-3.6090901342755166,1.6840159157590184,1.2728696741854637,2299839780.0,2.2854319593450025,-5.261187043624793,1,2024-12-23,2559.5,1.166,False,1.719,-1.582,-9.045,70.893,-12.581,2025-01-09,2489.0,strict_gakutto_next_open,-2.754,10.0
8818,2022-06-21,192,kuitto_pullback_auto,くいっと押し目版,2.2471910112359605,-2.461586704296004,-0.8142234661747461,2.1324354657688005,1.894859813084112,88192970.0,2.029603050011213,-0.6240249609984372,0,2022-06-22,637.5,0.078,True,0.784,0.627,0.392,85.412,-10.98,2022-07-13,639.5,max15_next_open,0.314,16.0
8818,2022-12-09,308,kuitto_pullback_auto,くいっと押し目版,2.0048115477145245,-5.323076923076931,-4.737825993686984,2.3001447643557826,1.88,78851165.0,2.0271787960467207,-6.194690265486724,1,2022-12-12,636.0,0.0,True,0.55,-1.965,0.472,85.849,-10.77,2022-12-21,617.5,strict_gakutto_next_open,-2.909,8.0
8830,2022-05-17,167,kuitto_pullback_auto,くいっと押し目版,1.5781487101669267,-2.5076165924537097,-2.2460169302478517,0.4984386259908602,1.2901814646791965,3961640895.0,2.992018438687097,-5.532034998588764,3,2022-05-18,1669.0,-0.269,True,-1.108,4.104,4.554,221.031,-14.482,2022-06-08,1797.5,max15_next_open,7.699,16.0
8830,2024-07-31,711,kuitto_pullback_auto,くいっと押し目版,1.7904374364191344,-3.4365349592208494,-0.23952582007144008,1.798722174744638,1.48441475826972,5659396025.0,2.8582850289826105,-2.6274815103152993,1,2024-08-01,2381.5,-4.797,True,-6.55,-3.149,0.147,124.984,-22.486,2024-08-01,2262.425,stop_loss,-5.0,1.0
8830,2025-02-26,849,kuitto_pullback_auto,くいっと押し目版,3.37231968810916,-2.733143691858231,-2.0409887695687523,3.9600078415996887,1.5970083910981394,7392777805.0,2.2345841976239864,-3.21226501186348,1,2025-02-27,2651.5,0.0,True,-0.453,0.434,5.016,102.074,-7.656,2025-03-21,2734.5,max15_next_open,3.13,16.0
8830,2026-09-09,1225,kuitto_pullback_auto,くいっと押し目版,2.9576587795765885,-3.852071005917157,-3.3439566189411574,1.7162893700787496,1.2818691271368732,10158168970.0,2.239837573977278,-3.0773739742086748,1,2026-09-10,3262.0,-1.361,True,-2.115,,,0.613,-3.28,,,,,
8848,2022-07-14,209,kuitto_pullback_auto,くいっと押し目版,2.016129032258074,-3.6632891660171585,-0.8482714468629915,2.098466505246166,2.733588991653508,723149050.0,5.590062111801243,-11.538461538461542,3,2022-07-15,255.0,0.791,False,4.314,9.02,9.412,315.686,-2.745,2022-08-04,270.0,strict_gakutto_next_open,5.882,14.0
8848,2024-07-29,709,kuitto_pullback_auto,くいっと押し目版,2.3076923076922995,-2.1911598035511903,-0.24554941682013443,2.3076923076922995,2.010947562097516,755245755.0,2.5912996777658437,-0.9310986964618295,0,2024-07-30,528.0,-0.752,True,-24.242,-9.659,-4.167,100.758,-24.242,2024-08-02,501.6,stop_loss,-5.0,4.0
8848,2025-09-01,976,kuitto_pullback_auto,くいっと押し目版,2.877697841726623,-3.328710124826628,-2.7353088341580123,2.1720491569019895,1.697373429767796,1062432610.0,1.9580419580419581,-5.046480743691895,1,2025-09-02,718.0,0.42,True,1.811,2.228,3.9,47.632,-16.713,2025-09-18,727.0,strict_gakutto_next_open,1.253,12.0
8850,2023-10-27,526,kuitto_pullback_auto,くいっと押し目版,1.8840579710144967,-2.4557956777996104,-3.3473268648002485,1.107435639292409,2.2884615384615383,196162995.0,1.8746189798821378,-5.3517334230898665,0,2023-10-30,2797.0,-0.533,True,4.934,-0.894,-0.822,91.276,-2.681,2023-11-21,2774.0,max15_next_open,-0.822,16.0
8850,2024-03-15,618,kuitto_pullback_auto,くいっと押し目版,2.161234991423666,-2.5765220316178894,-1.9037724647849363,2.400110033697822,1.2565320665083135,317605320.0,1.7629281396910679,-1.878088962108726,0,2024-03-18,3000.0,0.739,False,5.167,8.167,8.0,78.333,-8.3,2024-03-29,3140.0,strict_gakutto_next_open,4.667,9.0
8850,2025-11-21,1031,kuitto_pullback_auto,くいっと押し目版,3.194888178913735,-2.1521103217718385,-1.2080649913709607,3.216872603323395,1.4318181818181819,386159300.0,2.299867315347192,0.0,0,2025-11-25,4845.0,0.0,True,-0.516,-2.167,-0.516,10.423,-9.391,2025-12-02,4815.0,strict_gakutto_next_open,-0.619,6.0
8860,2024-05-31,669,kuitto_pullback_auto,くいっと押し目版,1.8918918918918948,-2.7133825079030616,-2.2421524663677084,1.7269293038316258,1.8264984227129337,39471310.0,1.4967790829859797,-5.632040050062582,0,2024-06-03,759.0,0.663,False,-2.635,-2.108,-0.659,22.53,-22.793,2024-06-10,739.0,strict_gakutto_next_open,-2.635,6.0
8860,2024-12-20,808,kuitto_pullback_auto,くいっと押し目版,2.2280471821756187,-2.244897959183678,-0.3636363636363549,1.6684045881126153,1.583617747440273,39561715.0,1.7124542124542126,-1.6393442622950838,0,2024-12-23,789.0,1.154,False,0.127,-4.689,-7.478,17.871,-25.729,2025-01-07,787.0,strict_gakutto_next_open,-0.253,8.0
8860,2026-01-30,1076,kuitto_pullback_auto,くいっと押し目版,3.0000000000000027,-2.2076661814652954,-1.3251185761087414,2.0812685827551913,1.983361064891847,41426515.0,1.647018030513176,-1.670644391408116,0,2026-02-02,825.0,0.121,True,-0.848,4.121,8.242,12.727,-14.667,2026-02-25,893.0,max15_next_open,8.242,16.0
8876,2022-09-30,261,kuitto_pullback_auto,くいっと押し目版,1.7090069284064757,-4.459782320148653,-3.0689160086145084,1.9255693390112905,1.2757417102966842,674771860.0,2.513948358635007,-5.816937553464497,0,2022-10-03,2197.0,-0.227,True,1.73,-0.728,-3.914,8.284,-49.226,2022-10-25,2131.0,max15_next_open,-3.004,16.0
8876,2023-03-29,381,kuitto_pullback_auto,くいっと押し目版,1.922152811148492,-2.1157495256166947,-2.8976803543277585,2.4835717046772343,1.3541364296081277,659506660.0,2.5729103522597154,-4.845222072678334,0,2023-03-30,2098.0,-1.084,True,-2.479,-6.625,-4.909,11.153,-46.83,2023-04-06,2010.0,strict_gakutto_next_open,-4.194,6.0
8876,2023-09-27,505,kuitto_pullback_auto,くいっと押し目版,3.4755134281200695,-3.7104401600582038,-3.922748330425352,2.5424259502786484,1.9280334728033472,884957785.0,2.4645583424209376,-5.673963133640559,1,2023-09-28,1616.0,-1.313,True,-5.507,-2.97,-8.942,44.307,-30.972,2023-10-03,1570.0,strict_gakutto_next_open,-2.847,4.0
8876,2025-01-22,826,kuitto_pullback_auto,くいっと押し目版,1.621770203408457,-3.3696572154041537,-3.5428499039334427,1.1546459450585411,1.3132911392405062,594704900.0,1.7620464469260788,-5.471746356430584,0,2025-01-23,1824.0,-1.325,True,4.55,4.77,7.127,27.851,-11.349,2025-02-05,1900.0,strict_gakutto_next_open,4.167,10.0
8877,2023-08-23,481,kuitto_pullback_auto,くいっと押し目版,1.60614525139664,-5.024419615976461,-2.4844805613034926,2.2344013490725123,1.5806451612903225,112168295.0,1.8851251840942562,-5.057096247960846,0,2023-08-24,2902.0,-0.275,True,2.24,8.718,7.512,160.51,-2.653,2023-09-14,3125.0,max15_next_open,7.684,16.0
8881,2022-03-15,127,kuitto_pullback_auto,くいっと押し目版,2.9227557411273475,-5.439161966156325,-2.7289811259089802,3.5279294414111817,1.9762419006479481,84419885.0,2.578962619530571,-3.898635477582846,0,2022-03-16,493.0,0.0,True,0.406,-7.099,-6.288,69.574,-15.619,2022-03-28,485.0,strict_gakutto_next_open,-1.623,8.0
8881,2023-11-01,529,kuitto_pullback_auto,くいっと押し目版,1.7612524461839474,-2.7244819646968566,-3.116427918317588,2.241447109712924,1.6569343065693432,42130630.0,1.785714285714286,-3.3457249070631967,0,2023-11-02,522.0,0.385,True,-5.172,-5.747,-4.789,60.153,-18.008,2023-11-08,495.9,stop_loss,-5.0,4.0
8892,2024-04-09,634,kuitto_pullback_auto,くいっと押し目版,1.6000000000000014,-3.14379972831359,-1.4951800118040537,1.4579588575993618,1.6176,401652130.0,2.2426884139482564,-4.421448730009403,0,2024-04-10,1010.0,-0.591,True,-1.782,-0.495,2.673,25.446,-15.545,2024-04-17,997.0,strict_gakutto_next_open,-1.287,6.0
8892,2024-12-24,810,kuitto_pullback_auto,くいっと押し目版,1.7003188097768351,-2.958949781204412,-3.35839391936551,2.265441333618301,1.4782192436572523,194147500.0,1.2165994924615615,-4.10821643286573,0,2024-12-25,957.0,0.0,True,2.926,1.045,1.985,32.393,-5.225,2025-01-22,979.0,max15_next_open,2.299,16.0
8919,2024-09-18,744,kuitto_pullback_auto,くいっと押し目版,3.1818181818181746,-3.787544169611312,-2.581117670557942,3.428636518965722,1.7848460291734198,424092960.0,2.765103838892385,-3.404255319148941,0,2024-09-19,1823.0,0.385,True,13.165,10.148,10.038,113.385,-4.992,2024-10-03,2003.0,strict_gakutto_next_open,9.874,10.0
8919,2025-11-07,1021,kuitto_pullback_auto,くいっと押し目版,3.331978870377905,-2.7840775787909666,-3.908493099935173,2.128514056224895,1.6601851851851852,609213600.0,2.1684175046345713,-7.3925710123816435,1,2025-11-10,2800.0,10.106,False,4.5,8.75,13.393,38.929,-3.321,2025-11-20,2935.0,strict_gakutto_next_open,4.821,9.0
8919,2026-07-03,1179,kuitto_pullback_auto,くいっと押し目版,1.7080745341614856,-2.4895020995800876,-2.8937947494033445,0.6144393241167334,1.5206552706552707,581338200.0,3.064340239912759,-5.072463768115942,2,2026-07-06,3290.0,0.458,True,-1.672,-1.976,2.736,18.237,-4.863,2026-07-13,3285.0,strict_gakutto_next_open,-0.152,6.0
8923,2023-08-10,473,kuitto_pullback_auto,くいっと押し目版,2.6470588235294024,-3.740535653746191,-2.598733658269947,2.0109902958026504,1.2599681020733653,258573780.0,1.9729840360212854,-4.068169323804282,0,2023-08-14,870.0,-0.287,True,-2.874,0.23,7.126,123.333,-3.563,2023-08-16,842.0,strict_gakutto_next_open,-3.218,3.0
8923,2025-10-20,1008,kuitto_pullback_auto,くいっと押し目版,2.0155038759689825,-2.6395631067961167,-3.254810285919796,1.9206939281288804,1.2773246329526917,397167225.0,2.236213634389926,-6.134094151212555,1,2025-10-21,1655.0,0.608,False,1.208,-3.625,-1.36,17.402,-10.755,2025-10-30,1607.5,strict_gakutto_next_open,-2.87,8.0
8923,2025-12-08,1041,kuitto_pullback_auto,くいっと押し目版,1.7715332926084404,-3.613747568236747,-0.2551640340218708,1.4739919600438522,1.531009738595592,813966970.0,2.411678957297205,-4.66380543633762,0,2025-12-09,1668.0,0.12,True,1.799,1.619,2.218,16.487,-11.451,2025-12-23,1691.0,strict_gakutto_next_open,1.379,11.0
8934,2023-08-23,481,kuitto_pullback_auto,くいっと押し目版,1.8465909090909172,-4.794892692203212,-3.688524590163933,1.7021276595744705,1.5107604017216643,182885995.0,2.092050209205021,-7.124352331606221,1,2023-08-24,1430.0,-0.279,True,1.469,6.364,4.406,101.748,-3.147,2023-09-12,1471.0,strict_gakutto_next_open,2.867,14.0
8934,2024-07-29,709,kuitto_pullback_auto,くいっと押し目版,1.945137157107224,-4.84395941030058,-1.7207734610608427,2.486963497793826,1.69375,234956665.0,2.3098965613642717,-2.7592768791626976,0,2024-07-30,2059.0,0.734,False,-26.906,-15.202,-12.045,40.117,-29.577,2024-08-01,1956.05,stop_loss,-5.0,3.0
8935,2024-07-29,709,kuitto_pullback_auto,くいっと押し目版,1.549186676994574,-2.6486079759217462,-1.208569859000197,1.2511584800741549,1.6320754716981132,42963990.0,2.103083796447641,-3.2472324723247237,0,2024-07-30,1298.0,-0.992,True,-10.324,-10.247,-8.475,60.632,-20.493,2024-08-01,1233.1,stop_loss,-5.0,3.0
8935,2025-02-28,851,kuitto_pullback_auto,くいっと押し目版,1.619778346121059,-2.937227257468955,-0.1477003400542687,2.5111799105607124,2.1338383838383836,50417590.0,2.1572387344199426,-1.078838174273855,0,2025-03-03,1201.0,0.755,False,1.249,1.915,2.914,73.605,-14.072,2025-03-11,1201.0,strict_gakutto_next_open,0.0,7.0
9001,2022-08-31,241,kuitto_pullback_auto,くいっと押し目版,2.488335925349916,-2.094717668488155,-0.16654330125832617,1.7917825146740896,2.289963538668202,1620448075.0,1.7559072187296771,-0.9022556390977488,1,2022-09-01,3255.0,-1.214,True,-0.461,3.687,4.301,28.848,-32.043,2022-09-07,3180.0,strict_gakutto_next_open,-2.304,5.0
9001,2024-07-31,711,kuitto_pullback_auto,くいっと押し目版,1.5183547953103949,-2.4137409200968407,-1.9692298391971952,1.7883296076466548,1.2832284339133655,2055987665.0,1.6619786877265106,-2.420099759837424,1,2024-08-01,2622.0,-0.719,True,-8.276,-6.808,-5.53,23.417,-15.637,2024-08-02,2490.9,stop_loss,-5.0,2.0
9005,2022-01-21,92,kuitto_pullback_auto,くいっと押し目版,1.9385026737967825,-2.58945998698763,-2.327212280200508,1.3827948411115454,1.3409869339084104,1523532660.0,2.103044496487119,-2.7423469387755084,1,2022-01-24,1531.0,0.393,True,0.196,1.633,3.527,36.741,-4.768,2022-01-28,1508.0,strict_gakutto_next_open,-1.502,5.0
9005,2024-04-08,633,kuitto_pullback_auto,くいっと押し目版,1.885245901639343,-4.761904761904756,-4.8284346946648515,2.130806310254174,1.3932521739130435,5031035310.0,2.8100218365705096,-10.339023803798986,2,2024-04-09,1874.0,0.51,False,1.387,1.761,-0.293,9.658,-15.982,2024-04-22,1880.0,strict_gakutto_next_open,0.32,10.0
9005,2025-04-04,875,kuitto_pullback_auto,くいっと押し目版,2.129547471162385,-3.170969034399851,-2.5043177892918878,1.9486271036315284,1.3819751753912575,2668419350.0,1.6548756774647306,-2.4024872809496944,1,2025-04-07,1653.0,-4.257,True,5.898,7.532,6.231,21.658,-4.416,2025-04-25,1760.0,strict_gakutto_next_open,6.473,15.0
9006,2021-10-20,30,kuitto_pullback_auto,くいっと押し目版,2.749410840534172,-2.5122549019607865,-3.2949774999245007,2.123672704559665,1.4070764832022873,1636330180.0,2.6048492791612055,-6.8376068376068355,2,2021-10-21,1300.0,-0.612,True,-1.538,0.769,-1.538,28.308,-18.577,2021-10-28,1268.0,strict_gakutto_next_open,-2.462,6.0
9006,2022-08-31,241,kuitto_pullback_auto,くいっと押し目版,2.5035765379113117,-2.1481378155949193,-2.7109266943291854,1.8623827125390902,2.096126831226169,1028137250.0,1.6748080949057922,-3.175675675675671,1,2022-09-01,1416.0,-1.186,True,-4.308,1.836,4.237,17.797,-25.247,2022-09-06,1372.0,strict_gakutto_next_open,-3.107,4.0
9006,2022-09-12,249,kuitto_pullback_auto,くいっと押し目版,3.265602322206096,-3.5222269563982445,-3.2841557854276227,3.9596727060198678,1.5372554875317306,909073695.0,2.0178696917980123,-1.3176144244105403,1,2022-09-13,1423.0,0.0,True,5.341,0.141,2.46,17.217,-25.615,2022-09-27,1449.0,strict_gakutto_next_open,1.827,9.0
9007,2022-08-31,241,kuitto_pullback_auto,くいっと押し目版,2.083333333333326,-3.4025493421052544,-1.7333806136709762,1.411589895988108,1.3373444550799944,1317585615.0,1.715631307468042,-3.0441400304414,1,2022-09-01,1889.0,-1.151,True,-4.076,-0.741,-1.323,25.569,-30.413,2022-09-06,1830.0,strict_gakutto_next_open,-3.123,4.0
9007,2023-03-17,374,kuitto_pullback_auto,くいっと押し目版,2.6315789473684292,-2.8795180722891556,-1.1714642079776905,1.3363028953229383,1.6314145470771977,1737996155.0,1.8140589569160999,-2.3255813953488413,1,2023-03-20,1636.0,-0.122,True,5.073,7.274,10.269,44.988,-19.652,2023-04-11,1804.0,max15_next_open,10.269,16.0
9007,2025-04-04,875,kuitto_pullback_auto,くいっと押し目版,3.4367701034367704,-3.1119519832985443,-1.6344783916416028,3.936163079192645,1.664213327294344,2012600622.5,2.0483870967741935,0.0,1,2025-04-07,1481.5,-4.419,True,4.657,9.247,6.345,26.392,-1.924,2025-04-25,1583.5,strict_gakutto_next_open,6.885,15.0
9009,2023-08-10,473,kuitto_pullback_auto,くいっと押し目版,2.1226291178479517,-4.625833564522253,-2.6917225317551696,3.9322838687599004,1.541837837837838,3326427988.5,2.7488075026275363,-1.5997569989368632,1,2023-08-14,1951.0,0.376,True,-5.961,-7.622,-4.459,31.148,-47.053,2023-08-18,1850.0,strict_gakutto_next_open,-5.177,5.0
9010,2022-12-27,320,kuitto_pullback_auto,くいっと押し目版,2.0942408376963373,-3.6894384755726706,-2.3985919528467847,2.222688194590061,2.1725888324873095,309157000.0,2.307692307692308,-3.8461538461538436,0,2022-12-28,4865.0,-0.205,True,-4.317,-9.353,-6.578,19.63,-60.781,2023-01-05,4695.0,strict_gakutto_next_open,-3.494,5.0
9010,2024-12-09,799,kuitto_pullback_auto,くいっと押し目版,1.8785495849716005,-2.5764487244467005,-3.520480520563951,0.8214440121054878,1.3582834331337326,286571855.0,2.468757657436903,-7.165605095541405,1,2024-12-10,2350.0,0.772,False,-5.745,-6.085,-4.809,20.638,-18.809,2024-12-16,2250.0,strict_gakutto_next_open,-4.255,5.0
9010,2025-01-21,825,kuitto_pullback_auto,くいっと押し目版,2.9716981132075437,-2.494917760118276,-3.086993782251146,2.6810912511759266,1.405,233696890.0,1.8650611870950855,-2.501116569897277,0,2025-01-22,2208.0,1.145,False,7.654,7.428,11.639,28.397,-13.587,2025-02-13,2480.0,max15_next_open,12.319,16.0
9010,2025-05-07,895,kuitto_pullback_auto,くいっと押し目版,1.6949152542372836,-3.3885751319322255,-2.1944866100710336,0.5939835217474654,1.6304780876494025,245170350.0,2.047619047619048,-4.240766073871405,0,2025-05-08,2110.0,0.476,True,-3.081,-3.981,1.611,34.36,-9.573,2025-05-29,2141.0,max15_next_open,1.469,16.0
9010,2026-02-05,1080,kuitto_pullback_auto,くいっと押し目版,3.0496802754550023,-4.348649928943626,-2.8724114896459763,2.9180585576734197,2.3091499729290743,316830010.0,2.0763723150357993,-2.558139534883719,0,2026-02-06,2120.0,1.193,False,2.5,6.509,13.632,33.726,-6.698,2026-03-03,2405.0,max15_next_open,13.443,16.0
9020,2022-01-21,92,kuitto_pullback_auto,くいっと押し目版,2.361489554950036,-2.2008470192113716,-3.6081389290483323,0.8555269186712344,1.440075212557227,9720275766.0,2.12574470782102,-5.63905052957675,1,2022-01-24,2253.0,-0.044,True,-3.094,3.83,5.859,86.906,-5.712,2022-01-26,2236.0,strict_gakutto_next_open,-0.755,3.0
9020,2022-04-14,148,kuitto_pullback_auto,くいっと押し目版,1.9899428374951622,-2.3664291694431627,-1.097354851440957,2.9286742890851203,1.289925676097683,11849997613.5,1.8725543314670985,-2.865329512893988,1,2022-04-15,2367.7,-0.223,True,-1.52,-4.0,-7.391,77.852,-8.35,2022-04-22,2323.0,strict_gakutto_next_open,-1.888,6.0
9021,2022-04-14,148,kuitto_pullback_auto,くいっと押し目版,1.6805021259364228,-2.421692008416376,-2.335086496419747,1.8248175182481674,1.5086304649111755,6936145550.0,2.0324856346361724,-4.886363636363633,1,2022-04-15,2492.5,-0.737,True,0.261,-2.828,-5.155,43.511,-7.603,2022-04-22,2485.0,strict_gakutto_next_open,-0.301,6.0
9021,2022-06-21,192,kuitto_pullback_auto,くいっと押し目版,2.350738506344907,-5.015336812333193,-1.6346240858198136,2.8686125282261443,2.45665372748084,8025840710.0,2.2836817653890824,-3.1877213695395534,1,2022-06-22,2458.5,-0.061,True,2.095,-1.485,-3.457,45.495,-6.142,2022-07-04,2495.0,strict_gakutto_next_open,1.485,9.0
9022,2022-06-06,181,kuitto_pullback_auto,くいっと押し目版,2.335720959202736,-2.1264994547437244,-1.421240599212581,1.5765069551777477,1.2610921501706485,9933929025.0,1.7911485957742803,-1.11345170027084,1,2022-06-07,3296.0,0.304,True,-2.458,-8.738,-5.704,46.541,-17.582,2022-06-14,3131.2,stop_loss,-5.0,6.0
9023,2025-11-21,264,kuitto_pullback_auto,くいっと押し目版,2.823604060913709,-2.432833973009796,-1.898419640194804,2.615248226950362,2.4187675946199563,5848259647.5,1.4149072155860183,-0.8565310492505307,1,2025-11-25,1631.0,0.648,False,-1.717,-1.594,-2.514,6.376,-19.344,2025-12-02,1606.0,strict_gakutto_next_open,-1.533,6.0
9024,2023-01-18,333,kuitto_pullback_auto,くいっと押し目版,2.8612303290414864,-2.074863311369679,-1.371634155939061,2.4508406953548167,2.306830122591944,1663151855.0,2.4736737532286903,-4.19720186542305,1,2023-01-19,1426.0,-0.834,True,3.506,1.893,4.418,311.711,-10.379,2023-01-30,1457.0,strict_gakutto_next_open,2.174,8.0
9024,2025-02-27,850,kuitto_pullback_auto,くいっと押し目版,2.8892455858748,-4.412674835994546,-3.573786419860725,3.50729879860483,1.4205999354908074,2788314495.0,2.937374637842656,-5.928969768124448,4,2025-02-28,3205.0,0.0,True,4.181,10.328,13.978,83.183,-19.516,2025-03-24,3654.0,max15_next_open,14.009,16.0
9025,2021-11-12,46,kuitto_pullback_auto,くいっと押し目版,2.5409836065573677,-2.4772255074316796,-0.9430904848327759,2.322918370685434,1.4487179487179487,65865300.0,2.101176201895626,-1.8823529411764683,0,2021-11-15,1232.0,-1.519,True,-6.818,-10.795,-8.604,193.831,-14.448,2021-11-16,1170.4,stop_loss,-5.0,2.0
9025,2023-04-12,391,kuitto_pullback_auto,くいっと押し目版,1.9621109607577791,-2.1168274383708385,-0.05447364837259938,2.670663578144161,2.1882352941176473,99429825.0,1.9717508768603658,-0.06631299734748408,0,2023-04-13,1508.0,0.066,True,2.785,5.106,7.891,140.053,-3.183,2023-05-08,1607.0,strict_gakutto_next_open,6.565,15.0
9025,2024-07-31,711,kuitto_pullback_auto,くいっと押し目版,2.81449893390191,-2.4485391766268294,-0.3006350493176768,2.109097069286814,1.7596153846153846,136040430.0,2.2012205960775018,-1.1885245901639307,0,2024-08-01,2393.0,-0.747,True,-13.163,-0.418,-0.501,51.275,-19.808,2024-08-02,2273.35,stop_loss,-5.0,2.0
9031,2022-03-15,127,kuitto_pullback_auto,くいっと押し目版,3.3610122578094037,-2.2667082100015556,-2.523465148484383,3.1570639305446013,1.4342218400687876,368476350.0,2.265274893430976,-6.308243727598562,1,2022-03-16,2643.0,1.109,False,2.611,2.649,-0.757,24.82,-27.128,2022-03-30,2670.0,strict_gakutto_next_open,1.022,10.0
9031,2025-02-13,841,kuitto_pullback_auto,くいっと押し目版,1.642335766423364,-2.138676271949569,-0.015553949330726624,1.939970717423134,2.386243386243386,278990230.0,1.5629007437804563,-0.8896797153024938,0,2025-02-14,2328.0,4.488,False,-6.658,-6.723,-4.403,41.71,-17.268,2025-02-14,2211.6,stop_loss,-5.0,1.0
9037,2026-03-18,1107,kuitto_pullback_auto,くいっと押し目版,1.5016685205784253,-2.4406188712137733,-4.188862503476454,1.875628000446583,1.7027397260273973,229431555.0,2.7945205479452055,-6.935237123916371,1,2026-03-19,1836.0,0.603,False,-1.634,0.272,3.922,5.283,-7.516,2026-03-23,1744.2,stop_loss,-5.0,2.0
9039,2023-09-27,505,kuitto_pullback_auto,くいっと押し目版,1.7821782178217838,-2.115384615384619,-1.4536457125183588,0.823852491173005,2.4383561643835616,319016550.0,1.6675931072818233,-7.5539568345323715,1,2023-09-28,2555.0,-0.584,True,-5.558,-1.096,-1.761,21.331,-12.564,2023-10-04,2427.25,stop_loss,-5.0,5.0
9041,2024-07-31,711,kuitto_pullback_auto,くいっと押し目版,1.6326530612244872,-3.3964840416453312,-1.1517646514639934,1.9536733738886314,1.2942452043369475,2492664075.0,2.0162281780181956,-1.8304702900591385,1,2024-08-01,3455.0,-0.889,True,-4.631,-5.326,-2.576,8.452,-23.878,2024-08-05,3235.0,strict_gakutto_next_open,-6.368,3.0
9041,2025-10-16,1006,kuitto_pullback_auto,くいっと押し目版,2.0212060967528256,-2.2230953082539417,-2.5267003386701403,2.6675558519506426,1.647695390781563,3783988525.0,2.1702315222938804,-2.901292967518132,1,2025-10-17,3104.0,0.812,False,-0.773,-5.428,-6.459,20.103,-10.728,2025-10-27,3075.0,strict_gakutto_next_open,-0.934,7.0
9042,2024-01-31,588,kuitto_pullback_auto,くいっと押し目版,1.5926424405563022,-2.862562510777722,-1.2411099043548424,0.41683295640992934,1.3262273901808785,1714189480.0,1.7679714853483897,-4.310162687513208,1,2024-02-01,4527.0,-0.044,True,0.729,-5.522,-5.545,14.491,-20.19,2024-02-08,4300.65,stop_loss,-5.0,6.0
9042,2024-06-19,682,kuitto_pullback_auto,くいっと押し目版,3.2835820895522394,-2.447029296780734,-0.9266242861760476,2.624944386771455,1.4787413373290879,2262706240.0,1.943985686760253,-0.6936139679502462,1,2024-06-20,4175.0,0.554,False,0.982,1.844,2.946,24.144,-13.461,2024-07-08,4263.0,strict_gakutto_next_open,2.108,13.0
9042,2026-05-07,1138,kuitto_pullback_auto,くいっと押し目版,1.9173704633645317,-3.262179376829044,-3.589039921101145,-0.7071695427859903,1.4046489104116222,5290962480.0,2.19964805631099,-7.403566984653676,2,2026-05-08,4452.0,-0.291,True,2.808,7.996,2.269,16.42,-8.266,2026-05-25,4704.0,strict_gakutto_next_open,5.66,12.0
9044,2021-10-20,30,kuitto_pullback_auto,くいっと押し目版,1.6014234875444844,-2.1580229725026046,-3.079010183229447,1.1693834160170224,1.2644526445264452,1127868935.0,2.3298724043032277,-5.580818520049602,1,2021-10-21,2288.0,0.175,True,-1.005,-0.306,-2.928,48.601,-11.538,2021-10-28,2258.0,strict_gakutto_next_open,-1.311,6.0
9044,2023-08-10,473,kuitto_pullback_auto,くいっと押し目版,2.3129251700680253,-4.526885648809332,-2.922475997775642,3.799302943510807,2.1109756097560974,856450160.0,2.1324088145896654,-1.859706362153346,1,2023-08-14,3008.0,0.0,True,-2.926,-1.679,1.862,10.306,-29.521,2023-08-21,2935.0,strict_gakutto_next_open,-2.427,6.0
9044,2024-01-31,588,kuitto_pullback_auto,くいっと押し目版,2.271114265436469,-2.0308074877391835,-1.3503766073434953,1.3112103209477421,3.3612334801762116,633853925.0,1.6258550609695648,-3.0445752733389453,0,2024-02-01,2922.5,1.405,False,1.899,-0.068,-1.317,13.533,-27.459,2024-02-13,2908.0,strict_gakutto_next_open,-0.496,8.0
9044,2024-07-31,711,kuitto_pullback_auto,くいっと押し目版,2.3644752018454396,-2.516472471429121,-1.206823862438644,1.4478948371118294,1.9920112781954886,561964970.0,1.585513078470825,-1.2242626599888728,0,2024-08-01,2625.0,-1.408,True,-10.952,-11.543,-10.629,26.4,-19.238,2024-08-02,2410.0,stop_gap_open,-8.19,2.0
9044,2025-10-16,1006,kuitto_pullback_auto,くいっと押し目版,2.0925925925926014,-3.155768745266352,-2.005492704319134,2.4568837347606287,2.183151236342726,1998642027.5,1.8981109585136429,-1.535988569387392,1,2025-10-17,2770.5,0.508,False,3.934,1.191,3.321,19.762,-6.75,2025-10-30,2789.5,strict_gakutto_next_open,0.686,10.0
9044,2025-11-21,1031,kuitto_pullback_auto,くいっと押し目版,2.266690278023731,-2.020908359847551,-0.6619011664420471,2.5572722429408667,1.6184950773558369,1025415662.5,1.7130488559059989,-0.27629079606286133,1,2025-11-25,2888.0,0.017,True,0.762,-1.887,1.039,14.889,-10.544,2025-12-16,2925.0,max15_next_open,1.281,16.0
9044,2026-06-25,1173,kuitto_pullback_auto,くいっと押し目版,2.292051756007396,-2.150576762126555,-1.2243971381913799,2.5688549505133995,1.7148117839607202,865775475.0,2.0457948267850687,-0.8421429851281137,1,2026-06-26,2779.0,0.434,True,1.223,6.837,5.614,18.352,-1.008,2026-07-14,2938.5,strict_gakutto_next_open,5.739,13.0
9045,2022-12-27,320,kuitto_pullback_auto,くいっと押し目版,2.496328928046987,-3.804656445201593,-0.8562940525426721,2.526439482961229,2.9663131628197132,1045980725.0,2.3434302087597216,-2.3776223776223793,1,2022-12-28,3490.0,0.0,True,-2.579,-2.436,0.143,21.347,-27.951,2023-01-17,3350.0,strict_gakutto_next_open,-4.011,12.0
9045,2024-05-10,654,kuitto_pullback_auto,くいっと押し目版,2.1164021164021163,-2.7741003730894165,-2.4703724264439675,1.4972467982429016,2.7847843775427177,934475425.0,2.109548482605477,-3.8111990618586944,1,2024-05-13,3289.0,0.244,True,-5.26,-8.422,-11.402,10.885,-23.548,2024-05-15,3124.55,stop_loss,-5.0,3.0
9048,2023-08-10,473,kuitto_pullback_auto,くいっと押し目版,1.9200714445188671,-3.8466622604097944,-1.1823490890170762,3.6040125278017365,2.2737094837935174,1114012410.0,1.608511969957753,-0.262180467555162,1,2023-08-14,2297.0,0.635,False,-2.743,-0.131,2.612,5.747,-31.432,2023-09-04,2358.5,max15_next_open,2.677,16.0
9052,2022-06-17,190,kuitto_pullback_auto,くいっと押し目版,1.6818837097549277,-2.2409482359477817,-0.4502298244292047,0.10407796385656365,2.8205128205128207,40941845.0,1.579800162030786,-2.9802842732691404,0,2022-06-20,2125.0,0.425,True,1.6,0.518,-0.424,16.0,-15.247,2022-07-01,2166.0,strict_gakutto_next_open,1.929,10.0
9068,2021-12-07,62,kuitto_pullback_auto,くいっと押し目版,1.9908116385911168,-3.6589053522830373,-4.207832400904654,3.4482758620689724,1.8833333333333333,61879700.0,2.874302874302874,-5.128205128205132,0,2021-12-08,3345.0,0.45,True,-3.288,-2.99,-1.495,187.294,-15.845,2021-12-15,3245.0,strict_gakutto_next_open,-2.99,6.0
9069,2022-10-04,263,kuitto_pullback_auto,くいっと押し目版,1.6494845360824684,-2.25988700564973,-0.27086924402855983,1.4403292181069949,1.8074105988797933,331006675.0,1.6589394378441031,-1.8905472636815968,0,2022-10-05,1010.0,2.434,False,-0.495,-1.188,-2.871,136.337,-9.802,2022-10-18,1010.0,strict_gakutto_next_open,0.0,9.0
9069,2026-05-07,1138,kuitto_pullback_auto,くいっと押し目版,2.3887973640856597,-2.7210884353741416,-1.1741159345834418,0.9638815183841354,1.3968784838350057,531234270.0,2.0380799141861092,-2.7386541471048464,0,2026-05-08,1854.5,-0.536,True,8.169,9.571,3.505,28.714,-2.507,2026-05-25,1964.0,strict_gakutto_next_open,5.905,12.0
9072,2022-03-10,124,kuitto_pullback_auto,くいっと押し目版,2.6192703461178635,-2.6284127718648853,-2.0327237015212885,3.7450349914885495,1.5467741935483872,163853775.0,2.138950384164605,-1.304543409806569,0,2022-03-11,1084.0,-1.185,True,2.399,0.461,-4.982,517.066,-15.083,2022-03-25,1094.0,strict_gakutto_next_open,0.923,10.0
9072,2024-05-31,669,kuitto_pullback_auto,くいっと押し目版,1.7041581458759447,-3.110721496121549,-2.9051176947836543,1.8555180841332009,2.6497829232995658,269696558.0,1.8388548448870161,-5.808080808080806,0,2024-06-03,1501.0,0.603,False,-2.378,1.166,17.722,345.636,-9.207,2024-06-10,1365.3,strict_gakutto_next_open,-9.041,6.0
9075,2021-12-28,77,kuitto_pullback_auto,くいっと押し目版,1.8018018018018056,-2.172284644194755,-0.20869388170619008,0.8671257332313109,1.6666666666666667,179617000.0,1.950514719162001,-3.7712895377128963,0,2021-12-29,3940.0,-0.379,True,-0.888,-3.426,-7.741,80.203,-24.873,2022-01-07,3915.0,strict_gakutto_next_open,-0.635,6.0
9075,2022-07-08,205,kuitto_pullback_auto,くいっと押し目版,1.812191103789118,-3.0511747666559397,-2.6761487120793293,2.0745243128964086,1.2696365767878077,302423665.0,2.3855755894590844,-2.982731554160123,0,2022-07-11,3090.0,0.0,True,1.942,1.942,1.456,129.773,-4.207,2022-07-20,3185.0,strict_gakutto_next_open,3.074,7.0
9075,2023-04-14,393,kuitto_pullback_auto,くいっと押し目版,2.155172413793105,-2.486033519553077,-0.3365850875691745,1.745850028620488,1.7837150127226462,210697350.0,2.5316455696202533,-3.2653061224489743,0,2023-04-17,3555.0,0.0,True,0.281,1.828,3.938,99.719,-10.408,2023-05-11,3680.0,max15_next_open,3.516,16.0
9075,2024-05-22,662,kuitto_pullback_auto,くいっと押し目版,1.7287234042553168,-2.37467018469657,-1.8948817022177544,3.183166981386565,1.2793076317859953,297755025.0,2.4556489262371617,0.0,0,2024-05-23,3800.0,-0.654,True,-2.368,0.132,0.658,86.842,-16.184,2024-06-10,3705.0,strict_gakutto_next_open,-2.5,13.0
9076,2022-01-25,94,kuitto_pullback_auto,くいっと押し目版,1.6216216216216273,-3.3414975507347844,-3.8200841183218093,1.9154318756776423,1.3972860912174896,394542955.0,2.235309017223911,-4.729729729729726,0,2022-01-26,1122.0,-0.532,True,0.713,3.743,9.537,153.654,-13.012,2022-02-17,1223.0,max15_next_open,9.002,16.0
9076,2023-10-10,513,kuitto_pullback_auto,くいっと押し目版,2.7137367915465838,-2.826888090684332,-2.4869904799274867,2.4431137724550966,1.6579823702252694,1471246770.0,2.127659574468085,-1.7459223524006418,1,2023-10-11,2122.5,-0.748,True,1.578,1.461,3.157,34.087,-6.007,2023-10-19,2132.5,strict_gakutto_next_open,0.471,7.0
9076,2026-08-07,1203,kuitto_pullback_auto,くいっと押し目版,1.9117925421162196,-3.416241024502187,-2.0427841061978813,2.704971195299688,2.105586428780345,1139986685.0,2.392008066227977,-1.2110091743119278,1,2026-08-10,2720.0,1.04,False,2.904,3.529,2.169,4.632,-3.64,2026-08-20,2805.5,strict_gakutto_next_open,3.143,8.0
9081,2022-03-10,124,kuitto_pullback_auto,くいっと押し目版,1.5827338129496438,-4.131769960915688,-1.1317286149250316,2.556653108657758,1.7272727272727273,18385050.0,1.9222986645082965,-2.3513139695712337,0,2022-03-11,3430.0,-2.833,True,7.434,4.082,0.0,20.262,-14.636,2022-03-31,3485.0,strict_gakutto_next_open,1.603,14.0
9090,2023-04-14,393,kuitto_pullback_auto,くいっと押し目版,2.892340653454739,-4.287886467308666,-2.119958634953467,1.4791336502905539,1.3428485576923077,443993115.0,2.413177660444709,-4.23728813559322,0,2023-04-17,1942.0,1.093,False,1.699,2.987,4.428,18.898,-61.998,2023-04-27,1952.0,strict_gakutto_next_open,0.515,9.0
9090,2024-05-31,669,kuitto_pullback_auto,くいっと押し目版,1.9641332194705319,-2.341644204851745,-0.268762332448802,1.8250042640286512,1.80028278543655,405518290.0,3.6910744197176353,-1.9704433497536922,2,2024-06-03,1217.0,1.926,False,-3.287,-1.972,0.904,11.339,-39.359,2024-06-10,1180.0,strict_gakutto_next_open,-3.04,6.0
9107,2023-05-22,416,kuitto_pullback_auto,くいっと押し目版,2.907886261157633,-3.3827692417255695,-1.3626560355532225,2.9116743047503224,1.3036091670097434,23987910786.0,3.4708294477587165,-3.5948275862069057,3,2023-05-23,1133.3,1.341,False,-2.788,-4.174,-6.406,218.539,-8.083,2023-05-25,1076.635,stop_loss,-5.0,3.0
9107,2024-10-17,763,kuitto_pullback_auto,くいっと押し目版,2.181457610312343,-5.250047001316027,-3.063327294859619,1.8935086765214715,1.715552970261034,22046961027.5,3.541969917515769,-9.999999999999998,4,2024-10-18,2059.0,-0.097,True,2.963,3.23,6.897,75.328,-23.677,2024-10-28,2060.0,strict_gakutto_next_open,0.049,7.0
9110,2022-11-24,297,kuitto_pullback_auto,くいっと押し目版,3.181189488243441,-2.0743534482758674,-2.619315442712522,2.585258525852585,1.8977719528178243,816627800.0,2.719264649559556,-4.481434058898848,0,2022-11-25,3770.0,1.072,False,1.857,2.785,3.846,179.576,-15.65,2022-12-06,3760.0,strict_gakutto_next_open,-0.265,8.0
9119,2021-11-22,52,kuitto_pullback_auto,くいっと押し目版,2.1696252465483346,-2.0995334370139895,-4.817551266586239,2.5742574257425765,1.433873986275733,288178000.0,3.1853281853281854,-7.829181494661919,3,2021-11-24,522.0,0.772,False,-0.958,7.663,3.257,270.115,-3.448,2021-12-01,517.0,strict_gakutto_next_open,-0.958,6.0
9119,2023-12-15,559,kuitto_pullback_auto,くいっと押し目版,1.724137931034475,-5.325348009064424,-0.8791208791208871,0.63107624083234,1.3950571744743636,510680055.0,3.2929782082324452,-6.719367588932801,3,2023-12-18,1209.0,2.458,False,2.068,-1.82,4.218,59.801,-29.859,2023-12-26,1215.0,strict_gakutto_next_open,0.496,7.0
9119,2024-07-31,711,kuitto_pullback_auto,くいっと押し目版,2.392344497607657,-4.749381188118806,-4.755313586170851,3.6654287098336846,2.057721712538226,346758980.0,2.6368491321762346,-8.22015725518227,1,2024-08-01,1290.0,0.467,True,-9.922,-3.178,-0.93,49.767,-34.264,2024-08-02,1225.5,stop_loss,-5.0,2.0
9119,2025-05-28,910,kuitto_pullback_auto,くいっと押し目版,1.642710472279263,-3.6897440983931773,-3.1783869686134336,1.5592942141977817,4.1353004677941705,595288505.0,2.554112554112554,-5.714285714285716,0,2025-05-29,995.0,0.505,False,-1.508,0.704,3.116,94.171,-3.417,2025-06-11,977.0,strict_gakutto_next_open,-1.809,10.0
9143,2022-08-12,228,kuitto_pullback_auto,くいっと押し目版,1.5250544662309462,-3.219080977399713,-4.92733247233077,0.16335654715846637,1.9421563243639026,2155208090.0,2.685469037400368,-10.246533127889057,2,2022-08-15,2311.0,-0.815,True,1.385,1.601,-1.341,3.678,-41.519,2022-08-24,2326.0,strict_gakutto_next_open,0.649,8.0
9201,2023-08-09,472,kuitto_pullback_auto,くいっと押し目版,2.2606382978723305,-3.1179027967036532,-1.9157213377357873,2.5230810252308,3.220467867138406,10135072272.5,1.6777354634961918,-1.0614345448697327,1,2023-08-10,3106.0,0.975,False,-1.835,-3.123,-3.381,5.344,-32.775,2023-08-18,3025.0,strict_gakutto_next_open,-2.608,6.0
9229,2024-06-26,491,kuitto_pullback_auto,くいっと押し目版,1.8256333830104277,-3.8685282140779598,-0.556774588389819,2.5592915040528297,1.4259094942324757,539439525.0,3.4525116303381944,-2.4277043912888208,2,2024-06-27,2700.0,-1.207,True,-6.667,-8.704,-5.556,14.63,-95.963,2024-07-01,2565.0,stop_loss,-5.0,3.0
9247,2022-12-14,294,kuitto_pullback_auto,くいっと押し目版,1.6260162601626105,-3.4093924117802987,-3.1963107259282864,2.6694045174537884,1.2675356921166978,255907790.0,2.6047619047619044,-6.073888541014405,1,2022-12-15,1489.0,-0.733,True,-3.358,-6.38,-4.097,55.406,-33.848,2022-12-22,1441.0,strict_gakutto_next_open,-3.224,6.0
9247,2023-08-10,456,kuitto_pullback_auto,くいっと押し目版,2.6890756302520913,-3.80487804878048,-2.5105699583756746,2.7063371995293295,1.6723664122137405,250668165.0,2.022445639466916,-1.3720742534301889,0,2023-08-14,1192.0,-2.455,True,-7.55,-5.621,0.587,94.128,-17.366,2023-08-17,1125.0,stop_gap_open,-5.621,4.0
9267,2023-09-13,496,kuitto_pullback_auto,くいっと押し目版,1.5473887814313247,-2.0673813169984734,-0.4386135155067361,2.3391812865497075,4.068627450980392,111345500.0,1.8503401360544216,-1.6853932584269704,0,2023-09-14,2625.0,0.0,True,5.143,7.619,3.048,108.0,-6.476,2023-10-03,2700.0,strict_gakutto_next_open,2.857,13.0
9267,2024-04-23,644,kuitto_pullback_auto,くいっと押し目版,2.4590163934426146,-3.4821145932257047,-3.5552193645990937,2.12418300653594,1.263157894736842,119540300.0,2.4,-5.446293494704991,0,2024-04-24,3125.0,0.0,True,-9.92,-7.2,-8.64,74.72,-21.44,2024-04-26,2920.0,strict_gakutto_next_open,-6.56,3.0
9267,2024-05-27,665,kuitto_pullback_auto,くいっと押し目版,1.6014234875444844,-2.7307293466989235,-3.2158317872603592,1.3489527866524575,1.300578034682081,159208200.0,2.0515386539904927,-7.003257328990231,1,2024-05-28,2875.0,0.701,False,-3.478,3.826,-1.739,89.913,-14.609,2024-05-30,2780.0,strict_gakutto_next_open,-3.304,3.0
9267,2026-06-29,1175,kuitto_pullback_auto,くいっと押し目版,2.259036144578319,-3.4017595307917925,-0.5837502978317866,1.7076093469143183,1.8272727272727274,272336850.0,3.0927835051546393,-2.8612303290414864,2,2026-06-30,3400.0,0.147,True,5.294,12.059,10.294,23.088,-4.118,2026-07-02,3320.0,strict_gakutto_next_open,-2.353,3.0
9267,2026-08-18,1209,kuitto_pullback_auto,くいっと押し目版,1.9858156028368823,-2.232019840176358,-3.8803078413433,0.643896976483771,1.51,367563525.0,4.182396185177827,-13.477737665463296,3,2026-08-19,3580.0,-0.417,True,3.352,-1.397,0.0,6.145,-5.587,2026-09-09,3550.0,max15_next_open,-0.838,16.0
9274,2023-08-10,473,kuitto_pullback_auto,くいっと押し目版,2.1558872305140975,-2.7920410783055294,-2.088436251128001,1.382488479262678,1.4817056396148556,208154645.0,1.843692022263451,-2.6856240126382325,0,2023-08-14,598.0,-2.922,True,-2.843,5.184,9.03,96.99,-9.532,2023-09-04,654.0,max15_next_open,9.365,16.0
9274,2023-10-27,526,kuitto_pullback_auto,くいっと押し目版,3.343949044585992,-3.4685661195416495,-4.75180313958422,3.2453070314985677,1.7725055432372505,206016615.0,2.6964560862865947,-5.393586005830908,0,2023-10-30,646.0,-0.462,True,2.167,-2.786,7.43,82.353,-16.254,2023-11-08,613.7,stop_loss,-5.0,7.0
9274,2024-01-04,570,kuitto_pullback_auto,くいっと押し目版,1.9033674963396807,-2.3444283646888664,-1.9964225953493786,2.443332352075367,2.0087956698240865,211179055.0,2.3706896551724137,-1.9718309859154903,0,2024-01-05,698.0,0.287,True,-1.433,-1.862,3.868,68.768,-22.493,2024-01-15,691.0,strict_gakutto_next_open,-1.003,6.0
9274,2024-10-30,772,kuitto_pullback_auto,くいっと押し目版,1.5290519877675823,-3.785211267605648,-3.5762522755299786,1.0962241169305775,5.6354466858789625,166653900.0,1.9470740103270223,-6.346967559943584,1,2024-10-31,664.0,0.0,True,2.108,0.904,2.259,77.41,-18.524,2024-11-05,651.0,strict_gakutto_next_open,-1.958,3.0
9279,2023-07-03,446,kuitto_pullback_auto,くいっと押し目版,1.8181818181818077,-3.199063231850119,-2.6164977929374,1.40681840131347,2.1926605504587156,409605434.0,4.3645124716553285,-5.44090056285178,2,2023-07-04,1247.5,-0.992,True,-7.11,-7.014,-7.311,119.639,-21.844,2023-07-06,1193.8,strict_gakutto_next_open,-4.305,3.0
9301,2022-03-03,119,kuitto_pullback_auto,くいっと押し目版,2.746246796045404,-2.617050261705034,-0.8588228478739524,2.476079176101109,1.8816758747697975,651461330.0,2.0924549434884443,-0.7428369296073489,0,2022-03-04,561.0,-0.036,True,0.25,2.602,6.132,194.385,-4.884,2022-03-28,616.0,max15_next_open,9.804,16.0
9304,2021-10-28,36,kuitto_pullback_auto,くいっと押し目版,2.130087485736021,-2.230305702527924,-3.022927021236277,0.886751333884428,11.161016949152541,49108632.0,2.11758446395318,-3.2955159373311615,0,2021-10-29,539.8,0.521,False,2.038,4.02,-0.797,318.488,-7.503,2021-11-10,553.8,strict_gakutto_next_open,2.594,8.0
9304,2022-04-13,147,kuitto_pullback_auto,くいっと押し目版,1.5925315760571213,-4.116071117915188,-2.941197180619215,0.6601857225768892,1.75,43577458.0,2.562419562419567,-8.112582781456956,1,2022-04-14,555.8,0.144,True,0.18,-2.843,0.63,306.441,-10.166,2022-05-10,563.5,strict_gakutto_next_open,1.385,15.0
9304,2023-11-17,540,kuitto_pullback_auto,くいっと押し目版,1.8914593336243346,-5.393767079802347,-4.693907033081812,2.066693872791925,1.969387755102041,66837040.0,2.518308480039168,-5.936870382807258,1,2023-11-20,700.0,-0.043,True,0.329,0.543,0.071,222.714,-13.529,2023-12-06,702.5,strict_gakutto_next_open,0.357,12.0
9305,2023-08-23,481,kuitto_pullback_auto,くいっと押し目版,2.4581005586592264,-2.0706190061028806,-1.3956244102608983,2.036274618893952,1.823076923076923,54034600.0,1.737030690138651,-1.5037593984962405,0,2023-08-24,917.5,0.055,True,9.046,14.278,10.572,257.493,-0.763,2023-09-14,1020.0,max15_next_open,11.172,16.0
9305,2024-02-14,597,kuitto_pullback_auto,くいっと押し目版,2.4420024420024333,-5.0851375298559205,-3.203277041873309,2.0267531414673634,2.097674418604651,73306925.0,2.355411771383166,-4.077743902439024,0,2024-02-15,1261.0,0.199,True,1.427,7.534,7.97,160.111,-2.776,2024-03-08,1356.5,max15_next_open,7.573,16.0
9305,2026-03-18,1107,kuitto_pullback_auto,くいっと押し目版,2.6889197960129785,-2.4863883847550006,-4.391501466797054,2.9753602975360227,1.349264705882353,229223235.0,2.7184779103514995,-4.813064030941128,0,2026-03-19,2203.0,-0.542,True,2.633,-1.816,-3.132,6.446,-13.118,2026-04-01,2180.0,strict_gakutto_next_open,-1.044,9.0
9310,2025-10-06,999,kuitto_pullback_auto,くいっと押し目版,2.645502645502651,-2.524038461538447,-2.1118525142739153,2.248770203794792,1.9168173598553346,71865855.0,2.411634756995582,-1.7721518987341756,0,2025-10-07,1164.0,0.0,True,-4.21,-0.43,-0.172,27.062,-9.536,2025-10-10,1100.0,stop_gap_open,-5.498,4.0
9310,2025-11-21,1031,kuitto_pullback_auto,くいっと押し目版,2.1596244131455444,-3.343630746865345,-4.368358913813452,1.7583239805462059,1.5657894736842106,107919615.0,2.3240546218487395,-8.263069139966273,1,2025-11-25,1088.0,0.0,True,4.412,1.379,2.665,35.938,-2.849,2025-12-04,1093.0,strict_gakutto_next_open,0.46,8.0
9310,2026-05-29,1154,kuitto_pullback_auto,くいっと押し目版,3.150315031503159,-5.294518215866539,-4.333549953825633,2.4311762602788667,2.5714285714285716,111328495.0,3.3844427823485415,-6.601466992665039,3,2026-06-01,1142.0,-0.349,True,-4.553,-5.079,-1.313,29.51,-7.443,2026-06-02,1081.0,stop_gap_open,-5.342,2.0
9319,2025-03-03,852,kuitto_pullback_auto,くいっと押し目版,1.5256588072122046,-2.663706992230841,-2.660101232394352,3.4336583298007595,1.4137931034482758,29046205.0,1.8296252927400467,-3.2385988103106444,0,2025-03-04,1464.0,0.0,True,-0.956,1.503,3.552,54.03,-18.716,2025-03-11,1430.0,strict_gakutto_next_open,-2.322,6.0
9324,2023-12-25,565,kuitto_pullback_auto,くいっと押し目版,1.7761989342806483,-2.525872653920358,-0.4096170970614321,2.467811158798283,3.766839378238342,27773045.0,2.343555223136375,-1.376936316695354,0,2023-12-26,1156.0,0.873,False,1.817,5.017,6.315,142.215,-1.038,2024-01-17,1228.0,strict_gakutto_next_open,6.228,13.0
9324,2024-07-29,709,kuitto_pullback_auto,くいっと押し目版,3.205128205128216,-2.1698231531418477,-1.493437924272134,2.7309851965288345,1.991304347826087,77695100.0,2.054125998225377,-0.3095975232198178,0,2024-07-30,1601.0,-0.559,True,-17.427,-8.62,-4.622,74.891,-20.05,2024-08-02,1484.0,stop_gap_open,-7.308,4.0
9324,2026-05-07,1138,kuitto_pullback_auto,くいっと押し目版,1.961658493089602,-5.052056664959892,-4.818621112094201,2.2077225598855943,1.8562231759656653,126918725.0,2.2893372477981138,-5.884773662551446,1,2026-05-08,2295.0,0.35,True,-0.915,-0.61,-2.092,22.004,-5.403,2026-05-08,2180.25,stop_loss,-5.0,1.0
9324,2026-06-08,1160,kuitto_pullback_auto,くいっと押し目版,2.01005025125629,-2.553229083841335,-2.2046853988251014,1.0041613895422463,1.6967984934086628,142434905.0,2.4534578721770837,-5.820328975115984,0,2026-06-09,2257.0,1.075,False,1.949,3.412,6.336,24.058,-3.5,2026-06-30,2405.0,max15_next_open,6.557,16.0
9332,2024-04-09,126,kuitto_pullback_auto,くいっと押し目版,1.9464720194647178,-3.2196969696969613,-2.7140763156650483,1.8226002430133725,1.5121951219512195,136300845.0,2.540061370610297,-5.524239007891774,0,2024-04-10,839.0,0.119,True,-1.311,-3.337,-2.265,5.721,-33.611,2024-04-17,825.0,strict_gakutto_next_open,-1.669,6.0
9332,2024-11-21,279,kuitto_pullback_auto,くいっと押し目版,2.9870129870129825,-3.5965794768611725,-3.5479500175641165,3.147762747138394,3.7257142857142855,52943670.0,2.6842010448567826,-5.143540669856462,0,2024-11-22,800.0,0.883,False,-4.0,-3.75,-6.125,3.25,-30.375,2024-12-11,761.0,strict_gakutto_next_open,-4.875,14.0
9336,2023-08-02,156,kuitto_pullback_auto,くいっと押し目版,2.4555461473327655,-2.5254582484725008,-2.001210871663972,1.0185339789614334,1.5121378230227094,581792930.0,2.30814639905549,-3.66242038216561,0,2023-08-03,2384.0,-1.488,True,0.671,-7.383,-10.109,83.096,-17.911,2023-08-08,2264.8,stop_loss,-5.0,4.0
9336,2024-02-08,283,kuitto_pullback_auto,くいっと押し目版,1.5348288075560879,-3.1272043263578686,-1.463607594936711,3.5728623042954544,1.3044917257683215,434318735.0,1.9019933554817274,-0.7310504040015431,0,2024-02-09,2599.0,0.736,False,2.347,4.463,7.926,67.949,-8.619,2024-02-21,2649.0,strict_gakutto_next_open,1.924,8.0
9347,2024-10-29,387,kuitto_pullback_auto,くいっと押し目版,1.5460030165912464,-3.776899429073355,-1.9889108557668012,2.1081368013952995,1.2510204081632652,106345325.0,1.397803830035542,-3.0946383591219817,0,2024-10-30,2698.0,0.186,True,-2.039,-4.077,-6.153,14.715,-9.563,2024-11-07,2627.0,strict_gakutto_next_open,-2.632,6.0
9364,2024-07-31,711,kuitto_pullback_auto,くいっと押し目版,2.6252983293556076,-2.3316664728456726,-0.1904964740404247,1.9500918736293116,1.6263070996147495,755422840.0,2.1740033222591366,-1.1494252873563204,0,2024-08-01,3380.0,-1.744,True,-8.609,-4.379,-2.929,72.13,-13.876,2024-08-02,3211.0,stop_loss,-5.0,2.0
9381,2022-03-10,124,kuitto_pullback_auto,くいっと押し目版,2.427921092564489,-2.439387178343,-4.7907647907648006,2.3037284025462235,1.4101694915254237,39906285.0,2.6878306878306875,-6.57439446366782,1,2022-03-11,1329.0,-1.556,True,6.095,9.782,15.576,83.973,0.0,2022-04-04,1549.0,max15_next_open,16.554,16.0
9381,2023-04-12,391,kuitto_pullback_auto,くいっと押し目版,1.5625,-4.780185758513933,-3.1506573313856867,1.4172409309582523,1.6063348416289593,110478600.0,1.987179487179487,-4.761904761904767,0,2023-04-13,1569.0,0.577,False,1.466,-0.255,3.123,55.832,-10.58,2023-05-09,1624.0,max15_next_open,3.505,16.0
9381,2024-04-15,638,kuitto_pullback_auto,くいっと押し目版,3.2201405152224805,-2.2499999999999964,-1.5566511458047994,2.1910503130071923,4.258555133079848,76502200.0,1.6935418523620454,-3.8188761593016873,0,2024-04-16,1763.0,0.0,True,-1.078,1.531,0.851,38.684,-20.42,2024-04-22,1729.0,strict_gakutto_next_open,-1.929,5.0
9401,2022-01-14,87,kuitto_pullback_auto,くいっと押し目版,2.0220588235294157,-3.310786756852979,-3.1278074613456996,1.5863331299572847,2.0121077341240423,835569560.0,1.8146718146718148,-2.9720279720279685,1,2022-01-17,1690.0,1.502,False,0.473,-0.71,9.231,292.544,-13.846,2022-02-07,1829.0,max15_next_open,8.225,16.0
9401,2025-09-26,993,kuitto_pullback_auto,くいっと押し目版,1.5769944341373021,-3.2518858050312183,-1.6439058323875155,1.9021739130434812,1.6459915611814346,1128186490.0,1.9465101108936727,-3.319795161575134,1,2025-09-29,5436.0,-0.712,True,-2.428,-5.224,-2.815,22.038,-6.917,2025-10-03,5365.0,strict_gakutto_next_open,-1.306,5.0
9401,2026-05-07,1138,kuitto_pullback_auto,くいっと押し目版,3.0000000000000027,-3.343855145860075,-1.0361889703754512,2.8493990941835134,2.2068062827225132,1119897315.0,2.1039726570239745,-1.029512697323265,1,2026-05-08,5707.0,-1.058,True,2.471,3.54,0.841,16.243,-2.733,2026-05-29,5798.0,max15_next_open,1.595,16.0
9405,2021-11-01,38,kuitto_pullback_auto,くいっと押し目版,2.9166666666666563,-2.1851953018301007,-0.8369122343354296,2.859522487506938,2.730337078651685,11764445.0,1.609793715056873,-0.40322580645161255,0,2021-11-02,741.0,0.0,True,-3.779,-3.374,-4.993,28.475,-20.648,2021-11-09,726.0,strict_gakutto_next_open,-2.024,5.0
9405,2025-05-12,898,kuitto_pullback_auto,くいっと押し目版,1.8072289156626509,-3.189604252805678,-0.4288475477168485,2.5174400970579436,2.7899761336515514,65986935.0,2.1132713440405753,-3.4285714285714253,0,2025-05-13,656.0,-2.959,True,3.659,0.0,0.61,45.122,-0.762,2025-05-22,661.0,strict_gakutto_next_open,0.762,8.0
9409,2023-11-24,544,kuitto_pullback_auto,くいっと押し目版,1.913580246913571,-2.3844460748349228,-0.6485340172120435,2.444775378505848,1.6803921568627451,308265030.0,2.569871073808082,-2.3654642223536415,0,2023-11-27,1656.0,0.303,True,3.261,-1.027,-0.845,129.469,-4.106,2023-12-08,1658.0,strict_gakutto_next_open,0.121,10.0
9412,2023-06-05,426,kuitto_pullback_auto,くいっと押し目版,1.8656716417910557,-2.920517560073932,-3.0338646881657216,3.409090909090917,1.417971573114912,268360815.0,1.9884877027734171,-3.873239436619713,0,2023-06-06,545.0,-0.183,True,2.936,2.936,2.018,766.055,-1.468,2023-06-21,540.0,strict_gakutto_next_open,-0.917,12.0
9412,2023-11-14,537,kuitto_pullback_auto,くいっと押し目版,2.342606149341142,-2.633085289066972,-1.6308419293494025,2.3725834797891032,1.788028895768834,599341660.0,2.677294093603107,-1.6877637130801704,0,2023-11-15,697.0,-0.286,True,-3.874,-3.587,-0.43,577.188,-10.33,2023-11-17,676.0,strict_gakutto_next_open,-3.013,3.0
9413,2022-08-04,223,kuitto_pullback_auto,くいっと押し目版,2.2727272727272707,-3.0193600160497547,-0.6098431540516813,3.8887748820028767,5.6033210332103325,191488055.0,2.5361552028218695,-0.49140049140049546,0,2022-08-05,2040.0,0.741,False,-2.99,-2.059,-1.667,150.49,-14.069,2022-08-05,1938.0,stop_loss,-5.0,1.0
9413,2023-11-01,529,kuitto_pullback_auto,くいっと押し目版,1.6206896551724137,-2.6716500553709777,-2.072524561209843,3.811469635057052,1.4472573839662448,180115045.0,2.108681952591013,0.0,0,2023-11-02,2990.0,1.459,False,-2.542,-5.418,-0.334,70.903,-10.502,2023-11-10,2751.0,stop_gap_open,-7.993,6.0
9413,2025-12-12,1045,kuitto_pullback_auto,くいっと押し目版,1.8240343347639465,-2.68358643644685,-3.2377809857702666,1.1295822676896883,1.6704545454545454,243057625.0,2.1752220382357366,-6.039603960396045,1,2025-12-15,4725.0,-0.421,True,0.106,-2.54,-4.868,0.741,-31.323,2026-01-08,4500.0,max15_next_open,-4.762,16.0
9413,2026-07-27,1194,kuitto_pullback_auto,くいっと押し目版,3.4285714285714253,-3.7957400327689794,-2.4275602742756086,2.57863417398696,2.2863741339491916,318320950.0,2.2888713496448303,-6.095979247730221,1,2026-07-28,3635.0,0.414,True,-7.978,-8.116,-6.878,2.201,-10.729,2026-07-31,3453.25,stop_loss,-5.0,4.0
9416,2022-10-07,266,kuitto_pullback_auto,くいっと押し目版,2.562225475841884,-3.232577665827041,-0.22981901752370248,0.8494097322199856,1.56591048436542,613009515.0,3.9716529009890893,-5.656565656565659,2,2022-10-11,1396.0,-0.357,True,4.37,-10.029,-9.885,39.828,-32.02,2022-10-19,1416.0,strict_gakutto_next_open,1.433,7.0
9416,2023-04-12,391,kuitto_pullback_auto,くいっと押し目版,3.305785123966931,-2.2958550508811126,-0.5612463191805195,2.8220703619336707,1.7376847290640394,488252145.0,2.4527472527472525,-0.7936507936507908,0,2023-04-13,1616.0,-0.554,True,0.309,1.3,2.351,20.792,-41.275,2023-05-08,1632.0,strict_gakutto_next_open,0.99,15.0
9416,2025-09-24,991,kuitto_pullback_auto,くいっと押し目版,2.182700080840738,-2.8094397174506347,-1.5105057612239015,3.5556283794855092,2.020723436322532,407646300.0,1.89873417721519,0.0,0,2025-09-25,1258.0,-0.475,True,-5.246,-1.669,-2.782,6.757,-24.563,2025-10-01,1195.1,stop_loss,-5.0,5.0
9418,2022-10-03,262,kuitto_pullback_auto,くいっと押し目版,1.596806387225569,-3.7894860914662987,-2.8499327650449158,0.8689024390243993,1.3873466752743706,470064436.5,3.2600012953647535,-4.475241807420238,2,2022-10-04,667.7,0.907,False,1.947,13.18,9.525,253.302,-4.748,2022-10-14,636.7,strict_gakutto_next_open,-4.643,8.0
9418,2023-08-03,468,kuitto_pullback_auto,くいっと押し目版,1.854771399425026,-2.389952881738522,-2.1539970082380844,0.42426348225224064,1.5829447035309794,984674587.5,2.8498588728034226,-7.83754300579006,2,2023-08-04,1083.3,-1.366,True,4.006,6.314,8.465,117.761,-5.539,2023-08-09,1096.7,strict_gakutto_next_open,1.237,4.0
9418,2025-09-09,982,kuitto_pullback_auto,くいっと押し目版,1.5934331240946342,-2.0637184973846923,-3.711432404233128,1.7801857585139302,1.3777472527472527,1781246100.0,1.598995111352526,-4.796380090497743,1,2025-09-10,2092.0,-0.57,True,4.111,2.82,-1.769,4.207,-28.107,2025-09-22,2125.0,strict_gakutto_next_open,1.577,8.0
9424,2022-03-14,126,kuitto_pullback_auto,くいっと押し目版,1.6949152542372836,-5.070118662351675,-2.1210782147591756,1.5801354401805856,1.5821239542427865,494401690.0,4.166666666666666,-4.761904761904767,2,2022-03-15,180.0,0.0,True,5.556,11.667,13.333,73.333,-43.333,2022-04-06,201.0,max15_next_open,11.667,16.0
9424,2022-12-12,309,kuitto_pullback_auto,くいっと押し目版,2.314814814814814,-2.3978685612788486,-2.2509748316200007,0.18132366273799772,1.5561271357707147,902450230.0,2.585649644473174,-5.957446808510635,2,2022-12-13,220.0,-0.452,True,-1.818,-0.909,0.0,41.818,-53.636,2022-12-20,216.0,strict_gakutto_next_open,-1.818,6.0
9424,2023-03-24,378,kuitto_pullback_auto,くいっと押し目版,2.136752136752129,-4.922067268252661,0.0,2.136752136752129,1.4417329929418832,812274370.0,3.1978481769276748,-5.158730158730163,2,2023-03-27,240.0,0.418,True,2.917,8.75,5.0,30.0,-57.5,2023-04-14,256.0,strict_gakutto_next_open,6.667,15.0
9424,2023-04-26,401,kuitto_pullback_auto,くいっと押し目版,2.857142857142847,-2.9968454258675004,-1.515151515151525,2.0242914979757165,2.6326361907911053,741628390.0,2.522675736961451,-3.8167938931297662,0,2023-04-27,252.0,0.0,True,1.19,14.683,7.937,23.81,-59.524,2023-05-22,284.0,strict_gakutto_next_open,12.698,15.0
9424,2023-07-31,465,kuitto_pullback_auto,くいっと押し目版,2.9661016949152463,-2.5083612040133763,-1.915070774354699,3.1409168081494077,1.9341609708467011,621568650.0,2.204585537918871,-0.4098360655737654,0,2023-08-01,241.0,-0.823,True,-0.83,-2.49,-7.469,5.394,-57.676,2023-08-04,239.0,strict_gakutto_next_open,-0.83,4.0
9424,2024-04-23,644,kuitto_pullback_auto,くいっと押し目版,1.5306122448979664,-2.710843373493965,-3.1455305594266347,2.261048304213764,1.2775366250678242,237509100.0,2.0818377602297202,-3.398058252427183,0,2024-04-24,200.0,0.503,False,0.5,0.5,-5.0,4.0,-49.0,2024-05-14,197.0,strict_gakutto_next_open,-1.5,12.0
9424,2025-06-30,933,kuitto_pullback_auto,くいっと押し目版,1.9108280254777066,-2.3929471032745675,-3.4457114526524557,2.695763799743256,1.293915649486467,351390700.0,3.303571428571429,-6.976744186046513,3,2025-07-01,161.0,0.625,False,-7.453,-3.727,-6.211,9.938,-36.646,2025-07-02,152.95,stop_loss,-5.0,2.0
9432,2021-12-07,62,kuitto_pullback_auto,くいっと押し目版,2.2727272727272707,-3.0084612973989455,-3.0189269513530403,1.6129032258064502,1.3128289222790024,19323124175.0,1.5532879818594092,-4.32801822323462,1,2021-12-08,126.6,0.476,True,0.0,1.264,-1.343,52.37,-3.002,2021-12-13,124.5,strict_gakutto_next_open,-1.659,4.0
9432,2022-06-22,193,kuitto_pullback_auto,くいっと押し目版,2.207792207792214,-2.343949044585991,-1.5350821179535568,2.075226977950728,1.3659067357512953,25397148662.5,1.6200762388818304,-2.0535158680771493,1,2022-06-23,158.0,0.381,True,-0.696,-3.165,-1.139,22.089,-14.43,2022-06-30,155.8,strict_gakutto_next_open,-1.392,6.0
9434,2024-10-04,755,kuitto_pullback_auto,くいっと押し目版,1.6815554387808573,-3.8668425860144184,-3.967146122878362,1.9064672424689233,1.3023743416988787,15383656432.5,1.8936877076411964,-4.820462370880474,1,2024-10-07,195.0,0.775,False,-2.821,-3.949,-3.487,29.692,-5.385,2024-10-15,190.9,strict_gakutto_next_open,-2.103,6.0
9435,2022-10-04,263,kuitto_pullback_auto,くいっと押し目版,1.6685845799769838,-2.0440608675902805,-0.9582837800750088,2.0090058884655315,1.3404255319148937,1502921150.0,2.0413938070983915,-1.887840088839532,1,2022-10-05,17800.0,0.736,False,0.169,2.921,1.236,158.146,-4.438,2022-10-24,17780.0,strict_gakutto_next_open,-0.112,13.0
9435,2025-11-10,1022,kuitto_pullback_auto,くいっと押し目版,2.6643852358836373,-5.480289773261826,-1.7154693714808045,3.8935338643447226,1.4509554140127388,4906069300.0,2.8503401360544216,-5.063291139240511,1,2025-11-11,41920.0,-0.19,True,5.463,1.121,0.883,9.614,-20.825,2025-11-19,42050.0,strict_gakutto_next_open,0.31,7.0
9438,2026-05-08,1139,kuitto_pullback_auto,くいっと押し目版,3.3898305084745672,-3.3158240315167453,-3.5334073541898103,3.2498307379823954,4.993975903614458,29714270.0,2.0843091334894615,-5.132192846034211,0,2026-05-11,620.0,1.639,False,-4.839,-8.065,-8.065,3.548,-15.0,2026-05-14,589.0,stop_loss,-5.0,4.0
9449,2023-03-17,374,kuitto_pullback_auto,くいっと押し目版,2.395915161036921,-3.9555286643472964,-1.3666578861738277,2.3878721231639366,1.5491195551436516,693211595.0,2.5590443311962296,-4.5054945054945,0,2023-03-20,2606.0,-0.038,True,-1.343,1.151,-0.269,68.457,-27.552,2023-03-28,2577.0,strict_gakutto_next_open,-1.113,6.0
9449,2024-07-29,709,kuitto_pullback_auto,くいっと押し目版,1.9816138917262416,-3.5511363636363646,-1.7827785040058441,1.902506736343601,1.5375956776226924,726234252.5,2.016082875457875,-3.6479444122756277,0,2024-07-30,2509.0,0.521,False,-24.751,-11.857,-0.299,74.97,-24.751,2024-08-01,2383.55,stop_loss,-5.0,3.0
9468,2022-10-18,272,kuitto_pullback_auto,くいっと押し目版,1.6349809885931599,-5.104052573932094,-4.233456637895605,2.429491109748616,1.974099974099974,2325368835.0,2.8165250387472613,-4.1591968447472265,1,2022-10-19,2673.0,0.0,True,0.224,0.449,-8.418,70.296,-15.956,2022-11-04,2486.0,stop_gap_open,-6.996,12.0
9468,2025-06-04,915,kuitto_pullback_auto,くいっと押し目版,1.8087147163606376,-4.832812251602981,-2.9213604268851445,3.131419687968462,1.3364701363549067,3104728215.0,3.7473562776389158,-7.4950199203187235,4,2025-06-05,3720.0,0.135,True,-1.72,6.183,8.28,10.672,-27.379,2025-06-12,3683.0,strict_gakutto_next_open,-0.995,6.0
9470,2022-02-28,116,kuitto_pullback_auto,くいっと押し目版,3.0000000000000027,-3.120124804992186,-3.089506531767272,3.0000000000000027,1.6418020679468242,159946305.0,2.6629680998613035,-6.618313689936539,1,2022-03-01,1030.0,0.0,True,-8.738,-10.0,-7.961,13.01,-22.816,2022-03-03,995.0,strict_gakutto_next_open,-3.398,3.0
9474,2022-02-01,99,kuitto_pullback_auto,くいっと押し目版,1.565762004175375,-3.289070480081724,-4.186177942838687,2.485780492942924,2.2282051282051283,65009025.0,2.701512259580091,-7.244995233555763,1,2022-02-02,982.0,0.925,False,6.314,9.063,10.285,24.745,-20.468,2022-02-25,1097.0,max15_next_open,11.711,16.0
9474,2022-08-05,224,kuitto_pullback_auto,くいっと押し目版,1.7057569296375252,-2.9713329148357337,-0.443610305408626,2.185089974293053,1.3036723163841808,68967840.0,1.7894579215333934,-0.7284079084287187,0,2022-08-08,956.0,0.21,True,-2.72,-1.883,-2.092,28.138,-18.305,2022-08-16,932.0,strict_gakutto_next_open,-2.51,6.0
9474,2023-04-14,393,kuitto_pullback_auto,くいっと押し目版,1.6949152542372836,-2.48565965583174,-0.8885025834178384,2.3142509135200884,2.111111111111111,74732935.0,1.79421768707483,-1.6393442622950838,0,2023-04-17,837.0,-0.357,True,0.836,4.898,11.589,46.356,-4.898,2023-05-11,930.0,max15_next_open,11.111,16.0
9474,2025-09-03,978,kuitto_pullback_auto,くいっと押し目版,1.7045454545454586,-2.188427299703277,-1.9404147961265772,1.5891032917139558,2.852901484480432,91873770.0,1.3633945198191009,-1.9178082191780854,0,2025-09-04,1085.0,1.024,False,2.304,0.276,2.673,4.332,-22.488,2025-09-12,1100.0,strict_gakutto_next_open,1.382,7.0
9501,2024-02-16,599,kuitto_pullback_auto,くいっと押し目版,1.9787708033023321,-2.1766201421677955,-2.5821656377283064,2.316653080543807,1.5031815258947958,42246327701.0,3.3860190182472354,-3.0763482376385487,3,2024-02-19,770.9,-0.938,True,5.863,2.192,2.452,44.571,-53.301,2024-03-05,782.0,strict_gakutto_next_open,1.44,11.0
9501,2024-05-20,660,kuitto_pullback_auto,くいっと押し目版,3.1636863823933936,-2.775535547966479,-4.548701206987705,3.0502885408079106,1.2529867261195844,55692244010.5,3.274725274725273,-5.56900726392252,3,2024-05-21,984.0,0.923,False,-1.321,-5.61,-6.25,4.98,-63.415,2024-05-28,977.0,strict_gakutto_next_open,-0.711,6.0
9501,2024-08-30,732,kuitto_pullback_auto,くいっと押し目版,2.796271637816239,-2.741300537340885,-0.059397439441088995,2.212545604330929,2.0429324073898387,22857416856.5,3.4727362447569687,-2.960893854748614,3,2024-09-02,703.0,1.18,False,-3.428,-9.203,-3.969,33.627,-48.791,2024-09-04,667.85,stop_loss,-5.0,3.0
9501,2024-10-17,763,kuitto_pullback_auto,くいっと押し目版,2.393822393822398,-3.3300539605879087,-1.0883268269213264,2.0565236130780207,1.9469580335354677,19867417572.0,3.98513251454428,-5.501710376282787,3,2024-10-18,659.0,-0.603,True,-8.892,-5.493,-6.813,42.549,-45.372,2024-10-21,626.05,stop_loss,-5.0,2.0
9501,2025-05-27,909,kuitto_pullback_auto,くいっと押し目版,2.244640605296344,-2.727139436000192,-3.791674696473313,1.5073363713756338,1.56672817666077,9430245884.5,2.1407428289520043,-8.837418484371485,2,2025-05-28,407.0,0.395,True,-6.413,-6.29,8.649,130.811,-9.951,2025-06-03,385.0,stop_gap_open,-5.405,5.0
9502,2025-06-13,922,kuitto_pullback_auto,くいっと押し目版,1.578320428826685,-2.8866098179303967,-2.7662469443291426,1.1265935369107583,1.4483092232562425,4164531892.5,1.4302466809063115,-3.535067873303166,1,2025-06-16,1724.0,1.085,False,2.175,1.624,7.164,90.603,-1.624,2025-06-24,1720.5,strict_gakutto_next_open,-0.203,7.0
9503,2022-12-07,306,kuitto_pullback_auto,くいっと押し目版,1.7391304347825987,-4.483104717296749,-0.5084273575707066,2.3801190059502986,1.7276612618963694,3072409505.0,2.2893772893772892,-3.7828947368421018,1,2022-12-08,1166.0,-0.342,True,0.0,1.544,8.319,161.835,-2.316,2022-12-29,1258.0,max15_next_open,7.89,16.0
9504,2022-03-16,128,kuitto_pullback_auto,くいっと押し目版,2.511415525114158,-4.706399824059815,-2.5849368275369544,2.887259395050412,1.2950488379925902,1229967140.0,2.3942093541202674,-3.1283710895361416,1,2022-03-17,901.0,0.334,True,1.332,-5.993,-5.327,39.623,-31.077,2022-03-28,890.0,strict_gakutto_next_open,-1.221,7.0
9504,2022-09-09,248,kuitto_pullback_auto,くいっと押し目版,2.2058823529411686,-2.030093145450207,-2.467378410438903,1.4351739236195593,1.3428053204353083,1707736425.0,1.8156903048989381,-5.869074492099324,2,2022-09-12,832.0,-0.24,True,-7.212,-11.178,-14.183,51.202,-25.361,2022-09-14,790.4,stop_loss,-5.0,3.0
9504,2023-07-21,459,kuitto_pullback_auto,くいっと押し目版,2.021061589192641,-4.776144198023092,-3.837416267543692,3.9359327250265475,1.68477879828928,2237026969.5,2.6937456246183173,-5.414201183431954,1,2023-07-24,965.0,0.615,False,3.617,0.114,-2.549,30.363,-29.824,2023-08-03,970.0,strict_gakutto_next_open,0.518,9.0
9504,2023-12-27,567,kuitto_pullback_auto,くいっと押し目版,1.5692307692307672,-4.644883584425752,-2.293471565592342,1.348861961683312,1.3517096361309198,2097911586.0,2.5035703466482016,-6.575471698113211,2,2023-12-28,990.3,0.0,True,5.322,6.786,3.908,27.032,-31.617,2024-01-19,1036.5,strict_gakutto_next_open,4.665,13.0
9505,2022-04-11,145,kuitto_pullback_auto,くいっと押し目版,2.2770398481973375,-2.9022777369581143,-3.971826895149577,1.8903591682419618,1.4064723822433074,408306285.0,2.4251258945136493,-8.020477815699657,1,2022-04-12,538.0,-0.186,True,1.673,-0.372,-0.743,121.097,-19.517,2022-04-22,540.0,strict_gakutto_next_open,0.372,9.0
9505,2022-09-09,248,kuitto_pullback_auto,くいっと押し目版,2.208835341365467,-2.3716951788491425,-2.5617212290070412,1.072279586973779,1.5977198697068404,263239720.0,1.655907942744878,-4.859813084112153,0,2022-09-12,511.0,0.393,True,-3.523,-4.697,-6.458,132.779,-15.264,2022-09-15,495.0,strict_gakutto_next_open,-3.131,4.0
9506,2022-04-11,145,kuitto_pullback_auto,くいっと押し目版,2.3776223776223793,-2.9571351058057638,-1.8689027732105679,2.2060876850041877,1.5823038234288784,1802015805.0,2.0491803278688523,-4.188481675392675,1,2022-04-12,730.0,-0.273,True,-0.685,-1.233,2.192,121.164,-22.603,2022-04-19,725.0,strict_gakutto_next_open,-0.685,6.0
9506,2022-07-28,218,kuitto_pullback_auto,くいっと押し目版,2.3480662983425438,-2.674230145867096,-0.8870879421750133,2.3480662983425438,2.3469082275214204,1738338500.0,1.783304414883362,-1.200000000000001,1,2022-07-29,742.0,0.135,True,-16.981,-12.399,-10.377,117.588,-23.854,2022-08-01,677.0,stop_gap_open,-8.76,2.0
9506,2023-07-21,459,kuitto_pullback_auto,くいっと押し目版,1.8623481781376627,-3.6359105633962274,-3.279817657001216,3.1413244629764137,1.5777571825764596,1907815635.5,2.0383829207358626,-3.283909939593632,1,2023-07-24,881.0,0.045,True,4.336,9.41,7.866,83.258,-1.305,2023-08-08,956.4,strict_gakutto_next_open,8.558,12.0
9506,2026-04-28,1135,kuitto_pullback_auto,くいっと押し目版,2.298850574712641,-3.9329190431599548,-3.1230192040840876,2.298850574712641,1.7262065534153102,2507575247.5,2.046548956661316,-3.5833333333333384,1,2026-04-30,1139.0,-1.556,True,-6.936,-11.633,-11.414,29.236,-14.644,2026-04-30,1082.05,stop_loss,-5.0,1.0
9507,2022-02-08,104,kuitto_pullback_auto,くいっと押し目版,2.2900763358778553,-2.194280078895472,-1.4614812979935499,1.0558069381598756,1.3073231796369706,427698245.0,2.443141435678749,-2.3086269744835963,0,2022-02-09,799.0,-0.622,True,0.876,9.887,13.141,187.672,-20.901,2022-03-04,910.0,max15_next_open,13.892,16.0
9507,2022-05-06,160,kuitto_pullback_auto,くいっと押し目版,2.7559055118110187,-3.154655039753773,-2.177277886699003,3.2436708860759556,1.2779954293176625,457169180.0,2.2714833059660644,-0.760456273764254,0,2022-05-09,783.0,0.0,True,1.533,-1.405,0.894,193.55,-19.285,2022-05-17,794.0,strict_gakutto_next_open,1.405,7.0
9507,2022-05-25,173,kuitto_pullback_auto,くいっと押し目版,2.3136246786632286,-2.200303490136568,-0.18004115226336603,2.5508889461479,1.817062818336163,512291855.0,2.512562814070352,-0.6242197253433224,0,2022-05-26,796.0,0.0,True,-1.884,-4.02,-7.161,188.756,-20.603,2022-05-31,774.0,strict_gakutto_next_open,-2.764,4.0
9507,2023-03-24,378,kuitto_pullback_auto,くいっと押し目版,3.198887343532686,-2.470461868958107,-1.3596229890038614,1.8671059857221284,3.118757763975155,454952575.0,2.262225644974971,-2.6246719160105014,0,2023-03-27,747.0,0.674,False,0.803,1.071,5.221,207.697,-3.079,2023-04-17,783.0,max15_next_open,4.819,16.0
9507,2023-12-27,567,kuitto_pullback_auto,くいっと押し目版,2.0304568527918843,-4.173557739079681,-3.622213119550577,1.7000607164541437,1.3630831643002028,704098290.5,2.4506041222459136,-8.261068005476947,1,2023-12-28,1008.0,0.299,True,3.968,7.093,5.109,128.026,-4.028,2024-01-18,1050.0,strict_gakutto_next_open,4.167,12.0
9508,2022-03-16,128,kuitto_pullback_auto,くいっと押し目版,2.3640661938534313,-4.449541284403669,-1.708401591387787,3.0952380952380842,1.6001879257693212,1768351305.0,2.342461233916199,-2.696629213483148,1,2022-03-17,868.0,0.231,True,0.23,-5.876,-6.106,157.316,-22.235,2022-03-31,824.6,stop_loss,-5.0,10.0
9508,2023-12-27,567,kuitto_pullback_auto,くいっと押し目版,2.741116751269046,-4.614789005032904,-1.6606916703390207,2.1396851029471087,1.7085394307046198,2026872072.5,2.5430547713156395,-5.287786616752454,1,2023-12-28,1010.5,-0.148,True,4.305,5.542,4.354,121.029,-1.702,2024-01-24,1056.5,max15_next_open,4.552,16.0
9508,2026-04-28,1135,kuitto_pullback_auto,くいっと押し目版,1.9516457908534734,-4.875333926981296,-4.990073093091096,2.148027083819759,1.382966931461297,2562680825.0,2.020408163265306,-8.424908424908429,2,2026-04-30,1729.5,-1.171,True,2.804,-0.752,-4.134,29.141,-11.824,2026-05-19,1732.0,strict_gakutto_next_open,0.145,11.0
9509,2022-05-25,173,kuitto_pullback_auto,くいっと押し目版,2.626262626262621,-2.4535021764938603,-0.6978423036817283,2.584814216478204,1.8273698490758012,446503450.0,2.4887514060742406,-2.3076923076923106,0,2022-05-26,504.0,-0.787,True,-3.175,-3.77,-8.929,247.222,-18.651,2022-06-08,478.8,stop_loss,-5.0,10.0
9509,2023-03-24,378,kuitto_pullback_auto,くいっと押し目版,2.1413276231263323,-2.4086378737541603,-1.4834059671471667,1.446193109315197,1.7524780515434721,272039220.0,2.18628331835879,-2.6530612244897944,0,2023-03-27,481.0,0.839,False,1.04,2.079,5.613,263.825,-2.079,2023-04-17,509.0,max15_next_open,5.821,16.0
9509,2023-12-27,567,kuitto_pullback_auto,くいっと押し目版,2.0388030253206235,-5.167144817263313,-3.502832009619339,1.7510493179433428,1.382860824742268,774181682.5,2.793379678651995,-7.428400954653935,1,2023-12-28,619.9,-0.113,True,5.178,8.082,5.114,182.304,-3.307,2024-01-19,653.5,strict_gakutto_next_open,5.42,13.0
9509,2024-08-30,732,kuitto_pullback_auto,くいっと押し目版,1.9696969696969768,-3.6772873428822073,-1.4853908703387764,1.9635173625841107,1.4510677083333334,7013473450.5,3.888063397721644,-3.5355948399426684,3,2024-09-02,1014.0,0.446,True,2.909,-0.69,6.213,27.712,-40.888,2024-09-17,963.3,stop_loss,-5.0,11.0
9509,2024-12-18,806,kuitto_pullback_auto,くいっと押し目版,1.5754763067904465,-3.3602866411659327,-4.101580210853872,3.4787369049692707,2.680922583647929,3294640087.0,3.0599975952867586,-4.818036163881889,3,2024-12-19,826.8,-0.589,True,-2.056,-1.597,-7.366,56.628,-27.504,2024-12-23,794.6,strict_gakutto_next_open,-3.895,3.0
9509,2025-02-21,847,kuitto_pullback_auto,くいっと押し目版,1.5566365531619164,-3.2729805013927638,-4.393289979308291,0.8557625948930392,1.5156772652086015,2973246269.0,3.577782556843729,-7.937507874511784,4,2025-02-25,728.3,-0.328,True,3.021,5.588,15.516,77.811,-17.699,2025-03-18,840.3,max15_next_open,15.378,16.0
9511,2024-12-24,810,kuitto_pullback_auto,くいっと押し目版,2.1715526601520097,-2.0356234096692183,-2.153716216216228,1.5321536469572683,1.6984186746987953,298470240.0,1.465006831638075,-1.5690376569037712,0,2024-12-25,943.0,0.213,True,1.909,-4.772,-4.03,31.813,-12.513,2025-01-09,938.0,strict_gakutto_next_open,-0.53,8.0
9511,2025-12-10,1043,kuitto_pullback_auto,くいっと押し目版,1.5238095238095273,-2.1617592247484163,-0.1935043253908031,1.3115377304694809,1.7058823529411764,188371070.0,1.7488608952023583,-2.291475710357471,0,2025-12-11,1070.0,0.375,True,-2.243,1.589,4.206,16.168,-18.411,2025-12-18,1050.0,strict_gakutto_next_open,-1.869,6.0
9511,2026-06-29,1175,kuitto_pullback_auto,くいっと押し目版,2.1324354657688005,-2.995594713656391,-1.8165706690296823,2.662454873646203,1.8225274725274725,200504335.0,1.5463108320251178,-1.8338727076591121,0,2026-06-30,911.0,0.11,True,0.11,-0.22,1.647,36.443,-2.195,2026-07-14,910.0,strict_gakutto_next_open,-0.11,11.0
9517,2023-05-08,406,kuitto_pullback_auto,くいっと押し目版,2.167712492869356,-2.6793721973094153,-2.13503241672256,2.284408909194746,1.6381109280615047,530732915.0,2.5325037887851956,-4.581779435269051,0,2023-05-09,1791.0,0.0,True,-23.451,-25.516,-33.948,1.787,-70.743,2023-05-15,1371.0,stop_gap_open,-23.451,5.0
9517,2026-04-24,1133,kuitto_pullback_auto,くいっと押し目版,1.8499486125385323,-3.341483292583547,-1.3985725483724565,3.661087866108792,1.373097149183504,879498455.0,4.425544183364567,-7.383177570093458,4,2026-04-27,990.0,-0.101,True,7.273,-2.828,-10.606,8.889,-27.778,2026-05-12,1063.0,strict_gakutto_next_open,7.374,8.0
9517,2026-09-07,1223,kuitto_pullback_auto,くいっと押し目版,1.9790454016298087,-2.5028441410693936,-0.34372242092061134,2.0741085993940755,2.271869639794168,187972990.0,2.584801043705153,-1.7937219730941756,0,2026-09-08,866.0,-1.142,True,-4.042,-4.85,,1.386,-5.658,2026-09-11,822.0,stop_gap_open,-5.081,4.0
9519,2023-03-06,365,kuitto_pullback_auto,くいっと押し目版,1.8026565464895672,-3.9390322284454937,-3.0247631710154543,2.1612872512615455,1.6047194033500427,2968141730.0,3.1953135401411266,-4.6645935139937755,3,2023-03-07,2148.0,0.093,True,-4.888,-9.87,-11.359,6.006,-78.119,2023-03-13,2040.6,stop_loss,-5.0,5.0
9519,2023-05-09,407,kuitto_pullback_auto,くいっと押し目版,2.649350649350657,-4.0779246997072915,-2.988849990893827,3.0454735085523543,1.9844209608889858,2043152250.0,3.578658183921341,-5.318639195016772,3,2023-05-10,1745.0,-11.69,True,-5.1,-3.725,-6.934,1.891,-73.066,2023-05-10,1657.75,stop_loss,-5.0,1.0
9519,2025-08-05,958,kuitto_pullback_auto,くいっと押し目版,1.7906336088154173,-2.1691973969631184,-0.7016389848160998,1.9873033397736606,1.6723076923076923,424619070.0,3.1316450802242413,-3.901170351105332,2,2025-08-06,736.0,-0.406,True,7.745,14.946,21.467,90.217,-16.304,2025-08-28,888.0,max15_next_open,20.652,16.0
9519,2026-09-09,1225,kuitto_pullback_auto,くいっと押し目版,2.2727272727272707,-5.299439896596292,-3.6485545106234696,1.671938544961593,1.2828815977175463,799228310.0,4.761904761904762,-7.786885245901642,3,2026-09-10,897.0,-0.333,True,-1.784,,,1.895,-6.912,2026-09-15,852.15,stop_loss,-5.0,4.0
9531,2021-12-07,62,kuitto_pullback_auto,くいっと押し目版,2.0770010131712313,-2.083333333333326,-0.663855202889474,2.325817590899848,2.339436103991212,3241635010.0,2.162353775257001,0.0,1,2021-12-08,2030.0,0.744,False,0.197,3.842,1.724,292.463,-2.217,2021-12-24,2093.0,strict_gakutto_next_open,3.103,13.0
9531,2022-10-04,263,kuitto_pullback_auto,くいっと押し目版,2.641202763104422,-3.4115805946791755,-2.835375431982412,2.0936060140651636,1.3283768444948922,2999022005.0,2.525166836330732,-3.661327231121281,1,2022-10-05,2542.0,0.633,False,0.747,1.692,-0.433,213.415,-5.862,2022-10-19,2536.0,strict_gakutto_next_open,-0.236,10.0
9531,2022-11-18,294,kuitto_pullback_auto,くいっと押し目版,2.2357723577235866,-4.047656619851681,-3.8528261418117715,3.1329451324530577,1.3026687875574408,3386154920.0,2.1641579096847487,-5.3443733534060955,1,2022-11-21,2516.0,0.04,True,2.544,-3.498,3.259,216.653,-4.65,2022-12-01,2531.0,strict_gakutto_next_open,0.596,8.0
9531,2024-01-31,588,kuitto_pullback_auto,くいっと押し目版,1.8568433662773387,-2.324346646215558,-0.5715105574021329,2.242664742664746,1.8632678401869842,5224044265.0,2.587474272272861,-3.490351872871733,1,2024-02-01,3380.0,-0.617,True,-2.219,-7.633,-2.278,135.71,-12.382,2024-02-07,3285.0,strict_gakutto_next_open,-2.811,5.0
9531,2024-02-19,600,kuitto_pullback_auto,くいっと押し目版,2.8461784457946893,-5.234374999999991,-4.7667819402103735,1.7270829379388841,1.2923248053392657,5089260450.0,2.838486140724947,-6.511627906976747,2,2024-02-20,3253.0,1.15,False,3.32,3.013,1.937,144.912,-8.961,2024-03-13,3315.0,max15_next_open,1.906,16.0
9531,2025-04-10,879,kuitto_pullback_auto,くいっと押し目版,2.951388888888884,-3.8165060745705914,-2.7768385460693046,3.1169847411207208,1.4465818289434744,10143114375.0,3.7204890387858347,-5.214785214785211,3,2025-04-11,4625.0,-2.508,True,1.449,1.924,2.659,72.259,-2.378,2025-04-18,4692.0,strict_gakutto_next_open,1.449,6.0
9532,2022-10-04,263,kuitto_pullback_auto,くいっと押し目版,1.8091361374943382,-3.088157663206048,-2.8513596761418514,1.9566989763565523,1.2885801049047576,2583914735.0,2.440185314463413,-3.307560137457044,1,2022-10-05,2230.0,-0.933,True,-1.345,-1.031,-2.152,206.188,-12.242,2022-10-11,2193.0,strict_gakutto_next_open,-1.659,4.0
9532,2024-05-31,669,kuitto_pullback_auto,くいっと押し目版,3.1475599191452597,-3.487451955686194,-1.1091209699641835,3.680482990827816,2.6634800504547567,4353444450.0,2.2876339785634294,-0.9703354588300517,1,2024-06-03,3572.0,0.0,True,-1.708,-0.476,-3.919,91.153,-17.511,2024-06-10,3511.0,strict_gakutto_next_open,-1.708,6.0
9532,2024-07-16,700,kuitto_pullback_auto,くいっと押し目版,1.8929310854776782,-2.2098808284160443,-1.857895768702933,1.2044653349001067,1.5100505334081977,3749802105.0,2.0091229525191787,-2.766017499294382,1,2024-07-17,3446.0,0.029,True,1.132,-3.134,-2.031,98.143,-14.495,2024-07-25,3379.0,strict_gakutto_next_open,-1.944,7.0
9532,2026-08-12,1205,kuitto_pullback_auto,くいっと押し目版,1.8899082568807346,-2.5464556090846413,-0.4806561618062255,2.5219703123846138,1.267384916748286,5324181050.0,2.406678500681742,-1.1217948717948678,1,2026-08-13,5512.0,-0.738,True,-1.415,1.597,5.969,13.552,-2.721,2026-08-20,5500.0,strict_gakutto_next_open,-0.218,6.0
9533,2022-01-04,80,kuitto_pullback_auto,くいっと押し目版,1.705155746509135,-4.997942175120917,-3.729809868130163,2.32891146353984,2.530073865634893,1470978074.0,2.7553041018387536,-5.312499999999998,1,2022-01-05,756.3,-0.158,True,0.661,-3.94,-2.023,88.523,-23.509,2022-01-17,750.0,strict_gakutto_next_open,-0.833,8.0
9533,2022-09-09,248,kuitto_pullback_auto,くいっと押し目版,3.4872886995873875,-4.114367186903278,-1.9154643133226346,2.813995927111179,1.5490196078431373,647965118.0,2.6522737712448325,-6.6066066066066025,1,2022-09-12,780.0,0.322,True,-4.231,-8.038,-2.718,82.795,-25.833,2022-09-15,741.0,stop_loss,-5.0,4.0
9533,2022-12-28,321,kuitto_pullback_auto,くいっと押し目版,1.8804780876493954,-2.8247186133763202,-4.0653483843002824,1.7086674303169236,1.5275628626692457,677860598.0,1.7820830819423028,-4.410885167464118,0,2022-12-29,637.3,-0.313,True,-7.218,-8.63,-7.422,123.725,-9.226,2023-01-04,605.435,stop_loss,-5.0,3.0
9533,2025-09-25,992,kuitto_pullback_auto,くいっと押し目版,2.694076785881916,-3.407090087310083,-4.310137423110206,2.6343440408285623,2.151127049180328,1147014352.0,1.8079132932880653,-6.599504823700164,2,2025-09-26,1085.5,-0.777,True,1.824,3.667,1.686,31.35,-2.441,2025-10-14,1062.5,strict_gakutto_next_open,-2.119,12.0
9533,2026-06-08,1160,kuitto_pullback_auto,くいっと押し目版,2.228642179116802,-4.25633288334788,-2.63153664378607,2.2370810632326155,1.386024551463645,869362742.5,2.531864582732568,-4.620716211012709,1,2026-06-09,1232.0,-0.525,True,2.354,-0.933,-0.852,9.456,-10.187,2026-06-18,1243.0,strict_gakutto_next_open,0.893,8.0
9533,2026-06-29,1175,kuitto_pullback_auto,くいっと押し目版,1.7069109075770195,-3.086220789685734,-2.2048421976878285,1.5462631972732455,1.3264380330248593,842515042.5,2.2834921934389802,-4.570312499999996,1,2026-06-30,1224.5,0.246,True,2.45,-3.144,-1.715,10.127,-9.637,2026-07-10,1216.5,strict_gakutto_next_open,-0.653,9.0
9536,2022-10-19,273,kuitto_pullback_auto,くいっと押し目版,2.895054282267795,-4.329204769070493,-4.264627996407766,2.5856885147324205,2.772256728778468,116192140.0,2.570758666889968,-4.74595198213289,0,2022-10-20,1677.0,-1.7,True,2.266,-1.491,-3.518,60.704,-6.142,2022-11-02,1679.0,strict_gakutto_next_open,0.119,10.0
9536,2024-10-29,771,kuitto_pullback_auto,くいっと押し目版,1.6571428571428681,-2.9428157396053978,-3.033465834647253,1.8550326348333979,1.5592841163310962,90266420.0,1.4012687705773708,-3.1573217201959713,0,2024-10-30,1771.0,-0.45,True,-1.92,1.976,-0.791,52.174,-11.124,2024-11-06,1751.0,strict_gakutto_next_open,-1.129,5.0
9543,2021-10-22,32,kuitto_pullback_auto,くいっと押し目版,2.599512591389108,-3.5458786936236275,-3.9789188189607305,1.3480982185845036,2.915294117647059,198328695.0,2.273498473023414,-6.651884700665189,1,2021-10-25,1250.0,-1.029,True,-4.0,-8.08,-13.76,30.0,-35.04,2021-10-29,1187.5,stop_loss,-5.0,5.0
9543,2022-04-19,151,kuitto_pullback_auto,くいっと押し目版,2.934272300469476,-3.1186897015929915,-0.8658206972376181,1.3170055452865093,1.3966535433070866,107930710.0,2.7203127545202803,-3.4140969162995582,0,2022-04-20,893.0,1.824,False,-1.568,0.0,-4.815,81.971,-9.071,2022-05-13,848.35,stop_loss,-5.0,14.0
9543,2023-04-13,392,kuitto_pullback_auto,くいっと押し目版,2.454545454545465,-4.825783972125441,-3.0489530277306165,2.7909522072236292,1.484359233097881,143516685.0,3.0105209785777665,-4.814189189189189,2,2023-04-14,1127.0,0.0,True,1.508,1.154,3.461,44.188,-25.288,2023-04-28,1150.0,strict_gakutto_next_open,2.041,11.0
9551,2022-04-01,139,kuitto_pullback_auto,くいっと押し目版,3.126550868486344,-2.2181502555694954,-0.2515327778651155,2.344365642237989,1.8591772151898733,190036945.0,2.543654612952014,-2.3037141513869264,0,2022-04-04,2089.0,0.529,False,-2.681,-4.021,-4.787,102.011,-25.658,2022-04-08,2015.0,strict_gakutto_next_open,-3.542,5.0
9552,2024-09-19,548,kuitto_pullback_auto,くいっと押し目版,2.0464793617759325,-3.041264737406213,-1.2197438402257732,1.0232813680379094,1.9297684051967614,2770029550.0,4.2269593085364665,-10.848484848484851,4,2024-09-20,2970.0,0.952,False,3.872,-5.926,-0.572,4.882,-81.279,2024-09-24,2821.5,stop_loss,-5.0,2.0
9601,2022-04-05,141,kuitto_pullback_auto,くいっと押し目版,1.9246190858059453,-3.3504752999844123,-0.7927628424383881,2.3844047043660277,2.372972972972973,324541450.0,2.113071821962459,-2.155504234026173,0,2022-04-06,12700.0,-0.079,True,-8.11,2.52,2.205,21.339,-31.378,2022-04-07,12030.0,stop_gap_open,-5.276,2.0
9601,2022-04-14,148,kuitto_pullback_auto,くいっと押し目版,2.9727497935590375,-3.0946208684381027,-3.576235339357814,3.605849119308746,1.5802919708029197,339211900.0,2.6463512429831595,-4.00307929176289,0,2022-04-15,12470.0,0.0,True,6.095,6.496,2.727,23.577,-30.112,2022-04-25,12990.0,strict_gakutto_next_open,4.17,7.0
9601,2023-06-28,443,kuitto_pullback_auto,くいっと押し目版,2.017423200366797,-4.588926910590507,-4.923569762178348,1.8586339498260385,1.3753943217665616,415331250.0,1.682182985553772,-6.747694886839895,1,2023-06-29,11180.0,0.494,True,-4.114,-4.741,-3.667,37.835,-22.048,2023-07-05,10675.0,strict_gakutto_next_open,-4.517,5.0
9601,2025-02-25,848,kuitto_pullback_auto,くいっと押し目版,1.9913419913419883,-4.882844502703588,-2.106963750799362,1.2549424101770734,2.5406871609403257,898159700.0,2.3162745573611443,-5.229283990345934,1,2025-02-26,11800.0,0.17,True,3.559,4.576,3.051,30.593,-16.441,2025-03-06,11780.0,strict_gakutto_next_open,-0.169,7.0
9601,2025-05-19,903,kuitto_pullback_auto,くいっと押し目版,1.5564202334630295,-3.239903556359247,-3.9812296380428602,1.5564202334630295,1.3255813953488371,410960650.0,2.118226600985222,-5.3662073966642465,0,2025-05-20,13050.0,0.0,True,2.912,2.222,3.295,18.084,-24.444,2025-06-10,13510.0,max15_next_open,3.525,16.0
9601,2026-09-04,1222,kuitto_pullback_auto,くいっと押し目版,2.1657250470809686,-3.963800904977377,-2.153540847451396,1.8779342723004744,1.3415637860082306,757192550.0,2.2712310730743908,-2.2522522522522515,0,2026-09-07,10810.0,-0.369,True,1.295,0.833,,3.515,-0.925,2026-09-16,10940.0,strict_gakutto_next_open,1.203,8.0
9603,2022-09-08,247,kuitto_pullback_auto,くいっと押し目版,1.9174041297935096,-4.359388355969241,-2.735151620437404,2.847787259376866,1.2612312811980033,3309309295.0,3.6903039073806077,-5.601092896174864,3,2022-09-09,2070.0,-0.145,True,15.121,3.961,-0.531,16.28,-56.184,2022-09-22,2142.0,strict_gakutto_next_open,3.478,9.0
9603,2023-02-16,354,kuitto_pullback_auto,くいっと押し目版,1.5218458517427536,-2.3421686746987858,-1.9751703898210127,1.8317904274177677,2.13262599469496,1855956080.0,2.214009394860459,-3.364485981308407,1,2023-02-17,2064.0,-0.193,True,-2.422,0.048,-3.343,4.893,-56.056,2023-02-27,2004.0,strict_gakutto_next_open,-2.907,6.0
9603,2023-05-17,413,kuitto_pullback_auto,くいっと押し目版,2.0140986908358416,-2.565106716271781,-1.099445324881143,1.4521782674010941,1.5696943420767397,1731283455.0,1.879142575095191,-2.314368370298936,1,2023-05-18,2041.0,0.74,False,-6.222,-5.488,-6.222,6.075,-55.561,2023-05-22,1985.0,strict_gakutto_next_open,-2.744,3.0
9603,2024-05-14,656,kuitto_pullback_auto,くいっと押し目版,1.7472335468841083,-2.0091848450057403,-4.428332403792535,1.9491129785247585,1.2757043101372503,1234538650.0,1.9380161910213425,-9.855521155830749,2,2024-05-15,1740.0,-0.401,True,0.172,-2.011,-0.92,10.92,-47.874,2024-05-22,1742.0,strict_gakutto_next_open,0.115,6.0
9603,2025-05-27,909,kuitto_pullback_auto,くいっと押し目版,1.7766497461928932,-2.4934546814611602,-4.332878181995515,2.20466420288008,1.7668016194331984,672578525.0,2.1375133594584965,-5.591524426133021,0,2025-05-28,1618.0,0.873,False,-2.719,-2.349,-13.041,0.68,-43.943,2025-06-04,1570.0,strict_gakutto_next_open,-2.967,6.0
9603,2025-09-24,991,kuitto_pullback_auto,くいっと押し目版,1.7793594306049876,-5.442453854505958,-4.3979143348529925,2.0845231296402034,1.9810549777117386,891161360.0,2.4825174825174825,-4.155495978552281,1,2025-09-25,1434.0,0.28,True,-2.022,-4.812,-7.322,0.628,-36.75,2025-10-09,1365.0,strict_gakutto_next_open,-4.812,11.0
9605,2023-05-31,423,kuitto_pullback_auto,くいっと押し目版,2.1902017291066223,-2.6836002208724397,-2.1543786470235804,0.5102040816326481,2.4150943396226414,296666100.0,1.8652807992909515,-3.378746594005455,0,2023-06-01,3546.0,0.0,True,2.425,3.44,5.64,84.151,-4.822,2023-06-13,3654.0,strict_gakutto_next_open,3.046,9.0
9605,2025-05-22,906,kuitto_pullback_auto,くいっと押し目版,2.114164904862581,-3.5147620004016833,-3.672293783502689,0.29069767441860517,1.3197729422894986,523250725.0,3.002070393374741,-9.55056179775281,3,2025-05-23,4835.0,0.104,True,-0.517,-0.827,1.241,34.436,-3.619,2025-05-27,4880.0,strict_gakutto_next_open,0.931,3.0
9612,2026-07-02,1178,kuitto_pullback_auto,くいっと押し目版,2.2632020117351326,-3.5267349260523218,-2.6065113851373445,2.1604421369954663,2.8972602739726026,47726295.0,2.892271662763466,-4.0880503144654075,0,2026-07-03,1220.0,0.0,True,2.951,2.705,3.197,8.361,-5.328,2026-07-17,1250.0,strict_gakutto_next_open,2.459,11.0
9616,2024-04-18,641,kuitto_pullback_auto,くいっと押し目版,2.364352834192185,-2.800775057248539,-2.321481046135765,1.5944645006016778,1.4265543720584593,2369674815.0,2.155336520157367,-5.854474491218287,1,2024-04-19,3380.0,0.089,True,-3.964,-2.485,0.414,11.982,-38.521,2024-04-26,3229.0,strict_gakutto_next_open,-4.467,6.0
9616,2024-07-31,711,kuitto_pullback_auto,くいっと押し目版,2.1853146853146876,-2.770627286275573,-1.941972973526629,1.754813551060197,1.4386152748037115,1391069422.5,2.002932909690822,-1.7977150537634379,1,2024-08-01,2872.5,-1.711,True,-17.737,-19.495,-15.857,31.767,-27.659,2024-08-01,2728.875,stop_loss,-5.0,1.0
9616,2025-02-27,850,kuitto_pullback_auto,くいっと押し目版,1.9330979996638131,-3.107270948809915,-1.8453276330720692,1.8988405310031986,1.3025751072961373,2236116630.0,2.5831605729362983,-4.714016341923322,1,2025-02-28,3050.0,0.594,False,0.721,-1.639,4.984,24.098,-23.902,2025-03-11,2997.0,strict_gakutto_next_open,-1.738,8.0
9616,2025-03-18,863,kuitto_pullback_auto,くいっと押し目版,2.044854881266489,-2.37614738623787,-0.6463205144237372,2.480871782981686,2.2525280898876403,1798956175.0,2.262443438914027,-0.5464480874316946,1,2025-03-19,3164.0,2.262,False,1.359,-2.813,-8.344,19.627,-26.643,2025-04-03,2978.5,stop_gap_open,-5.863,11.0
9616,2026-09-17,1231,kuitto_pullback_auto,くいっと押し目版,1.5094339622641506,-2.407764574130533,-3.7933935691553566,2.281368821292773,1.5444782530875245,2654375405.0,2.296866702071163,-7.2946582423894295,2,2026-09-18,3234.0,0.186,True,,,,1.33,-2.072,,,,,
9621,2023-04-13,392,kuitto_pullback_auto,くいっと押し目版,1.6393442622950838,-2.3460603272655645,-4.307290933971064,3.57500835282325,1.537084398976982,188341225.0,2.557603686635945,-1.4308426073131986,0,2023-04-14,1550.0,0.0,True,0.645,3.226,13.548,130.645,-0.806,2023-05-10,1757.5,max15_next_open,13.387,16.0
9621,2024-08-26,728,kuitto_pullback_auto,くいっと押し目版,2.1252796420581754,-2.270222614062156,-3.088113593797648,2.584269662921357,2.3711340206185567,137058950.0,4.506337036457519,-9.603960396039602,3,2024-08-27,2285.0,0.11,True,1.969,-2.845,-4.158,56.455,-10.547,2024-09-05,2270.0,strict_gakutto_next_open,-0.656,8.0
9621,2024-11-20,786,kuitto_pullback_auto,くいっと押し目版,2.056277056277067,-3.6518046709129504,-0.20953378732321282,3.1277340332458436,2.5689655172413794,81494400.0,2.2799575821845175,-1.3598326359832602,0,2024-11-21,2362.5,0.212,True,-0.423,5.185,6.667,51.323,-13.481,2024-12-12,2560.0,max15_next_open,8.36,16.0
9622,2026-03-25,1111,kuitto_pullback_auto,くいっと押し目版,1.676337846550613,-2.809415337889143,-3.6159632156333665,2.2167487684729092,2.26056338028169,103339670.0,2.839931153184165,-7.561547479484176,1,2026-03-26,1572.0,-0.317,True,-1.59,0.891,-0.636,3.499,-12.595,2026-03-30,1493.4,stop_loss,-5.0,3.0
9627,2023-07-18,456,kuitto_pullback_auto,くいっと押し目版,2.4385368778732763,-2.255609756097565,-0.9268161972163957,1.9210882189165668,1.462257368799425,881736460.0,1.6529616724738676,-1.3284559106661487,1,2023-07-19,5097.0,-0.546,True,-1.275,1.256,-1.707,42.829,-21.071,2023-07-26,5047.0,strict_gakutto_next_open,-0.981,6.0
9627,2024-06-19,682,kuitto_pullback_auto,くいっと押し目版,2.465942403862731,-3.5368349249658926,-1.1818575583194102,3.3535100535726725,1.392022008253095,847189745.0,3.4343895754195315,-2.3821258419582714,3,2024-06-20,5942.0,0.0,True,5.705,2.996,-9.946,22.518,-29.737,2024-07-02,5981.0,strict_gakutto_next_open,0.656,9.0
9627,2026-01-20,1068,kuitto_pullback_auto,くいっと押し目版,2.065669801140735,-2.492221248829407,-1.787013680023275,2.1980057419812793,1.5058365758754864,813422420.0,2.163031048395797,-2.041722148246783,0,2026-01-21,6621.0,0.0,True,-0.649,-2.432,-1.918,3.731,-19.755,2026-01-28,6578.0,strict_gakutto_next_open,-0.649,6.0
9628,2025-07-08,939,kuitto_pullback_auto,くいっと押し目版,2.175346077785112,-2.413253326376208,-0.27807203389831336,2.907980347895367,2.218905472636816,52373245.0,2.248847926267281,-0.12886597938144284,0,2025-07-09,1570.0,1.29,False,0.382,0.51,0.828,6.369,-20.064,2025-07-22,1567.0,strict_gakutto_next_open,-0.191,9.0
9628,2025-12-15,1046,kuitto_pullback_auto,くいっと押し目版,2.0942408376963373,-2.0351390922401125,-1.7464689679423273,1.7745302713987332,1.4149659863945578,100753260.0,2.1507064364207222,-1.0869565217391353,0,2025-12-16,1366.0,0.073,True,3.807,7.467,9.444,13.104,-8.126,2026-01-09,1496.0,max15_next_open,9.517,16.0
9629,2022-03-16,128,kuitto_pullback_auto,くいっと押し目版,2.865540044085235,-5.006934812760056,-4.56806246353052,1.907118940165975,1.4764267990074442,61583050.0,3.933673469387755,-8.972691807542265,3,2022-03-17,1430.0,2.143,False,3.497,7.483,7.413,76.923,-31.469,2022-04-08,1508.0,max15_next_open,5.455,16.0
9629,2022-04-27,157,kuitto_pullback_auto,くいっと押し目版,2.3890784982935065,-2.147878156730021,-1.2103112228858848,-0.5568814638027053,1.4871194379391102,54610600.0,4.004761904761905,-6.600249066002495,3,2022-04-28,1340.0,-10.667,True,-4.478,-5.373,-7.761,88.806,-26.866,2022-04-28,1273.0,stop_loss,-5.0,1.0
9629,2023-03-23,377,kuitto_pullback_auto,くいっと押し目版,2.791461412151075,-3.1092964824120495,-1.5770563734062493,1.1145210789856197,1.3425774877650898,52718110.0,2.470333181195801,-4.863221884498481,0,2023-03-24,1249.0,-0.24,True,4.404,-2.722,-2.402,102.562,-18.735,2023-03-28,1257.0,strict_gakutto_next_open,0.641,3.0
9629,2024-09-18,744,kuitto_pullback_auto,くいっと押し目版,1.8830525272547138,-4.011741682974557,-2.087042532146388,3.8488736235983367,1.8185840707964602,39908280.0,3.5193162868260144,-2.04859456884231,2,2024-09-19,2076.0,0.973,False,4.432,3.035,5.443,12.331,-43.931,2024-10-11,2197.0,max15_next_open,5.829,16.0
9663,2022-11-11,289,kuitto_pullback_auto,くいっと押し目版,1.8705035971223083,-4.610318331503837,-1.94366197183099,1.6949152542372836,1.8363636363636364,95038050.0,3.1678773204196933,-4.71063257065949,2,2022-11-14,7080.0,0.0,True,7.203,12.429,1.271,17.09,-34.04,2022-12-01,7770.0,strict_gakutto_next_open,9.746,13.0
9663,2024-07-12,699,kuitto_pullback_auto,くいっと押し目版,3.293807641633739,-2.3202447730749642,-2.2573592963546774,1.950585175552666,1.8840579710144927,102824300.0,2.8425655976676385,-4.854368932038833,0,2024-07-16,7980.0,1.786,False,-2.13,-1.629,-17.92,1.754,-41.479,2024-07-23,7810.0,strict_gakutto_next_open,-2.13,6.0
9663,2024-07-29,709,kuitto_pullback_auto,くいっと押し目版,1.6839378238342029,-2.2474747474747425,-1.2537587278935836,1.2903225806451646,7.321428571428571,73696300.0,2.6569608735213834,-2.1197007481296715,0,2024-07-30,7700.0,-1.911,True,-14.935,-5.195,-3.766,1.818,-39.351,2024-08-02,7300.0,stop_gap_open,-5.195,4.0
9672,2023-06-02,425,kuitto_pullback_auto,くいっと押し目版,1.6169154228855787,-3.732241752949672,-3.4901658310836914,2.022977022977024,1.9139579349904399,379178525.0,1.7835285889141457,-4.107981220657275,0,2023-06-05,4150.0,1.591,False,-2.53,-2.048,-5.181,46.506,-15.663,2023-06-12,4090.0,strict_gakutto_next_open,-1.446,6.0
9682,2022-02-02,100,kuitto_pullback_auto,くいっと押し目版,2.2009569377990257,-4.598804620482477,-2.191622764475021,3.8371791547834766,1.3753303964757708,256555364.0,2.7978419832352444,-2.539923954372636,0,2022-02-03,635.8,-0.78,True,4.561,6.795,7.66,114.218,-3.696,2022-02-24,667.3,strict_gakutto_next_open,4.954,14.0
9684,2022-04-27,157,kuitto_pullback_auto,くいっと押し目版,3.1169590643274736,-2.679576413295681,-4.56252288293758,3.1181651247383035,1.8593069101473334,3318527359.5,2.687736468148197,-8.480822131105004,2,2022-04-28,1730.0,-1.889,True,1.734,13.104,19.266,123.22,-15.607,2022-05-25,2066.7,max15_next_open,19.462,16.0
9684,2022-08-30,240,kuitto_pullback_auto,くいっと押し目版,3.3686868686868765,-4.555880497734943,-2.007117409796444,2.436412047927461,1.5148069177919925,3432758197.5,2.3033594148071113,-3.9107981220657284,1,2022-08-31,2050.0,0.161,True,-1.137,4.39,0.649,88.376,-28.78,2022-09-07,2006.7,strict_gakutto_next_open,-2.112,6.0
9684,2022-12-09,308,kuitto_pullback_auto,くいっと押し目版,2.442956955098441,-2.9126305792972484,-4.494256636114747,2.0788704965920113,1.6875140607424073,3092268241.5,2.12306413479686,-6.116509201629894,2,2022-12-12,2086.7,-0.477,True,-0.163,-3.834,-2.08,85.063,-30.033,2022-12-19,2050.0,strict_gakutto_next_open,-1.759,6.0
9684,2025-10-01,996,kuitto_pullback_auto,くいっと押し目版,3.1585596967782736,-4.412496179592118,-3.731034200444505,2.1154724013081827,1.4141868800533466,3904130816.5,2.5642988364972465,-4.455431062223914,1,2025-10-02,3227.0,-1.194,True,-0.837,-4.772,-3.564,3.874,-27.952,2025-10-09,3202.0,strict_gakutto_next_open,-0.775,6.0
9697,2022-12-07,306,kuitto_pullback_auto,くいっと押し目版,2.6347305389221587,-3.431598341777986,-2.0314243213090277,1.6607354685646447,1.6638316920322291,3971780225.0,2.4004000666777796,-4.031354983202684,1,2022-12-08,2142.5,0.0,True,1.634,-1.634,-2.45,134.072,-7.235,2022-12-19,2120.0,strict_gakutto_next_open,-1.05,8.0
9697,2025-12-10,1043,kuitto_pullback_auto,くいっと押し目版,1.5489130434782616,-2.533927056827834,-3.1359906213364597,0.9563432029392693,1.4881353502043158,6768069030.0,2.301311212202301,-5.007625826131168,1,2025-12-11,3700.0,-0.99,True,-5.27,-2.703,-0.892,21.595,-26.054,2025-12-15,3678.0,strict_gakutto_next_open,-0.595,3.0
9697,2025-12-23,1052,kuitto_pullback_auto,くいっと押し目版,1.8033248802479473,-5.012762721989894,-4.630955480343668,2.7412841949610467,1.5558194774346794,6388958960.0,2.7539440907832824,-5.493068270991364,1,2025-12-24,3622.0,0.249,True,0.801,0.773,0.083,24.213,-24.462,2026-01-08,3594.0,strict_gakutto_next_open,-0.773,9.0
9699,2026-04-28,1135,kuitto_pullback_auto,くいっと押し目版,1.8801410105757865,-2.9587155963302747,-2.9485714285714337,2.0960904380593393,1.3895131086142323,154975675.0,1.936068545065085,-5.760869565217385,0,2026-04-30,4295.0,-0.923,True,0.582,-7.451,-10.594,11.176,-15.017,2026-05-12,4080.25,stop_loss,-5.0,6.0
9706,2023-09-29,507,kuitto_pullback_auto,くいっと押し目版,2.6401036605118167,-3.290524763426339,-4.418086484784622,0.354733474804414,1.9382215288611544,2074516570.0,2.5688135440384134,-8.6361014994233,2,2023-10-02,6396.0,0.931,False,-1.391,-5.269,-2.298,9.35,-44.465,2023-10-04,6046.0,stop_gap_open,-5.472,3.0
9706,2025-10-06,999,kuitto_pullback_auto,くいっと押し目版,2.093908629441632,-2.3429627141417386,-2.995045602038182,3.2380870904269,2.0394202898550726,1240124465.0,1.9355411524460624,-2.8772635814889314,1,2025-10-07,4798.0,-0.601,True,-1.125,3.439,1.813,25.24,-14.298,2025-10-28,4900.0,strict_gakutto_next_open,2.126,15.0
9715,2025-07-29,953,kuitto_pullback_auto,くいっと押し目版,1.726618705035965,-2.0862700873978013,-0.840527033166738,1.2313860252004538,1.702258726899384,219029300.0,1.5255607193372398,-1.6689847009735748,0,2025-07-30,3540.0,0.141,True,3.531,5.65,4.379,17.232,-2.966,2025-08-18,3665.0,strict_gakutto_next_open,3.531,13.0
9716,2023-03-27,379,kuitto_pullback_auto,くいっと押し目版,2.4027459954233388,-3.0827234420048755,-2.0429192240491,2.3324948547907676,1.7880864522930944,225327490.0,2.7693535514764562,-4.685835995740151,0,2023-03-28,897.0,0.223,True,0.892,-1.338,-1.226,63.434,-21.516,2023-04-06,868.0,strict_gakutto_next_open,-3.233,8.0
9729,2023-08-23,481,kuitto_pullback_auto,くいっと押し目版,1.6820401519262118,-2.1476936098180355,-1.7459374602231792,1.1551333261362373,2.6030534351145036,44897690.0,1.2806830309498398,-2.1409921671018295,0,2023-08-24,1875.0,0.053,True,0.747,2.827,2.827,52.853,-4.0,2023-09-11,1900.0,strict_gakutto_next_open,1.333,13.0
9729,2026-06-08,1160,kuitto_pullback_auto,くいっと押し目版,1.6256590509666102,-2.714625042416019,-4.727139989049101,0.7053291536050166,1.6313725490196078,93497390.0,2.5230066086097214,-6.469874646178731,1,2026-06-09,2286.0,-1.167,True,0.394,1.225,2.537,15.529,-1.794,2026-06-30,2360.0,max15_next_open,3.237,16.0
9729,2026-08-10,1204,kuitto_pullback_auto,くいっと押し目版,2.4267782426778295,-4.000962155227716,-0.919835814252512,1.821811829298725,2.8596491228070176,69103545.0,2.293417366946779,-3.7735849056603765,0,2026-08-12,2478.0,1.225,False,1.251,3.834,2.502,6.578,-1.372,2026-09-01,2546.0,strict_gakutto_next_open,2.744,15.0
9735,2022-01-21,92,kuitto_pullback_auto,くいっと押し目版,2.2013807476878977,-2.4737462091781848,-1.994007905536399,0.7783800446990563,1.4862285246795746,3467398895.0,1.9209060121627035,-3.0160692212608198,1,2022-01-24,3922.5,-0.013,True,3.939,4.461,7.342,84.168,-6.934,2022-02-15,4260.0,max15_next_open,8.604,16.0
9735,2023-10-10,513,kuitto_pullback_auto,くいっと押し目版,1.814615007356557,-2.4720629676416306,-1.2879229358228717,2.8170688220610973,1.2513066202090593,6915447040.0,1.9653179190751446,-0.38387715930902067,1,2023-10-11,5202.5,0.241,True,-2.066,-2.595,0.432,38.856,-16.828,2023-10-18,5095.0,strict_gakutto_next_open,-2.066,6.0
9735,2026-03-30,1114,kuitto_pullback_auto,くいっと押し目版,3.0798348245010265,-2.470444083849388,-0.7601379633660477,1.0763935753812959,1.304583394347635,7127803510.0,2.1806519302763667,-2.2994129158512733,1,2026-03-31,6015.0,0.401,True,2.012,0.582,-0.083,20.1,-7.215,2026-04-13,6000.0,strict_gakutto_next_open,-0.249,10.0
9739,2022-08-12,228,kuitto_pullback_auto,くいっと押し目版,2.470187393526402,-2.964066898493123,-1.3880517045073981,2.1309109432039897,2.204081632653061,27433165.0,2.297826861417884,-3.412284223203532,0,2022-08-15,2398.0,-0.333,True,-2.627,-3.753,-3.461,42.827,-17.515,2022-08-22,2335.0,strict_gakutto_next_open,-2.627,6.0
9739,2024-04-24,645,kuitto_pullback_auto,くいっと押し目版,2.249488752556239,-3.923892290473374,-3.6600260023375797,2.235550708833145,1.5,49615715.0,2.466666666666667,-4.761904761904767,0,2024-04-25,2964.0,-1.2,True,6.444,3.408,3.745,15.553,-22.841,2024-05-14,3020.0,strict_gakutto_next_open,1.889,11.0
9740,2022-06-20,191,kuitto_pullback_auto,くいっと押し目版,2.5607064017659997,-3.048833755569158,-0.39170301789369644,3.8073107516310545,1.6012024048096192,66253705.0,2.235409876391366,-0.6840530141085988,0,2022-06-21,2324.0,0.043,True,8.133,16.954,15.361,44.148,-6.325,2022-07-12,2680.0,max15_next_open,15.318,16.0
9740,2022-08-01,220,kuitto_pullback_auto,くいっと押し目版,1.9770660340055368,-2.709509998473514,-3.825301204819276,0.9630441590980254,2.104575163398693,144705205.0,2.849941837921675,-9.029982363315693,1,2022-08-02,2570.0,-0.349,True,-1.089,-1.595,-0.623,30.35,-15.292,2022-08-05,2555.0,strict_gakutto_next_open,-0.584,4.0
9740,2026-05-27,1152,kuitto_pullback_auto,くいっと押し目版,3.0078124999999956,-3.0853952926976347,-4.471937146336735,2.4953358208955168,3.361607142857143,70407975.0,2.5326399046535566,-5.58539205155747,0,2026-05-28,2587.0,-1.896,True,1.855,4.871,-1.43,12.756,-3.595,2026-06-15,2722.0,strict_gakutto_next_open,5.218,13.0
9742,2022-07-20,212,kuitto_pullback_auto,くいっと押し目版,1.5566625155666314,-3.592303945445685,-0.05016302984699461,2.321204516938513,1.7472527472527473,55171340.0,2.395550494876062,-1.9831730769230727,0,2022-07-21,1650.0,1.165,False,1.03,-0.667,-2.909,53.152,-21.697,2022-07-29,1626.0,strict_gakutto_next_open,-1.455,7.0
9742,2025-03-26,868,kuitto_pullback_auto,くいっと押し目版,2.0751542344363383,-2.1727262801615854,-0.7528786536758258,1.5171798304328465,1.3765182186234817,42553100.0,2.523547880690738,-3.2943676939426125,0,2025-03-27,1801.0,-1.044,True,-12.382,-21.877,-15.88,40.311,-23.709,2025-03-31,1651.0,strict_gakutto_next_open,-8.329,3.0
9742,2026-06-19,1169,kuitto_pullback_auto,くいっと押し目版,3.036238981390804,-3.889255108767309,-1.514424461122088,2.5141297992594014,1.5263157894736843,84955195.0,3.214964693101575,-2.6827012025901986,2,2026-06-22,2135.0,1.473,False,-1.593,0.749,2.248,18.361,-6.276,2026-07-07,2121.0,strict_gakutto_next_open,-0.656,12.0
9743,2022-04-18,150,kuitto_pullback_auto,くいっと押し目版,2.35294117647058,-3.1824962705121806,-0.9357200976403468,0.4876796714579079,1.6607142857142858,97309480.0,2.7732165663200146,-4.628501827040199,0,2022-04-19,781.0,-0.255,True,0.0,2.305,-0.128,113.956,-12.676,2022-05-16,788.0,max15_next_open,0.896,16.0
9743,2024-06-04,671,kuitto_pullback_auto,くいっと押し目版,1.93470374848852,-2.3826542768644265,-3.666073602397235,2.4301336573511634,1.36272040302267,76348865.0,1.601423487544484,-5.7046979865771785,0,2024-06-05,848.0,0.593,False,-0.236,14.151,18.75,97.052,-7.783,2024-06-26,1006.0,max15_next_open,18.632,16.0
9743,2026-05-07,1138,kuitto_pullback_auto,くいっと押し目版,1.6197183098591639,-4.660506227400574,-4.399527567509542,1.291590621928962,1.3699763593380614,333344270.0,1.8117018117018115,-8.206106870229013,1,2026-05-08,1439.0,-0.277,True,-1.459,-3.822,-4.1,7.505,-10.493,2026-05-12,1436.0,strict_gakutto_next_open,-0.208,3.0
9744,2023-04-12,391,kuitto_pullback_auto,くいっと押し目版,1.5625,-5.410685466745946,-4.291955795425329,1.8170426065162948,1.5423600605143721,406158070.0,1.8273155416012556,-4.731993299832493,0,2023-04-13,2288.0,0.571,False,0.393,-0.175,-0.787,62.5,-2.273,2023-04-25,2330.0,strict_gakutto_next_open,1.836,9.0
9746,2023-05-31,423,kuitto_pullback_auto,くいっと押し目版,2.465753424657535,-2.1499596882558425,-0.4953459256436754,2.297592997811826,2.7685459940652817,204952750.0,1.5087853323147442,0.0,0,2023-06-01,3685.0,-1.471,True,1.764,5.02,5.834,25.78,-13.84,2023-06-22,3910.0,max15_next_open,6.106,16.0
9755,2024-11-20,786,kuitto_pullback_auto,くいっと押し目版,1.9023986765922318,-5.30054644808744,-3.903951406245054,1.3991769547325061,1.76,79150675.0,2.898886827458256,-4.643962848297212,0,2024-11-21,2483.0,0.771,False,-3.584,-4.511,-3.383,34.112,-9.263,2024-11-27,2408.0,strict_gakutto_next_open,-3.021,5.0
9757,2023-03-29,381,kuitto_pullback_auto,くいっと押し目版,2.6205848841625468,-2.102124487513979,-4.524178706508042,2.527130606359562,2.0416666666666665,243761135.0,2.3950512847626095,-7.718579234972678,1,2023-03-30,1342.5,-0.629,True,-3.724,-4.655,-3.277,6.369,-36.387,2023-04-06,1269.0,strict_gakutto_next_open,-5.475,6.0
9757,2024-02-16,599,kuitto_pullback_auto,くいっと押し目版,2.0564516129032206,-2.932413360514352,-2.9961965380734257,1.2643034328238656,1.5239755884917174,297392955.0,2.5540441383981487,-3.727653100038042,0,2024-02-19,1265.5,0.0,True,3.753,-1.304,-4.425,7.349,-32.517,2024-03-08,1202.225,stop_loss,-5.0,14.0
9757,2025-06-25,930,kuitto_pullback_auto,くいっと押し目版,1.7409766454352438,-2.165110321461017,-0.7557477042697269,1.139721401435212,1.978575929426591,275110225.0,1.7320534223706177,-2.4032586558044855,0,2025-06-26,1199.0,0.083,True,-0.125,0.125,-3.169,10.509,-13.178,2025-07-15,1195.5,strict_gakutto_next_open,-0.292,14.0
9757,2025-11-05,1019,kuitto_pullback_auto,くいっと押し目版,1.6700610997963272,-2.703353120487717,-2.288153270968052,2.471467279743811,1.5358490566037737,204811765.0,1.8143315018315016,-3.480278422273786,0,2025-11-06,1248.0,0.0,True,-3.085,-5.248,-5.649,1.442,-16.587,2025-11-11,1185.6,stop_loss,-5.0,4.0
9759,2022-08-30,240,kuitto_pullback_auto,くいっと押し目版,1.7739273927392718,-2.9030462101328203,-1.2867914170851091,0.8750408897612028,3.255309734513274,475095395.0,1.9196247611326651,-2.4901185770750955,0,2022-08-31,2440.0,-1.094,True,1.803,4.467,1.557,50.41,-10.369,2022-09-05,2452.0,strict_gakutto_next_open,0.492,4.0
9759,2023-11-17,540,kuitto_pullback_auto,くいっと押し目版,1.749611197511669,-2.640090259496042,-3.1708301565232855,1.0112706499922686,1.4681881051175656,590295000.0,2.2517604672744147,-5.591630591630592,0,2023-11-20,2619.0,0.076,True,7.102,6.911,5.842,40.13,-9.202,2023-12-04,2770.0,strict_gakutto_next_open,5.766,10.0
9759,2023-12-27,567,kuitto_pullback_auto,くいっと押し目版,2.529256323140805,-3.3668814712910056,-2.5968361056182387,1.3584117032392928,1.3467561521252795,478562525.0,2.203871239217336,-3.276353276353272,0,2023-12-28,2715.0,-0.037,True,2.394,1.621,3.61,35.175,-12.413,2024-01-17,2782.0,strict_gakutto_next_open,2.468,11.0
9765,2022-02-02,100,kuitto_pullback_auto,くいっと押し目版,3.4530386740331487,-2.2450635650527517,-4.343002060548418,3.4244683789008468,5.223021582733813,17446735.0,2.9372496662216285,-3.9743589743589713,2,2022-02-03,749.0,0.0,True,-0.534,-4.539,-10.547,76.502,-14.82,2022-02-08,733.0,strict_gakutto_next_open,-2.136,4.0
9766,2021-11-16,48,kuitto_pullback_auto,くいっと押し目版,2.083333333333326,-2.1131137352392804,-1.7267173669118563,1.0149064383127238,1.2985691573926867,3204355900.0,3.3527696793002915,-4.354354354354351,3,2021-11-17,6380.0,0.157,True,-5.329,-6.74,-4.232,317.633,-18.182,2021-11-24,6260.0,strict_gakutto_next_open,-1.881,5.0
9788,2022-04-07,143,kuitto_pullback_auto,くいっと押し目版,2.2459893048128343,-3.356926188068765,-1.8952291094064044,-0.06272214091574968,1.3526011560693643,40021670.0,2.0472205618649135,-4.970178926441349,0,2022-04-08,479.5,0.314,True,-1.877,-1.356,-1.356,45.985,-5.944,2022-04-25,466.5,strict_gakutto_next_open,-2.711,12.0
9790,2022-06-21,192,kuitto_pullback_auto,くいっと押し目版,2.208201892744488,-4.0916030534351115,-3.2228417376386154,2.564102564102555,1.8467432950191571,127610750.0,2.292768959435626,-5.1244509516837455,0,2022-06-22,3260.0,0.617,False,4.141,5.982,6.902,16.564,-35.521,2022-07-13,3440.0,max15_next_open,5.521,16.0
9790,2022-10-04,263,kuitto_pullback_auto,くいっと押し目版,2.7576197387518153,-2.903501280956444,-3.5294778845613384,3.116807457034665,1.8333333333333333,103353625.0,2.7340597255851495,-4.453441295546556,0,2022-10-05,3540.0,0.0,True,-2.542,-0.989,-1.554,4.237,-40.621,2022-10-13,3455.0,strict_gakutto_next_open,-2.401,6.0
9790,2023-09-27,505,kuitto_pullback_auto,くいっと押し目版,2.199469093667039,-3.7882643786810055,-1.6890589316961746,1.6290821328908578,2.7228464419475658,110759770.0,2.011661807580175,-3.6467643904183,0,2023-09-28,2667.0,-1.039,True,-6.187,-0.375,-2.962,35.358,-21.185,2023-10-03,2575.0,strict_gakutto_next_open,-3.45,4.0
9790,2026-06-02,1156,kuitto_pullback_auto,くいっと押し目版,1.6129032258064502,-3.145437558393027,-2.319022250078351,1.0587102983638186,1.511049723756906,146501550.0,2.256235827664399,-5.12048192771084,0,2026-06-03,3165.0,0.476,True,-0.474,-3.949,-3.949,3.791,-7.583,2026-06-15,3100.0,strict_gakutto_next_open,-2.054,9.0
9793,2022-05-30,176,kuitto_pullback_auto,くいっと押し目版,2.6936026936027035,-2.4186455584872424,-1.5479876160990669,2.7628032345013542,2.2161137440758294,654489375.0,3.6377829820452767,-4.488517745302712,2,2022-05-31,4600.0,0.546,False,-0.761,2.283,-10.0,10.217,-37.652,2022-06-07,4575.0,strict_gakutto_next_open,-0.543,6.0
9793,2023-01-18,333,kuitto_pullback_auto,くいっと押し目版,2.6195899772209597,-2.1148708815672324,-1.9721319503183121,2.293369663941869,1.4273504273504274,467948300.0,2.9173933724433168,-2.8047464940668787,0,2023-01-19,4470.0,-0.777,True,-0.336,-2.908,-4.362,8.949,-35.839,2023-01-23,4375.0,strict_gakutto_next_open,-2.125,3.0
9793,2023-08-22,480,kuitto_pullback_auto,くいっと押し目版,3.3838973162193753,-2.404718693284935,-2.4925359630869393,2.7603804221758343,2.604294478527607,559200225.0,2.539503386004515,-7.419017763845348,1,2023-08-23,4390.0,-0.903,True,-1.253,3.303,-5.467,3.759,-34.67,2023-08-30,4315.0,strict_gakutto_next_open,-1.708,6.0
9793,2025-06-25,930,kuitto_pullback_auto,くいっと押し目版,1.7804154302670572,-2.2733812949640275,-2.3906672030343024,0.9714453929938083,1.6645220588235294,456314950.0,2.3219491878384004,-3.1073446327683607,0,2025-06-26,3405.0,-0.729,True,4.699,3.231,0.587,29.956,-9.838,2025-07-04,3400.0,strict_gakutto_next_open,-0.147,7.0
9795,2022-01-21,92,kuitto_pullback_auto,くいっと押し目版,3.100775193798455,-2.886727329777228,-1.354190987625492,0.16137708445400634,2.510204081632653,27328930.0,2.3016725487187353,-4.805725971370145,0,2022-01-24,1860.0,-0.107,True,-2.258,-3.763,-0.645,40.86,-10.376,2022-01-27,1767.0,stop_loss,-5.0,4.0
9795,2022-05-19,169,kuitto_pullback_auto,くいっと押し目版,1.5063731170336103,-2.2101939557961137,-1.296191017623649,0.9100334062895898,2.0,26277790.0,2.144487932159165,-3.1509121061359835,0,2022-05-20,1732.0,-1.142,True,-0.231,2.483,3.753,51.27,-3.753,2022-06-07,1733.0,strict_gakutto_next_open,0.058,13.0
9824,2022-02-01,99,kuitto_pullback_auto,くいっと押し目版,1.80327868852459,-4.386807556836381,-2.003798048588823,3.7420648179084637,1.7310344827586206,165854100.0,3.853232114101679,-7.035928143712578,3,2022-02-02,3105.0,0.0,True,2.899,2.254,-3.865,162.48,-24.557,2022-02-15,3140.0,strict_gakutto_next_open,1.127,9.0
9830,2021-11-12,46,kuitto_pullback_auto,くいっと押し目版,2.5535110777318737,-2.415599534342261,-2.094126231302451,1.7662840959904669,1.621301775147929,250131760.0,1.8282157242245123,-3.8718760999647994,0,2021-11-15,2733.0,0.073,True,3.769,-2.488,-3.037,4.72,-40.981,2021-11-29,2718.0,strict_gakutto_next_open,-0.549,10.0
9830,2023-11-28,546,kuitto_pullback_auto,くいっと押し目版,2.21141088014154,-2.0586182833217115,-0.4425558925171047,2.320021252103066,1.6494949494949496,291957425.0,2.3057427211473076,-0.30198446937014234,0,2023-11-29,2295.0,-0.692,True,5.054,3.965,4.532,19.913,-29.717,2023-12-11,2356.0,strict_gakutto_next_open,2.658,9.0
9830,2024-07-29,709,kuitto_pullback_auto,くいっと押し目版,3.050847457627115,-3.234567901234564,-1.456149109668825,2.676686650341975,1.7495029821073558,246176985.0,2.0882283834586466,-2.2508038585209,0,2024-07-30,2420.0,-0.493,True,-15.331,-10.455,-7.107,13.719,-33.347,2024-08-02,2299.0,stop_loss,-5.0,4.0
9831,2021-12-17,70,kuitto_pullback_auto,くいっと押し目版,1.5789473684210575,-3.191489361702138,-4.664606797568016,0.8886565603763552,1.6129163230349552,5769409380.0,1.9430051813471503,-7.211538461538458,2,2021-12-20,384.0,-0.518,True,2.083,3.646,3.906,99.896,-3.385,2022-01-13,400.0,max15_next_open,4.167,16.0
9837,2023-12-06,552,kuitto_pullback_auto,くいっと押し目版,3.328173374612997,-4.0662427916605015,-1.4249992468291617,2.0018337408312936,2.7332361516034984,172267455.0,2.236490101658641,-2.76766205389658,0,2023-12-07,1320.0,-1.124,True,-3.561,-3.485,-3.939,60.682,-13.106,2023-12-11,1294.0,strict_gakutto_next_open,-1.97,3.0
9837,2026-03-30,1114,kuitto_pullback_auto,くいっと押し目版,2.387562465297055,-3.1534325889164605,-4.525936628747029,-1.7371842694234196,1.4228675136116153,145166160.0,2.9748992872637126,-12.689393939393945,3,2026-03-31,1837.0,-0.38,True,5.117,4.518,5.716,11.976,-6.369,2026-04-14,1922.0,strict_gakutto_next_open,4.627,11.0
9842,2022-01-21,92,kuitto_pullback_auto,くいっと押し目版,3.421052631578947,-3.719939879759515,-4.122198173993096,1.9719771665801744,1.4852941176470589,260675500.0,2.703562340966921,-5.9245960502693045,1,2022-01-24,1550.0,-1.399,True,-1.613,1.677,-1.548,32.065,-10.903,2022-01-26,1554.0,strict_gakutto_next_open,0.258,3.0
9843,2023-08-18,478,kuitto_pullback_auto,くいっと押し目版,3.109137055837574,-4.684329872299797,-4.971803840388322,1.7214397496087663,1.4621272103457377,7417804575.0,2.2505494505494505,-7.328200741374391,2,2023-08-21,3216.0,-1.046,True,1.772,3.389,8.769,51.866,-31.079,2023-09-11,3520.0,max15_next_open,9.453,16.0
9843,2024-12-27,813,kuitto_pullback_auto,くいっと押し目版,2.6058631921824116,-5.449311124820067,-3.6962246671732313,2.1400778210116655,1.6247443762781186,11952246200.0,2.3299319727891157,-6.389301634472511,2,2024-12-30,3760.0,-0.529,True,-1.782,0.372,-0.266,2.42,-41.051,2025-01-07,3719.0,strict_gakutto_next_open,-1.09,3.0
9843,2026-02-04,1079,kuitto_pullback_auto,くいっと押し目版,2.5804038893044057,-2.6433192058889277,-0.7434272901021943,3.972405427943304,1.601891063084112,9378462567.5,3.525858028227696,-0.8315256688358641,3,2026-02-05,2871.0,4.666,False,5.956,15.535,8.952,21.665,-22.797,2026-02-25,3155.0,strict_gakutto_next_open,9.892,13.0
9861,2021-10-28,36,kuitto_pullback_auto,くいっと押し目版,2.1729079981507082,-3.8338373954812432,-1.2452438602559512,1.852705318462533,3.8423401090728806,1010445145.0,2.559793148028442,-2.899824253075567,1,2021-10-29,2204.0,-0.271,True,7.396,5.762,4.083,85.98,-1.27,2021-11-15,2331.0,strict_gakutto_next_open,5.762,11.0
9861,2021-12-07,62,kuitto_pullback_auto,くいっと押し目版,2.0381036774479444,-3.8778519996529925,-3.1204959452654335,3.19949811794229,1.4909578030810449,544034325.0,1.9756838905775076,-2.7038445289395807,0,2021-12-08,2300.0,-0.13,True,1.913,1.13,1.217,78.217,-5.391,2021-12-20,2311.0,strict_gakutto_next_open,0.478,9.0
9869,2022-05-30,176,kuitto_pullback_auto,くいっと押し目版,2.7243589743589647,-2.4039962535123305,-3.693444136657431,2.4288910194950386,4.547581903276131,239181525.0,2.3735235123690663,-6.011730205278587,1,2022-05-31,3195.0,-0.312,True,-2.347,-3.443,-5.321,121.596,-6.103,2022-06-06,3085.0,strict_gakutto_next_open,-3.443,5.0
9869,2022-08-05,224,kuitto_pullback_auto,くいっと押し目版,3.3950617283950546,-2.084574151280527,-0.49451212157761715,1.5151515151515138,2.7041420118343193,109416500.0,1.5884861407249466,-1.3254786450662692,0,2022-08-08,3340.0,-0.299,True,2.395,4.042,2.545,111.976,-1.796,2022-08-22,3450.0,strict_gakutto_next_open,3.293,10.0
9869,2023-09-27,505,kuitto_pullback_auto,くいっと押し目版,2.450980392156854,-3.345900094250709,-1.732306072641998,1.7774531288044848,1.8189300411522633,127838150.0,1.7857142857142856,-2.7906976744186074,0,2023-09-28,4095.0,-2.033,True,-7.082,-4.396,-3.541,72.894,-11.844,2023-10-02,3890.25,stop_loss,-5.0,3.0
9869,2026-02-03,1078,kuitto_pullback_auto,くいっと押し目版,1.6793893129771087,-3.4287418008348225,-0.7066276803118887,2.147239263803691,1.5608308605341246,247986550.0,2.2737022737022734,-2.7737226277372296,0,2026-02-04,6630.0,-0.45,True,3.469,4.525,2.564,6.787,-14.027,2026-02-09,6590.0,strict_gakutto_next_open,-0.603,4.0
9880,2024-02-16,599,kuitto_pullback_auto,くいっと押し目版,2.250274423710219,-3.1977680008584586,-1.5428471950211131,2.9395513316388566,1.5010141987829615,87935105.0,2.6800092017483323,-1.4285714285714235,0,2024-02-19,1850.0,-0.698,True,4.0,10.919,9.243,165.676,-42.162,2024-03-12,1995.0,max15_next_open,7.838,16.0
9880,2024-04-24,645,kuitto_pullback_auto,くいっと押し目版,2.3346303501945442,-3.7892496008515186,-4.932086861742258,1.4772351449674703,1.6333333333333333,64333675.0,2.432684100256072,-9.041501976284582,1,2024-04-25,1823.0,-0.978,True,-0.987,-3.401,-4.224,169.611,-41.306,2024-05-07,1817.0,strict_gakutto_next_open,-0.329,6.0
9880,2025-01-20,824,kuitto_pullback_auto,くいっと押し目版,1.5544041450777257,-2.390208783297343,-0.9973171585209384,1.0309278350515427,1.4930747922437673,66330565.0,1.6347355268638069,-2.348754448398571,0,2025-01-21,1375.0,0.219,True,1.818,0.436,2.836,257.455,-22.182,2025-02-04,1401.0,strict_gakutto_next_open,1.891,11.0
9882,2022-11-17,293,kuitto_pullback_auto,くいっと押し目版,1.6656751933372904,-2.815444725350491,-3.6815263421519973,0.992790450301384,1.4784172661870503,158328590.0,1.6592827885981778,-5.475663716814161,0,2022-11-18,858.0,0.41,True,3.38,-0.641,0.816,120.396,-1.69,2022-12-01,866.5,strict_gakutto_next_open,0.991,9.0
9889,2022-06-24,195,kuitto_pullback_auto,くいっと押し目版,1.5592515592515621,-3.9067201604814583,-3.6495691341552727,1.7231506064865343,1.467065868263473,57176560.0,2.0690159380026327,-5.443987418340191,0,2022-06-27,397.5,1.714,False,-1.308,-0.05,1.635,357.358,-2.138,2022-07-19,403.8,max15_next_open,1.585,16.0
9889,2024-12-23,809,kuitto_pullback_auto,くいっと押し目版,1.950078003120126,-2.1718943458522433,-2.047939229071505,2.730035631942984,1.9375,156738462.0,2.586803657958977,-1.2591286829513937,0,2024-12-24,1177.5,0.102,True,-3.711,-9.766,-11.04,54.395,-15.924,2025-01-06,1118.625,stop_loss,-5.0,6.0
9900,2022-03-15,127,kuitto_pullback_auto,くいっと押し目版,1.7632241813602123,-2.355889724310778,-0.3741657115890251,2.520724073760783,1.3002958579881656,137680375.0,2.050919377652051,-0.8994276369582943,0,2022-03-16,610.5,0.743,False,0.819,-3.522,-2.621,94.267,-12.039,2022-04-07,589.0,max15_next_open,-3.522,16.0
9900,2025-09-19,989,kuitto_pullback_auto,くいっと押し目版,1.6820401519262118,-2.063273727647863,-1.467460655040409,1.1223829052449785,1.9241706161137442,158894230.0,1.0481780759262083,-1.7304667016255881,0,2025-09-22,937.5,0.053,True,1.76,-4.32,-5.227,26.507,-19.2,2025-10-01,925.0,strict_gakutto_next_open,-1.333,7.0
9902,2022-08-12,228,kuitto_pullback_auto,くいっと押し目版,2.1085925144965767,-2.8000405802982686,-1.5486044075663785,1.0222175863147998,1.3387978142076502,43781090.0,2.0060476436315358,-3.966286564204269,0,2022-08-15,1921.0,-0.826,True,0.208,0.989,-4.737,99.375,-14.732,2022-08-30,1905.0,strict_gakutto_next_open,-0.833,12.0
9902,2023-11-17,540,kuitto_pullback_auto,くいっと押し目版,2.535657686212356,-4.168248424569121,-1.3160965137443248,1.9941672578229541,1.4111111111111112,125665015.0,2.9035107087657317,-5.27086383601757,0,2023-11-20,2579.0,-0.348,True,0.969,4.343,5.933,48.507,-10.159,2023-12-12,2732.0,max15_next_open,5.933,16.0
9902,2024-07-31,711,kuitto_pullback_auto,くいっと押し目版,2.1994134897360684,-3.1813063063063085,-3.3432267458139653,0.9559675550405489,1.2526315789473683,132282675.0,3.043656486985038,-6.568364611260058,3,2024-08-01,3425.0,-1.722,True,-0.876,-0.292,0.73,7.883,-32.35,2024-08-05,3260.0,strict_gakutto_next_open,-4.818,3.0
9902,2024-09-19,745,kuitto_pullback_auto,くいっと押し目版,1.85185185185186,-2.539298669891177,-3.6699976207470897,1.883297313985799,1.7245657568238213,139118400.0,2.857142857142857,-7.692307692307687,1,2024-09-20,3320.0,0.606,False,1.807,5.12,-1.807,7.681,-30.211,2024-10-04,3420.0,strict_gakutto_next_open,3.012,10.0
9902,2024-11-19,785,kuitto_pullback_auto,くいっと押し目版,2.051109616677871,-2.758620689655167,-4.848508300119947,2.853463467534212,3.9722222222222223,91994570.0,2.8265474229230407,-6.90184049079755,1,2024-11-20,3025.0,-0.329,True,-1.983,2.314,1.322,10.083,-23.405,2024-11-27,2965.0,strict_gakutto_next_open,-1.983,6.0
9902,2025-01-20,824,kuitto_pullback_auto,くいっと押し目版,1.8803418803418737,-4.583499402152247,-4.073587385019706,3.0856510308564955,1.4620689655172414,51011970.0,2.538350910834132,-5.095541401273884,0,2025-01-21,2965.0,-0.503,True,1.18,-0.809,-5.329,12.142,-21.855,2025-02-04,2988.0,strict_gakutto_next_open,0.776,11.0
9928,2022-11-11,289,kuitto_pullback_auto,くいっと押し目版,2.145922746781115,-4.962779156327546,-3.6282745661545213,2.3655913978494647,1.304552590266876,103178645.0,3.3313325330132053,-4.417670682730924,2,2022-11-14,1411.0,-1.19,True,0.0,6.449,2.268,49.327,-3.047,2022-12-02,1475.0,strict_gakutto_next_open,4.536,14.0
9932,2023-03-24,378,kuitto_pullback_auto,くいっと押し目版,2.2107969151671014,-4.265169424743897,-1.5072030991485463,1.812967325617132,6.056910569105691,37845645.0,2.356999137683242,-7.015902712815714,1,2023-03-27,1000.0,0.604,False,3.7,-2.8,1.35,101.5,-3.75,2023-04-06,1000.5,strict_gakutto_next_open,0.05,9.0
9932,2024-11-15,783,kuitto_pullback_auto,くいっと押し目版,2.0194465220643165,-2.060338484179547,-3.742389704821525,2.218225419664255,3.6914893617021276,46742420.0,2.7492668621700878,-5.013927576601674,0,2024-11-18,1361.0,-0.22,True,1.249,-0.367,-1.323,48.053,-26.451,2024-11-28,1332.0,strict_gakutto_next_open,-2.131,9.0
9932,2025-09-04,979,kuitto_pullback_auto,くいっと押し目版,2.1739130434782705,-4.036736437419897,-3.050884001724885,1.9125986878683499,1.5546558704453441,65735775.0,2.182214948172395,-5.758354755784056,0,2025-09-05,1821.0,-0.655,True,2.91,2.252,-6.315,10.653,-38.88,2025-09-22,1878.0,strict_gakutto_next_open,3.13,11.0
9934,2023-06-02,425,kuitto_pullback_auto,くいっと押し目版,2.298850574712641,-2.0651823168764127,-0.9942812581232086,2.231703314735811,1.467304625199362,256439875.0,1.5569823434991974,-1.424050632911389,0,2023-06-05,1592.5,2.247,False,2.669,4.396,4.239,99.058,-5.871,2023-06-26,1655.0,max15_next_open,3.925,16.0
9934,2023-08-10,473,kuitto_pullback_auto,くいっと押し目版,1.9867549668874274,-2.777777777777779,-1.7650090182942613,0.9836065573770592,1.2752475247524753,232269775.0,1.6048237476808904,-2.6856240126382325,0,2023-08-14,1537.5,-0.162,True,-1.301,-0.325,4.228,106.179,-2.114,2023-09-04,1600.0,max15_next_open,4.065,16.0
9934,2024-04-24,645,kuitto_pullback_auto,くいっと押し目版,1.859799713876975,-3.7305122494432075,-1.5538164908699192,2.5345622119815614,1.3484573502722323,232467875.0,1.9462279293739968,-1.9283746556473802,0,2024-04-25,1775.0,-0.281,True,1.549,9.155,5.211,78.592,-7.746,2024-05-09,1802.5,strict_gakutto_next_open,1.549,8.0
9936,2024-01-31,588,kuitto_pullback_auto,くいっと押し目版,1.7469045748700118,-2.09452398178801,-0.6803918725792668,1.2907117906857168,1.5733788395904438,241946421.0,1.5057773109243688,-1.449275362318836,0,2024-02-01,2676.7,-1.592,True,-3.116,-4.984,-3.736,48.504,-12.702,2024-02-15,2542.865,stop_loss,-5.0,10.0
9946,2022-03-02,118,kuitto_pullback_auto,くいっと押し目版,1.8947368421052602,-2.7891156462585,-1.8033326024994523,1.3117499302260693,1.6396011396011396,224145755.0,1.7119244391971666,-3.264490339773485,0,2022-03-03,1459.0,0.482,True,-2.056,0.617,-0.343,50.651,-7.265,2022-03-09,1422.0,strict_gakutto_next_open,-2.536,5.0
9946,2024-10-10,759,kuitto_pullback_auto,くいっと押し目版,1.6341923318667462,-2.1760511433489005,-1.9236445931319457,1.3920240782543392,1.2978244561140284,109498965.0,1.3296227581941866,-1.761846901579589,0,2024-10-11,1618.0,0.062,True,4.45,4.017,7.417,35.847,-1.174,2024-10-28,1679.0,strict_gakutto_next_open,3.77,11.0
9948,2022-09-08,247,kuitto_pullback_auto,くいっと押し目版,1.5849430411094545,-2.5802087359876213,-2.339147399123065,1.4141613924050667,1.6475095785440612,111298015.0,1.2850874138051125,-3.2090608777725294,0,2022-09-09,2046.0,-0.244,True,-0.684,-1.369,-1.613,97.214,-5.865,2022-09-16,2016.0,strict_gakutto_next_open,-1.466,6.0
9948,2023-12-22,564,kuitto_pullback_auto,くいっと押し目版,1.5452538631346657,-3.184894905593161,-1.3150272274359942,1.2621074258878817,1.3090332805071316,225834030.0,1.488095238095238,-2.714134649277411,0,2023-12-25,2782.0,0.797,False,0.0,5.14,6.866,45.04,-12.94,2024-01-19,2966.0,max15_next_open,6.614,16.0
9956,2022-02-28,116,kuitto_pullback_auto,くいっと押し目版,2.4401473296500997,-2.2702895959957003,-0.9625126646403359,1.6167336499817386,1.5521023765996345,171164060.0,1.9293739967897274,-1.6357206012378445,0,2022-03-01,2230.0,0.225,True,-4.664,-4.753,-2.377,79.148,-24.081,2022-03-03,2189.0,strict_gakutto_next_open,-1.839,3.0
9956,2023-04-12,391,kuitto_pullback_auto,くいっと押し目版,2.092050209205021,-2.5603964484823494,-1.956116746015324,3.0296632534571932,2.022968197879859,181278855.0,1.9284250585480094,-0.5096839959225274,0,2023-04-13,1956.0,0.205,True,1.125,4.09,7.157,104.243,-3.732,2023-05-09,2094.0,max15_next_open,7.055,16.0
9956,2026-04-30,1136,kuitto_pullback_auto,くいっと押し目版,1.6528925619834656,-4.529981670594396,-3.2916357468461777,1.1235955056179803,2.796279069767442,482414875.0,2.4196670538133955,-6.226175349428209,1,2026-05-01,3675.0,-0.407,True,-2.585,0.544,-7.891,7.619,-15.238,2026-05-22,3590.0,strict_gakutto_next_open,-2.313,13.0
9960,2024-10-30,772,kuitto_pullback_auto,くいっと押し目版,2.0233463035019383,-3.049150485436891,-3.263526358671054,2.2381657958356005,3.656,94859305.0,2.484472049689441,-5.920344456404736,1,2024-10-31,2625.0,0.114,True,6.286,5.143,-4.495,74.857,-26.095,2024-11-14,2670.0,strict_gakutto_next_open,1.714,10.0
9962,2023-02-28,361,kuitto_pullback_auto,くいっと押し目版,2.208201892744488,-3.7151702786377694,-3.091190108191655,3.349282296650724,1.80734550252914,2128165525.0,2.79320987654321,-3.139013452914796,1,2023-03-01,3240.0,0.0,True,4.167,-2.469,-0.463,29.753,-43.349,2023-03-16,3078.0,stop_loss,-5.0,12.0
9962,2024-12-03,795,kuitto_pullback_auto,くいっと押し目版,1.6626115166261224,-2.04187231332591,-1.6434004581407868,1.7203603018745461,1.3369194716659565,2354553092.5,2.7223773434383727,-3.3725187897475473,1,2024-12-04,2502.5,-0.179,True,0.26,-2.877,-2.438,67.992,-26.653,2024-12-12,2522.0,strict_gakutto_next_open,0.779,7.0
9962,2026-08-14,1207,kuitto_pullback_auto,くいっと押し目版,2.378407268840199,-2.505611525813023,-0.4503209734598057,2.4222008341353796,1.7285909425239046,6778524890.0,4.7917365850020515,-5.430757837570965,3,2026-08-17,3924.0,2.428,False,-7.875,-4.332,-6.473,1.529,-14.144,2026-08-19,3700.0,stop_gap_open,-5.708,3.0
9962,2026-09-15,1229,kuitto_pullback_auto,くいっと押し目版,2.160760587726873,-5.088411831503803,-4.37613649974411,0.9451150079708537,2.088895724392495,4410481375.0,3.5371847554588673,-6.14081524616199,4,2026-09-16,3518.0,-0.79,True,11.399,,,11.995,-0.625,,,,,
9974,2024-03-11,614,kuitto_pullback_auto,くいっと押し目版,1.9017432646592614,-2.1329987452948562,-1.8609879472928248,2.290804963410764,2.0595238095238093,431776450.0,1.6551877360586535,-2.427921092564489,0,2024-03-12,6530.0,1.555,False,3.216,5.666,4.441,25.574,-22.052,2024-04-03,6810.0,max15_next_open,4.288,16.0
9974,2024-05-31,669,kuitto_pullback_auto,くいっと押し目版,1.9444444444444375,-2.9024455791453962,-2.3171653883547583,1.465302737074925,3.2325581395348837,161578000.0,1.7127286882055275,-2.652519893899208,0,2024-06-03,7380.0,0.545,False,-2.575,-1.22,-0.949,11.111,-31.03,2024-06-10,7210.0,strict_gakutto_next_open,-2.304,6.0
9974,2025-10-22,1010,kuitto_pullback_auto,くいっと押し目版,1.6326530612244872,-2.170418006430863,-3.027736608088083,1.937772925764203,1.8881118881118881,227815500.0,1.7307324536240196,-5.44303797468354,0,2025-10-23,7490.0,0.268,True,-4.139,-4.272,-1.202,9.479,-20.294,2025-10-29,7310.0,strict_gakutto_next_open,-2.403,5.0
9983,2023-10-10,513,kuitto_pullback_auto,くいっと押し目版,2.3809523809523725,-4.110166937865367,-4.834721110540341,2.5608837559628395,1.5035339717282261,44635535650.0,2.0173981465291138,-7.053469852104666,2,2023-10-11,32750.0,0.214,True,7.786,3.481,0.824,170.809,-0.489,2023-10-23,33940.0,strict_gakutto_next_open,3.634,9.0
9983,2024-01-10,573,kuitto_pullback_auto,くいっと押し目版,3.141210374639769,-2.6677852348993336,-2.4372495018024742,2.6737047449652884,1.3072435944768515,45057027800.0,2.219295094399872,-4.151044456347086,1,2024-01-11,36600.0,2.263,False,5.874,6.803,8.579,142.322,-3.989,2024-01-22,39120.0,strict_gakutto_next_open,6.885,8.0
9983,2024-07-31,711,kuitto_pullback_auto,くいっと押し目版,2.71270036991369,-2.3542922767728958,-2.0955277554611906,1.7193376642407054,1.4107577710929666,63666354900.0,2.3186417424112498,-7.8539823008849545,2,2024-08-01,40980.0,-1.609,True,-4.685,0.561,9.932,116.423,-14.251,2024-08-05,38931.0,stop_loss,-5.0,3.0
9983,2025-09-04,979,kuitto_pullback_auto,くいっと押し目版,2.1140294682895577,-3.316453594554214,-1.3026729294089878,2.328169134640068,1.3364463601532568,44423446100.0,1.8596522674314393,-4.110687788249445,1,2025-09-05,48520.0,1.464,False,-1.175,-5.771,-6.451,82.791,-8.533,2025-09-16,48010.0,strict_gakutto_next_open,-1.051,7.0
9984,2023-09-11,494,kuitto_pullback_auto,くいっと押し目版,3.023125350620215,-2.563852365037933,-2.4923448714278096,2.8193196804936926,1.4811807737880582,60495321638.0,1.8289309915640994,-2.489675516224188,1,2023-09-12,1684.3,1.906,False,-3.562,-5.45,-7.926,438.74,-16.298,2023-09-20,1612.3,strict_gakutto_next_open,-4.275,6.0
9984,2023-10-10,513,kuitto_pullback_auto,くいっと押し目版,2.777777777777768,-3.636203778135072,-3.657989059141342,2.348316215618129,1.5609840191701,72033296240.0,2.473313649784238,-6.693170355426325,2,2023-10-11,1584.3,0.75,False,3.263,-1.641,-3.364,472.745,-11.014,2023-10-19,1590.8,strict_gakutto_next_open,0.41,7.0
9987,2024-09-26,749,kuitto_pullback_auto,くいっと押し目版,1.9177540529853765,-2.702075843673901,-2.1243720446304626,2.237118718019926,2.041871921182266,1243959520.0,2.214216433421089,-2.330428192497158,1,2024-09-27,5067.0,-1.707,True,0.355,6.256,2.427,31.597,-13.045,2024-10-04,5085.0,strict_gakutto_next_open,0.355,6.0
9987,2025-02-12,840,kuitto_pullback_auto,くいっと押し目版,1.7234042553191387,-3.445842155519574,-0.9481080165918976,2.1493889411161593,2.3805394990366087,1131160010.0,1.7599426300534855,-1.5242018537590107,1,2025-02-13,4850.0,1.443,False,3.381,-1.649,3.876,37.485,-9.155,2025-02-25,4982.0,strict_gakutto_next_open,2.722,8.0
9987,2025-03-05,854,kuitto_pullback_auto,くいっと押し目版,1.9349526554137464,-3.3616832601072177,-0.09767160818786591,2.5726003562699384,1.2941176470588236,1378472120.0,2.34248788368336,-1.570264360962037,1,2025-03-06,4954.0,0.04,True,0.02,0.262,2.039,34.598,-11.062,2025-03-28,5004.0,max15_next_open,1.009,16.0
9989,2022-06-22,193,kuitto_pullback_auto,くいっと押し目版,2.316322837495477,-3.8960133816559717,-1.4558547276142586,2.065131056393965,1.421164021164021,1223778370.0,2.0137450098539595,-2.3825966850828717,1,2022-06-23,2843.0,0.566,False,7.633,7.809,7.281,72.423,0.0,2022-07-14,3060.0,max15_next_open,7.633,16.0
9989,2023-12-22,564,kuitto_pullback_auto,くいっと押し目版,2.4902901530728716,-3.9521328269893186,-2.1021317013288465,2.6497643128460924,1.6042428675932698,1430092565.0,2.1097382332335517,-4.654622741764081,1,2023-12-25,4556.0,1.56,False,-0.527,-0.878,0.724,7.594,-24.517,2024-01-09,4517.0,strict_gakutto_next_open,-0.856,8.0
9990,2024-06-04,671,kuitto_pullback_auto,くいっと押し目版,1.9480519480519431,-2.602704771625408,-4.6182235299985,2.614379084967311,2.153409090909091,49966915.0,1.7743403093721566,-6.547619047619047,1,2024-06-05,781.0,-0.51,True,2.561,-1.28,1.28,28.297,-12.932,2024-06-14,768.0,strict_gakutto_next_open,-1.665,8.0
9990,2024-06-24,685,kuitto_pullback_auto,くいっと押し目版,2.2280471821756187,-2.564102564102555,-0.9783728115344892,1.4040561622464809,1.5921052631578947,44311960.0,1.822344322344322,-2.621722846441943,0,2024-06-25,785.0,0.641,False,4.459,3.949,5.86,27.643,-13.376,2024-07-09,823.0,strict_gakutto_next_open,4.841,11.0
9991,2021-12-27,76,kuitto_pullback_auto,くいっと押し目版,1.5132408575031508,-2.044887780548621,-0.41295261116985893,1.7699115044247815,3.3689839572192515,27663000.0,1.393078970718722,-0.3712871287128716,0,2021-12-28,805.0,0.0,True,2.857,2.36,-0.994,141.988,-4.969,2022-01-07,812.0,strict_gakutto_next_open,0.87,7.0
9991,2023-02-09,349,kuitto_pullback_auto,くいっと押し目版,1.87353629976581,-2.085242896425288,-0.07924669028529507,1.469559132260323,3.0,22833525.0,1.8308702791461413,-2.1372328458942658,0,2023-02-10,865.0,-0.575,True,0.231,1.618,4.046,125.202,-10.751,2023-02-14,861.0,strict_gakutto_next_open,-0.462,3.0
9991,2025-11-07,1021,kuitto_pullback_auto,くいっと押し目版,2.127659574468077,-2.7561837455830407,-0.5191059841384349,0.8841861139295526,2.9471544715447155,87251920.0,2.442528735632184,-4.0000000000000036,0,2025-11-10,1400.0,0.575,False,0.0,0.786,1.571,39.143,-2.786,2025-11-18,1391.0,strict_gakutto_next_open,-0.643,7.0
9997,2026-09-14,1228,kuitto_pullback_auto,くいっと押し目版,2.2179363548698205,-2.710333145115751,-1.0718645102227642,2.178523231154794,1.5394190871369295,226722830.0,1.5835579514824796,-2.3941068139963217,0,2026-09-15,1067.0,0.66,False,0.75,,,3.468,-1.218,,,,,
