code,signal_date,entry_date,entry_price,exit_date,exit_price,return_pct,exit_reason,hold_sessions_to_exit
1301,2019-04-10,2019-04-11,2821.0,2019-04-18,2834.0,0.4608294930875667,strict_gakutto_next_open,5
1301,2021-06-01,2021-06-02,2961.0,2021-06-09,2942.0,-0.6416751097602202,strict_gakutto_next_open,5
1301,2026-08-07,2026-08-10,4565.0,2026-09-01,4775.0,4.600219058050392,max15_next_open,15
1332,2017-08-30,2017-08-31,622.0,2017-09-05,603.34,-2.9999999999999916,stop_-3%,3
1332,2019-04-15,2019-04-16,781.0,2019-04-18,759.0,-2.8169014084507005,strict_gakutto_next_open,2
1332,2020-09-28,2020-09-29,457.0,2020-10-02,449.0,-1.7505470459518557,strict_gakutto_next_open,2
1332,2022-03-03,2022-03-04,533.0,2022-03-08,520.0,-2.4390243902439046,strict_gakutto_next_open,2
1332,2024-07-12,2024-07-16,874.0,2024-08-02,846.0,-3.203661327231122,stop_gap,13
1332,2026-07-17,2026-07-21,1279.0,2026-08-03,1269.5,-0.7427677873338534,strict_gakutto_next_open,9
1333,2017-04-13,2017-04-14,1113.3,2017-04-14,1079.9009999999998,-3.0000000000000138,stop_-3%,0
1333,2017-08-30,2017-08-31,1050.0,2017-09-06,1030.0,-1.904761904761909,strict_gakutto_next_open,4
1333,2018-03-06,2018-03-07,1096.7,2018-03-29,1111.7,1.3677395823835203,max15_next_open,15
1333,2020-02-03,2020-02-04,849.3,2020-02-04,823.8209999999999,-3.0000000000000027,stop_-3%,0
1333,2022-11-02,2022-11-04,781.7,2022-11-16,793.0,1.4455673532045576,strict_gakutto_next_open,8
1375,2021-08-24,2021-08-25,1600.0,2021-09-15,1673.0,4.562500000000003,max15_next_open,15
1375,2022-02-02,2022-02-03,1188.0,2022-02-04,1152.36,-3.0000000000000138,stop_-3%,1
1377,2018-06-26,2018-06-27,4215.0,2018-07-02,4088.5499999999997,-3.0000000000000027,stop_-3%,3
1377,2019-04-23,2019-04-24,3620.0,2019-05-09,3511.4,-3.0000000000000027,stop_-3%,5
1377,2024-09-10,2024-09-11,3400.0,2024-10-04,3625.0,6.617647058823528,max15_next_open,15
1377,2026-01-26,2026-01-27,4080.0,2026-02-18,4200.0,2.941176470588225,max15_next_open,15
1379,2018-03-27,2018-03-28,1978.0,2018-04-12,2053.0,3.7917087967644036,strict_gakutto_next_open,11
1379,2025-04-10,2025-04-11,1839.0,2025-04-28,1843.0,0.2175095160413365,strict_gakutto_next_open,11
1414,2021-05-10,2021-05-11,1165.0,2021-05-18,1156.3,-0.7467811158798354,strict_gakutto_next_open,5
1417,2019-07-01,2019-07-02,1652.0,2019-07-09,1642.0,-0.6053268765133124,strict_gakutto_next_open,5
1417,2019-08-15,2019-08-16,1520.0,2019-09-06,1574.0,3.552631578947363,max15_next_open,15
1419,2017-01-04,2017-01-05,535.0,2017-01-17,536.0,0.18691588785046953,strict_gakutto_next_open,7
1419,2017-04-24,2017-04-25,625.0,2017-05-19,669.0,7.040000000000002,max15_next_open,15
1429,2016-12-12,2016-12-13,437.0,2016-12-16,423.89,-3.0000000000000027,stop_-3%,3
1429,2018-08-24,2018-08-27,360.0,2018-09-12,400.0,11.111111111111116,strict_gakutto_next_open,12
1429,2020-02-04,2020-02-05,599.0,2020-02-19,611.0,2.003338898163598,strict_gakutto_next_open,9
1429,2020-06-19,2020-06-22,591.0,2020-06-25,573.27,-3.0000000000000027,stop_-3%,3
1429,2020-08-07,2020-08-11,621.0,2020-08-20,615.0,-0.9661835748792313,strict_gakutto_next_open,7
1429,2022-07-07,2022-07-08,596.0,2022-07-12,578.12,-3.0000000000000027,stop_-3%,2
1429,2022-09-28,2022-09-29,680.0,2022-10-21,712.0,4.705882352941182,max15_next_open,15
1429,2022-12-27,2022-12-28,858.0,2022-12-29,801.0,-6.643356643356646,stop_gap,1
1429,2023-05-22,2023-05-23,889.0,2023-06-01,908.0,2.1372328458942658,strict_gakutto_next_open,7
1429,2024-04-24,2024-04-25,970.0,2024-05-08,940.9,-3.0000000000000027,stop_-3%,6
1429,2024-06-04,2024-06-05,893.0,2024-06-05,866.2099999999999,-3.0000000000000138,stop_-3%,0
1433,2016-12-20,2016-12-21,1423.3,2017-01-17,2223.3,56.20740532565167,max15_next_open,15
1433,2017-05-30,2017-05-31,2136.0,2017-06-12,2060.0,-3.5580524344569264,stop_gap,8
1433,2019-05-30,2019-05-31,1253.0,2019-06-03,1215.4099999999999,-3.0000000000000138,stop_-3%,1
1433,2019-08-30,2019-09-02,1280.0,2019-09-09,1200.0,-6.25,stop_gap,5
1433,2022-05-06,2022-05-09,1192.0,2022-05-10,1156.24,-3.0000000000000027,stop_-3%,1
1433,2023-12-27,2023-12-28,1035.0,2024-01-15,1061.0,2.512077294685988,strict_gakutto_next_open,8
1433,2024-01-22,2024-01-23,1090.0,2024-01-25,1057.3,-3.0000000000000027,stop_-3%,2
1433,2025-01-20,2025-01-21,1027.0,2025-01-30,996.1899999999999,-3.0000000000000027,stop_-3%,7
1515,2017-01-04,2017-01-05,573.0,2017-01-06,555.81,-3.0000000000000138,stop_-3%,1
1515,2021-04-27,2021-04-28,691.0,2021-05-11,670.27,-3.0000000000000027,stop_-3%,5
1515,2021-11-04,2021-11-05,671.0,2021-11-05,650.87,-3.0000000000000027,stop_-3%,0
1515,2023-08-24,2023-08-25,917.0,2023-09-14,1076.0,17.3391494002181,strict_gakutto_next_open,14
1515,2025-06-27,2025-06-30,1520.0,2025-07-02,1474.0,-3.026315789473688,stop_gap,2
1518,2017-01-04,2017-01-05,265.0,2017-01-12,257.05,-2.9999999999999916,stop_-3%,4
1518,2018-06-27,2018-06-28,320.0,2018-07-06,316.0,-1.2499999999999956,strict_gakutto_next_open,6
1518,2020-12-29,2020-12-30,144.4,2021-01-04,140.068,-2.9999999999999916,stop_-3%,1
1518,2022-07-13,2022-07-14,587.0,2022-07-29,651.0,10.902896081771729,strict_gakutto_next_open,10
1518,2025-11-07,2025-11-10,1410.0,2025-11-10,1367.7,-2.9999999999999916,stop_-3%,0
1662,2017-01-04,2017-01-05,532.0,2017-01-10,516.04,-3.0000000000000027,stop_-3%,2
1662,2017-04-07,2017-04-10,514.0,2017-04-14,498.58,-3.0000000000000027,stop_-3%,4
1662,2018-06-27,2018-06-28,562.8,2018-07-06,560.0,-0.4975124378109319,strict_gakutto_next_open,6
1662,2021-04-16,2021-04-19,420.8,2021-04-21,408.176,-3.0000000000000027,stop_-3%,2
1662,2021-05-06,2021-05-07,422.2,2021-05-14,423.6,0.3315963998105298,strict_gakutto_next_open,5
1662,2024-07-31,2024-08-01,1252.0,2024-08-01,1214.44,-2.9999999999999916,stop_-3%,0
1663,2020-01-21,2020-01-22,778.0,2020-02-13,900.0,15.681233933161964,max15_next_open,15
1663,2020-12-29,2020-12-30,742.0,2020-12-30,719.74,-3.0000000000000027,stop_-3%,0
1663,2022-10-03,2022-10-04,852.5,2022-10-19,901.5,5.747800586510254,strict_gakutto_next_open,10
1663,2023-07-03,2023-07-04,1175.0,2023-07-07,1122.5,-4.468085106382979,stop_gap,3
1663,2024-11-20,2024-11-21,1525.0,2024-11-22,1476.0,-3.2131147540983562,stop_gap,1
1719,2016-12-22,2016-12-26,795.0,2016-12-27,771.15,-3.0000000000000027,stop_-3%,1
1719,2019-05-30,2019-05-31,714.0,2019-06-18,753.0,5.462184873949583,strict_gakutto_next_open,12
1720,2017-08-18,2017-08-21,874.0,2017-09-05,870.0,-0.4576659038901587,strict_gakutto_next_open,11
1720,2017-12-27,2017-12-28,1114.0,2018-01-16,1132.0,1.6157989228007263,strict_gakutto_next_open,9
1720,2018-10-30,2018-10-31,1023.0,2018-11-20,1130.0,10.459433040078192,strict_gakutto_next_open,14
1720,2019-08-29,2019-08-30,719.0,2019-09-24,809.0,12.517385257301816,max15_next_open,15
1721,2017-08-30,2017-08-31,2344.0,2017-09-22,2630.0,12.201365187713309,max15_next_open,15
1721,2018-11-01,2018-11-02,3225.0,2018-11-02,3128.25,-3.0000000000000027,stop_-3%,0
1762,2018-10-17,2018-10-18,3050.0,2018-10-25,2958.5,-3.0000000000000027,stop_-3%,5
1762,2018-12-13,2018-12-14,2788.0,2018-12-20,2704.36,-2.9999999999999916,stop_-3%,4
1762,2020-06-18,2020-06-19,2370.0,2020-06-26,2327.0,-1.8143459915611837,strict_gakutto_next_open,5
1766,2018-05-07,2018-05-08,10900.0,2018-05-10,10573.0,-3.0000000000000027,stop_-3%,2
1766,2020-12-14,2020-12-15,8060.0,2020-12-17,7818.2,-3.0000000000000027,stop_-3%,2
1766,2026-08-10,2026-08-12,13300.0,2026-09-02,13850.0,4.135338345864659,max15_next_open,15
1773,2018-07-10,2018-07-11,30.0,2018-08-08,33.9,12.99999999999999,max15_next_open,15
1780,2017-12-08,2017-12-11,883.0,2017-12-19,875.0,-0.9060022650056676,strict_gakutto_next_open,6
1780,2020-08-11,2020-08-12,818.0,2020-08-19,805.0,-1.58924205378973,strict_gakutto_next_open,5
1780,2023-12-26,2023-12-27,1390.0,2024-01-23,1664.0,19.712230215827333,max15_next_open,15
1780,2024-07-31,2024-08-01,1296.0,2024-08-01,1257.12,-3.0000000000000138,stop_-3%,0
1786,2021-08-13,2021-08-16,280.0,2021-08-17,271.59999999999997,-3.0000000000000138,stop_-3%,1
1786,2023-02-13,2023-02-14,308.0,2023-03-07,323.0,4.870129870129869,strict_gakutto_next_open,14
1801,2016-11-16,2016-11-17,3830.0,2016-12-09,4195.0,9.530026109660582,max15_next_open,15
1801,2018-03-27,2018-03-28,5280.0,2018-04-13,5400.0,2.2727272727272707,strict_gakutto_next_open,12
1801,2018-06-27,2018-06-28,6190.0,2018-07-02,6004.3,-2.9999999999999916,stop_-3%,2
1801,2019-07-31,2019-08-01,3770.0,2019-08-02,3656.9,-3.0000000000000027,stop_-3%,1
1801,2023-02-14,2023-02-15,4405.0,2023-02-16,4272.849999999999,-3.0000000000000138,stop_-3%,1
1802,2022-05-06,2022-05-09,903.0,2022-05-11,875.91,-3.0000000000000027,stop_-3%,2
1802,2026-06-29,2026-06-30,3299.0,2026-07-01,3200.0299999999997,-3.0000000000000027,stop_-3%,1
1803,2018-09-13,2018-09-14,964.0,2018-10-10,1014.0,5.186721991701249,max15_next_open,15
1803,2022-10-04,2022-10-05,736.0,2022-10-13,721.0,-2.0380434782608647,strict_gakutto_next_open,5
1808,2018-01-19,2018-01-22,1805.0,2018-01-29,1796.0,-0.4986149584487509,strict_gakutto_next_open,5
1808,2021-05-06,2021-05-07,1510.0,2021-05-12,1464.7,-2.9999999999999916,stop_-3%,3
1812,2018-09-14,2018-09-18,1562.0,2018-10-01,1650.0,5.633802816901401,strict_gakutto_next_open,8
1812,2022-05-06,2022-05-09,1446.0,2022-05-11,1402.62,-3.0000000000000027,stop_-3%,2
1813,2018-12-13,2018-12-14,1885.0,2018-12-14,1828.45,-3.0000000000000027,stop_-3%,0
1813,2019-02-04,2019-02-05,1695.0,2019-02-12,1615.0,-4.71976401179941,stop_gap,4
1813,2020-01-17,2020-01-20,1675.0,2020-02-03,1618.0,-3.402985074626863,stop_gap,10
1813,2020-07-06,2020-07-07,1491.0,2020-07-09,1446.27,-3.0000000000000027,stop_-3%,2
1813,2023-10-06,2023-10-10,2027.0,2023-10-16,1966.19,-3.0000000000000027,stop_-3%,4
1813,2024-07-31,2024-08-01,2381.0,2024-08-01,2309.57,-2.9999999999999916,stop_-3%,0
1813,2026-04-21,2026-04-22,3100.0,2026-04-22,3007.0,-3.0000000000000027,stop_-3%,0
1813,2026-07-15,2026-07-16,2718.0,2026-07-17,2636.46,-3.0000000000000027,stop_-3%,1
1814,2018-09-14,2018-09-18,1245.0,2018-09-28,1257.0,0.9638554216867545,strict_gakutto_next_open,7
1814,2019-04-15,2019-04-16,926.0,2019-04-19,910.0,-1.7278617710583144,strict_gakutto_next_open,3
1814,2020-12-14,2020-12-15,886.0,2020-12-21,859.42,-3.0000000000000027,stop_-3%,4
1814,2023-03-27,2023-03-28,1172.0,2023-04-04,1165.0,-0.5972696245733822,strict_gakutto_next_open,5
1814,2024-10-28,2024-10-29,1629.0,2024-11-06,1631.0,0.12277470841006721,strict_gakutto_next_open,5
1814,2026-02-05,2026-02-06,3970.0,2026-02-06,3850.9,-3.0000000000000027,stop_-3%,0
1815,2018-10-22,2018-10-23,2728.0,2018-10-25,2646.16,-3.0000000000000027,stop_-3%,2
1815,2019-10-09,2019-10-10,2760.0,2019-10-24,2854.0,3.4057971014492816,strict_gakutto_next_open,8
1815,2020-07-06,2020-07-07,2084.0,2020-07-09,2021.48,-3.0000000000000027,stop_-3%,2
1815,2023-04-03,2023-04-04,1861.0,2023-04-06,1805.0,-3.0091348737238066,strict_gakutto_next_open,2
1815,2023-08-10,2023-08-14,2001.0,2023-08-22,1940.97,-3.0000000000000027,stop_-3%,6
1815,2024-07-29,2024-07-30,2521.0,2024-08-02,2445.37,-3.0000000000000027,stop_-3%,3
1833,2021-06-22,2021-06-23,2932.0,2021-06-30,2915.0,-0.5798090040927684,strict_gakutto_next_open,5
1833,2023-04-12,2023-04-13,3190.0,2023-05-09,3370.0,5.642633228840133,max15_next_open,15
1833,2024-07-31,2024-08-01,5110.0,2024-08-01,4956.7,-3.0000000000000027,stop_-3%,0
1833,2026-04-28,2026-04-30,6080.0,2026-05-15,5980.0,-1.6447368421052655,strict_gakutto_next_open,8
1835,2024-04-24,2024-04-25,3140.0,2024-05-10,3045.7999999999997,-3.0000000000000138,stop_-3%,8
1835,2024-06-14,2024-06-17,3070.0,2024-07-02,3180.0,3.583061889250816,strict_gakutto_next_open,11
1835,2025-11-21,2025-11-25,4350.0,2025-12-03,4280.0,-1.6091954022988464,strict_gakutto_next_open,6
1860,2017-01-04,2017-01-05,646.0,2017-01-13,639.0,-1.0835913312693513,strict_gakutto_next_open,5
1860,2021-06-08,2021-06-09,795.0,2021-06-11,771.15,-3.0000000000000027,stop_-3%,2
1860,2022-08-10,2022-08-12,685.0,2022-08-16,688.0,0.43795620437956373,strict_gakutto_next_open,2
1861,2021-12-02,2021-12-03,690.3,2021-12-21,712.8,3.25945241199479,strict_gakutto_next_open,12
1861,2022-04-14,2022-04-15,683.5,2022-04-22,673.5,-1.4630577907827402,strict_gakutto_next_open,5
1861,2023-11-10,2023-11-13,911.3,2023-11-14,883.9609999999999,-3.0000000000000027,stop_-3%,1
1870,2017-02-07,2017-02-08,1095.0,2017-02-15,1094.0,-0.09132420091324533,strict_gakutto_next_open,5
1870,2020-02-27,2020-02-28,800.0,2020-03-04,774.0,-3.2499999999999973,stop_gap,3
1870,2020-11-30,2020-12-01,902.0,2020-12-02,874.9399999999999,-3.0000000000000027,stop_-3%,1
1871,2018-06-22,2018-06-25,614.0,2018-06-25,595.5799999999999,-3.0000000000000138,stop_-3%,0
1871,2020-06-19,2020-06-22,539.0,2020-06-25,521.0,-3.3395176252319136,strict_gakutto_next_open,3
1871,2020-11-05,2020-11-06,584.0,2020-11-06,566.48,-2.9999999999999916,stop_-3%,0
1871,2025-08-19,2025-08-20,1856.0,2025-08-27,1855.0,-0.053879310344828735,strict_gakutto_next_open,5
1871,2025-09-25,2025-09-26,1843.0,2025-10-01,1787.71,-3.0000000000000027,stop_-3%,3
1873,2018-06-01,2018-06-04,584.0,2018-06-05,560.0,-4.109589041095896,stop_gap,1
1873,2019-06-21,2019-06-24,424.0,2019-07-01,421.0,-0.7075471698113178,strict_gakutto_next_open,5
1878,2019-07-01,2019-07-02,2821.0,2019-07-03,2712.0,-3.8638780574264397,stop_gap,1
1879,2019-06-05,2019-06-06,928.0,2019-06-13,913.0,-1.6163793103448287,strict_gakutto_next_open,5
1879,2023-10-24,2023-10-25,1203.0,2023-10-26,1166.9099999999999,-3.0000000000000138,stop_-3%,1
1879,2024-07-11,2024-07-12,1650.0,2024-07-23,1664.0,0.848484848484854,strict_gakutto_next_open,6
1879,2025-05-21,2025-05-22,1620.0,2025-05-29,1616.0,-0.24691358024691024,strict_gakutto_next_open,5
1882,2017-03-28,2017-03-29,347.0,2017-03-31,340.0,-2.017291066282423,strict_gakutto_next_open,2
1882,2018-03-13,2018-03-14,415.5,2018-03-19,403.03499999999997,-3.0000000000000027,stop_-3%,3
1882,2019-04-25,2019-04-26,289.3,2019-05-08,280.621,-3.0000000000000138,stop_-3%,2
1882,2019-09-02,2019-09-03,307.0,2019-09-26,353.5,15.146579804560268,max15_next_open,15
1882,2020-04-27,2020-04-28,290.0,2020-05-01,281.3,-2.9999999999999916,stop_-3%,2
1882,2021-08-24,2021-08-25,449.5,2021-09-15,467.5,4.004449388209119,max15_next_open,15
1885,2019-05-27,2019-05-28,390.0,2019-05-28,378.3,-2.9999999999999916,stop_-3%,0
1885,2020-12-24,2020-12-25,491.3,2021-01-18,505.8,2.951353551801339,strict_gakutto_next_open,13
1885,2024-07-31,2024-08-01,1021.0,2024-08-01,990.37,-3.0000000000000027,stop_-3%,0
1887,2019-08-13,2019-08-14,514.0,2019-08-15,498.0,-3.11284046692607,stop_gap,1
1887,2024-10-16,2024-10-17,505.0,2024-10-28,498.0,-1.3861386138613874,strict_gakutto_next_open,7
1888,2019-06-05,2019-06-06,1375.0,2019-06-14,1340.0,-2.5454545454545507,strict_gakutto_next_open,6
1888,2020-08-07,2020-08-11,1133.0,2020-08-19,1155.0,1.9417475728155331,strict_gakutto_next_open,6
1888,2020-08-24,2020-08-25,1200.0,2020-08-27,1164.0,-3.0000000000000027,stop_-3%,2
1888,2022-05-06,2022-05-09,1980.0,2022-05-10,1920.6,-3.0000000000000027,stop_-3%,1
1888,2022-05-23,2022-05-24,1927.0,2022-06-14,2159.0,12.039439543331598,max15_next_open,15
1893,2017-02-21,2017-02-22,540.0,2017-03-01,533.0,-1.2962962962962954,strict_gakutto_next_open,5
1893,2018-06-26,2018-06-27,738.0,2018-07-02,715.86,-3.0000000000000027,stop_-3%,3
1893,2022-06-21,2022-06-22,658.0,2022-07-07,695.0,5.623100303951367,strict_gakutto_next_open,11
1893,2024-07-31,2024-08-01,659.0,2024-08-02,622.2,-5.58421851289832,stop_gap,1
1898,2017-04-19,2017-04-20,523.0,2017-05-16,583.0,11.472275334608039,max15_next_open,15
1898,2017-11-22,2017-11-24,616.0,2017-11-28,610.0,-0.9740259740259716,strict_gakutto_next_open,2
1898,2018-12-13,2018-12-14,664.0,2018-12-18,641.0,-3.4638554216867457,stop_gap,2
1898,2020-07-06,2020-07-07,769.0,2020-07-09,745.93,-3.0000000000000027,stop_-3%,2
1899,2022-09-09,2022-09-12,2432.5,2022-09-28,2385.0,-1.9527235354573458,strict_gakutto_next_open,10
1899,2023-01-11,2023-01-12,2230.0,2023-02-02,2255.0,1.1210762331838486,strict_gakutto_next_open,15
1899,2023-03-22,2023-03-23,2245.0,2023-04-07,2257.5,0.556792873051215,strict_gakutto_next_open,11
1899,2026-07-08,2026-07-09,3645.0,2026-07-21,3790.0,3.978052126200282,strict_gakutto_next_open,7
1911,2018-06-26,2018-06-27,553.3,2018-07-03,542.0,-2.042291704319532,strict_gakutto_next_open,4
1911,2021-07-12,2021-07-13,682.7,2021-07-20,669.7,-1.904203896294121,strict_gakutto_next_open,5
1911,2021-10-28,2021-10-29,725.3,2021-11-10,774.7,6.810974769061096,strict_gakutto_next_open,7
1911,2024-03-19,2024-03-21,1520.0,2024-04-11,1618.3,6.467105263157902,max15_next_open,15
1925,2017-01-04,2017-01-05,3350.0,2017-01-12,3249.5,-3.0000000000000027,stop_-3%,4
1925,2018-10-30,2018-10-31,3421.0,2018-11-02,3318.37,-3.0000000000000027,stop_-3%,2
1925,2019-07-01,2019-07-02,3281.0,2019-07-03,3182.5699999999997,-3.0000000000000138,stop_-3%,1
1925,2021-06-22,2021-06-23,3324.0,2021-07-14,3392.0,2.0457280385078214,max15_next_open,15
1925,2025-04-10,2025-04-11,4852.0,2025-04-25,5065.0,4.389942291838422,strict_gakutto_next_open,10
1925,2025-10-20,2025-10-21,5248.0,2025-10-30,5237.0,-0.20960365853658347,strict_gakutto_next_open,7
1925,2025-11-21,2025-11-25,5297.0,2025-12-02,5141.0,-2.9450632433452917,strict_gakutto_next_open,5
1926,2018-10-30,2018-10-31,1510.0,2018-11-06,1471.0,-2.5827814569536423,strict_gakutto_next_open,4
1926,2019-07-01,2019-07-02,1425.0,2019-07-10,1417.0,-0.5614035087719293,strict_gakutto_next_open,6
1926,2020-02-06,2020-02-07,1540.0,2020-02-13,1518.0,-1.4285714285714235,strict_gakutto_next_open,3
1926,2022-01-25,2022-01-26,1888.0,2022-01-27,1831.36,-3.0000000000000027,stop_-3%,1
1928,2018-03-09,2018-03-12,1895.0,2018-03-19,1838.1499999999999,-3.0000000000000027,stop_-3%,5
1928,2018-10-30,2018-10-31,1660.0,2018-11-08,1680.0,1.2048192771084265,strict_gakutto_next_open,6
1928,2020-02-06,2020-02-07,2445.0,2020-02-17,2391.0,-2.208588957055213,strict_gakutto_next_open,5
1928,2020-04-07,2020-04-08,1791.5,2020-04-21,1729.0,-3.488696622941667,stop_gap,9
1928,2025-06-18,2025-06-19,3067.0,2025-07-08,3158.0,2.9670687968698983,strict_gakutto_next_open,13
1928,2026-02-04,2026-02-05,3560.0,2026-03-02,3760.0,5.617977528089879,max15_next_open,15
1929,2020-08-07,2020-08-11,779.0,2020-08-11,755.63,-3.0000000000000027,stop_-3%,0
1929,2023-08-16,2023-08-17,1098.0,2023-08-21,1068.0,-2.732240437158473,strict_gakutto_next_open,2
1929,2026-02-03,2026-02-04,1340.0,2026-02-27,1416.0,5.671641791044779,max15_next_open,15
1930,2019-08-09,2019-08-13,726.7,2019-09-03,717.5,-1.265996972615946,max15_next_open,15
1930,2020-07-06,2020-07-07,791.7,2020-07-09,767.9490000000001,-2.9999999999999916,stop_-3%,2
1930,2021-12-28,2021-12-29,896.0,2022-01-07,875.0,-2.34375,strict_gakutto_next_open,5
1930,2023-07-18,2023-07-19,950.0,2023-07-28,919.0,-3.2631578947368456,stop_gap,7
1930,2025-10-20,2025-10-21,1456.0,2025-10-29,1412.32,-3.0000000000000027,stop_-3%,6
1934,2017-01-04,2017-01-05,826.0,2017-01-06,801.22,-2.9999999999999916,stop_-3%,1
1934,2017-01-23,2017-01-24,810.0,2017-01-24,785.6999999999999,-3.0000000000000138,stop_-3%,0
1934,2017-11-29,2017-11-30,967.0,2017-12-05,937.99,-3.0000000000000027,stop_-3%,3
1934,2022-08-05,2022-08-08,738.0,2022-08-30,753.0,2.0325203252032464,max15_next_open,15
1934,2023-08-10,2023-08-14,865.0,2023-08-21,859.0,-0.6936416184971095,strict_gakutto_next_open,5
1938,2018-07-09,2018-07-10,1579.0,2018-07-17,1531.6299999999999,-3.0000000000000027,stop_-3%,4
1938,2022-10-04,2022-10-05,814.0,2022-10-11,789.0,-3.071253071253066,stop_gap,3
1938,2023-10-24,2023-10-25,1275.0,2023-10-26,1236.75,-3.0000000000000027,stop_-3%,1
1938,2025-11-21,2025-11-25,2116.0,2025-12-03,2092.0,-1.1342155009451793,strict_gakutto_next_open,6
1939,2021-11-12,2021-11-15,545.3,2021-11-17,528.9409999999999,-3.0000000000000027,stop_-3%,2
1939,2022-06-21,2022-06-22,573.7,2022-06-24,564.0,-1.690779152867361,strict_gakutto_next_open,2
1939,2022-10-04,2022-10-05,606.0,2022-10-13,590.0,-2.640264026402639,strict_gakutto_next_open,5
1939,2024-07-30,2024-07-31,1225.0,2024-08-05,1156.7,-5.575510204081624,stop_gap,3
1941,2019-04-15,2019-04-16,2301.0,2019-05-15,2280.0,-0.9126466753585416,max15_next_open,15
1941,2020-04-22,2020-04-23,2112.0,2020-05-07,2126.0,0.6628787878787845,strict_gakutto_next_open,6
1942,2018-02-19,2018-02-20,1209.0,2018-03-01,1196.0,-1.0752688172043001,strict_gakutto_next_open,7
1942,2018-05-29,2018-05-30,1210.0,2018-06-20,1244.0,2.809917355371905,max15_next_open,15
1942,2025-10-06,2025-10-07,4170.0,2025-10-29,4853.0,16.37889688249401,max15_next_open,15
1944,2018-06-27,2018-06-28,1788.0,2018-07-03,1773.0,-0.8389261744966459,strict_gakutto_next_open,3
1944,2023-08-24,2023-08-25,1960.0,2023-09-15,2173.0,10.867346938775512,max15_next_open,15
1944,2025-10-06,2025-10-07,5213.0,2025-10-10,5056.61,-3.0000000000000027,stop_-3%,3
1945,2016-12-08,2016-12-09,958.0,2017-01-04,1013.0,5.741127348643005,max15_next_open,15
1945,2017-01-27,2017-01-30,1035.0,2017-02-01,1017.0,-1.7391304347826098,strict_gakutto_next_open,2
1945,2017-12-08,2017-12-11,1303.0,2017-12-13,1293.0,-0.7674597083653145,strict_gakutto_next_open,2
1945,2022-05-19,2022-05-20,920.0,2022-06-10,981.0,6.630434782608696,max15_next_open,15
1945,2023-06-02,2023-06-05,958.0,2023-06-21,985.0,2.8183716075156573,strict_gakutto_next_open,12
1945,2025-03-03,2025-03-04,1088.0,2025-03-14,1113.0,2.297794117647056,strict_gakutto_next_open,8
1946,2022-03-10,2022-03-11,669.0,2022-03-15,647.0,-3.2884902840059738,stop_gap,2
1946,2023-04-14,2023-04-17,675.0,2023-04-27,674.0,-0.1481481481481528,strict_gakutto_next_open,8
1946,2024-10-15,2024-10-16,924.0,2024-10-23,900.0,-2.5974025974025983,strict_gakutto_next_open,5
1946,2025-10-06,2025-10-07,1412.0,2025-10-14,1351.0,-4.320113314447593,stop_gap,4
1946,2026-02-06,2026-02-09,2200.0,2026-02-13,2134.0,-3.0000000000000027,stop_-3%,3
1946,2026-07-27,2026-07-28,2135.0,2026-07-28,2070.95,-3.0000000000000138,stop_-3%,0
1946,2026-08-05,2026-08-06,2121.0,2026-08-07,2057.37,-3.0000000000000027,stop_-3%,1
1950,2020-08-25,2020-08-26,2177.0,2020-08-28,2111.69,-3.0000000000000027,stop_-3%,2
1950,2024-03-08,2024-03-11,2017.0,2024-03-12,1956.49,-3.0000000000000027,stop_-3%,1
1950,2024-05-27,2024-05-28,1980.0,2024-05-30,1920.0,-3.0303030303030276,stop_gap,2
1950,2025-08-22,2025-08-25,2765.0,2025-08-28,2729.0,-1.3019891500904213,strict_gakutto_next_open,3
1951,2018-11-26,2018-11-27,1427.0,2018-12-04,1416.5,-0.7358093903293672,strict_gakutto_next_open,5
1951,2021-02-25,2021-02-26,1405.0,2021-02-26,1362.85,-3.0000000000000027,stop_-3%,0
1951,2022-10-04,2022-10-05,1091.0,2022-10-13,1070.5,-1.8790100824931266,strict_gakutto_next_open,5
1951,2024-06-14,2024-06-17,1572.0,2024-07-08,1600.0,1.781170483460559,max15_next_open,15
1951,2026-08-06,2026-08-07,2675.0,2026-08-10,2594.75,-3.0000000000000027,stop_-3%,1
1952,2019-05-15,2019-05-16,902.5,2019-05-16,875.425,-3.0000000000000027,stop_-3%,0
1952,2020-01-22,2020-01-23,1088.0,2020-01-24,1055.36,-3.0000000000000138,stop_-3%,1
1952,2020-02-05,2020-02-06,1075.0,2020-02-12,1042.75,-3.0000000000000027,stop_-3%,3
1952,2020-09-08,2020-09-09,1027.5,2020-10-05,1109.5,7.980535279805356,strict_gakutto_next_open,15
1952,2021-02-03,2021-02-04,1076.0,2021-02-18,1144.0,6.3197026022304925,strict_gakutto_next_open,9
1952,2022-05-19,2022-05-20,882.0,2022-05-27,878.0,-0.45351473922902175,strict_gakutto_next_open,5
1952,2022-12-23,2022-12-26,927.5,2023-01-06,915.0,-1.3477088948787075,strict_gakutto_next_open,7
1952,2025-10-06,2025-10-07,3075.0,2025-10-09,2982.75,-3.0000000000000027,stop_-3%,2
1959,2017-04-05,2017-04-06,3110.0,2017-04-21,3145.0,1.12540192926045,strict_gakutto_next_open,11
1959,2017-07-06,2017-07-07,4205.0,2017-07-26,4410.0,4.875148632580251,strict_gakutto_next_open,12
1959,2021-11-12,2021-11-15,3555.0,2021-11-18,3475.0,-2.250351617440227,strict_gakutto_next_open,3
1959,2021-12-28,2021-12-29,3510.0,2022-01-11,3475.0,-0.9971509971509973,strict_gakutto_next_open,6
1959,2026-04-23,2026-04-24,9430.0,2026-04-28,9350.0,-0.8483563096500557,strict_gakutto_next_open,2
1963,2019-10-11,2019-10-15,1465.0,2019-11-07,1605.0,9.55631399317407,max15_next_open,15
1964,2020-08-18,2020-08-19,1515.0,2020-08-20,1469.55,-3.0000000000000027,stop_-3%,1
1964,2021-06-03,2021-06-04,2105.0,2021-06-08,2060.0,-2.137767220902609,strict_gakutto_next_open,2
1964,2022-12-08,2022-12-09,1605.0,2022-12-19,1597.0,-0.4984423676012484,strict_gakutto_next_open,6
1964,2025-06-25,2025-06-26,3360.0,2025-07-07,3259.2,-3.0000000000000027,stop_-3%,7
1964,2026-06-17,2026-06-18,4100.0,2026-06-24,3977.0,-3.0000000000000027,stop_-3%,4
1968,2017-02-07,2017-02-08,724.0,2017-02-09,702.28,-3.0000000000000027,stop_-3%,1
1968,2018-03-12,2018-03-13,870.3,2018-03-16,867.0,-0.37917959324370587,strict_gakutto_next_open,3
1968,2019-01-18,2019-01-21,819.0,2019-01-29,797.0,-2.6862026862026878,strict_gakutto_next_open,6
1968,2021-11-12,2021-11-15,910.0,2021-11-17,882.6999999999999,-3.0000000000000027,stop_-3%,2
1969,2018-10-30,2018-10-31,943.0,2018-11-19,1005.5,6.62778366914103,strict_gakutto_next_open,13
1969,2025-01-31,2025-02-03,3005.0,2025-02-10,2964.5,-1.3477537437604048,strict_gakutto_next_open,5
1969,2026-02-03,2026-02-04,4700.0,2026-02-18,4975.0,5.85106382978724,strict_gakutto_next_open,9
1975,2018-05-31,2018-06-01,853.8,2018-06-18,867.5,1.6045912391660755,strict_gakutto_next_open,11
1975,2018-09-07,2018-09-10,783.8,2018-09-28,857.5,9.402908905332996,strict_gakutto_next_open,12
1975,2018-10-18,2018-10-19,833.8,2018-10-23,808.786,-3.0000000000000027,stop_-3%,2
1975,2019-07-25,2019-07-26,667.3,2019-08-05,647.281,-3.0000000000000027,stop_-3%,6
1975,2021-02-18,2021-02-19,749.8,2021-03-04,749.8,0.0,strict_gakutto_next_open,8
1975,2022-03-10,2022-03-11,721.3,2022-03-28,813.8,12.824067655621786,strict_gakutto_next_open,10
1976,2019-04-15,2019-04-16,745.0,2019-05-08,722.65,-3.0000000000000027,stop_-3%,10
1976,2023-08-10,2023-08-14,929.0,2023-08-21,920.0,-0.9687836383207804,strict_gakutto_next_open,5
1976,2025-06-17,2025-06-18,1453.0,2025-07-01,1498.0,3.0970406056434863,strict_gakutto_next_open,9
1979,2016-11-11,2016-11-14,1340.0,2016-12-06,1402.5,4.664179104477606,max15_next_open,15
1979,2018-12-17,2018-12-18,1487.5,2018-12-21,1461.5,-1.7478991596638682,strict_gakutto_next_open,3
1979,2020-08-11,2020-08-12,1482.5,2020-08-20,1476.0,-0.43844856661044984,strict_gakutto_next_open,6
1979,2023-06-02,2023-06-05,1915.0,2023-06-20,1977.5,3.2637075718015662,strict_gakutto_next_open,11
1979,2024-07-30,2024-07-31,2515.0,2024-08-02,2432.5,-3.2803180914512953,stop_gap,2
1980,2017-02-13,2017-02-14,319.7,2017-03-01,328.3,2.6900218955270727,strict_gakutto_next_open,11
1980,2019-02-20,2019-02-21,416.7,2019-02-22,404.19899999999996,-3.0000000000000027,stop_-3%,1
1980,2019-08-30,2019-09-02,349.8,2019-09-04,337.8,-3.430531732418529,stop_gap,2
1980,2020-04-22,2020-04-23,437.5,2020-05-07,447.0,2.1714285714285797,strict_gakutto_next_open,6
1980,2024-07-08,2024-07-09,1016.7,2024-07-18,992.0,-2.4294285433264506,strict_gakutto_next_open,6
1980,2024-10-30,2024-10-31,1001.7,2024-11-19,1173.3,17.130877508235987,strict_gakutto_next_open,12
1982,2017-02-10,2017-02-13,855.0,2017-02-28,854.5,-0.05847953216374657,strict_gakutto_next_open,11
1982,2018-12-13,2018-12-14,936.5,2018-12-19,908.405,-3.0000000000000027,stop_-3%,3
1982,2020-08-07,2020-08-11,912.0,2020-08-18,898.0,-1.5350877192982448,strict_gakutto_next_open,5
1982,2021-04-07,2021-04-08,959.0,2021-04-12,961.0,0.2085505735140769,strict_gakutto_next_open,2
1982,2024-04-23,2024-04-24,1466.0,2024-04-25,1422.02,-3.0000000000000027,stop_-3%,1
2001,2018-08-08,2018-08-09,1902.0,2018-08-16,1876.0,-1.3669821240799185,strict_gakutto_next_open,5
2002,2020-01-31,2020-02-03,1868.0,2020-02-13,1894.0,1.3918629550321304,strict_gakutto_next_open,7
2002,2022-12-21,2022-12-22,1589.0,2023-01-17,1603.0,0.8810572687224738,max15_next_open,15
2002,2026-03-18,2026-03-19,2062.0,2026-03-24,2037.5,-1.1881668283220126,strict_gakutto_next_open,2
2004,2017-04-19,2017-04-20,2940.0,2017-05-16,2960.0,0.6802721088435382,strict_gakutto_next_open,15
2004,2018-10-30,2018-10-31,2829.0,2018-11-14,2744.13,-2.9999999999999916,stop_-3%,10
2004,2023-06-02,2023-06-05,2668.0,2023-06-16,2714.0,1.724137931034475,strict_gakutto_next_open,9
2053,2018-01-25,2018-01-26,2390.0,2018-01-31,2318.2999999999997,-3.0000000000000138,stop_-3%,3
2053,2020-08-25,2020-08-26,1645.0,2020-08-28,1595.6499999999999,-3.0000000000000138,stop_-3%,2
2053,2020-09-08,2020-09-09,1583.0,2020-10-02,1769.0,11.74984207201517,strict_gakutto_next_open,14
2053,2022-05-16,2022-05-17,1020.0,2022-05-25,1026.0,0.588235294117645,strict_gakutto_next_open,6
2060,2019-03-15,2019-03-18,870.0,2019-03-29,870.0,0.0,strict_gakutto_next_open,8
2060,2022-05-16,2022-05-17,660.0,2022-05-25,656.0,-0.60606060606061,strict_gakutto_next_open,6
2108,2017-06-02,2017-06-05,2276.0,2017-06-13,2207.72,-3.0000000000000138,stop_-3%,6
2108,2018-03-27,2018-03-28,2322.0,2018-04-04,2310.0,-0.5167958656330796,strict_gakutto_next_open,5
2108,2018-07-11,2018-07-12,2340.0,2018-07-26,2374.0,1.4529914529914478,strict_gakutto_next_open,9
2108,2019-07-25,2019-07-26,2041.0,2019-08-02,1979.77,-3.0000000000000027,stop_-3%,5
2108,2022-01-24,2022-01-25,1714.0,2022-01-27,1662.58,-3.0000000000000027,stop_-3%,2
2108,2025-10-20,2025-10-21,2951.0,2025-11-12,3240.0,9.793290410030497,max15_next_open,15
2109,2018-10-17,2018-10-18,3050.0,2018-10-24,2972.0,-2.5573770491803316,strict_gakutto_next_open,4
2120,2020-12-10,2020-12-11,392.0,2020-12-18,385.0,-1.7857142857142905,strict_gakutto_next_open,5
2120,2026-07-29,2026-07-30,201.0,2026-08-21,246.0,22.388059701492537,max15_next_open,15
2121,2020-10-28,2020-10-29,2898.0,2020-11-04,2810.0,-3.0365769496204287,stop_gap,3
2121,2021-03-09,2021-03-10,2679.0,2021-03-24,2855.0,6.56961552818216,strict_gakutto_next_open,10
2124,2018-05-31,2018-06-01,539.8,2018-06-18,548.3,1.5746572804742565,strict_gakutto_next_open,11
2124,2019-11-18,2019-11-19,514.5,2019-12-10,526.3,2.293488824101053,max15_next_open,15
2124,2021-08-11,2021-08-12,449.5,2021-08-12,436.015,-3.0000000000000027,stop_-3%,0
2124,2023-04-12,2023-04-13,624.0,2023-04-27,627.3,0.5288461538461409,strict_gakutto_next_open,10
2124,2024-03-15,2024-03-18,743.0,2024-03-18,720.71,-2.9999999999999916,stop_-3%,0
2127,2021-03-11,2021-03-12,2965.0,2021-03-25,2960.0,-0.1686340640809414,strict_gakutto_next_open,9
2127,2023-10-27,2023-10-30,709.5,2023-10-30,688.215,-2.9999999999999916,stop_-3%,0
2127,2026-02-02,2026-02-03,742.7,2026-02-10,721.2,-2.894843139894976,strict_gakutto_next_open,5
2130,2017-08-07,2017-08-08,673.0,2017-08-09,641.0,-4.754829123328386,stop_gap,1
2130,2021-05-20,2021-05-21,2855.0,2021-06-02,2823.0,-1.1208406304728524,strict_gakutto_next_open,8
2130,2023-09-27,2023-09-28,1222.0,2023-10-02,1199.0,-1.882160392798693,strict_gakutto_next_open,2
2130,2024-07-29,2024-07-30,940.0,2024-08-01,911.8,-3.0000000000000027,stop_-3%,2
2130,2025-01-24,2025-01-27,1012.0,2025-02-03,996.0,-1.5810276679841917,strict_gakutto_next_open,5
2130,2025-03-27,2025-03-28,1132.0,2025-04-02,1098.04,-3.0000000000000027,stop_-3%,3
2130,2025-07-14,2025-07-15,1210.0,2025-07-17,1207.0,-0.24793388429752428,strict_gakutto_next_open,2
2146,2024-07-31,2024-08-01,213.7,2024-08-01,207.289,-3.0000000000000027,stop_-3%,0
2148,2019-03-19,2019-03-20,426.0,2019-04-02,463.0,8.685446009389675,strict_gakutto_next_open,8
2148,2019-04-23,2019-04-24,465.0,2019-04-26,451.05,-3.0000000000000027,stop_-3%,2
2148,2021-10-28,2021-10-29,2305.0,2021-11-01,2235.85,-3.0000000000000027,stop_-3%,1
2148,2022-05-02,2022-05-06,1775.0,2022-05-09,1721.75,-3.0000000000000027,stop_-3%,1
2148,2022-09-15,2022-09-16,1677.0,2022-09-20,1626.69,-2.9999999999999916,stop_-3%,1
2148,2023-05-12,2023-05-15,1317.0,2023-05-17,1277.49,-3.0000000000000027,stop_-3%,2
2148,2024-12-03,2024-12-04,1550.0,2024-12-04,1503.5,-3.0000000000000027,stop_-3%,0
2153,2019-12-05,2019-12-06,735.0,2019-12-27,835.5,13.67346938775511,strict_gakutto_next_open,15
2153,2020-06-10,2020-06-11,780.5,2020-06-11,757.0849999999999,-3.0000000000000138,stop_-3%,0
2153,2020-09-15,2020-09-16,1182.5,2020-10-05,1276.5,7.94926004228329,strict_gakutto_next_open,10
2153,2021-05-10,2021-05-11,1129.0,2021-05-13,1090.0,-3.454384410983169,stop_gap,2
2153,2024-07-31,2024-08-01,1798.0,2024-08-02,1723.0,-4.171301446051167,stop_gap,1
2154,2021-12-22,2021-12-23,1713.0,2021-12-24,1661.61,-3.0000000000000027,stop_-3%,1
2154,2022-09-05,2022-09-06,1629.0,2022-09-22,1580.1299999999999,-3.0000000000000027,stop_-3%,11
2154,2025-09-02,2025-09-03,1897.0,2025-09-05,1840.09,-3.0000000000000027,stop_-3%,2
2154,2026-08-10,2026-08-12,2062.0,2026-08-13,1996.0,-3.200775945683798,stop_gap,1
2157,2017-10-11,2017-10-12,925.0,2017-10-26,1106.3,19.599999999999994,strict_gakutto_next_open,10
2157,2019-06-20,2019-06-21,1413.0,2019-07-12,1556.0,10.120311394196735,strict_gakutto_next_open,15
2157,2024-12-03,2024-12-04,1160.0,2024-12-13,1155.0,-0.4310344827586188,strict_gakutto_next_open,7
2157,2026-06-29,2026-06-30,967.0,2026-07-22,1050.0,8.583247156153039,max15_next_open,15
2163,2018-06-07,2018-06-08,584.5,2018-06-11,552.5,-5.4747647562018775,stop_gap,1
2163,2018-07-18,2018-07-19,585.0,2018-07-23,567.4499999999999,-3.0000000000000138,stop_-3%,2
2163,2021-11-25,2021-11-26,434.5,2021-11-29,420.5,-3.2220943613348707,stop_gap,1
2168,2019-06-20,2019-06-21,1671.0,2019-06-24,1620.87,-3.0000000000000027,stop_-3%,1
2168,2022-09-13,2022-09-14,1994.0,2022-09-20,1990.0,-0.20060180541624506,strict_gakutto_next_open,3
2168,2024-06-04,2024-06-05,2184.0,2024-06-21,2203.0,0.8699633699633669,strict_gakutto_next_open,12
2170,2018-08-13,2018-08-14,1285.0,2018-08-16,1246.45,-2.9999999999999916,stop_-3%,2
2170,2023-08-09,2023-08-10,412.0,2023-08-21,412.0,0.0,strict_gakutto_next_open,6
2170,2025-09-26,2025-09-29,544.0,2025-10-01,525.0,-3.492647058823528,stop_gap,2
2170,2026-03-27,2026-03-30,530.0,2026-04-13,574.0,8.301886792452828,strict_gakutto_next_open,10
2175,2019-04-15,2019-04-16,1926.0,2019-05-15,2420.0,25.649013499480787,max15_next_open,15
2181,2025-02-13,2025-02-14,231.5,2025-03-10,241.4,4.276457883369322,max15_next_open,15
2198,2022-05-12,2022-05-13,570.0,2022-05-27,587.0,2.9824561403508865,strict_gakutto_next_open,10
2198,2023-12-19,2023-12-20,630.0,2024-01-16,700.0,11.111111111111116,max15_next_open,15
2201,2017-01-26,2017-01-27,2410.0,2017-02-07,2390.0,-0.8298755186721962,strict_gakutto_next_open,7
2201,2018-01-23,2018-01-24,2860.0,2018-01-31,2870.0,0.34965034965035446,strict_gakutto_next_open,5
2201,2019-05-15,2019-05-16,2290.0,2019-05-31,2465.0,7.641921397379914,strict_gakutto_next_open,11
2201,2019-10-30,2019-10-31,2710.0,2019-11-20,2890.0,6.6420664206642055,strict_gakutto_next_open,13
2201,2020-01-10,2020-01-14,2685.0,2020-01-20,2670.0,-0.5586592178770999,strict_gakutto_next_open,4
2201,2020-05-12,2020-05-13,2302.5,2020-05-15,2160.0,-6.1889250814332275,stop_gap,2
2201,2022-05-19,2022-05-20,1987.5,2022-06-03,1970.0,-0.8805031446540879,strict_gakutto_next_open,10
2201,2022-12-08,2022-12-09,1890.0,2022-12-30,1957.5,3.571428571428581,strict_gakutto_next_open,15
2201,2023-12-06,2023-12-07,2671.5,2023-12-11,2650.0,-0.8047913157402165,strict_gakutto_next_open,2
2206,2020-02-04,2020-02-05,4845.0,2020-02-13,4750.0,-1.9607843137254943,strict_gakutto_next_open,5
2206,2022-06-17,2022-06-20,3655.0,2022-07-06,3910.0,6.976744186046502,strict_gakutto_next_open,12
2207,2019-03-15,2019-03-18,1432.0,2019-04-09,1438.0,0.41899441340782495,max15_next_open,15
2207,2019-04-15,2019-04-16,1463.0,2019-04-23,1455.0,-0.5468215994531733,strict_gakutto_next_open,5
2209,2019-08-09,2019-08-13,2038.0,2019-09-03,2082.0,2.158979391560356,max15_next_open,15
2209,2020-09-08,2020-09-09,2268.0,2020-10-05,2443.0,7.716049382716039,strict_gakutto_next_open,15
2211,2018-03-13,2018-03-14,2468.0,2018-04-05,2603.0,5.470016207455419,max15_next_open,15
2211,2019-04-15,2019-04-16,2196.0,2019-04-18,2130.12,-3.0000000000000027,stop_-3%,2
2212,2022-01-21,2022-01-24,1571.0,2022-02-03,1612.0,2.6098026734564073,strict_gakutto_next_open,8
2212,2022-06-16,2022-06-17,1525.0,2022-07-08,1748.0,14.62295081967213,max15_next_open,15
2212,2023-10-19,2023-10-20,2662.0,2023-11-13,3134.0,17.731029301277236,max15_next_open,15
2212,2026-02-24,2026-02-25,3490.0,2026-02-25,3385.2999999999997,-3.0000000000000027,stop_-3%,0
2217,2017-10-03,2017-10-04,1250.0,2017-10-06,1212.5,-3.0000000000000027,stop_-3%,2
2217,2017-10-18,2017-10-19,1238.3,2017-10-20,1201.1509999999998,-3.0000000000000138,stop_-3%,1
2217,2018-12-12,2018-12-13,903.3,2018-12-17,876.2009999999999,-3.0000000000000027,stop_-3%,2
2217,2024-09-19,2024-09-20,1511.7,2024-10-01,1511.7,0.0,strict_gakutto_next_open,6
2220,2016-12-12,2016-12-13,1706.7,2017-01-06,1810.0,6.052616159840629,max15_next_open,15
2220,2017-11-21,2017-11-22,1746.7,2017-12-14,1816.7,4.007557107688786,max15_next_open,15
2220,2021-12-28,2021-12-29,1435.0,2022-01-19,1401.7,-2.320557491289199,strict_gakutto_next_open,12
2220,2022-03-10,2022-03-11,1363.3,2022-03-24,1365.0,0.1246974253649169,strict_gakutto_next_open,8
2220,2024-04-24,2024-04-25,1395.0,2024-05-07,1368.3,-1.9139784946236582,strict_gakutto_next_open,5
2220,2024-10-29,2024-10-30,1418.3,2024-11-11,1435.0,1.1774659803990728,strict_gakutto_next_open,7
2220,2025-11-07,2025-11-10,1303.3,2025-11-19,1306.7,0.2608762372439344,strict_gakutto_next_open,7
2222,2019-04-01,2019-04-02,889.0,2019-04-02,862.3299999999999,-3.0000000000000027,stop_-3%,0
2222,2020-11-05,2020-11-06,1016.0,2020-11-09,985.52,-3.0000000000000027,stop_-3%,1
2222,2022-12-13,2022-12-14,1558.0,2022-12-19,1511.26,-3.0000000000000027,stop_-3%,3
2222,2023-08-31,2023-09-01,2300.0,2023-09-13,2346.0,2.0000000000000018,strict_gakutto_next_open,8
2222,2023-12-25,2023-12-26,2210.0,2023-12-29,2143.7,-3.0000000000000138,stop_-3%,3
2222,2025-03-11,2025-03-12,2385.0,2025-03-13,2313.45,-3.0000000000000027,stop_-3%,1
2229,2017-04-17,2017-04-18,3845.0,2017-04-21,3785.0,-1.5604681404421283,strict_gakutto_next_open,3
2229,2017-07-11,2017-07-12,4400.0,2017-08-01,4565.0,3.750000000000009,strict_gakutto_next_open,13
2229,2023-01-20,2023-01-23,2901.0,2023-01-30,2868.0,-1.1375387797311287,strict_gakutto_next_open,5
2229,2024-06-19,2024-06-20,3140.0,2024-06-27,3110.0,-0.9554140127388533,strict_gakutto_next_open,5
2264,2017-06-14,2017-06-15,588.1,2017-06-19,570.457,-3.0000000000000027,stop_-3%,2
2264,2022-06-17,2022-06-20,570.0,2022-06-21,552.9,-3.0000000000000027,stop_-3%,1
2264,2023-02-10,2023-02-13,599.4,2023-02-13,581.418,-2.9999999999999916,stop_-3%,0
2264,2024-05-31,2024-06-03,816.5,2024-06-06,792.005,-3.0000000000000027,stop_-3%,3
2264,2025-10-17,2025-10-20,849.8,2025-10-29,843.0,-0.8001882795951931,strict_gakutto_next_open,7
2266,2020-10-19,2020-10-20,1781.0,2020-10-22,1727.57,-3.0000000000000027,stop_-3%,2
2266,2021-01-26,2021-01-27,1823.0,2021-02-03,1773.0,-2.742731760833794,strict_gakutto_next_open,5
2266,2021-07-08,2021-07-09,1545.0,2021-07-16,1532.0,-0.8414239482200658,strict_gakutto_next_open,5
2266,2022-03-15,2022-03-16,1550.0,2022-03-29,1569.0,1.2258064516128986,strict_gakutto_next_open,8
2266,2025-02-18,2025-02-19,1190.0,2025-02-20,1154.3,-3.0000000000000027,stop_-3%,1
2266,2025-06-26,2025-06-27,1210.0,2025-07-17,1255.0,3.7190082644628086,strict_gakutto_next_open,14
2267,2018-06-26,2018-06-27,3705.0,2018-07-02,3593.85,-3.0000000000000027,stop_-3%,3
2267,2021-03-04,2021-03-05,2785.0,2021-03-18,2810.0,0.8976660682226134,strict_gakutto_next_open,9
2267,2023-01-10,2023-01-11,4495.0,2023-01-17,4360.15,-3.0000000000000027,stop_-3%,4
2267,2024-04-16,2024-04-17,3065.0,2024-04-19,2973.0499999999997,-3.0000000000000138,stop_-3%,2
2269,2026-06-23,2026-06-24,3688.0,2026-07-13,3804.0,3.14533622559654,strict_gakutto_next_open,13
2270,2018-03-27,2018-03-28,2845.0,2018-04-16,3150.0,10.720562390158172,strict_gakutto_next_open,13
2270,2018-09-12,2018-09-13,2766.0,2018-10-05,2904.0,4.989154013015185,strict_gakutto_next_open,14
2270,2023-10-06,2023-10-10,2313.0,2023-10-16,2257.0,-2.4210981409425014,strict_gakutto_next_open,4
2270,2024-04-23,2024-04-24,2605.0,2024-04-26,2519.0,-3.30134357005758,strict_gakutto_next_open,2
2270,2025-08-20,2025-08-21,2896.0,2025-08-29,2895.0,-0.034530386740327934,strict_gakutto_next_open,6
2281,2018-04-19,2018-04-20,3105.0,2018-05-16,3315.0,6.763285024154597,max15_next_open,15
2281,2020-02-03,2020-02-04,2412.0,2020-02-17,2541.0,5.348258706467668,strict_gakutto_next_open,8
2282,2018-06-26,2018-06-27,4460.0,2018-07-02,4326.2,-3.0000000000000027,stop_-3%,3
2282,2022-02-10,2022-02-14,4320.0,2022-03-02,4190.4,-3.0000000000000138,stop_-3%,11
2282,2022-04-07,2022-04-08,4165.0,2022-04-12,4150.0,-0.36014405762304635,strict_gakutto_next_open,2
2282,2025-07-15,2025-07-16,4830.0,2025-08-07,5300.0,9.730848861283636,max15_next_open,15
2288,2025-05-14,2025-05-15,1822.0,2025-05-23,1800.0,-1.207464324917673,strict_gakutto_next_open,6
2292,2017-09-11,2017-09-12,4290.0,2017-09-12,4161.3,-2.9999999999999916,stop_-3%,0
2292,2019-09-05,2019-09-06,3030.0,2019-09-25,3130.0,3.300330033003296,strict_gakutto_next_open,11
2292,2021-10-14,2021-10-15,2967.0,2021-11-08,3390.0,14.256825075834168,max15_next_open,15
2292,2023-01-23,2023-01-24,2872.0,2023-02-08,2877.0,0.17409470752089984,strict_gakutto_next_open,11
2296,2020-02-03,2020-02-04,3480.0,2020-02-13,3455.0,-0.7183908045977017,strict_gakutto_next_open,6
2301,2017-03-16,2017-03-17,1212.0,2017-03-28,1211.0,-0.08250825082508628,strict_gakutto_next_open,6
2301,2019-11-11,2019-11-12,1525.0,2019-11-14,1479.25,-3.0000000000000027,stop_-3%,2
2301,2021-08-24,2021-08-25,1145.0,2021-09-15,1300.0,13.53711790393013,max15_next_open,15
2301,2024-01-19,2024-01-22,1786.0,2024-02-05,1771.0,-0.8398656215005573,strict_gakutto_next_open,10
2301,2025-01-17,2025-01-20,2185.0,2025-02-05,2172.0,-0.594965675057213,strict_gakutto_next_open,12
2307,2019-03-15,2019-03-18,515.0,2019-03-19,499.55,-3.0000000000000027,stop_-3%,1
2307,2019-08-20,2019-08-21,483.0,2019-08-28,473.0,-2.0703933747411973,strict_gakutto_next_open,5
2307,2021-05-18,2021-05-19,506.0,2021-05-28,508.0,0.39525691699604515,strict_gakutto_next_open,7
2307,2021-11-02,2021-11-04,650.0,2021-11-04,630.5,-3.0000000000000027,stop_-3%,0
2307,2026-03-27,2026-03-30,958.0,2026-04-14,966.0,0.8350730688935215,strict_gakutto_next_open,11
2317,2017-10-24,2017-10-25,174.9,2017-10-26,169.653,-3.0000000000000027,stop_-3%,1
2317,2018-01-17,2018-01-18,239.4,2018-01-22,232.218,-3.0000000000000027,stop_-3%,2
2317,2022-10-04,2022-10-05,428.0,2022-10-13,415.15999999999997,-3.0000000000000027,stop_-3%,5
2317,2022-12-28,2022-12-29,402.0,2023-01-05,396.0,-1.4925373134328401,strict_gakutto_next_open,3
2325,2018-01-24,2018-01-25,1599.0,2018-02-06,1521.0,-4.878048780487809,stop_gap,8
2325,2019-09-03,2019-09-04,1558.0,2019-09-27,1766.0,13.350449293966626,max15_next_open,15
2325,2021-03-04,2021-03-05,1890.0,2021-03-25,2025.0,7.14285714285714,strict_gakutto_next_open,14
2325,2021-06-24,2021-06-25,2119.0,2021-07-01,2055.43,-3.0000000000000027,stop_-3%,4
2325,2022-06-24,2022-06-27,1989.0,2022-06-29,1918.0,-3.5696329813976857,stop_gap,2
2325,2023-03-22,2023-03-23,2198.0,2023-04-05,2213.0,0.6824385805277444,strict_gakutto_next_open,9
2325,2026-02-02,2026-02-03,5030.0,2026-02-10,4970.0,-1.1928429423459286,strict_gakutto_next_open,5
2326,2018-01-04,2018-01-05,4655.0,2018-01-26,4515.349999999999,-3.0000000000000138,stop_-3%,14
2326,2018-06-27,2018-06-28,5750.0,2018-07-06,5750.0,0.0,strict_gakutto_next_open,6
2326,2019-03-27,2019-03-28,9000.0,2019-04-18,9840.0,9.333333333333327,max15_next_open,15
2326,2020-07-07,2020-07-08,8800.0,2020-07-08,8536.0,-3.0000000000000027,stop_-3%,0
2326,2020-12-08,2020-12-09,8940.0,2020-12-10,8671.8,-3.0000000000000027,stop_-3%,1
2326,2023-05-02,2023-05-08,5290.0,2023-05-29,5760.0,8.884688090737235,max15_next_open,15
2326,2023-07-31,2023-08-01,5320.0,2023-08-02,5160.4,-3.0000000000000027,stop_-3%,1
2327,2020-11-26,2020-11-27,1520.0,2020-12-04,1479.5,-2.664473684210522,strict_gakutto_next_open,5
2327,2025-10-21,2025-10-22,3601.0,2025-11-07,3679.0,2.166064981949467,strict_gakutto_next_open,11
2331,2022-01-24,2022-01-25,863.0,2022-01-27,837.11,-3.0000000000000027,stop_-3%,2
2331,2024-10-08,2024-10-09,1041.0,2024-10-17,1033.0,-0.7684918347742542,strict_gakutto_next_open,5
2335,2017-06-20,2017-06-21,892.0,2017-06-21,865.24,-3.0000000000000027,stop_-3%,0
2335,2017-10-24,2017-10-25,822.0,2017-11-15,831.0,1.0948905109489093,strict_gakutto_next_open,14
2335,2018-08-23,2018-08-24,952.0,2018-08-31,948.0,-0.42016806722688926,strict_gakutto_next_open,5
2335,2019-08-30,2019-09-02,761.0,2019-09-03,738.17,-3.0000000000000027,stop_-3%,1
2335,2020-11-27,2020-11-30,1459.0,2020-12-03,1413.0,-3.152844413982181,stop_gap,3
2335,2021-02-10,2021-02-12,1203.0,2021-02-18,1183.0,-1.6625103906899419,strict_gakutto_next_open,4
2335,2021-06-23,2021-06-24,1070.0,2021-07-01,1046.0,-2.242990654205612,strict_gakutto_next_open,5
2337,2021-07-02,2021-07-05,364.0,2021-07-15,353.08,-3.0000000000000027,stop_-3%,8
2337,2022-06-21,2022-06-22,302.0,2022-07-06,307.0,1.655629139072845,strict_gakutto_next_open,10
2337,2024-04-12,2024-04-15,423.0,2024-04-22,438.0,3.546099290780136,strict_gakutto_next_open,5
2353,2021-08-05,2021-08-06,162.0,2021-08-17,162.0,0.0,strict_gakutto_next_open,6
2353,2022-06-23,2022-06-24,170.0,2022-07-13,168.0,-1.17647058823529,strict_gakutto_next_open,13
2353,2023-02-16,2023-02-17,257.0,2023-02-22,249.29,-3.0000000000000027,stop_-3%,3
2353,2023-08-10,2023-08-14,214.0,2023-08-21,213.0,-0.4672897196261627,strict_gakutto_next_open,5
2353,2023-11-15,2023-11-16,207.0,2023-12-04,200.79,-3.0000000000000027,stop_-3%,11
2353,2024-05-07,2024-05-08,198.0,2024-05-29,194.0,-2.020202020202022,max15_next_open,15
2353,2024-12-19,2024-12-20,214.0,2025-01-06,216.0,0.9345794392523255,strict_gakutto_next_open,7
2359,2017-07-10,2017-07-11,1520.0,2017-07-20,1546.0,1.7105263157894735,strict_gakutto_next_open,6
2359,2019-07-25,2019-07-26,1639.0,2019-07-30,1485.0,-9.395973154362414,stop_gap,2
2359,2021-03-05,2021-03-08,1512.0,2021-03-09,1466.6399999999999,-3.0000000000000138,stop_-3%,1
2359,2022-09-08,2022-09-09,1429.0,2022-09-16,1408.0,-1.469559132260323,strict_gakutto_next_open,5
2371,2017-04-03,2017-04-04,1564.0,2017-04-14,1560.0,-0.2557544757033292,strict_gakutto_next_open,8
2371,2018-11-22,2018-11-26,2049.0,2018-12-07,2239.0,9.272816007808693,strict_gakutto_next_open,9
2371,2020-09-16,2020-09-17,2630.0,2020-09-28,2681.0,1.9391634980988615,strict_gakutto_next_open,5
2371,2020-12-29,2020-12-30,2831.0,2021-01-04,2746.0699999999997,-3.0000000000000138,stop_-3%,1
2371,2023-01-12,2023-01-13,2145.0,2023-01-13,2080.65,-2.9999999999999916,stop_-3%,0
2371,2024-04-24,2024-04-25,1828.5,2024-04-26,1773.645,-3.0000000000000027,stop_-3%,1
2378,2018-07-13,2018-07-17,2425.0,2018-08-06,2352.25,-3.0000000000000027,stop_-3%,14
2378,2021-08-24,2021-08-25,1179.0,2021-09-07,1187.0,0.6785411365564098,strict_gakutto_next_open,9
2378,2022-01-21,2022-01-24,1035.0,2022-01-25,1003.9499999999999,-3.0000000000000027,stop_-3%,1
2378,2024-05-30,2024-05-31,941.0,2024-06-04,932.0,-0.9564293304994642,strict_gakutto_next_open,2
2384,2017-01-24,2017-01-25,828.0,2017-01-27,803.16,-3.0000000000000027,stop_-3%,2
2384,2018-11-26,2018-11-27,1426.0,2018-11-30,1383.22,-3.0000000000000027,stop_-3%,3
2384,2019-03-28,2019-03-29,1834.0,2019-04-17,1953.0,6.488549618320616,strict_gakutto_next_open,13
2384,2023-05-12,2023-05-15,3190.0,2023-05-22,3195.0,0.15673981191222097,strict_gakutto_next_open,5
2384,2024-07-12,2024-07-16,2705.0,2024-07-16,2623.85,-3.0000000000000027,stop_-3%,0
2384,2026-04-30,2026-05-01,4170.0,2026-05-18,4695.0,12.589928057553967,strict_gakutto_next_open,8
2395,2017-02-24,2017-02-27,576.0,2017-03-02,570.0,-1.041666666666663,strict_gakutto_next_open,3
2395,2018-10-17,2018-10-18,573.0,2018-10-19,553.0,-3.4904013961605584,stop_gap,1
2395,2020-10-09,2020-10-12,723.0,2020-10-16,701.31,-3.0000000000000027,stop_-3%,4
2395,2021-06-11,2021-06-14,798.0,2021-06-25,830.0,4.010025062656641,strict_gakutto_next_open,9
2395,2022-07-29,2022-08-01,2088.0,2022-08-01,2025.36,-3.0000000000000027,stop_-3%,0
2395,2023-06-16,2023-06-19,2230.0,2023-06-23,2163.1,-3.0000000000000027,stop_-3%,4
2395,2025-07-23,2025-07-24,1405.0,2025-08-04,1362.85,-3.0000000000000027,stop_-3%,7
2395,2026-05-08,2026-05-11,1437.0,2026-05-11,1393.8899999999999,-3.0000000000000138,stop_-3%,0
2410,2016-11-11,2016-11-14,950.0,2016-11-28,1090.0,14.73684210526316,strict_gakutto_next_open,9
2410,2018-01-16,2018-01-17,2352.0,2018-01-17,2281.44,-3.0000000000000027,stop_-3%,0
2410,2018-10-16,2018-10-17,1591.0,2018-10-24,1543.27,-3.0000000000000027,stop_-3%,5
2410,2019-06-10,2019-06-11,1557.0,2019-06-19,1565.0,0.5138086062941527,strict_gakutto_next_open,6
2410,2022-06-27,2022-06-28,1141.0,2022-07-01,1106.77,-3.0000000000000027,stop_-3%,3
2410,2022-11-07,2022-11-08,1479.0,2022-11-17,1493.0,0.9465855307640325,strict_gakutto_next_open,7
2410,2024-01-22,2024-01-23,2061.0,2024-02-01,1910.0,-7.3265405143134394,stop_gap,7
2413,2017-09-11,2017-09-12,1507.5,2017-09-22,1575.0,4.477611940298498,strict_gakutto_next_open,7
2413,2018-08-07,2018-08-08,2165.0,2018-08-22,2147.5,-0.8083140877598205,strict_gakutto_next_open,10
2413,2019-01-31,2019-02-01,1554.0,2019-02-08,1528.0,-1.6731016731016735,strict_gakutto_next_open,5
2429,2017-06-19,2017-06-20,2497.0,2017-06-23,2422.09,-2.9999999999999916,stop_-3%,3
2429,2019-04-01,2019-04-02,1972.0,2019-04-02,1912.84,-3.0000000000000027,stop_-3%,0
2429,2021-12-21,2021-12-22,2635.0,2021-12-24,2617.0,-0.6831119544592035,strict_gakutto_next_open,2
2429,2025-01-14,2025-01-15,1987.0,2025-01-17,1927.3899999999999,-3.0000000000000027,stop_-3%,2
2429,2025-11-05,2025-11-06,2574.0,2025-11-10,2496.7799999999997,-3.0000000000000138,stop_-3%,2
2432,2017-03-10,2017-03-13,2533.0,2017-03-23,2457.0099999999998,-3.0000000000000138,stop_-3%,7
2432,2019-04-10,2019-04-11,1636.0,2019-05-10,1747.0,6.784841075794623,max15_next_open,15
2432,2019-09-20,2019-09-24,2011.0,2019-09-26,1940.0,-3.5305818000994527,stop_gap,2
2432,2020-10-28,2020-10-29,1819.0,2020-11-02,1768.0,-2.8037383177570097,strict_gakutto_next_open,2
2432,2026-07-27,2026-07-28,2478.5,2026-08-06,2452.0,-1.0691950776679393,strict_gakutto_next_open,7
2433,2020-07-06,2020-07-07,1255.0,2020-07-09,1200.0,-4.3824701195219085,stop_gap,2
2433,2020-09-07,2020-09-08,1363.0,2020-09-25,1375.0,0.8804108584005821,strict_gakutto_next_open,11
2461,2016-11-16,2016-11-17,749.0,2016-11-28,743.0,-0.8010680907877155,strict_gakutto_next_open,6
2461,2018-06-29,2018-07-02,750.0,2018-07-02,727.5,-3.0000000000000027,stop_-3%,0
2461,2025-10-20,2025-10-21,497.0,2025-11-12,527.0,6.036217303822933,max15_next_open,15
2462,2017-10-31,2017-11-01,2137.0,2017-11-02,2072.89,-3.0000000000000027,stop_-3%,1
2462,2020-09-16,2020-09-17,1857.0,2020-09-24,1801.29,-3.0000000000000027,stop_-3%,3
2462,2021-03-11,2021-03-12,1896.0,2021-03-24,1935.0,2.0569620253164667,strict_gakutto_next_open,8
2462,2023-03-23,2023-03-24,1888.0,2023-04-07,1983.0,5.031779661016955,strict_gakutto_next_open,10
2471,2018-01-04,2018-01-05,120.2,2018-01-29,182.0,51.41430948419301,max15_next_open,15
2471,2019-07-11,2019-07-12,546.2,2019-07-16,528.4,-3.258879531307224,stop_gap,1
2471,2023-07-03,2023-07-04,541.0,2023-07-26,569.0,5.175600739371533,max15_next_open,15
2475,2017-03-22,2017-03-23,1307.0,2017-04-06,1463.0,11.93573068094873,strict_gakutto_next_open,10
2475,2024-07-31,2024-08-01,1843.0,2024-08-01,1787.71,-3.0000000000000027,stop_-3%,0
2491,2019-07-23,2019-07-24,2305.0,2019-07-26,2348.0,1.8655097613882843,strict_gakutto_next_open,2
2491,2020-07-07,2020-07-08,2990.0,2020-07-31,3180.0,6.35451505016722,max15_next_open,15
2491,2021-01-27,2021-01-28,3190.0,2021-01-28,3094.2999999999997,-3.0000000000000138,stop_-3%,0
2491,2023-07-13,2023-07-14,1365.0,2023-07-19,1324.05,-3.0000000000000027,stop_-3%,2
2491,2024-07-05,2024-07-08,1190.0,2024-07-19,1214.0,2.0168067226890685,strict_gakutto_next_open,8
2491,2025-07-08,2025-07-09,781.0,2025-07-31,809.0,3.5851472471190693,strict_gakutto_next_open,15
2492,2022-06-09,2022-06-10,463.0,2022-06-13,425.0,-8.207343412527003,stop_gap,1
2501,2021-06-03,2021-06-04,440.0,2021-06-22,469.8,6.772727272727286,strict_gakutto_next_open,12
2501,2023-08-09,2023-08-10,746.4,2023-09-01,896.0,20.042872454448023,max15_next_open,15
2502,2016-12-20,2016-12-21,1209.3,2017-01-13,1246.0,3.0348135284875566,strict_gakutto_next_open,13
2502,2023-08-25,2023-08-28,1826.0,2023-09-12,1924.0,5.366922234392124,strict_gakutto_next_open,11
2502,2024-02-21,2024-02-22,1815.0,2024-02-27,1740.7,-4.093663911845724,strict_gakutto_next_open,2
2502,2025-07-16,2025-07-17,1874.5,2025-08-08,1950.0,4.027740730861562,max15_next_open,15
2502,2025-09-01,2025-09-02,1902.5,2025-09-09,1880.0,-1.182654402102501,strict_gakutto_next_open,5
2503,2020-01-14,2020-01-15,2454.0,2020-01-22,2443.0,-0.44824775876121103,strict_gakutto_next_open,5
2503,2021-08-18,2021-08-19,1955.5,2021-08-27,1969.0,0.6903605216057374,strict_gakutto_next_open,6
2531,2020-07-06,2020-07-07,963.0,2020-07-21,950.0,-1.349948078920038,strict_gakutto_next_open,10
2531,2021-05-18,2021-05-19,1438.0,2021-06-09,1520.0,5.702364394993054,max15_next_open,15
2531,2023-10-06,2023-10-10,1257.0,2023-10-16,1219.29,-3.0000000000000027,stop_-3%,4
2531,2026-02-24,2026-02-25,1612.0,2026-03-05,1622.5,0.6513647642679921,strict_gakutto_next_open,6
2533,2018-01-19,2018-01-22,378.0,2018-02-08,409.0,8.20105820105821,strict_gakutto_next_open,13
2533,2018-06-05,2018-06-06,489.0,2018-06-06,474.33,-3.0000000000000027,stop_-3%,0
2533,2019-10-15,2019-10-16,389.0,2019-10-30,409.0,5.141388174807204,strict_gakutto_next_open,9
2533,2020-09-08,2020-09-09,414.0,2020-09-16,424.0,2.4154589371980784,strict_gakutto_next_open,5
256A,2026-05-26,2026-05-27,2017.0,2026-06-01,1956.49,-3.0000000000000027,stop_-3%,3
2579,2017-09-28,2017-09-29,3660.0,2017-10-23,3890.0,6.284153005464477,max15_next_open,15
2579,2022-04-20,2022-04-21,1440.0,2022-04-28,1418.0,-1.5277777777777724,strict_gakutto_next_open,5
2579,2023-11-28,2023-11-29,1958.5,2023-12-15,2068.0,5.591013530763345,strict_gakutto_next_open,12
2579,2025-07-17,2025-07-18,2326.5,2025-07-29,2297.5,-1.2465076294863486,strict_gakutto_next_open,6
2579,2026-04-30,2026-05-01,3277.0,2026-05-01,3178.69,-3.0000000000000027,stop_-3%,0
2585,2022-07-29,2022-08-01,450.0,2022-08-01,436.5,-3.0000000000000027,stop_-3%,0
2585,2023-02-02,2023-02-03,597.0,2023-02-06,579.09,-2.9999999999999916,stop_-3%,1
2585,2023-02-13,2023-02-14,624.8,2023-02-28,663.8,6.241997439180547,strict_gakutto_next_open,9
2585,2025-02-12,2025-02-13,2200.0,2025-02-13,2134.0,-3.0000000000000027,stop_-3%,0
2585,2026-01-19,2026-01-20,1753.0,2026-01-28,1716.0,-2.110667427267543,strict_gakutto_next_open,6
2587,2019-03-12,2019-03-13,4860.0,2019-03-26,5020.0,3.292181069958855,strict_gakutto_next_open,8
2587,2020-08-04,2020-08-05,4155.0,2020-08-06,3875.0,-6.738868832731648,stop_gap,1
2587,2022-03-15,2022-03-16,4585.0,2022-03-31,4695.0,2.399127589967276,strict_gakutto_next_open,10
2590,2018-05-31,2018-06-01,3080.0,2018-06-06,3095.0,0.48701298701299134,strict_gakutto_next_open,3
2590,2018-10-19,2018-10-22,2900.0,2018-10-24,2813.0,-3.0000000000000027,stop_-3%,2
2590,2023-06-02,2023-06-05,2535.0,2023-06-26,2515.0,-0.7889546351084853,max15_next_open,15
2590,2023-10-06,2023-10-10,2830.0,2023-10-13,2745.1,-3.0000000000000027,stop_-3%,3
2593,2016-12-12,2016-12-13,3625.0,2017-01-06,3945.0,8.827586206896543,max15_next_open,15
2593,2017-01-26,2017-01-27,3810.0,2017-02-03,3755.0,-1.4435695538057791,strict_gakutto_next_open,5
2593,2019-08-13,2019-08-14,4750.0,2019-08-15,4607.5,-3.0000000000000027,stop_-3%,1
2593,2024-09-19,2024-09-20,3332.0,2024-10-03,3377.0,1.3505402160864266,strict_gakutto_next_open,8
2593,2025-01-22,2025-01-23,3433.0,2025-01-30,3439.0,0.17477424992717872,strict_gakutto_next_open,5
2594,2021-10-04,2021-10-05,2192.0,2021-10-08,2176.0,-0.7299270072992692,strict_gakutto_next_open,3
2607,2017-04-17,2017-04-18,2586.0,2017-04-21,2540.0,-1.7788089713843824,strict_gakutto_next_open,3
2607,2020-02-04,2020-02-05,2925.0,2020-02-14,2857.0,-2.324786324786321,strict_gakutto_next_open,6
2613,2017-04-13,2017-04-14,2042.5,2017-05-10,2132.5,4.4063647490820035,strict_gakutto_next_open,15
2659,2023-09-27,2023-09-28,2462.5,2023-09-28,2388.625,-3.0000000000000027,stop_-3%,0
2664,2021-10-28,2021-10-29,2236.0,2021-11-12,2259.0,1.0286225402504456,strict_gakutto_next_open,9
2664,2023-05-12,2023-05-15,2252.0,2023-05-22,2211.0,-1.8206039076376523,strict_gakutto_next_open,5
2670,2016-11-04,2016-11-07,2190.0,2016-11-09,2124.2999999999997,-3.0000000000000138,stop_-3%,2
2670,2025-06-04,2025-06-05,2855.0,2025-06-16,2854.0,-0.03502626970227629,strict_gakutto_next_open,7
2670,2025-07-23,2025-07-24,2922.5,2025-07-28,2924.0,0.05132591958938448,strict_gakutto_next_open,2
2674,2018-10-30,2018-10-31,947.0,2018-11-01,918.5899999999999,-3.0000000000000138,stop_-3%,1
2674,2019-08-30,2019-09-02,705.0,2019-09-09,712.0,0.99290780141843,strict_gakutto_next_open,5
2674,2020-08-11,2020-08-12,677.0,2020-08-31,663.0,-2.0679468242245203,strict_gakutto_next_open,13
2674,2023-05-31,2023-06-01,1345.0,2023-06-02,1304.6499999999999,-3.0000000000000138,stop_-3%,1
2674,2024-03-14,2024-03-15,1743.0,2024-03-28,1670.0,-4.188181296615035,stop_gap,8
2676,2018-03-27,2018-03-28,618.0,2018-04-09,650.0,5.177993527508096,strict_gakutto_next_open,8
2676,2022-01-28,2022-01-31,749.5,2022-02-09,727.015,-3.0000000000000027,stop_-3%,7
2678,2016-11-22,2016-11-24,2162.5,2016-11-25,2097.625,-3.0000000000000027,stop_-3%,1
2678,2017-08-02,2017-08-03,1730.0,2017-08-10,1720.0,-0.5780346820809301,strict_gakutto_next_open,5
2678,2019-02-13,2019-02-14,1111.5,2019-03-07,1372.0,23.436797121007658,max15_next_open,15
2678,2021-10-08,2021-10-11,1673.0,2021-10-12,1622.81,-3.0000000000000027,stop_-3%,1
2678,2021-11-09,2021-11-10,1581.0,2021-11-11,1533.57,-3.0000000000000027,stop_-3%,1
2678,2024-06-04,2024-06-05,2180.0,2024-06-07,2135.0,-2.064220183486243,strict_gakutto_next_open,2
2678,2026-04-06,2026-04-07,1194.0,2026-04-13,1150.0,-3.68509212730318,stop_gap,4
2681,2018-10-18,2018-10-19,1675.0,2018-10-26,1624.75,-3.0000000000000027,stop_-3%,5
2681,2026-07-17,2026-07-21,2075.0,2026-08-04,2050.0,-1.2048192771084376,strict_gakutto_next_open,10
2685,2024-06-19,2024-06-20,3565.0,2024-07-01,3410.0,-4.347826086956519,stop_gap,7
2695,2021-09-09,2021-09-10,2137.5,2021-09-13,2040.0,-4.561403508771933,stop_gap,1
2695,2025-05-14,2025-05-15,1595.0,2025-05-21,1547.5,-2.9780564263322873,strict_gakutto_next_open,4
2695,2025-08-25,2025-08-26,1940.0,2025-08-29,1881.8,-3.0000000000000027,stop_-3%,3
2726,2019-11-05,2019-11-06,440.0,2019-11-15,440.0,0.0,strict_gakutto_next_open,7
2726,2025-06-05,2025-06-06,1790.0,2025-06-16,1807.5,0.9776536312849249,strict_gakutto_next_open,6
2726,2026-06-23,2026-06-24,1424.0,2026-07-13,1480.0,3.93258426966292,strict_gakutto_next_open,13
2730,2017-01-04,2017-01-05,1131.0,2017-01-16,1097.07,-3.0000000000000027,stop_-3%,6
2730,2018-11-27,2018-11-28,1229.0,2018-12-10,1218.0,-0.8950366151342593,strict_gakutto_next_open,8
2730,2021-10-06,2021-10-07,1078.0,2021-10-15,1080.0,0.18552875695732052,strict_gakutto_next_open,6
2730,2022-01-14,2022-01-17,1077.0,2022-02-07,1055.0,-2.042711234911787,max15_next_open,15
2730,2023-03-23,2023-03-24,1342.0,2023-03-30,1301.74,-3.0000000000000027,stop_-3%,4
2730,2025-02-27,2025-02-28,1766.0,2025-03-14,1831.0,3.6806342015855087,strict_gakutto_next_open,10
2733,2019-06-07,2019-06-10,1940.0,2019-06-13,1907.5,-1.675257731958768,strict_gakutto_next_open,3
2733,2021-05-06,2021-05-07,2315.0,2021-05-11,2245.5499999999997,-3.0000000000000138,stop_-3%,2
2733,2022-09-08,2022-09-09,2097.5,2022-09-22,2034.575,-3.0000000000000027,stop_-3%,8
2734,2019-03-14,2019-03-15,598.0,2019-03-26,617.0,3.177257525083621,strict_gakutto_next_open,6
2734,2025-11-06,2025-11-07,1061.0,2025-12-01,1153.0,8.671065032987757,max15_next_open,15
2737,2019-10-11,2019-10-15,2317.0,2019-11-07,2714.0,17.134225291324977,max15_next_open,15
2737,2021-05-07,2021-05-10,4180.0,2021-05-12,4054.6,-3.0000000000000027,stop_-3%,2
2737,2024-07-31,2024-08-01,7030.0,2024-08-01,6819.099999999999,-3.0000000000000027,stop_-3%,0
2742,2017-11-27,2017-11-28,2508.0,2017-12-13,2600.0,3.6682615629983983,strict_gakutto_next_open,11
2742,2021-12-03,2021-12-06,2723.0,2021-12-16,2800.0,2.8277634961439535,strict_gakutto_next_open,8
2742,2022-08-05,2022-08-08,3145.0,2022-08-17,3105.0,-1.2718600953895098,strict_gakutto_next_open,6
2742,2023-03-08,2023-03-09,3195.0,2023-03-14,3099.15,-3.0000000000000027,stop_-3%,3
2742,2023-03-23,2023-03-24,3060.0,2023-04-06,3055.0,-0.16339869281045694,strict_gakutto_next_open,9
2742,2026-06-29,2026-06-30,3765.0,2026-07-01,3652.0499999999997,-3.0000000000000027,stop_-3%,1
2749,2018-04-17,2018-04-18,316.0,2018-05-14,347.0,9.810126582278489,max15_next_open,15
2749,2018-09-19,2018-09-20,317.0,2018-09-28,314.0,-0.9463722397476393,strict_gakutto_next_open,5
2749,2019-07-29,2019-07-30,286.0,2019-08-05,277.42,-2.9999999999999916,stop_-3%,4
2749,2019-08-20,2019-08-21,271.0,2019-08-29,262.87,-3.0000000000000027,stop_-3%,6
2749,2020-09-03,2020-09-04,280.0,2020-09-25,314.0,12.142857142857144,strict_gakutto_next_open,13
2749,2021-08-24,2021-08-25,271.0,2021-09-15,285.0,5.166051660516602,max15_next_open,15
2749,2021-12-07,2021-12-08,253.0,2021-12-13,248.0,-1.9762845849802368,strict_gakutto_next_open,3
2749,2022-09-01,2022-09-02,265.0,2022-09-05,257.05,-2.9999999999999916,stop_-3%,1
2749,2024-11-12,2024-11-13,688.0,2024-11-13,667.36,-3.0000000000000027,stop_-3%,0
2749,2025-01-15,2025-01-16,648.0,2025-01-23,638.0,-1.5432098765432056,strict_gakutto_next_open,5
2749,2026-06-26,2026-06-29,578.0,2026-07-21,620.0,7.26643598615917,max15_next_open,15
2752,2021-06-28,2021-06-29,1294.0,2021-06-30,1255.18,-2.9999999999999916,stop_-3%,1
2752,2024-07-31,2024-08-01,1388.0,2024-08-02,1346.36,-3.0000000000000027,stop_-3%,1
2753,2018-04-27,2018-05-01,1780.0,2018-05-15,1770.0,-0.5617977528089901,strict_gakutto_next_open,8
2760,2018-08-22,2018-08-23,665.7,2018-09-04,661.7,-0.6008712633318258,strict_gakutto_next_open,8
2760,2021-03-05,2021-03-08,1245.0,2021-03-09,1207.6499999999999,-3.0000000000000138,stop_-3%,1
2760,2021-08-24,2021-08-25,1776.7,2021-09-15,2776.7,56.28412224911352,max15_next_open,15
2767,2018-10-10,2018-10-11,457.0,2018-10-15,443.28999999999996,-3.0000000000000027,stop_-3%,2
2767,2019-03-18,2019-03-19,360.0,2019-03-25,349.2,-3.0000000000000027,stop_-3%,3
2767,2023-07-19,2023-07-20,2949.0,2023-07-21,2845.0,-3.526619192946756,stop_gap,1
2767,2026-02-05,2026-02-06,1798.0,2026-02-13,1733.0,-3.61512791991101,stop_gap,4
2768,2019-06-07,2019-06-10,1775.0,2019-06-17,1740.0,-1.9718309859154903,strict_gakutto_next_open,5
2768,2020-07-06,2020-07-07,1185.0,2020-07-10,1149.45,-2.9999999999999916,stop_-3%,3
2784,2022-01-04,2022-01-05,1595.0,2022-01-14,1578.0,-1.065830721003136,strict_gakutto_next_open,6
2791,2019-05-17,2019-05-20,3760.0,2019-05-22,3647.2,-3.0000000000000027,stop_-3%,2
2791,2020-12-09,2020-12-10,5720.0,2020-12-21,5970.0,4.370629370629375,strict_gakutto_next_open,7
2792,2016-12-07,2016-12-08,1196.0,2016-12-12,1160.12,-3.0000000000000138,stop_-3%,2
2792,2017-08-03,2017-08-04,1290.0,2017-08-14,1245.0,-3.488372093023251,strict_gakutto_next_open,5
2792,2021-06-02,2021-06-03,1030.0,2021-06-16,1025.0,-0.4854368932038833,strict_gakutto_next_open,9
2792,2024-04-23,2024-04-24,1738.0,2024-05-02,1703.0,-2.013808975834297,strict_gakutto_next_open,5
2792,2024-06-14,2024-06-17,1605.0,2024-06-24,1582.0,-1.433021806853585,strict_gakutto_next_open,5
2801,2021-03-12,2021-03-15,1414.0,2021-03-22,1370.0,-3.111739745403108,strict_gakutto_next_open,5
2801,2022-12-09,2022-12-12,1510.0,2022-12-16,1482.0,-1.8543046357615944,strict_gakutto_next_open,4
2802,2018-03-27,2018-03-28,960.3,2018-04-09,963.8,0.3644694366343959,strict_gakutto_next_open,8
2802,2020-12-29,2020-12-30,1163.0,2021-01-08,1160.8,-0.18916595012897774,strict_gakutto_next_open,5
2802,2023-10-06,2023-10-10,2993.5,2023-10-12,2903.6949999999997,-3.0000000000000138,stop_-3%,2
2802,2024-06-25,2024-06-26,2900.5,2024-07-18,2995.0,3.2580589553525163,max15_next_open,15
2804,2025-12-18,2025-12-19,1855.0,2026-01-15,1921.0,3.557951482479793,max15_next_open,15
2809,2016-12-12,2016-12-13,2633.0,2017-01-06,2895.0,9.950626661602735,max15_next_open,15
2810,2017-07-11,2017-07-12,2842.0,2017-07-27,2872.0,1.0555946516537684,strict_gakutto_next_open,10
2810,2018-02-14,2018-02-15,3615.0,2018-03-02,3495.0,-3.319502074688796,stop_gap,11
2810,2018-07-17,2018-07-18,3830.0,2018-07-19,3715.1,-3.0000000000000027,stop_-3%,1
2811,2016-12-12,2016-12-13,2690.0,2017-01-06,2955.0,9.85130111524164,max15_next_open,15
2811,2023-09-27,2023-09-28,3270.0,2023-10-03,3171.9,-3.0000000000000027,stop_-3%,3
2815,2019-02-04,2019-02-05,6870.0,2019-02-08,6160.0,-10.334788937409023,stop_gap,3
2815,2021-08-05,2021-08-06,6430.0,2021-08-13,6170.0,-4.043545878693622,stop_gap,4
2815,2023-06-06,2023-06-07,5070.0,2023-06-28,5315.0,4.832347140039439,max15_next_open,15
2815,2024-05-31,2024-06-03,5340.0,2024-06-05,5170.0,-3.183520599250933,stop_gap,2
2815,2024-10-30,2024-10-31,5320.0,2024-11-08,5160.4,-3.0000000000000027,stop_-3%,5
2871,2019-03-29,2019-04-01,1379.5,2019-04-01,1338.115,-3.0000000000000027,stop_-3%,0
2871,2020-07-31,2020-08-03,1540.0,2020-08-05,1493.8,-3.0000000000000027,stop_-3%,2
2871,2022-01-25,2022-01-26,1319.5,2022-02-02,1252.5,-5.077680939749907,strict_gakutto_next_open,5
2871,2025-04-04,2025-04-07,1782.5,2025-04-28,1880.5,5.497896213183728,strict_gakutto_next_open,15
2871,2026-05-29,2026-06-01,1851.5,2026-06-18,2055.0,10.991088306778284,strict_gakutto_next_open,13
2874,2017-11-29,2017-11-30,1085.0,2017-12-18,1166.0,7.465437788018425,strict_gakutto_next_open,12
2874,2018-02-19,2018-02-20,1113.0,2018-02-28,1114.0,0.08984725965857088,strict_gakutto_next_open,6
2875,2020-01-31,2020-02-03,4565.0,2020-02-13,4610.0,0.9857612267250904,strict_gakutto_next_open,7
2875,2024-09-10,2024-09-11,9165.0,2024-09-19,9250.0,0.9274413529732684,strict_gakutto_next_open,5
2875,2026-05-15,2026-05-18,10980.0,2026-06-02,10540.0,-4.007285974499086,strict_gakutto_next_open,11
2882,2019-05-17,2019-05-20,1620.0,2019-06-03,1618.0,-0.12345679012345512,strict_gakutto_next_open,10
2882,2024-12-26,2024-12-27,2130.0,2025-01-10,2171.0,1.9248826291079713,strict_gakutto_next_open,6
2884,2018-11-26,2018-11-27,667.0,2018-11-27,646.99,-3.0000000000000027,stop_-3%,0
2884,2019-04-01,2019-04-02,598.0,2019-04-02,580.06,-3.0000000000000138,stop_-3%,0
2884,2020-06-12,2020-06-15,1082.0,2020-06-15,1049.54,-3.0000000000000027,stop_-3%,0
2884,2022-10-28,2022-10-31,478.0,2022-11-04,463.65999999999997,-3.0000000000000027,stop_-3%,3
2897,2026-06-08,2026-06-09,2658.0,2026-06-18,2662.0,0.15048908954100604,strict_gakutto_next_open,7
2908,2016-12-12,2016-12-13,2318.0,2016-12-22,2338.0,0.8628127696289845,strict_gakutto_next_open,7
2908,2017-04-19,2017-04-20,2520.0,2017-05-08,2548.0,1.1111111111111072,strict_gakutto_next_open,9
2908,2017-11-24,2017-11-27,2483.0,2017-12-18,2561.0,3.141361256544495,strict_gakutto_next_open,15
2908,2018-10-22,2018-10-23,2254.0,2018-10-25,2186.38,-2.9999999999999916,stop_-3%,2
2908,2020-02-03,2020-02-04,1931.0,2020-02-13,1919.0,-0.6214396685655155,strict_gakutto_next_open,6
2908,2020-05-12,2020-05-13,1963.0,2020-05-20,1954.0,-0.45848191543556016,strict_gakutto_next_open,5
2910,2019-03-15,2019-03-18,1585.0,2019-03-29,1635.0,3.154574132492116,strict_gakutto_next_open,8
2910,2021-04-15,2021-04-16,1729.0,2021-04-19,1677.1299999999999,-3.0000000000000027,stop_-3%,1
2910,2022-06-17,2022-06-20,1402.0,2022-07-11,1467.0,4.636233951497859,max15_next_open,15
2910,2025-02-27,2025-02-28,1595.0,2025-03-24,1625.0,1.8808777429467183,strict_gakutto_next_open,15
2914,2018-08-16,2018-08-17,3150.0,2018-08-21,3055.5,-3.0000000000000027,stop_-3%,2
2914,2026-04-23,2026-04-24,5885.0,2026-04-28,5708.45,-3.0000000000000027,stop_-3%,2
2915,2018-06-26,2018-06-27,4135.0,2018-06-29,4075.0,-1.45102781136639,strict_gakutto_next_open,2
2918,2018-08-23,2018-08-24,2130.0,2018-09-07,2151.0,0.9859154929577452,strict_gakutto_next_open,10
2922,2017-10-23,2017-10-24,2045.0,2017-10-31,2040.0,-0.24449877750610804,strict_gakutto_next_open,5
2922,2018-04-04,2018-04-05,1951.0,2018-04-12,1923.0,-1.4351614556637582,strict_gakutto_next_open,5
2922,2018-10-30,2018-10-31,1777.0,2018-11-02,1723.69,-2.9999999999999916,stop_-3%,2
2929,2016-12-12,2016-12-13,435.0,2016-12-14,420.0,-3.4482758620689613,stop_gap,1
2929,2019-10-21,2019-10-23,527.0,2019-10-25,511.19,-3.0000000000000027,stop_-3%,2
2929,2021-05-31,2021-06-01,3160.0,2021-06-01,3065.2,-3.0000000000000027,stop_-3%,0
2930,2023-02-28,2023-03-01,336.0,2023-03-10,349.0,3.8690476190476275,strict_gakutto_next_open,7
2930,2023-04-03,2023-04-04,350.0,2023-04-05,339.5,-3.0000000000000027,stop_-3%,1
2930,2023-12-18,2023-12-19,205.0,2023-12-25,198.85,-3.0000000000000027,stop_-3%,4
2930,2024-02-19,2024-02-20,230.0,2024-02-21,223.1,-3.0000000000000027,stop_-3%,1
2930,2024-07-23,2024-07-24,175.0,2024-07-31,177.0,1.1428571428571344,strict_gakutto_next_open,5
2930,2024-12-26,2024-12-27,147.0,2025-01-23,161.0,9.523809523809534,strict_gakutto_next_open,14
2931,2016-12-27,2016-12-28,1308.0,2017-01-12,1268.76,-3.0000000000000027,stop_-3%,8
2931,2017-09-13,2017-09-14,1145.0,2017-09-22,1137.0,-0.6986899563318771,strict_gakutto_next_open,5
2931,2018-05-08,2018-05-09,1029.0,2018-05-09,998.13,-3.0000000000000027,stop_-3%,0
2931,2019-10-15,2019-10-16,867.0,2019-10-17,840.99,-3.0000000000000027,stop_-3%,1
2931,2020-10-27,2020-10-28,924.0,2020-10-28,896.28,-3.0000000000000027,stop_-3%,0
2931,2024-10-07,2024-10-08,460.0,2024-10-08,446.2,-3.0000000000000027,stop_-3%,0
2933,2021-08-13,2021-08-16,1275.0,2021-08-17,1236.75,-3.0000000000000027,stop_-3%,1
2975,2023-02-08,2023-02-09,680.0,2023-02-10,659.6,-2.9999999999999916,stop_-3%,1
2975,2023-03-22,2023-03-23,670.0,2023-04-04,685.0,2.238805970149249,strict_gakutto_next_open,8
2975,2025-11-10,2025-11-11,1146.0,2025-11-18,1128.0,-1.5706806282722474,strict_gakutto_next_open,5
2980,2026-03-25,2026-03-26,2700.0,2026-04-16,3730.0,38.14814814814815,max15_next_open,15
2982,2023-08-04,2023-08-07,195.0,2023-08-29,212.0,8.717948717948708,max15_next_open,15
2982,2024-03-19,2024-03-21,247.0,2024-04-04,245.0,-0.8097165991902799,strict_gakutto_next_open,10
3002,2018-01-31,2018-02-01,3400.0,2018-02-01,3298.0,-3.0000000000000027,stop_-3%,0
3002,2019-04-03,2019-04-04,2375.0,2019-04-09,2303.75,-3.0000000000000027,stop_-3%,3
3002,2021-12-03,2021-12-06,2037.5,2021-12-14,2027.5,-0.4907975460122671,strict_gakutto_next_open,6
3002,2023-12-27,2023-12-28,2515.0,2024-01-24,2610.0,3.77733598409542,strict_gakutto_next_open,15
3003,2018-04-18,2018-04-19,1194.0,2018-04-23,1158.18,-2.9999999999999916,stop_-3%,2
3003,2020-07-15,2020-07-16,1013.0,2020-07-20,982.61,-3.0000000000000027,stop_-3%,2
3003,2022-06-21,2022-06-22,1070.0,2022-06-30,1062.0,-0.747663551401867,strict_gakutto_next_open,6
3028,2017-07-11,2017-07-12,2012.0,2017-08-03,2020.0,0.3976143141153132,max15_next_open,15
3028,2018-03-28,2018-03-29,2375.0,2018-04-12,2350.0,-1.0526315789473717,strict_gakutto_next_open,10
3028,2019-05-17,2019-05-20,1661.0,2019-05-30,1654.0,-0.4214328717639937,strict_gakutto_next_open,8
3028,2025-07-09,2025-07-10,2334.0,2025-07-17,2297.0,-1.5852613538988813,strict_gakutto_next_open,5
3031,2019-07-31,2019-08-01,627.0,2019-08-05,608.1899999999999,-3.0000000000000138,stop_-3%,2
3031,2021-01-15,2021-01-18,1732.0,2021-01-21,1724.0,-0.46189376443418473,strict_gakutto_next_open,3
3031,2023-05-19,2023-05-22,731.0,2023-05-29,722.0,-1.2311901504788003,strict_gakutto_next_open,5
3031,2025-05-22,2025-05-23,804.0,2025-06-03,820.0,1.990049751243772,strict_gakutto_next_open,7
3034,2017-12-27,2017-12-28,2106.0,2018-01-15,2058.0,-2.279202279202275,strict_gakutto_next_open,8
3034,2018-03-12,2018-03-13,2209.0,2018-03-19,2142.73,-3.0000000000000027,stop_-3%,4
3034,2018-05-16,2018-05-17,2162.0,2018-05-29,2347.0,8.556891766882524,strict_gakutto_next_open,8
3034,2020-07-09,2020-07-10,1127.0,2020-07-10,1093.19,-2.9999999999999916,stop_-3%,0
3034,2020-11-11,2020-11-12,1168.0,2020-11-13,1132.96,-2.9999999999999916,stop_-3%,1
3034,2022-09-13,2022-09-14,1234.0,2022-09-16,1218.0,-1.296596434359809,strict_gakutto_next_open,2
3034,2022-10-28,2022-10-31,1238.0,2022-11-04,1200.86,-3.0000000000000027,stop_-3%,3
3034,2024-11-12,2024-11-13,1399.0,2024-12-04,1463.0,4.57469621157971,max15_next_open,15
3034,2026-06-29,2026-06-30,1873.0,2026-07-22,2100.0,12.11959423384943,max15_next_open,15
3036,2017-01-04,2017-01-05,863.0,2017-01-10,854.0,-1.0428736964078755,strict_gakutto_next_open,2
3036,2019-12-26,2019-12-27,1451.0,2020-01-06,1407.47,-3.0000000000000027,stop_-3%,2
3036,2020-02-06,2020-02-07,1364.0,2020-02-10,1323.08,-3.0000000000000027,stop_-3%,1
3036,2025-08-21,2025-08-22,2115.0,2025-09-02,2139.0,1.134751773049647,strict_gakutto_next_open,7
3036,2026-09-09,2026-09-10,3430.0,2026-09-11,3250.0,-5.247813411078717,stop_gap,1
3038,2016-12-01,2016-12-02,387.5,2016-12-05,375.0,-3.2258064516129004,stop_gap,1
3038,2022-03-18,2022-03-22,3945.0,2022-03-23,3826.65,-3.0000000000000027,stop_-3%,1
3038,2022-09-29,2022-09-30,3455.0,2022-10-11,3405.0,-1.447178002894356,strict_gakutto_next_open,6
3038,2023-07-12,2023-07-13,3765.0,2023-07-24,3750.0,-0.3984063745019917,strict_gakutto_next_open,6
3038,2023-09-13,2023-09-14,3720.0,2023-09-15,3608.4,-3.0000000000000027,stop_-3%,1
3038,2025-11-07,2025-11-10,3761.0,2025-11-21,3828.0,1.7814411060887991,strict_gakutto_next_open,9
3040,2017-07-26,2017-07-27,1164.0,2017-07-27,1129.08,-3.0000000000000027,stop_-3%,0
3040,2017-10-16,2017-10-17,1224.0,2017-10-18,1187.28,-3.0000000000000027,stop_-3%,1
3040,2019-10-09,2019-10-10,994.0,2019-10-10,964.18,-3.0000000000000027,stop_-3%,0
3040,2021-01-21,2021-01-22,1838.0,2021-01-27,1782.86,-3.0000000000000027,stop_-3%,3
3040,2022-06-24,2022-06-27,1214.0,2022-07-19,1270.0,4.612850082372333,strict_gakutto_next_open,15
3040,2023-10-20,2023-10-23,1091.0,2023-10-24,1058.27,-3.0000000000000027,stop_-3%,1
3046,2017-07-14,2017-07-18,6510.0,2017-07-19,6314.7,-3.0000000000000027,stop_-3%,1
3046,2018-11-02,2018-11-05,6450.0,2018-11-27,6940.0,7.596899224806197,max15_next_open,15
3046,2019-07-25,2019-07-26,5910.0,2019-07-31,5732.7,-3.0000000000000027,stop_-3%,3
3046,2020-06-22,2020-06-23,6740.0,2020-06-30,6690.0,-0.7418397626112738,strict_gakutto_next_open,5
3046,2022-01-31,2022-02-01,7090.0,2022-02-01,6877.3,-3.0000000000000027,stop_-3%,0
3046,2024-04-12,2024-04-15,3770.0,2024-04-15,3656.9,-3.0000000000000027,stop_-3%,0
3048,2017-07-18,2017-07-19,1195.0,2017-08-04,1290.0,7.949790794979084,strict_gakutto_next_open,12
3048,2017-09-11,2017-09-12,1294.0,2017-09-21,1295.0,0.07727975270479526,strict_gakutto_next_open,6
3048,2018-10-19,2018-10-22,1481.0,2018-10-25,1436.57,-3.0000000000000027,stop_-3%,3
3048,2020-12-14,2020-12-15,1142.0,2021-01-05,1122.0,-1.7513134851138368,strict_gakutto_next_open,13
3048,2022-05-19,2022-05-20,1115.0,2022-06-06,1120.0,0.4484304932735439,strict_gakutto_next_open,11
3048,2022-12-27,2022-12-28,1308.0,2023-01-05,1268.76,-3.0000000000000027,stop_-3%,4
3048,2023-10-26,2023-10-27,1111.0,2023-11-20,1170.0,5.310531053105305,max15_next_open,15
3050,2025-04-11,2025-04-14,1341.0,2025-04-15,1300.77,-3.0000000000000027,stop_-3%,1
3064,2017-07-11,2017-07-12,916.3,2017-07-31,888.8109999999999,-3.0000000000000027,stop_-3%,12
3064,2018-08-23,2018-08-24,1405.0,2018-09-14,1505.0,7.117437722419928,max15_next_open,15
3064,2019-11-20,2019-11-21,1542.5,2019-12-03,1530.0,-0.8103727714748765,strict_gakutto_next_open,8
3064,2025-07-11,2025-07-14,2890.0,2025-07-15,2803.2999999999997,-3.0000000000000138,stop_-3%,1
3064,2025-09-09,2025-09-10,2550.0,2025-09-11,2426.0,-4.862745098039212,stop_gap,1
3076,2017-07-11,2017-07-12,3000.0,2017-08-03,3080.0,2.6666666666666616,max15_next_open,15
3076,2018-03-29,2018-03-30,2950.0,2018-04-12,2861.5,-3.0000000000000027,stop_-3%,9
3076,2020-11-05,2020-11-06,1900.0,2020-11-19,1912.0,0.6315789473684275,strict_gakutto_next_open,9
3076,2021-06-30,2021-07-01,2190.0,2021-07-09,2116.0,-3.3789954337899553,strict_gakutto_next_open,6
3076,2021-10-29,2021-11-01,2200.0,2021-11-10,2163.0,-1.6818181818181843,strict_gakutto_next_open,6
3076,2023-06-02,2023-06-05,2347.0,2023-06-26,2362.0,0.6391137622496768,max15_next_open,15
3086,2019-02-18,2019-02-19,1257.0,2019-02-21,1219.29,-3.0000000000000027,stop_-3%,2
3086,2019-10-09,2019-10-10,1295.0,2019-10-31,1392.0,7.490347490347493,strict_gakutto_next_open,13
3086,2019-12-27,2019-12-30,1515.0,2020-01-21,1469.55,-3.0000000000000027,stop_-3%,11
3086,2023-01-19,2023-01-20,1171.0,2023-02-02,1208.0,3.15969257045261,strict_gakutto_next_open,9
3086,2023-03-29,2023-03-30,1259.0,2023-04-10,1324.0,5.162827640984902,strict_gakutto_next_open,7
3086,2023-09-27,2023-09-28,1577.0,2023-09-29,1529.69,-2.9999999999999916,stop_-3%,1
3086,2024-10-28,2024-10-29,1614.5,2024-11-15,1685.0,4.366676989780127,strict_gakutto_next_open,12
3087,2020-11-10,2020-11-11,1548.0,2020-11-13,1501.56,-3.0000000000000027,stop_-3%,2
3087,2023-01-18,2023-01-19,1695.0,2023-02-03,1857.0,9.557522123893802,strict_gakutto_next_open,11
3088,2018-07-12,2018-07-13,1665.0,2018-07-23,1615.05,-3.0000000000000027,stop_-3%,5
3088,2021-04-13,2021-04-14,1610.0,2021-04-19,1550.0,-3.7267080745341574,stop_gap,3
3088,2021-07-13,2021-07-14,1673.3,2021-07-30,1648.3,-1.494053666407702,strict_gakutto_next_open,10
3088,2024-02-22,2024-02-26,2692.0,2024-02-27,2611.24,-3.0000000000000027,stop_-3%,1
3088,2024-07-31,2024-08-01,2325.5,2024-08-02,2253.0,-3.1176091163190756,stop_gap,1
3088,2025-11-21,2025-11-25,2929.5,2025-12-01,2841.615,-3.0000000000000027,stop_-3%,4
3088,2026-08-10,2026-08-12,2556.0,2026-08-13,2479.3199999999997,-3.0000000000000138,stop_-3%,1
3091,2018-08-23,2018-08-24,1687.5,2018-09-14,1677.5,-0.592592592592589,max15_next_open,15
3091,2022-03-10,2022-03-11,1087.0,2022-03-23,1108.0,1.931922723091084,strict_gakutto_next_open,7
3092,2018-03-27,2018-03-28,899.3,2018-04-16,985.0,9.529634159902155,strict_gakutto_next_open,13
3092,2020-12-30,2021-01-04,866.3,2021-01-20,912.7,5.356112201315955,strict_gakutto_next_open,11
3092,2023-04-13,2023-04-14,1025.0,2023-04-21,1016.7,-0.8097560975609763,strict_gakutto_next_open,5
3092,2023-08-10,2023-08-14,890.3,2023-08-21,886.0,-0.48298326406828185,strict_gakutto_next_open,5
3093,2017-12-21,2017-12-22,497.5,2018-01-10,499.0,0.3015075376884502,strict_gakutto_next_open,9
3093,2024-03-14,2024-03-15,1405.0,2024-04-05,1420.0,1.067615658362997,strict_gakutto_next_open,14
3093,2025-07-24,2025-07-25,1816.0,2025-07-28,1761.52,-3.0000000000000027,stop_-3%,1
3093,2025-08-07,2025-08-08,1745.0,2025-08-27,1792.0,2.693409742120334,strict_gakutto_next_open,12
3097,2021-07-16,2021-07-19,2440.0,2021-07-19,2366.7999999999997,-3.0000000000000138,stop_-3%,0
3097,2022-05-26,2022-05-27,1726.7,2022-06-14,1896.7,9.845369780506164,strict_gakutto_next_open,12
3097,2022-12-09,2022-12-12,2260.0,2022-12-12,2192.2,-3.0000000000000027,stop_-3%,0
3097,2026-03-18,2026-03-19,4855.0,2026-03-23,4709.349999999999,-3.0000000000000138,stop_-3%,1
3097,2026-06-25,2026-06-26,4690.0,2026-07-03,4730.0,0.8528784648187626,strict_gakutto_next_open,5
3099,2018-02-01,2018-02-02,1333.0,2018-02-06,1287.0,-3.450862715678915,stop_gap,2
3099,2018-04-18,2018-04-19,1183.0,2018-05-10,1324.0,11.918850380388847,strict_gakutto_next_open,12
3099,2023-07-19,2023-07-20,1458.0,2023-08-10,1715.0,17.62688614540466,max15_next_open,15
3101,2016-12-28,2016-12-29,1760.0,2017-01-13,1780.0,1.1363636363636465,strict_gakutto_next_open,8
3101,2017-02-08,2017-02-09,1880.0,2017-02-27,1960.0,4.255319148936176,strict_gakutto_next_open,12
3101,2020-08-04,2020-08-05,1532.0,2020-08-06,1486.04,-3.0000000000000027,stop_-3%,1
3101,2021-02-24,2021-02-25,1407.0,2021-02-26,1364.79,-3.0000000000000027,stop_-3%,1
3101,2021-04-07,2021-04-08,1452.0,2021-04-12,1408.44,-2.9999999999999916,stop_-3%,2
3101,2021-10-12,2021-10-13,1356.0,2021-10-20,1360.0,0.2949852507374562,strict_gakutto_next_open,5
3104,2018-10-30,2018-10-31,1106.7,2018-10-31,1073.499,-3.0000000000000027,stop_-3%,0
3105,2017-02-08,2017-02-09,1060.0,2017-03-02,1175.0,10.849056603773576,max15_next_open,15
3106,2018-06-22,2018-06-25,3660.0,2018-06-25,3550.2,-3.0000000000000027,stop_-3%,0
3106,2020-08-25,2020-08-26,2035.0,2020-08-27,1973.95,-3.0000000000000027,stop_-3%,1
3106,2023-08-23,2023-08-24,2261.0,2023-09-14,2449.0,8.314904909332155,max15_next_open,15
3106,2024-04-23,2024-04-24,3600.0,2024-05-20,4380.0,21.666666666666657,max15_next_open,15
3106,2024-07-16,2024-07-17,4845.0,2024-07-18,4699.65,-3.0000000000000027,stop_-3%,1
3106,2025-03-21,2025-03-24,6210.0,2025-03-26,6023.7,-3.0000000000000027,stop_-3%,2
3107,2023-10-27,2023-10-30,2856.5,2023-11-20,2960.0,3.6233152459303364,strict_gakutto_next_open,14
3107,2024-04-09,2024-04-10,2526.5,2024-04-22,2593.0,2.63209974272709,strict_gakutto_next_open,8
3107,2025-12-10,2025-12-11,3013.0,2026-01-06,3134.0,4.015930965814807,max15_next_open,15
3107,2026-02-03,2026-02-04,3120.0,2026-02-16,3111.0,-0.28846153846153744,strict_gakutto_next_open,7
3109,2017-10-24,2017-10-25,1610.0,2017-11-01,1588.0,-1.3664596273291973,strict_gakutto_next_open,5
3110,2019-10-28,2019-10-29,660.0,2019-11-06,640.1999999999999,-3.0000000000000138,stop_-3%,5
3110,2020-12-10,2020-12-11,854.0,2020-12-21,875.0,2.4590163934426146,strict_gakutto_next_open,6
3110,2023-03-23,2023-03-24,411.2,2023-03-28,408.2,-0.7295719844357951,strict_gakutto_next_open,2
3132,2018-06-04,2018-06-05,640.0,2018-06-13,637.3,-0.4218750000000049,strict_gakutto_next_open,6
3132,2018-06-28,2018-06-29,604.0,2018-07-03,585.88,-3.0000000000000027,stop_-3%,2
3132,2021-05-06,2021-05-07,764.3,2021-05-14,763.7,-0.07850320554755319,strict_gakutto_next_open,5
3132,2024-04-24,2024-04-25,2304.3,2024-05-01,2235.1710000000003,-2.9999999999999916,stop_-3%,3
3132,2026-07-06,2026-07-07,3271.0,2026-07-07,3172.87,-3.0000000000000027,stop_-3%,0
3139,2017-03-21,2017-03-22,990.5,2017-04-03,1000.0,0.9591115598182709,strict_gakutto_next_open,8
3139,2018-06-07,2018-06-08,2705.0,2018-06-27,2830.0,4.621072088724576,strict_gakutto_next_open,13
3139,2019-09-18,2019-09-19,3730.0,2019-10-10,3618.1,-3.0000000000000027,stop_-3%,14
3139,2019-12-10,2019-12-11,3500.0,2019-12-13,3480.0,-0.5714285714285672,strict_gakutto_next_open,2
3139,2021-07-14,2021-07-15,2824.0,2021-07-15,2739.2799999999997,-3.0000000000000138,stop_-3%,0
3139,2023-03-22,2023-03-23,1947.0,2023-04-06,1993.0,2.3626091422701556,strict_gakutto_next_open,10
3148,2018-06-27,2018-06-28,3230.0,2018-07-02,3133.1,-3.0000000000000027,stop_-3%,2
3148,2023-12-06,2023-12-07,3085.0,2023-12-11,3075.0,-0.32414910858995505,strict_gakutto_next_open,2
3150,2016-12-26,2016-12-27,211.7,2017-01-10,213.7,0.9447331128956016,strict_gakutto_next_open,7
3151,2017-06-16,2017-06-19,938.0,2017-07-04,909.86,-3.0000000000000027,stop_-3%,11
3151,2022-03-15,2022-03-16,798.0,2022-03-24,774.06,-3.0000000000000027,stop_-3%,5
3151,2022-06-21,2022-06-22,706.0,2022-06-30,692.0,-1.9830028328611915,strict_gakutto_next_open,6
3151,2024-12-20,2024-12-23,1145.0,2025-01-10,1239.0,8.209606986899566,strict_gakutto_next_open,10
3151,2026-05-07,2026-05-08,1415.0,2026-05-12,1372.55,-3.0000000000000027,stop_-3%,2
3153,2018-06-04,2018-06-05,940.0,2018-06-19,947.0,0.7446808510638281,strict_gakutto_next_open,10
3153,2018-12-13,2018-12-14,828.0,2018-12-17,803.16,-3.0000000000000027,stop_-3%,1
3153,2020-08-07,2020-08-11,930.0,2020-08-19,941.0,1.1827956989247213,strict_gakutto_next_open,6
3153,2021-01-08,2021-01-12,976.0,2021-01-19,969.0,-0.7172131147541005,strict_gakutto_next_open,5
3153,2022-10-04,2022-10-05,994.0,2022-10-27,1009.0,1.5090543259557387,max15_next_open,15
3153,2023-08-10,2023-08-14,1293.0,2023-08-18,1254.21,-3.0000000000000027,stop_-3%,4
3153,2025-03-03,2025-03-04,1716.0,2025-03-26,1780.0,3.7296037296037365,max15_next_open,15
3154,2023-11-17,2023-11-20,762.0,2023-11-21,739.14,-3.0000000000000027,stop_-3%,1
3156,2018-08-14,2018-08-15,2239.0,2018-08-20,2171.83,-3.0000000000000027,stop_-3%,3
3156,2019-08-13,2019-08-14,1762.0,2019-08-14,1709.1399999999999,-3.0000000000000027,stop_-3%,0
3156,2021-04-07,2021-04-08,2030.0,2021-04-12,2063.0,1.625615763546806,strict_gakutto_next_open,2
3156,2022-05-19,2022-05-20,1976.0,2022-06-03,2022.0,2.327935222672073,strict_gakutto_next_open,10
3156,2024-02-16,2024-02-19,3030.0,2024-02-21,2939.1,-3.0000000000000027,stop_-3%,2
3156,2025-08-22,2025-08-25,2664.0,2025-09-01,2614.0,-1.8768768768768762,strict_gakutto_next_open,5
3167,2018-06-06,2018-06-07,1157.0,2018-06-18,1122.29,-3.0000000000000027,stop_-3%,7
3167,2019-03-26,2019-03-27,900.0,2019-04-09,924.0,2.6666666666666616,strict_gakutto_next_open,9
3167,2020-01-07,2020-01-08,1098.0,2020-01-14,1065.06,-3.0000000000000027,stop_-3%,3
3176,2017-03-21,2017-03-22,443.5,2017-04-03,438.8,-1.059751972942502,strict_gakutto_next_open,8
3176,2020-11-04,2020-11-05,506.5,2020-11-09,491.305,-3.0000000000000027,stop_-3%,2
3176,2021-04-13,2021-04-14,581.0,2021-04-14,563.5699999999999,-3.0000000000000138,stop_-3%,0
3176,2021-07-13,2021-07-14,636.0,2021-07-15,616.92,-3.0000000000000027,stop_-3%,1
3176,2023-03-23,2023-03-24,571.5,2023-04-06,593.0,3.7620297462817254,strict_gakutto_next_open,9
3179,2023-01-06,2023-01-10,1235.0,2023-01-12,1197.95,-2.9999999999999916,stop_-3%,2
3182,2019-12-26,2019-12-27,1279.0,2019-12-30,1240.6299999999999,-3.0000000000000138,stop_-3%,1
3182,2024-10-10,2024-10-11,1361.0,2024-10-21,1341.0,-1.4695077149155078,strict_gakutto_next_open,5
3183,2018-06-04,2018-06-05,1430.0,2018-06-13,1443.0,0.9090909090909038,strict_gakutto_next_open,6
3186,2019-06-06,2019-06-07,1202.0,2019-06-18,1165.94,-2.9999999999999916,stop_-3%,7
3186,2021-05-06,2021-05-07,1765.0,2021-05-11,1739.0,-1.4730878186968832,strict_gakutto_next_open,2
3186,2021-12-07,2021-12-08,2342.0,2021-12-17,2348.0,0.256191289496166,strict_gakutto_next_open,7
3186,2022-11-18,2022-11-21,2899.0,2022-12-05,2988.0,3.070024146257322,strict_gakutto_next_open,9
3186,2025-02-26,2025-02-27,1525.0,2025-02-28,1479.25,-3.0000000000000027,stop_-3%,1
3191,2018-04-18,2018-04-19,1885.0,2018-04-24,1855.0,-1.591511936339518,strict_gakutto_next_open,3
3191,2019-06-05,2019-06-06,1268.0,2019-06-13,1259.0,-0.7097791798107211,strict_gakutto_next_open,5
3191,2021-03-05,2021-03-08,1410.0,2021-03-25,1463.0,3.7588652482269502,strict_gakutto_next_open,13
3193,2017-11-21,2017-11-22,1497.5,2017-12-14,1810.0,20.86811352253757,max15_next_open,15
3193,2025-07-16,2025-07-17,1550.0,2025-07-22,1540.0,-0.6451612903225823,strict_gakutto_next_open,2
3193,2025-08-06,2025-08-07,1552.5,2025-08-25,1580.0,1.7713365539452575,strict_gakutto_next_open,11
3196,2019-04-25,2019-04-26,1537.0,2019-05-08,1502.0,-2.2771633051398843,strict_gakutto_next_open,2
3196,2024-10-29,2024-10-30,2287.0,2024-11-14,2320.0,1.4429383471797008,strict_gakutto_next_open,10
3196,2025-10-06,2025-10-07,2072.0,2025-10-15,2055.0,-0.820463320463316,strict_gakutto_next_open,5
3197,2019-07-29,2019-07-30,1950.0,2019-08-05,1880.0,-3.589743589743588,stop_gap,4
3197,2021-06-03,2021-06-04,1594.0,2021-06-15,1579.0,-0.9410288582183179,strict_gakutto_next_open,7
3197,2021-12-03,2021-12-06,1520.0,2021-12-17,1540.0,1.3157894736842035,strict_gakutto_next_open,9
3199,2017-09-11,2017-09-12,1247.5,2017-09-14,1210.075,-2.9999999999999916,stop_-3%,2
3199,2018-04-25,2018-04-26,1962.5,2018-05-09,1952.5,-0.5095541401273884,strict_gakutto_next_open,6
3199,2019-03-26,2019-03-27,1096.5,2019-04-01,1063.5,-3.0095759233926156,stop_gap,3
3199,2019-09-24,2019-09-25,1055.0,2019-09-30,1020.0,-3.3175355450236976,stop_gap,3
3199,2025-05-23,2025-05-26,1567.0,2025-06-13,1541.0,-1.659221442246328,strict_gakutto_next_open,14
3201,2018-09-14,2018-09-18,893.0,2018-10-11,904.0,1.2318029115341522,max15_next_open,15
3201,2023-12-22,2023-12-25,1288.0,2024-01-15,1379.0,7.065217391304346,strict_gakutto_next_open,11
3201,2026-02-03,2026-02-04,1910.0,2026-02-27,2057.0,7.696335078534022,max15_next_open,15
3221,2017-10-13,2017-10-16,2404.0,2017-11-07,2698.0,12.229617304492502,strict_gakutto_next_open,15
3221,2022-08-12,2022-08-15,2270.0,2022-08-29,2269.0,-0.04405286343612813,strict_gakutto_next_open,10
3221,2024-06-04,2024-06-05,2788.0,2024-06-26,2932.0,5.164992826398862,max15_next_open,15
3231,2017-06-15,2017-06-16,482.0,2017-06-19,429.4,-10.912863070539425,stop_gap,1
3231,2018-08-20,2018-08-21,474.8,2018-08-31,480.6,1.2215669755686553,strict_gakutto_next_open,8
3231,2020-07-15,2020-07-16,421.2,2020-07-16,408.56399999999996,-3.0000000000000027,stop_-3%,0
3231,2021-11-12,2021-11-15,546.0,2021-11-22,529.0,-3.1135531135531136,strict_gakutto_next_open,5
3231,2022-01-28,2022-01-31,541.2,2022-02-16,560.4,3.5476718403547602,strict_gakutto_next_open,11
3231,2024-02-22,2024-02-26,776.0,2024-02-27,752.72,-2.9999999999999916,stop_-3%,1
3231,2024-03-15,2024-03-18,771.2,2024-04-09,864.0,12.03319502074689,max15_next_open,15
3231,2024-07-31,2024-08-01,820.2,2024-08-01,795.594,-3.0000000000000027,stop_-3%,0
3232,2018-03-30,2018-04-02,525.0,2018-04-02,509.25,-3.0000000000000027,stop_-3%,0
3232,2019-04-05,2019-04-08,567.0,2019-05-07,594.0,4.761904761904767,max15_next_open,15
3232,2020-08-07,2020-08-11,434.0,2020-08-19,435.0,0.23041474654377225,strict_gakutto_next_open,6
3232,2024-07-31,2024-08-01,552.0,2024-08-02,532.0,-3.6231884057971064,stop_gap,1
3245,2019-10-04,2019-10-07,501.0,2019-10-16,498.0,-0.5988023952095856,strict_gakutto_next_open,6
3245,2022-11-21,2022-11-22,610.0,2022-12-02,614.0,0.6557377049180246,strict_gakutto_next_open,7
3252,2017-08-21,2017-08-22,1699.0,2017-09-04,1680.0,-1.1183048852266064,strict_gakutto_next_open,9
3252,2017-09-08,2017-09-11,1704.0,2017-10-03,1700.0,-0.23474178403756207,max15_next_open,15
3276,2018-11-01,2018-11-02,1246.0,2018-11-16,980.0,-21.34831460674157,strict_gakutto_next_open,10
3284,2022-10-04,2022-10-05,796.0,2022-10-07,772.12,-3.0000000000000027,stop_-3%,2
3288,2019-03-12,2019-03-13,2025.0,2019-03-20,1995.0,-1.4814814814814836,strict_gakutto_next_open,5
3288,2020-01-22,2020-01-23,3050.0,2020-01-27,2958.5,-3.0000000000000027,stop_-3%,2
3288,2022-08-31,2022-09-01,5410.0,2022-09-02,5247.7,-3.0000000000000027,stop_-3%,1
3288,2023-10-24,2023-10-25,4929.0,2023-10-26,4781.13,-3.0000000000000027,stop_-3%,1
3288,2024-05-31,2024-06-03,4507.0,2024-06-24,4792.0,6.323496782782345,strict_gakutto_next_open,15
3289,2019-11-21,2019-11-22,716.0,2019-12-13,752.0,5.027932960893855,strict_gakutto_next_open,15
3289,2022-02-02,2022-02-03,650.0,2022-02-22,654.0,0.6153846153846176,strict_gakutto_next_open,12
3289,2023-12-15,2023-12-18,903.3,2024-01-12,1002.0,10.926602457655266,max15_next_open,15
3289,2024-02-16,2024-02-19,991.0,2024-02-21,970.2,-2.0988900100908148,strict_gakutto_next_open,2
3289,2024-07-31,2024-08-01,1036.0,2024-08-01,1004.92,-3.0000000000000027,stop_-3%,0
3289,2024-12-20,2024-12-23,939.9,2025-01-20,945.0,0.5426109160548975,max15_next_open,15
3289,2025-04-10,2025-04-11,962.8,2025-04-28,996.1,3.4586622351475027,strict_gakutto_next_open,11
3289,2026-02-03,2026-02-04,1458.0,2026-02-27,1560.0,6.995884773662553,max15_next_open,15
3289,2026-05-29,2026-06-01,1318.5,2026-06-02,1271.0,-3.6025786879029242,stop_gap,1
3291,2023-02-17,2023-02-20,2174.0,2023-03-08,2265.0,4.185832566697334,strict_gakutto_next_open,11
3291,2024-06-25,2024-06-26,2125.5,2024-07-02,2100.0,-1.1997177134791759,strict_gakutto_next_open,4
3291,2026-08-10,2026-08-12,2299.5,2026-09-02,2365.5,2.8701891715590344,max15_next_open,15
3302,2021-01-27,2021-01-28,2304.0,2021-02-01,2268.0,-1.5625,strict_gakutto_next_open,2
3302,2021-03-05,2021-03-08,2265.0,2021-03-08,2197.0499999999997,-3.0000000000000138,stop_-3%,0
3302,2021-03-29,2021-03-30,2212.0,2021-04-14,2230.0,0.8137432188065175,strict_gakutto_next_open,11
3302,2021-12-03,2021-12-06,2058.0,2021-12-15,2114.0,2.7210884353741527,strict_gakutto_next_open,7
3302,2026-01-15,2026-01-16,3210.0,2026-01-22,3125.0,-2.6479750778816147,strict_gakutto_next_open,4
3315,2020-09-28,2020-09-29,63.0,2020-10-15,63.0,0.0,strict_gakutto_next_open,11
3315,2024-04-09,2024-04-10,128.0,2024-04-22,134.0,4.6875,strict_gakutto_next_open,8
3315,2025-01-20,2025-01-21,93.0,2025-02-12,102.0,9.677419354838701,max15_next_open,15
3315,2025-09-24,2025-09-25,102.0,2025-10-02,100.0,-1.9607843137254943,strict_gakutto_next_open,5
3333,2018-04-25,2018-04-26,1325.0,2018-05-22,1340.0,1.132075471698113,max15_next_open,15
3333,2020-10-29,2020-10-30,1741.0,2020-11-02,1688.77,-3.0000000000000027,stop_-3%,1
3349,2022-12-09,2022-12-12,7085.0,2022-12-14,7000.0,-1.1997177134791759,strict_gakutto_next_open,2
3349,2026-08-07,2026-08-10,6500.0,2026-08-18,6318.0,-2.8000000000000025,strict_gakutto_next_open,5
3360,2018-03-27,2018-03-28,1857.5,2018-04-12,1892.5,1.8842530282638048,strict_gakutto_next_open,11
3360,2018-10-18,2018-10-19,2152.5,2018-10-23,2087.9249999999997,-3.0000000000000138,stop_-3%,2
3360,2018-11-02,2018-11-05,2042.5,2018-11-12,2002.5,-1.9583843329253336,strict_gakutto_next_open,5
3360,2021-06-03,2021-06-04,2615.0,2021-06-04,2536.5499999999997,-3.0000000000000138,stop_-3%,0
3360,2022-08-05,2022-08-08,2580.0,2022-08-24,2550.0,-1.1627906976744207,strict_gakutto_next_open,11
3360,2023-02-08,2023-02-09,2485.0,2023-02-16,2510.0,1.0060362173038184,strict_gakutto_next_open,5
3360,2023-10-26,2023-10-27,2220.0,2023-11-09,2309.0,4.009009009009001,strict_gakutto_next_open,8
3360,2026-06-08,2026-06-09,2076.0,2026-06-30,2189.0,5.44315992292872,max15_next_open,15
3371,2017-01-04,2017-01-05,685.5,2017-01-18,664.935,-3.0000000000000027,stop_-3%,8
3371,2019-07-02,2019-07-03,786.0,2019-07-25,848.5,7.951653944020354,max15_next_open,15
3371,2022-10-18,2022-10-19,1597.5,2022-11-04,1647.5,3.1298904538341166,strict_gakutto_next_open,11
3382,2019-01-04,2019-01-07,1678.0,2019-01-11,1623.3,-3.2598331346841536,stop_gap,4
3382,2020-09-11,2020-09-14,1143.7,2020-09-18,1109.3890000000001,-2.9999999999999916,stop_-3%,4
3382,2023-06-06,2023-06-07,2065.0,2023-06-08,2003.05,-3.0000000000000027,stop_-3%,1
3387,2019-07-01,2019-07-02,346.8,2019-07-24,403.8,16.435986159169545,max15_next_open,15
3387,2022-10-28,2022-10-31,462.5,2022-11-22,478.0,3.3513513513513615,max15_next_open,15
3388,2017-11-24,2017-11-27,1772.0,2017-12-04,1770.0,-0.11286681715575453,strict_gakutto_next_open,5
3388,2018-09-14,2018-09-18,1980.0,2018-10-03,2054.0,3.737373737373728,strict_gakutto_next_open,10
3388,2019-08-30,2019-09-02,1289.0,2019-09-25,1369.0,6.206361520558579,max15_next_open,15
3388,2021-06-16,2021-06-17,1377.0,2021-07-02,1396.0,1.3798111837327598,strict_gakutto_next_open,11
3393,2018-09-21,2018-09-25,713.0,2018-10-03,696.0,-2.384291725105192,strict_gakutto_next_open,6
3393,2019-07-01,2019-07-02,532.0,2019-07-19,533.0,0.1879699248120259,strict_gakutto_next_open,12
3393,2020-08-05,2020-08-06,613.0,2020-08-07,594.61,-3.0000000000000027,stop_-3%,1
3393,2022-12-01,2022-12-02,1195.0,2022-12-05,1159.1499999999999,-3.0000000000000138,stop_-3%,1
3393,2023-09-25,2023-09-26,1746.0,2023-10-02,1693.62,-3.0000000000000027,stop_-3%,4
3393,2023-12-15,2023-12-18,1257.0,2023-12-25,1294.0,2.9435163086714455,strict_gakutto_next_open,5
3395,2017-06-15,2017-06-16,3475.0,2017-06-28,3365.0,-3.1654676258992764,stop_gap,8
3395,2021-04-07,2021-04-08,1748.0,2021-04-14,1695.56,-3.0000000000000027,stop_-3%,4
3395,2021-04-27,2021-04-28,1694.0,2021-05-12,1643.18,-2.9999999999999916,stop_-3%,6
3395,2021-08-27,2021-08-30,1525.0,2021-09-17,1580.0,3.60655737704918,strict_gakutto_next_open,14
3397,2021-05-20,2021-05-21,1729.0,2021-05-28,1721.0,-0.46269519953729965,strict_gakutto_next_open,5
3397,2022-06-21,2022-06-22,2263.0,2022-06-23,2195.11,-2.9999999999999916,stop_-3%,1
3397,2025-11-21,2025-11-25,4507.0,2025-12-02,4405.0,-2.2631462169957817,strict_gakutto_next_open,5
3401,2018-06-26,2018-06-27,2038.0,2018-07-04,1996.0,-2.060843964671244,strict_gakutto_next_open,5
3401,2020-07-06,2020-07-07,1692.0,2020-07-27,1650.0,-2.4822695035460973,strict_gakutto_next_open,12
3402,2019-10-09,2019-10-10,811.5,2019-10-25,801.5,-1.2322858903265566,strict_gakutto_next_open,9
3402,2020-12-29,2020-12-30,618.5,2021-01-04,599.9449999999999,-3.0000000000000138,stop_-3%,1
3402,2021-09-28,2021-09-29,728.0,2021-10-01,706.16,-3.0000000000000027,stop_-3%,2
3402,2024-10-24,2024-10-25,818.8,2024-11-05,826.3,0.9159745969711697,strict_gakutto_next_open,6
3405,2024-03-12,2024-03-13,1483.0,2024-04-04,1645.0,10.923803101820639,max15_next_open,15
3405,2024-11-22,2024-11-25,2068.5,2024-12-16,2270.5,9.76553057771332,max15_next_open,15
3407,2018-05-31,2018-06-01,1494.5,2018-06-13,1490.0,-0.30110404817664804,strict_gakutto_next_open,8
3407,2019-04-23,2019-04-24,1150.5,2019-05-09,1115.985,-3.0000000000000138,stop_-3%,5
3407,2022-04-08,2022-04-11,1063.0,2022-04-12,1031.11,-3.0000000000000138,stop_-3%,1
3407,2024-05-21,2024-05-22,1061.0,2024-05-28,1048.0,-1.2252591894439169,strict_gakutto_next_open,4
3415,2017-03-23,2017-03-24,941.0,2017-04-05,978.0,3.9319872476089257,strict_gakutto_next_open,8
3415,2017-11-22,2017-11-24,1518.3,2017-12-04,1506.7,-0.764012382269641,strict_gakutto_next_open,6
3415,2018-05-23,2018-05-24,1047.0,2018-05-29,1015.5899999999999,-3.0000000000000027,stop_-3%,3
3415,2021-06-25,2021-06-28,729.0,2021-06-30,717.0,-1.6460905349794275,strict_gakutto_next_open,2
3415,2024-03-08,2024-03-11,304.0,2024-03-25,321.0,5.592105263157898,strict_gakutto_next_open,9
3433,2017-01-04,2017-01-05,648.5,2017-01-10,632.0,-2.5443330763299965,strict_gakutto_next_open,2
3433,2017-08-22,2017-08-23,1015.0,2017-08-23,984.55,-3.0000000000000027,stop_-3%,0
3433,2017-09-12,2017-09-13,1023.8,2017-09-25,1047.5,2.314905254932609,strict_gakutto_next_open,7
3433,2018-06-04,2018-06-05,1407.0,2018-06-06,1364.79,-3.0000000000000027,stop_-3%,1
3433,2024-07-30,2024-07-31,1924.0,2024-08-02,1866.28,-3.0000000000000027,stop_-3%,2
3436,2020-12-28,2020-12-29,2199.0,2021-01-19,2359.0,7.276034561164169,strict_gakutto_next_open,12
3436,2023-05-18,2023-05-19,1962.0,2023-06-09,2005.0,2.1916411824668636,max15_next_open,15
3436,2023-07-28,2023-07-31,2080.0,2023-08-03,2010.0,-3.3653846153846145,strict_gakutto_next_open,3
3436,2024-01-11,2024-01-12,2218.5,2024-02-02,2244.5,1.1719630380887969,max15_next_open,15
3436,2025-05-28,2025-05-29,997.7,2025-06-02,967.769,-3.0000000000000027,stop_-3%,2
3443,2020-02-04,2020-02-05,726.7,2020-02-13,744.4,2.435668088619769,strict_gakutto_next_open,5
3443,2020-07-06,2020-07-07,540.0,2020-07-10,523.8,-3.0000000000000138,stop_-3%,3
3445,2017-10-23,2017-10-24,2040.0,2017-11-15,2022.5,-0.8578431372548989,strict_gakutto_next_open,15
3445,2018-05-22,2018-05-23,3510.0,2018-05-23,3404.7,-3.0000000000000027,stop_-3%,0
3445,2023-04-12,2023-04-13,3230.0,2023-04-18,3133.1,-3.0000000000000027,stop_-3%,3
3445,2024-09-12,2024-09-13,3380.0,2024-10-01,3630.0,7.396449704142016,strict_gakutto_next_open,10
3445,2025-12-23,2025-12-24,3755.0,2026-01-08,3750.0,-0.13315579227696217,strict_gakutto_next_open,8
3457,2017-04-17,2017-04-18,834.5,2017-05-10,867.0,3.894547633313361,strict_gakutto_next_open,13
3457,2018-06-22,2018-06-25,2670.0,2018-06-25,2589.9,-2.9999999999999916,stop_-3%,0
3457,2021-02-02,2021-02-03,1213.0,2021-02-10,1205.0,-0.6595218466611708,strict_gakutto_next_open,5
3457,2026-02-24,2026-02-25,1116.0,2026-03-04,1080.0,-3.2258064516129004,strict_gakutto_next_open,5
3465,2019-04-25,2019-04-26,824.5,2019-05-09,799.765,-3.0000000000000027,stop_-3%,3
3465,2019-08-09,2019-08-13,820.0,2019-08-28,889.5,8.475609756097558,strict_gakutto_next_open,11
3465,2019-10-04,2019-10-07,993.5,2019-10-09,963.6949999999999,-3.0000000000000027,stop_-3%,2
3475,2017-05-19,2017-05-22,133.0,2017-05-29,131.0,-1.5037593984962405,strict_gakutto_next_open,5
3475,2021-01-21,2021-01-22,648.5,2021-01-28,630.0,-2.8527370855821133,strict_gakutto_next_open,4
3475,2021-05-06,2021-05-07,719.5,2021-05-12,697.915,-3.0000000000000027,stop_-3%,3
3475,2023-04-28,2023-05-01,799.0,2023-05-12,777.0,-2.7534418022528206,strict_gakutto_next_open,6
3482,2019-04-05,2019-04-08,733.3,2019-04-11,711.3009999999999,-3.0000000000000027,stop_-3%,3
3482,2019-11-05,2019-11-06,704.2,2019-11-12,683.0740000000001,-2.9999999999999916,stop_-3%,4
3482,2019-11-19,2019-11-20,708.3,2019-12-11,941.7,32.952138924184695,max15_next_open,15
3482,2020-01-27,2020-01-28,835.0,2020-01-30,809.9499999999999,-3.0000000000000027,stop_-3%,2
3482,2022-09-14,2022-09-15,1500.0,2022-09-20,1480.0,-1.3333333333333308,strict_gakutto_next_open,2
3482,2024-01-22,2024-01-23,1659.2,2024-01-23,1609.424,-3.0000000000000027,stop_-3%,0
3486,2018-08-10,2018-08-13,785.0,2018-08-13,761.4499999999999,-3.0000000000000138,stop_-3%,0
3486,2019-12-02,2019-12-03,338.0,2019-12-05,327.86,-2.9999999999999916,stop_-3%,2
3486,2020-07-27,2020-07-28,311.5,2020-07-29,302.155,-3.0000000000000138,stop_-3%,1
3486,2025-01-07,2025-01-08,1397.0,2025-01-09,1352.5,-3.1853972798854713,stop_gap,1
3486,2025-10-22,2025-10-23,2792.0,2025-10-29,2708.24,-3.0000000000000027,stop_-3%,4
3496,2021-09-10,2021-09-13,1180.0,2021-09-21,1127.5,-4.449152542372881,stop_gap,5
3496,2021-09-29,2021-09-30,1172.5,2021-10-04,1137.325,-2.9999999999999916,stop_-3%,2
3496,2022-10-17,2022-10-18,2040.0,2022-10-26,2032.5,-0.3676470588235281,strict_gakutto_next_open,6
3496,2025-07-22,2025-07-23,4220.0,2025-07-29,4093.4,-3.0000000000000027,stop_-3%,4
3496,2025-11-07,2025-11-10,4940.0,2025-11-20,5150.0,4.251012145748989,strict_gakutto_next_open,8
3496,2026-09-09,2026-09-10,4820.0,2026-09-11,4675.4,-3.0000000000000027,stop_-3%,1
3498,2019-07-02,2019-07-03,549.4,2019-07-08,532.918,-2.9999999999999916,stop_-3%,3
3498,2021-02-26,2021-03-01,967.5,2021-03-03,976.3,0.9095607235142023,strict_gakutto_next_open,2
3498,2023-01-31,2023-02-01,2095.0,2023-02-14,2050.0,-2.1479713603818618,strict_gakutto_next_open,9
3498,2023-03-22,2023-03-23,1952.5,2023-03-24,1893.925,-3.0000000000000027,stop_-3%,1
3501,2018-03-12,2018-03-13,1412.0,2018-03-20,1395.5,-1.168555240793201,strict_gakutto_next_open,5
3501,2020-08-27,2020-08-28,900.0,2020-09-01,887.0,-1.4444444444444482,strict_gakutto_next_open,2
3501,2023-12-22,2023-12-25,1082.0,2024-01-19,1217.5,12.523105360443632,max15_next_open,15
3539,2021-12-07,2021-12-08,900.0,2021-12-13,873.0,-3.0000000000000027,stop_-3%,3
3539,2022-03-15,2022-03-16,869.5,2022-03-18,873.5,0.46003450258769174,strict_gakutto_next_open,2
3548,2018-12-14,2018-12-17,1050.0,2018-12-18,1018.0,-3.0476190476190435,stop_gap,1
3548,2020-11-20,2020-11-24,671.0,2020-12-08,669.0,-0.29806259314456574,strict_gakutto_next_open,10
3548,2021-10-11,2021-10-12,875.0,2021-10-19,866.0,-1.0285714285714231,strict_gakutto_next_open,5
3561,2017-05-25,2017-05-26,1123.0,2017-05-26,1089.31,-3.0000000000000027,stop_-3%,0
3561,2019-10-08,2019-10-09,817.0,2019-10-11,792.49,-3.0000000000000027,stop_-3%,2
3561,2021-04-06,2021-04-07,650.0,2021-04-08,630.5,-3.0000000000000027,stop_-3%,1
3561,2021-08-10,2021-08-11,603.0,2021-08-18,601.0,-0.3316749585406287,strict_gakutto_next_open,5
3561,2021-08-24,2021-08-25,614.0,2021-09-01,602.0,-1.9543973941368087,strict_gakutto_next_open,5
3561,2022-11-14,2022-11-15,789.0,2022-11-15,765.3299999999999,-3.0000000000000138,stop_-3%,0
3561,2024-03-18,2024-03-19,1562.0,2024-03-28,1621.0,3.7772087067861726,strict_gakutto_next_open,6
3561,2024-08-30,2024-09-02,1175.0,2024-09-04,1139.75,-3.0000000000000027,stop_-3%,2
3563,2017-06-08,2017-06-09,418.8,2017-06-15,416.9,-0.45367717287488896,strict_gakutto_next_open,4
3563,2021-01-14,2021-01-15,1882.5,2021-01-15,1826.0249999999999,-3.0000000000000027,stop_-3%,0
3563,2024-04-03,2024-04-04,1513.0,2024-04-16,1550.0,2.4454725710508995,strict_gakutto_next_open,8
3569,2017-01-04,2017-01-05,1482.0,2017-01-06,1437.54,-3.0000000000000027,stop_-3%,1
3569,2018-09-14,2018-09-18,1800.0,2018-10-03,1896.0,5.333333333333323,strict_gakutto_next_open,10
3569,2020-06-18,2020-06-19,1363.0,2020-06-26,1362.0,-0.07336757153337814,strict_gakutto_next_open,5
3569,2021-01-25,2021-01-26,1580.0,2021-02-17,1875.0,18.670886075949376,max15_next_open,15
3569,2021-04-07,2021-04-08,1968.0,2021-04-15,1967.0,-0.050813008130079496,strict_gakutto_next_open,5
3569,2021-11-18,2021-11-19,2270.0,2021-12-01,2292.0,0.9691629955947079,strict_gakutto_next_open,7
3569,2023-05-24,2023-05-25,2183.0,2023-06-07,2283.0,4.580852038479155,strict_gakutto_next_open,9
3569,2023-09-19,2023-09-20,2363.0,2023-09-21,2283.0,-3.3855268726195487,stop_gap,1
3569,2026-07-02,2026-07-03,3375.0,2026-07-09,3315.0,-1.7777777777777781,strict_gakutto_next_open,4
3580,2018-01-22,2018-01-23,917.0,2018-01-31,919.0,0.21810250817884125,strict_gakutto_next_open,6
3580,2018-09-11,2018-09-12,918.0,2018-10-03,1070.0,16.55773420479303,strict_gakutto_next_open,13
3580,2019-03-15,2019-03-18,799.0,2019-03-25,775.03,-3.0000000000000027,stop_-3%,4
3580,2021-03-05,2021-03-08,1000.0,2021-03-25,1012.0,1.200000000000001,strict_gakutto_next_open,13
3580,2022-05-16,2022-05-17,1447.0,2022-05-19,1403.59,-3.0000000000000027,stop_-3%,2
3580,2023-08-23,2023-08-24,716.0,2023-09-11,735.0,2.6536312849162025,strict_gakutto_next_open,12
3580,2024-03-08,2024-03-11,761.0,2024-03-14,761.0,0.0,strict_gakutto_next_open,3
3580,2024-07-29,2024-07-30,749.0,2024-08-02,726.0,-3.070761014686252,stop_gap,3
3580,2025-02-10,2025-02-12,804.0,2025-02-21,793.0,-1.3681592039801016,strict_gakutto_next_open,7
3591,2018-10-19,2018-10-22,3115.0,2018-10-25,3021.5499999999997,-3.0000000000000138,stop_-3%,3
3591,2022-10-04,2022-10-05,2260.0,2022-10-27,2400.0,6.194690265486735,max15_next_open,15
3591,2023-12-26,2023-12-27,3351.0,2024-01-17,3503.0,4.535959415099966,strict_gakutto_next_open,11
3591,2024-07-31,2024-08-01,4350.0,2024-08-02,4172.0,-4.091954022988508,stop_gap,1
3591,2026-08-07,2026-08-10,4461.0,2026-08-12,4327.17,-3.0000000000000027,stop_-3%,1
3608,2022-06-28,2022-06-29,350.0,2022-07-01,339.5,-3.0000000000000027,stop_-3%,2
3608,2025-05-22,2025-05-23,1062.0,2025-05-27,1046.0,-1.5065913370998163,strict_gakutto_next_open,2
3612,2021-08-05,2021-08-06,677.5,2021-08-06,657.175,-3.0000000000000027,stop_-3%,0
3612,2023-08-16,2023-08-17,830.0,2023-08-18,805.1,-3.0000000000000027,stop_-3%,1
3626,2021-05-19,2021-05-20,2710.0,2021-05-31,2844.0,4.944649446494465,strict_gakutto_next_open,7
3632,2018-12-13,2018-12-14,486.0,2018-12-17,471.41999999999996,-3.0000000000000138,stop_-3%,1
3632,2019-04-01,2019-04-02,461.0,2019-04-02,447.17,-2.9999999999999916,stop_-3%,0
3632,2019-11-27,2019-11-28,515.0,2019-12-10,512.0,-0.5825242718446644,strict_gakutto_next_open,8
3632,2020-02-03,2020-02-04,488.0,2020-02-04,473.36,-3.0000000000000027,stop_-3%,0
3632,2022-09-28,2022-09-29,899.0,2022-09-30,872.03,-3.0000000000000027,stop_-3%,1
3632,2022-10-18,2022-10-19,871.0,2022-10-20,840.0,-3.559127439724452,stop_gap,1
3632,2023-06-28,2023-06-29,638.0,2023-07-05,618.86,-3.0000000000000027,stop_-3%,4
3632,2023-09-27,2023-09-28,581.0,2023-10-13,563.5699999999999,-3.0000000000000138,stop_-3%,10
3632,2025-11-21,2025-11-25,409.0,2025-12-02,399.0,-2.444987775061125,strict_gakutto_next_open,5
3632,2026-06-26,2026-06-29,370.0,2026-07-13,393.0,6.216216216216219,strict_gakutto_next_open,10
3635,2018-03-30,2018-04-02,667.3,2018-04-12,678.8,1.7233628053349381,strict_gakutto_next_open,8
3635,2018-08-27,2018-08-28,736.2,2018-08-29,711.9,-3.3007334963325308,stop_gap,1
3635,2020-02-03,2020-02-04,1132.3,2020-02-19,1196.2,5.643380729488667,strict_gakutto_next_open,10
3635,2020-09-14,2020-09-15,1692.3,2020-10-09,2000.0,18.182355374342606,max15_next_open,15
3635,2024-06-18,2024-06-19,1426.0,2024-06-19,1383.22,-3.0000000000000027,stop_-3%,0
3635,2024-10-29,2024-10-30,1568.0,2024-11-20,1630.0,3.9540816326530503,strict_gakutto_next_open,14
3636,2019-05-07,2019-05-08,3120.0,2019-05-09,3026.4,-2.9999999999999916,stop_-3%,1
3636,2022-03-15,2022-03-16,3900.0,2022-04-07,4030.0,3.3333333333333437,max15_next_open,15
3649,2017-03-28,2017-03-29,1030.0,2017-04-06,999.1,-3.0000000000000027,stop_-3%,6
3649,2023-07-19,2023-07-20,614.0,2023-08-10,639.0,4.071661237785018,max15_next_open,15
3649,2026-05-26,2026-05-27,760.0,2026-06-12,795.0,4.6052631578947345,strict_gakutto_next_open,12
3656,2019-12-10,2019-12-11,869.0,2019-12-12,842.93,-3.0000000000000027,stop_-3%,1
3656,2023-09-27,2023-09-28,282.0,2023-10-03,276.0,-2.127659574468088,strict_gakutto_next_open,3
3656,2024-07-30,2024-07-31,233.0,2024-08-01,226.01,-3.0000000000000027,stop_-3%,1
3656,2024-10-17,2024-10-18,190.0,2024-10-23,184.29999999999998,-3.0000000000000138,stop_-3%,3
3657,2019-08-13,2019-08-14,1136.0,2019-08-15,1100.0,-3.169014084507038,stop_gap,1
3657,2023-06-02,2023-06-05,965.0,2023-06-12,910.0,-5.699481865284972,stop_gap,5
3657,2024-02-13,2024-02-14,504.0,2024-03-06,511.0,1.388888888888884,strict_gakutto_next_open,14
3657,2024-04-24,2024-04-25,492.0,2024-05-07,481.0,-2.2357723577235755,strict_gakutto_next_open,5
3659,2018-06-15,2018-06-18,1703.0,2018-06-19,1651.9099999999999,-3.0000000000000138,stop_-3%,1
3659,2019-03-20,2019-03-22,1669.0,2019-04-03,1749.0,4.793289394847222,strict_gakutto_next_open,8
3659,2021-12-09,2021-12-10,2227.0,2021-12-21,2257.0,1.3471037269869868,strict_gakutto_next_open,7
3660,2019-04-25,2019-04-26,794.0,2019-04-26,770.18,-3.0000000000000027,stop_-3%,0
3660,2024-07-10,2024-07-11,472.0,2024-07-16,457.84,-3.0000000000000027,stop_-3%,2
3660,2024-12-04,2024-12-05,445.0,2024-12-06,431.65,-3.0000000000000027,stop_-3%,1
3660,2025-07-08,2025-07-09,547.0,2025-07-17,539.0,-1.4625228519195566,strict_gakutto_next_open,6
3661,2018-01-25,2018-01-26,158.6,2018-01-31,153.84199999999998,-3.0000000000000027,stop_-3%,3
3661,2019-10-08,2019-10-09,250.0,2019-10-10,242.5,-3.0000000000000027,stop_-3%,1
3661,2020-08-05,2020-08-06,292.3,2020-08-07,283.531,-3.0000000000000027,stop_-3%,1
3661,2021-01-13,2021-01-14,310.0,2021-01-28,300.7,-3.0000000000000027,stop_-3%,10
3661,2025-09-16,2025-09-17,1115.0,2025-09-22,1081.55,-3.0000000000000027,stop_-3%,3
3661,2026-03-27,2026-03-30,622.0,2026-04-15,722.0,16.077170418006425,strict_gakutto_next_open,12
3662,2017-06-30,2017-07-03,2995.0,2017-07-04,2905.15,-2.9999999999999916,stop_-3%,1
3662,2022-10-28,2022-10-31,766.0,2022-11-04,743.02,-3.0000000000000027,stop_-3%,3
3663,2017-01-25,2017-01-26,424.5,2017-02-02,417.8,-1.5783274440518191,strict_gakutto_next_open,5
3663,2018-02-02,2018-02-05,369.0,2018-02-06,350.5,-5.0135501355013545,stop_gap,1
3663,2023-06-30,2023-07-03,750.0,2023-07-18,727.5,-3.0000000000000027,stop_-3%,10
3663,2024-04-24,2024-04-25,843.0,2024-04-26,817.7099999999999,-3.0000000000000138,stop_-3%,1
3665,2017-04-11,2017-04-12,975.0,2017-04-12,945.75,-3.0000000000000027,stop_-3%,0
3665,2019-10-23,2019-10-24,1002.0,2019-10-29,971.9399999999999,-3.0000000000000027,stop_-3%,3
3665,2022-04-04,2022-04-05,655.0,2022-04-07,633.0,-3.358778625954195,strict_gakutto_next_open,2
3665,2024-02-16,2024-02-19,350.0,2024-03-04,350.0,0.0,strict_gakutto_next_open,9
3668,2022-05-19,2022-05-20,615.0,2022-05-30,630.0,2.4390243902439046,strict_gakutto_next_open,6
3673,2020-01-16,2020-01-17,339.0,2020-01-21,328.83,-3.0000000000000027,stop_-3%,2
3673,2020-09-04,2020-09-07,251.0,2020-09-30,280.0,11.553784860557759,max15_next_open,15
3673,2022-04-27,2022-04-28,185.0,2022-05-10,179.0,-3.2432432432432434,strict_gakutto_next_open,4
3676,2019-03-18,2019-03-19,1264.0,2019-03-22,1236.0,-2.215189873417722,strict_gakutto_next_open,2
3676,2023-06-13,2023-06-14,1340.0,2023-06-14,1299.8,-3.0000000000000027,stop_-3%,0
3676,2025-10-08,2025-10-09,1014.0,2025-10-10,983.5799999999999,-3.0000000000000027,stop_-3%,1
3676,2026-03-27,2026-03-30,851.0,2026-04-13,839.0,-1.4101057579318454,strict_gakutto_next_open,10
3678,2023-05-09,2023-05-10,1399.0,2023-05-11,1357.03,-3.0000000000000027,stop_-3%,1
3678,2023-12-19,2023-12-20,1436.0,2023-12-22,1392.92,-2.9999999999999916,stop_-3%,2
3678,2025-07-23,2025-07-24,1740.0,2025-07-30,1687.0,-3.0459770114942497,strict_gakutto_next_open,4
3678,2026-07-28,2026-07-29,1315.0,2026-08-04,1275.55,-3.0000000000000027,stop_-3%,4
3678,2026-08-12,2026-08-13,1289.0,2026-08-20,1280.0,-0.6982156710628407,strict_gakutto_next_open,5
3679,2018-06-11,2018-06-12,905.0,2018-06-13,877.85,-3.0000000000000027,stop_-3%,1
3679,2019-03-15,2019-03-18,615.0,2019-03-19,596.55,-3.0000000000000027,stop_-3%,1
3679,2021-04-13,2021-04-14,431.0,2021-04-20,418.07,-3.0000000000000027,stop_-3%,4
3679,2023-01-20,2023-01-23,378.0,2023-01-31,377.0,-0.2645502645502673,strict_gakutto_next_open,6
3679,2024-01-22,2024-01-23,535.0,2024-02-07,518.9499999999999,-3.0000000000000138,stop_-3%,11
3679,2024-06-20,2024-06-21,620.0,2024-06-21,601.4,-3.0000000000000027,stop_-3%,0
3679,2024-07-09,2024-07-10,590.0,2024-07-11,572.3,-3.0000000000000027,stop_-3%,1
3679,2025-01-22,2025-01-23,464.0,2025-02-03,463.0,-0.21551724137931494,strict_gakutto_next_open,7
3679,2025-02-21,2025-02-25,452.0,2025-02-27,444.0,-1.7699115044247815,strict_gakutto_next_open,2
3679,2025-07-17,2025-07-18,463.0,2025-08-12,539.0,16.414686825054005,max15_next_open,15
3687,2024-04-10,2024-04-11,2284.0,2024-04-12,2215.48,-3.0000000000000027,stop_-3%,1
3694,2020-11-04,2020-11-05,3115.0,2020-11-11,3020.0,-3.04975922953451,stop_gap,4
3694,2023-09-27,2023-09-28,852.0,2023-10-04,807.0,-5.2816901408450745,strict_gakutto_next_open,4
3694,2024-07-31,2024-08-01,674.0,2024-08-01,653.78,-3.0000000000000027,stop_-3%,0
3694,2024-09-19,2024-09-20,604.0,2024-10-03,615.0,1.821192052980125,strict_gakutto_next_open,8
3694,2025-11-12,2025-11-13,556.0,2025-11-14,539.3199999999999,-3.0000000000000138,stop_-3%,1
3696,2016-12-06,2016-12-07,1625.0,2016-12-07,1576.25,-3.0000000000000027,stop_-3%,0
3696,2018-04-20,2018-04-23,1751.0,2018-05-16,1924.0,9.880068532267284,strict_gakutto_next_open,14
3696,2018-08-08,2018-08-09,1566.0,2018-08-13,1519.02,-3.0000000000000027,stop_-3%,2
3696,2019-12-17,2019-12-18,1224.0,2019-12-19,1187.28,-3.0000000000000027,stop_-3%,1
3696,2023-09-27,2023-09-28,976.0,2023-10-02,946.72,-3.0000000000000027,stop_-3%,2
3696,2023-10-12,2023-10-13,936.0,2023-10-16,907.92,-3.0000000000000027,stop_-3%,1
3696,2025-11-26,2025-11-27,2210.0,2025-12-01,2143.7,-3.0000000000000138,stop_-3%,2
3696,2026-01-15,2026-01-16,1993.0,2026-01-19,1933.21,-3.0000000000000027,stop_-3%,1
3697,2017-01-24,2017-01-25,87.0,2017-02-01,85.1,-2.1839080459770233,strict_gakutto_next_open,5
3697,2017-06-20,2017-06-21,81.3,2017-06-28,80.2,-1.3530135301352941,strict_gakutto_next_open,5
3697,2023-07-13,2023-07-14,1866.7,2023-08-03,2126.0,13.89082337815395,strict_gakutto_next_open,13
3708,2018-04-04,2018-04-05,1376.7,2018-04-12,1360.0,-1.2130456889663743,strict_gakutto_next_open,5
3708,2021-11-18,2021-11-19,1376.7,2021-11-29,1335.3990000000001,-2.9999999999999916,stop_-3%,5
3708,2024-10-28,2024-10-29,1245.0,2024-11-06,1223.3,-1.7429718875502043,strict_gakutto_next_open,5
3741,2020-10-13,2020-10-14,1540.0,2020-10-16,1493.8,-3.0000000000000027,stop_-3%,2
3741,2022-07-20,2022-07-21,1251.0,2022-07-25,1235.5,-1.2390087929656235,strict_gakutto_next_open,2
3741,2024-03-29,2024-04-01,2525.0,2024-04-02,2449.25,-3.0000000000000027,stop_-3%,1
3762,2024-08-13,2024-08-14,2048.0,2024-09-04,2382.0,16.30859375,max15_next_open,15
3762,2025-11-11,2025-11-12,2079.0,2025-12-04,2250.0,8.225108225108224,max15_next_open,15
3763,2021-04-07,2021-04-08,693.5,2021-04-08,672.6949999999999,-3.0000000000000138,stop_-3%,0
3763,2022-01-14,2022-01-17,736.5,2022-01-18,714.405,-3.0000000000000027,stop_-3%,1
3765,2017-01-20,2017-01-23,2510.0,2017-01-30,2500.0,-0.3984063745019917,strict_gakutto_next_open,5
3765,2018-06-04,2018-06-05,2940.0,2018-06-13,2851.7999999999997,-3.0000000000000138,stop_-3%,6
3765,2023-06-02,2023-06-05,2809.0,2023-06-23,2920.0,3.9515841936632157,strict_gakutto_next_open,14
3765,2023-11-21,2023-11-22,2253.0,2023-12-01,2305.5,2.330226364846877,strict_gakutto_next_open,6
3765,2025-07-08,2025-07-09,2751.5,2025-07-22,2800.0,1.7626749045974943,strict_gakutto_next_open,8
3769,2017-09-28,2017-09-29,3515.0,2017-10-23,4060.0,15.504978662873391,max15_next_open,15
3769,2020-07-21,2020-07-22,11210.0,2020-08-13,11590.0,3.3898305084745672,strict_gakutto_next_open,13
3769,2021-04-28,2021-04-30,13990.0,2021-05-06,13570.3,-3.0000000000000027,stop_-3%,1
3769,2022-09-09,2022-09-12,11220.0,2022-09-14,10883.4,-3.0000000000000027,stop_-3%,2
3769,2023-07-13,2023-07-14,11335.0,2023-07-21,10975.0,-3.1760035288928123,stop_gap,4
3771,2019-08-30,2019-09-02,975.0,2019-09-12,967.5,-0.7692307692307665,strict_gakutto_next_open,8
3771,2019-12-17,2019-12-18,889.5,2019-12-26,891.5,0.22484541877458852,strict_gakutto_next_open,6
3771,2021-07-26,2021-07-27,1108.5,2021-07-29,1068.5,-3.608479927830399,stop_gap,2
3771,2022-05-19,2022-05-20,963.5,2022-06-10,1034.0,7.317073170731714,max15_next_open,15
3771,2022-08-12,2022-08-15,1013.5,2022-08-22,1012.0,-0.14800197335964604,strict_gakutto_next_open,5
3771,2023-05-31,2023-06-01,1180.5,2023-06-22,1350.0,14.35832274459974,max15_next_open,15
3771,2023-08-10,2023-08-14,1270.0,2023-08-21,1258.0,-0.9448818897637823,strict_gakutto_next_open,5
3771,2025-11-21,2025-11-25,1992.0,2025-11-25,1932.24,-3.0000000000000027,stop_-3%,0
3774,2019-05-16,2019-05-17,569.8,2019-05-20,551.5,-3.2116532116532093,stop_gap,1
3774,2020-07-07,2020-07-08,927.5,2020-07-10,899.675,-3.0000000000000027,stop_-3%,2
3774,2020-07-27,2020-07-28,931.3,2020-08-19,1120.0,20.26199935573929,max15_next_open,15
3774,2021-08-10,2021-08-11,1782.5,2021-08-11,1729.0249999999999,-3.0000000000000027,stop_-3%,0
3774,2024-05-07,2024-05-08,2720.0,2024-05-10,2638.4,-2.9999999999999916,stop_-3%,2
3774,2024-06-14,2024-06-17,2200.0,2024-06-19,2134.0,-3.0000000000000027,stop_-3%,2
3778,2016-12-12,2016-12-13,929.0,2016-12-21,953.0,2.583423035522059,strict_gakutto_next_open,6
3778,2017-08-02,2017-08-03,882.0,2017-08-09,855.54,-3.0000000000000027,stop_-3%,4
3778,2019-07-01,2019-07-02,521.0,2019-07-24,569.0,9.213051823416496,max15_next_open,15
3778,2022-06-24,2022-06-27,554.0,2022-07-01,537.38,-3.0000000000000027,stop_-3%,4
3778,2023-04-03,2023-04-04,636.0,2023-04-06,614.0,-3.459119496855345,stop_gap,2
3778,2023-05-30,2023-05-31,663.0,2023-05-31,643.11,-3.0000000000000027,stop_-3%,0
3788,2019-06-24,2019-06-25,3065.0,2019-06-27,3005.0,-1.9575856443719397,strict_gakutto_next_open,2
3788,2021-04-19,2021-04-20,6530.0,2021-04-21,6280.0,-3.8284839203675314,stop_gap,1
3788,2021-06-23,2021-06-24,5070.0,2021-06-28,4917.9,-3.0000000000000027,stop_-3%,2
3788,2023-10-27,2023-10-30,2500.0,2023-11-14,2600.0,4.0000000000000036,strict_gakutto_next_open,10
3788,2026-02-05,2026-02-06,2292.0,2026-02-06,2223.24,-3.0000000000000138,stop_-3%,0
3817,2020-11-05,2020-11-06,2365.0,2020-11-17,2452.0,3.678646934460894,strict_gakutto_next_open,7
3834,2019-09-19,2019-09-20,685.0,2019-10-01,670.0,-2.1897810218978075,strict_gakutto_next_open,6
3834,2020-09-15,2020-09-16,930.0,2020-09-28,955.0,2.6881720430107503,strict_gakutto_next_open,6
3834,2021-06-03,2021-06-04,709.0,2021-06-21,706.0,-0.42313117066290484,strict_gakutto_next_open,11
3834,2025-12-10,2025-12-11,690.0,2025-12-18,682.0,-1.1594202898550732,strict_gakutto_next_open,5
3835,2016-11-01,2016-11-02,155.1,2016-11-09,150.447,-2.9999999999999916,stop_-3%,4
3835,2019-12-24,2019-12-25,580.0,2020-01-22,730.0,25.86206896551724,max15_next_open,15
3835,2021-06-28,2021-06-29,880.0,2021-06-30,853.6,-3.0000000000000027,stop_-3%,1
3835,2025-06-02,2025-06-03,525.0,2025-06-12,523.0,-0.3809523809523818,strict_gakutto_next_open,7
3836,2021-08-24,2021-08-25,1550.0,2021-08-27,1503.5,-3.0000000000000027,stop_-3%,2
3836,2022-11-22,2022-11-24,1499.0,2022-12-05,1454.03,-3.0000000000000027,stop_-3%,7
3836,2024-03-08,2024-03-11,1306.0,2024-03-12,1266.82,-3.0000000000000027,stop_-3%,1
3836,2025-10-07,2025-10-08,1539.0,2025-10-14,1488.0,-3.3138401559454245,stop_gap,3
3837,2017-02-17,2017-02-20,657.5,2017-02-21,637.775,-3.0000000000000027,stop_-3%,1
3837,2017-11-21,2017-11-22,615.0,2017-12-01,616.5,0.24390243902439046,strict_gakutto_next_open,6
3837,2019-12-20,2019-12-23,1154.5,2020-01-08,1119.865,-3.0000000000000027,stop_-3%,8
3837,2020-10-29,2020-10-30,1344.0,2020-11-02,1303.68,-2.9999999999999916,stop_-3%,1
3837,2021-01-22,2021-01-25,1632.5,2021-01-28,1557.5,-4.594180704441042,stop_gap,3
3837,2022-02-22,2022-02-24,819.5,2022-02-24,794.915,-3.0000000000000027,stop_-3%,0
3837,2022-08-12,2022-08-15,859.5,2022-08-16,833.715,-2.9999999999999916,stop_-3%,1
3837,2022-12-12,2022-12-13,741.5,2022-12-19,719.255,-3.0000000000000027,stop_-3%,4
3837,2023-06-02,2023-06-05,905.5,2023-06-08,878.3349999999999,-3.0000000000000138,stop_-3%,3
3837,2026-04-06,2026-04-07,1520.0,2026-04-10,1474.3999999999999,-3.0000000000000138,stop_-3%,3
3837,2026-06-29,2026-06-30,1396.0,2026-07-17,1450.0,3.86819484240688,strict_gakutto_next_open,13
3843,2019-11-05,2019-11-06,893.0,2019-11-06,866.2099999999999,-3.0000000000000138,stop_-3%,0
3843,2021-03-09,2021-03-10,981.0,2021-03-19,975.0,-0.6116207951070374,strict_gakutto_next_open,7
3843,2021-03-29,2021-03-30,987.0,2021-04-09,996.0,0.911854103343468,strict_gakutto_next_open,8
3843,2022-04-14,2022-04-15,881.0,2022-04-22,850.0,-3.518728717366626,strict_gakutto_next_open,5
3843,2022-09-26,2022-09-27,893.0,2022-10-04,915.0,2.4636058230683044,strict_gakutto_next_open,5
3843,2025-12-12,2025-12-15,1600.0,2026-01-08,1695.0,5.937499999999996,max15_next_open,15
3843,2026-03-27,2026-03-30,1446.0,2026-04-14,1532.0,5.947441217150762,strict_gakutto_next_open,11
3844,2017-04-19,2017-04-20,613.3,2017-05-16,708.3,15.489972281102226,max15_next_open,15
3844,2017-10-12,2017-10-13,1022.5,2017-10-13,991.8249999999999,-3.0000000000000027,stop_-3%,0
3844,2019-07-03,2019-07-04,2075.0,2019-07-16,2022.5,-2.530120481927711,strict_gakutto_next_open,7
3844,2019-07-30,2019-07-31,2065.0,2019-08-02,2003.05,-3.0000000000000027,stop_-3%,2
3844,2022-05-19,2022-05-20,2836.0,2022-05-30,2826.0,-0.35260930888575404,strict_gakutto_next_open,6
3844,2025-10-20,2025-10-21,1615.0,2025-10-29,1574.0,-2.5386996904024794,strict_gakutto_next_open,6
3844,2026-06-29,2026-06-30,1299.0,2026-07-22,1366.0,5.157813702848335,max15_next_open,15
3853,2017-03-21,2017-03-22,764.0,2017-03-28,761.0,-0.39267015706806463,strict_gakutto_next_open,4
3853,2018-05-21,2018-05-22,1351.0,2018-05-29,1310.47,-3.0000000000000027,stop_-3%,5
3853,2024-10-21,2024-10-22,535.0,2024-10-22,518.9499999999999,-3.0000000000000138,stop_-3%,0
3853,2024-12-11,2024-12-12,494.0,2024-12-25,522.0,5.668016194331993,strict_gakutto_next_open,9
3854,2021-01-22,2021-01-25,1485.0,2021-02-01,1473.0,-0.8080808080808133,strict_gakutto_next_open,5
3854,2024-11-19,2024-11-20,3125.0,2024-12-04,3275.0,4.800000000000004,strict_gakutto_next_open,10
3854,2025-02-07,2025-02-10,2636.0,2025-02-12,2556.92,-3.0000000000000027,stop_-3%,1
3854,2025-11-21,2025-11-25,2403.0,2025-11-25,2330.91,-3.0000000000000027,stop_-3%,0
3854,2026-05-08,2026-05-11,2420.0,2026-05-13,2369.0,-2.1074380165289286,strict_gakutto_next_open,2
3861,2018-06-06,2018-06-07,760.0,2018-06-14,737.1999999999999,-3.0000000000000138,stop_-3%,5
3861,2020-02-04,2020-02-05,591.0,2020-02-17,570.0,-3.5532994923857864,strict_gakutto_next_open,7
3861,2020-02-20,2020-02-21,587.0,2020-02-21,569.39,-3.0000000000000027,stop_-3%,0
3861,2025-02-10,2025-02-12,624.9,2025-02-12,606.1529999999999,-3.0000000000000138,stop_-3%,0
3863,2022-11-02,2022-11-04,879.0,2022-11-28,978.0,11.262798634812277,max15_next_open,15
3863,2024-07-11,2024-07-12,961.0,2024-07-23,955.0,-0.624349635796051,strict_gakutto_next_open,6
3863,2026-06-25,2026-06-26,1256.0,2026-07-10,1314.0,4.617834394904463,strict_gakutto_next_open,10
3864,2017-06-02,2017-06-05,772.0,2017-06-09,750.0,-2.849740932642486,strict_gakutto_next_open,4
3864,2020-04-28,2020-04-30,379.0,2020-05-07,367.63,-3.0000000000000027,stop_-3%,2
3864,2020-08-25,2020-08-26,336.0,2020-09-02,338.0,0.5952380952380931,strict_gakutto_next_open,5
3865,2017-04-13,2017-04-14,781.0,2017-04-14,757.5699999999999,-3.0000000000000027,stop_-3%,0
3865,2021-06-16,2021-06-17,589.0,2021-06-21,568.0,-3.5653650254668934,stop_gap,2
3865,2023-02-10,2023-02-13,791.0,2023-02-15,767.27,-3.0000000000000027,stop_-3%,2
3865,2024-07-09,2024-07-10,1063.0,2024-07-25,1075.0,1.1288805268109048,strict_gakutto_next_open,10
3865,2025-07-23,2025-07-24,1005.0,2025-08-15,1018.0,1.2935323383084674,max15_next_open,15
3877,2025-01-23,2025-01-24,1513.0,2025-02-04,1488.0,-1.6523463317911435,strict_gakutto_next_open,7
3880,2017-06-02,2017-06-05,1405.0,2017-06-26,1542.0,9.750889679715314,max15_next_open,15
3880,2018-11-01,2018-11-02,1478.0,2018-11-02,1433.6599999999999,-3.0000000000000138,stop_-3%,0
3880,2019-03-15,2019-03-18,1295.0,2019-04-04,1325.0,2.316602316602312,strict_gakutto_next_open,12
3880,2019-08-09,2019-08-13,1240.0,2019-08-14,1202.8,-3.0000000000000027,stop_-3%,1
3880,2021-05-06,2021-05-07,1866.0,2021-05-18,1862.0,-0.2143622722400873,strict_gakutto_next_open,7
3880,2024-01-25,2024-01-26,1125.0,2024-02-14,1135.0,0.8888888888888946,strict_gakutto_next_open,12
3880,2024-07-31,2024-08-01,895.5,2024-08-02,865.0,-3.405918481295367,stop_gap,1
3880,2025-12-18,2025-12-19,922.0,2025-12-23,900.0,-2.386117136659438,strict_gakutto_next_open,2
3880,2026-05-07,2026-05-08,964.0,2026-05-12,960.0,-0.4149377593360981,strict_gakutto_next_open,2
3901,2019-12-26,2019-12-27,2040.0,2019-12-30,1978.8,-3.0000000000000027,stop_-3%,1
3901,2020-11-04,2020-11-05,2320.0,2020-11-05,2250.4,-2.9999999999999916,stop_-3%,0
3901,2020-11-17,2020-11-18,2352.0,2020-12-08,2530.0,7.568027210884343,strict_gakutto_next_open,13
3901,2021-02-04,2021-02-05,2492.0,2021-02-18,2522.0,1.2038523274478408,strict_gakutto_next_open,8
3901,2023-06-29,2023-06-30,2551.0,2023-07-05,2474.47,-3.0000000000000027,stop_-3%,3
3901,2023-07-13,2023-07-14,2500.0,2023-08-01,2635.0,5.400000000000005,strict_gakutto_next_open,11
3901,2024-06-14,2024-06-17,2964.0,2024-06-24,2960.0,-0.13495276653171517,strict_gakutto_next_open,5
3901,2026-07-01,2026-07-02,1270.0,2026-07-17,1352.0,6.45669291338582,strict_gakutto_next_open,11
3903,2023-08-07,2023-08-08,686.0,2023-08-10,665.42,-3.0000000000000027,stop_-3%,2
3915,2019-07-02,2019-07-03,1533.0,2019-07-24,1970.0,28.506196999347686,strict_gakutto_next_open,14
3916,2017-09-13,2017-09-14,495.5,2017-10-03,508.5,2.6236125126135157,strict_gakutto_next_open,12
3916,2017-10-26,2017-10-27,498.3,2017-11-15,483.351,-3.0000000000000027,stop_-3%,12
3916,2019-02-04,2019-02-05,677.5,2019-02-07,657.175,-3.0000000000000027,stop_-3%,2
3921,2017-03-01,2017-03-02,522.3,2017-03-02,506.6309999999999,-3.0000000000000027,stop_-3%,0
3921,2021-03-31,2021-04-01,1673.0,2021-04-19,1724.0,3.048416019127309,strict_gakutto_next_open,12
3921,2021-11-12,2021-11-15,1338.0,2021-11-25,1342.0,0.2989536621823552,strict_gakutto_next_open,7
3921,2025-10-09,2025-10-10,1899.0,2025-10-14,1842.03,-3.0000000000000027,stop_-3%,1
3921,2026-04-08,2026-04-09,1625.0,2026-04-10,1576.25,-3.0000000000000027,stop_-3%,1
3922,2023-06-30,2023-07-03,1449.0,2023-07-04,1405.53,-3.0000000000000027,stop_-3%,1
3922,2024-07-11,2024-07-12,1959.0,2024-07-22,1900.23,-3.0000000000000027,stop_-3%,5
3922,2025-11-12,2025-11-13,2999.0,2025-11-17,2909.0299999999997,-3.0000000000000138,stop_-3%,2
3923,2017-07-11,2017-07-12,139.3,2017-08-03,151.1,8.470926058865746,max15_next_open,15
3923,2019-07-03,2019-07-04,341.6,2019-07-05,331.35200000000003,-2.9999999999999916,stop_-3%,1
3923,2024-12-13,2024-12-16,982.0,2024-12-16,952.54,-3.0000000000000027,stop_-3%,0
3925,2022-12-26,2022-12-27,2113.0,2023-01-20,2190.0,3.6441079034547963,max15_next_open,15
3925,2023-04-12,2023-04-13,2028.0,2023-05-09,2068.0,1.9723865877712132,max15_next_open,15
3932,2018-06-08,2018-06-11,4750.0,2018-06-11,4607.5,-3.0000000000000027,stop_-3%,0
3932,2020-11-19,2020-11-20,4900.0,2020-11-25,4280.0,-12.653061224489793,stop_gap,2
3932,2021-03-09,2021-03-10,4230.0,2021-03-24,4590.0,8.51063829787233,strict_gakutto_next_open,10
3932,2022-05-02,2022-05-06,3065.0,2022-05-09,2960.0,-3.4257748776509,stop_gap,1
3939,2022-01-24,2022-01-25,463.0,2022-01-25,449.11,-2.9999999999999916,stop_-3%,0
3939,2024-10-07,2024-10-08,540.0,2024-10-24,541.0,0.18518518518517713,strict_gakutto_next_open,11
3939,2026-03-25,2026-03-26,510.0,2026-03-30,494.7,-3.0000000000000027,stop_-3%,2
3939,2026-07-29,2026-07-30,496.0,2026-08-21,533.0,7.459677419354849,max15_next_open,15
3941,2017-04-13,2017-04-14,637.0,2017-05-10,682.0,7.064364207221341,max15_next_open,15
3941,2018-04-04,2018-04-05,940.0,2018-04-09,917.0,-2.4468085106382986,strict_gakutto_next_open,2
3941,2019-05-15,2019-05-16,994.0,2019-05-23,984.0,-1.0060362173038184,strict_gakutto_next_open,5
3941,2023-06-02,2023-06-05,855.1,2023-06-19,862.3,0.8420067828324163,strict_gakutto_next_open,10
3946,2019-06-21,2019-06-24,1743.0,2019-06-25,1690.71,-3.0000000000000027,stop_-3%,1
3946,2021-04-06,2021-04-07,1908.0,2021-04-15,1887.0,-1.1006289308176154,strict_gakutto_next_open,6
3946,2024-06-14,2024-06-17,2725.0,2024-07-03,2850.0,4.587155963302747,strict_gakutto_next_open,12
3950,2022-01-24,2022-01-25,897.3,2022-01-27,870.381,-3.0000000000000027,stop_-3%,2
3950,2022-04-20,2022-04-21,826.3,2022-04-27,795.0,-3.7879704707733164,stop_gap,4
3950,2022-05-10,2022-05-11,791.7,2022-05-12,767.9490000000001,-2.9999999999999916,stop_-3%,1
3950,2022-09-08,2022-09-09,762.0,2022-09-16,755.7,-0.8267716535433012,strict_gakutto_next_open,5
3950,2022-10-04,2022-10-05,772.0,2022-10-13,757.7,-1.8523316062176054,strict_gakutto_next_open,5
3950,2025-06-23,2025-06-24,1063.3,2025-07-11,1110.0,4.39198720963041,strict_gakutto_next_open,13
3950,2026-02-24,2026-02-25,1320.0,2026-02-27,1318.0,-0.15151515151514694,strict_gakutto_next_open,2
3962,2018-01-04,2018-01-05,486.3,2018-01-29,526.9,8.34875591198847,max15_next_open,15
3962,2018-04-20,2018-04-23,406.3,2018-05-17,458.1,12.749200098449421,max15_next_open,15
3962,2021-06-28,2021-06-29,3020.0,2021-07-01,2929.4,-2.9999999999999916,stop_-3%,2
3962,2025-10-06,2025-10-07,1168.0,2025-10-10,1132.96,-2.9999999999999916,stop_-3%,3
3962,2026-07-29,2026-07-30,962.0,2026-08-03,933.14,-3.0000000000000027,stop_-3%,2
3963,2019-06-05,2019-06-06,585.0,2019-06-10,574.0,-1.8803418803418848,strict_gakutto_next_open,2
3963,2019-10-15,2019-10-16,491.0,2019-10-24,485.0,-1.2219959266802416,strict_gakutto_next_open,5
3964,2017-06-22,2017-06-23,337.5,2017-07-07,345.0,2.2222222222222143,strict_gakutto_next_open,10
3964,2019-02-05,2019-02-06,229.3,2019-02-28,267.5,16.659398168338413,max15_next_open,15
3964,2025-11-12,2025-11-13,975.0,2025-11-14,945.75,-3.0000000000000027,stop_-3%,1
3968,2017-10-31,2017-11-01,371.7,2017-11-07,360.549,-3.0000000000000027,stop_-3%,3
3968,2019-04-08,2019-04-09,235.7,2019-04-18,237.2,0.6364022061943198,strict_gakutto_next_open,7
3968,2021-12-07,2021-12-08,262.0,2021-12-13,254.14,-3.0000000000000027,stop_-3%,3
3968,2023-07-19,2023-07-20,368.0,2023-07-27,368.7,0.190217391304337,strict_gakutto_next_open,5
3968,2025-11-10,2025-11-11,660.0,2025-11-13,640.1999999999999,-3.0000000000000138,stop_-3%,2
3983,2024-02-29,2024-03-01,2753.0,2024-03-05,2670.41,-3.0000000000000027,stop_-3%,2
3984,2017-08-09,2017-08-10,1815.0,2017-08-15,1760.55,-3.0000000000000027,stop_-3%,2
3984,2021-05-07,2021-05-10,2402.5,2021-05-10,2330.4249999999997,-3.0000000000000138,stop_-3%,0
3984,2022-06-24,2022-06-27,1621.0,2022-06-28,1572.37,-3.0000000000000027,stop_-3%,1
3984,2024-10-15,2024-10-16,1822.0,2024-10-22,1767.34,-3.0000000000000027,stop_-3%,4
3992,2023-03-02,2023-03-03,216.5,2023-03-27,275.3,27.159353348729788,max15_next_open,15
3992,2023-07-18,2023-07-19,410.0,2023-07-21,397.7,-3.0000000000000027,stop_-3%,2
3992,2023-11-02,2023-11-06,315.0,2023-11-28,345.5,9.682539682539693,strict_gakutto_next_open,15
3993,2018-06-13,2018-06-14,6150.0,2018-06-19,5965.5,-3.0000000000000027,stop_-3%,3
3993,2020-12-18,2020-12-21,2325.0,2020-12-22,2255.25,-3.0000000000000027,stop_-3%,1
3993,2023-11-06,2023-11-07,2603.0,2023-11-13,2524.91,-3.0000000000000027,stop_-3%,4
3994,2021-07-29,2021-07-30,6660.0,2021-08-02,6460.2,-3.0000000000000027,stop_-3%,1
3994,2023-07-13,2023-07-14,5860.0,2023-07-20,5684.2,-3.0000000000000027,stop_-3%,3
4004,2018-09-14,2018-09-18,5160.0,2018-10-04,6030.0,16.860465116279077,strict_gakutto_next_open,11
4004,2020-08-07,2020-08-11,2263.0,2020-08-18,2195.11,-2.9999999999999916,stop_-3%,5
4004,2021-04-30,2021-05-06,3370.0,2021-05-18,3630.0,7.71513353115727,strict_gakutto_next_open,8
4004,2022-09-08,2022-09-09,2184.0,2022-09-15,2118.48,-3.0000000000000027,stop_-3%,4
4004,2023-10-12,2023-10-13,2537.5,2023-10-19,2461.375,-3.0000000000000027,stop_-3%,4
4005,2017-06-02,2017-06-05,605.0,2017-06-09,588.0,-2.809917355371905,strict_gakutto_next_open,4
4005,2019-04-01,2019-04-02,537.0,2019-04-23,549.0,2.2346368715083775,max15_next_open,15
4005,2024-05-14,2024-05-15,346.5,2024-05-15,336.105,-2.9999999999999916,stop_-3%,0
4005,2026-04-30,2026-05-01,509.5,2026-05-22,592.1,16.211972522080465,strict_gakutto_next_open,12
4008,2020-09-11,2020-09-14,685.0,2020-10-02,680.0,-0.7299270072992692,strict_gakutto_next_open,11
4021,2024-07-31,2024-08-01,4740.0,2024-08-02,4530.0,-4.430379746835444,stop_gap,1
4021,2025-01-22,2025-01-23,4665.0,2025-02-03,4630.0,-0.7502679528403,strict_gakutto_next_open,7
4022,2020-11-05,2020-11-06,418.8,2020-11-16,406.236,-3.0000000000000027,stop_-3%,6
4022,2021-07-29,2021-07-30,363.2,2021-08-06,360.4,-0.770925110132159,strict_gakutto_next_open,5
4022,2021-08-24,2021-08-25,368.0,2021-09-15,410.6,11.576086956521747,max15_next_open,15
4022,2022-02-28,2022-03-01,328.6,2022-03-04,318.742,-3.0000000000000027,stop_-3%,3
4022,2023-12-14,2023-12-15,406.2,2023-12-27,415.6,2.3141309699655332,strict_gakutto_next_open,8
4022,2024-06-27,2024-06-28,602.0,2024-07-16,635.0,5.481727574750828,strict_gakutto_next_open,11
4022,2024-11-22,2024-11-25,556.6,2024-11-27,539.902,-2.9999999999999916,stop_-3%,2
4023,2017-03-01,2017-03-02,1660.0,2017-03-22,1610.2,-3.0000000000000027,stop_-3%,13
4023,2018-06-01,2018-06-04,2506.7,2018-06-11,2440.0,-2.660868871424571,strict_gakutto_next_open,5
4023,2020-07-06,2020-07-07,1595.0,2020-07-08,1547.1499999999999,-3.0000000000000138,stop_-3%,1
4023,2021-05-06,2021-05-07,2573.3,2021-05-12,2496.101,-3.0000000000000027,stop_-3%,3
4023,2023-02-14,2023-02-15,2786.7,2023-02-16,2703.0989999999997,-3.0000000000000027,stop_-3%,1
4025,2020-12-23,2020-12-24,6400.0,2021-01-05,6400.0,0.0,strict_gakutto_next_open,6
4025,2021-03-05,2021-03-08,6240.0,2021-03-24,6340.0,1.6025641025640969,strict_gakutto_next_open,12
4025,2021-03-29,2021-03-30,6260.0,2021-03-31,6072.2,-3.0000000000000027,stop_-3%,1
4025,2023-08-10,2023-08-14,4000.0,2023-08-16,3880.0,-3.0000000000000027,stop_-3%,2
4027,2017-03-02,2017-03-03,1444.0,2017-03-27,1534.0,6.232686980609414,max15_next_open,15
4027,2017-08-08,2017-08-09,2022.0,2017-08-09,1961.34,-3.0000000000000027,stop_-3%,0
4027,2022-11-07,2022-11-08,1311.0,2022-11-15,1292.0,-1.449275362318836,strict_gakutto_next_open,5
4027,2026-09-15,2026-09-16,2339.0,2026-09-18,2374.0,1.4963659683625563,strict_gakutto_next_open,2
4028,2021-04-15,2021-04-16,960.0,2021-04-21,910.0,-5.2083333333333375,stop_gap,3
4041,2019-03-15,2019-03-18,1470.0,2019-03-29,1461.5,-0.5782312925170063,strict_gakutto_next_open,8
4041,2021-09-29,2021-09-30,1807.5,2021-10-04,1792.5,-0.8298755186721962,strict_gakutto_next_open,2
4041,2026-06-12,2026-06-15,3600.0,2026-06-22,3515.0,-2.361111111111114,strict_gakutto_next_open,5
4042,2025-11-26,2025-11-27,2305.0,2025-12-04,2295.0,-0.4338394793926281,strict_gakutto_next_open,5
4043,2017-10-20,2017-10-23,2649.0,2017-11-14,3530.0,33.25783314458286,max15_next_open,15
4043,2021-04-19,2021-04-20,2855.0,2021-04-21,2768.0,-3.0472854640980707,stop_gap,1
4043,2022-05-30,2022-05-31,1700.0,2022-06-20,1778.0,4.5882352941176485,strict_gakutto_next_open,14
4044,2019-04-01,2019-04-02,2570.0,2019-04-19,2669.0,3.85214007782102,strict_gakutto_next_open,13
4044,2021-05-06,2021-05-07,2331.0,2021-05-12,2198.0,-5.705705705705711,stop_gap,3
4044,2023-10-10,2023-10-11,2978.0,2023-10-13,2888.66,-3.0000000000000027,stop_-3%,2
4044,2024-07-31,2024-08-01,3745.0,2024-08-01,3632.65,-3.0000000000000027,stop_-3%,0
4044,2026-04-30,2026-05-01,4095.0,2026-05-14,3972.15,-3.0000000000000027,stop_-3%,6
4045,2018-09-13,2018-09-14,1249.0,2018-10-04,1315.0,5.284227381905526,strict_gakutto_next_open,12
4045,2021-06-28,2021-06-29,1138.0,2021-07-06,1141.0,0.2636203866432263,strict_gakutto_next_open,5
4045,2022-06-24,2022-06-27,1040.0,2022-06-30,1008.8,-3.0000000000000027,stop_-3%,3
4046,2024-05-29,2024-05-30,1686.0,2024-06-20,2196.0,30.2491103202847,max15_next_open,15
4046,2025-05-07,2025-05-08,1492.0,2025-05-12,1447.24,-3.0000000000000027,stop_-3%,2
4046,2025-05-19,2025-05-20,1528.0,2025-05-21,1481.0,-3.0759162303664933,stop_gap,1
4047,2018-10-22,2018-10-23,1110.0,2018-10-23,1076.7,-2.9999999999999916,stop_-3%,0
4047,2020-10-08,2020-10-09,738.0,2020-10-15,715.86,-3.0000000000000027,stop_-3%,4
4047,2025-11-18,2025-11-19,1012.0,2025-11-21,997.0,-1.4822134387351804,strict_gakutto_next_open,2
4051,2025-02-10,2025-02-12,6710.0,2025-02-12,6508.7,-3.0000000000000027,stop_-3%,0
4051,2025-10-06,2025-10-07,6310.0,2025-10-07,6120.7,-3.0000000000000027,stop_-3%,0
4053,2025-06-11,2025-06-12,514.0,2025-06-13,498.58,-3.0000000000000027,stop_-3%,1
4053,2025-07-17,2025-07-18,489.0,2025-07-31,526.0,7.56646216768917,strict_gakutto_next_open,8
4053,2026-02-03,2026-02-04,457.0,2026-02-06,443.28999999999996,-3.0000000000000027,stop_-3%,2
4061,2018-09-14,2018-09-18,3635.0,2018-10-09,3820.0,5.0894085281980805,strict_gakutto_next_open,13
4061,2025-06-26,2025-06-27,1949.0,2025-07-17,2049.5,5.156490507952793,strict_gakutto_next_open,14
4062,2018-06-01,2018-06-04,888.5,2018-06-14,890.0,0.16882386043894915,strict_gakutto_next_open,8
4062,2018-09-18,2018-09-19,791.0,2018-09-28,803.5,1.5802781289506962,strict_gakutto_next_open,6
4062,2020-08-03,2020-08-04,1650.0,2020-08-21,1767.5,7.121212121212128,strict_gakutto_next_open,12
4063,2022-12-14,2022-12-15,3510.0,2022-12-20,3404.7,-3.0000000000000027,stop_-3%,3
4063,2024-04-09,2024-04-10,6495.0,2024-04-16,6300.15,-3.0000000000000027,stop_-3%,4
4063,2026-07-01,2026-07-02,7180.0,2026-07-03,6874.0,-4.26183844011142,stop_gap,1
4064,2017-01-04,2017-01-05,1570.0,2017-01-10,1520.0,-3.1847133757961776,stop_gap,2
4064,2018-04-13,2018-04-16,2040.0,2018-05-02,2150.0,5.392156862745101,strict_gakutto_next_open,11
4064,2020-04-24,2020-04-27,998.0,2020-05-22,1280.0,28.256513026052097,max15_next_open,15
4064,2021-12-06,2021-12-07,1312.0,2021-12-14,1293.0,-1.4481707317073211,strict_gakutto_next_open,5
4071,2022-10-03,2022-10-04,2388.0,2022-10-11,2316.36,-2.9999999999999916,stop_-3%,4
4072,2022-01-17,2022-01-18,2689.0,2022-01-19,2608.33,-3.0000000000000027,stop_-3%,1
4072,2025-01-28,2025-01-29,2356.0,2025-01-31,2285.32,-2.9999999999999916,stop_-3%,2
4078,2019-06-21,2019-06-24,2567.0,2019-06-26,2464.0,-4.012465913517726,stop_gap,2
4078,2022-05-06,2022-05-09,1853.0,2022-05-13,1810.0,-2.320561252023745,strict_gakutto_next_open,4
4078,2024-10-30,2024-10-31,2705.0,2024-11-08,2623.85,-3.0000000000000027,stop_-3%,5
4078,2026-04-30,2026-05-01,3715.0,2026-05-13,3603.5499999999997,-3.0000000000000027,stop_-3%,5
4082,2017-11-13,2017-11-14,1434.0,2017-11-15,1376.0,-4.044630404463046,stop_gap,1
4082,2019-08-30,2019-09-02,807.0,2019-09-19,816.0,1.1152416356877248,strict_gakutto_next_open,12
4082,2022-10-18,2022-10-19,1291.0,2022-10-31,1252.27,-3.0000000000000027,stop_-3%,8
4082,2023-08-10,2023-08-14,955.0,2023-08-17,926.35,-3.0000000000000027,stop_-3%,3
4088,2023-10-10,2023-10-11,1900.0,2023-10-18,1857.0,-2.2631578947368447,strict_gakutto_next_open,5
4088,2025-01-20,2025-01-21,1903.0,2025-02-04,1920.0,0.8933263268523284,strict_gakutto_next_open,10
4091,2020-08-25,2020-08-26,1853.0,2020-09-02,1844.0,-0.48569886670264406,strict_gakutto_next_open,5
4092,2018-04-13,2018-04-16,3410.0,2018-04-17,3307.7,-3.0000000000000027,stop_-3%,1
4092,2020-10-09,2020-10-12,2347.0,2020-10-15,2276.59,-2.9999999999999916,stop_-3%,3
4092,2021-02-08,2021-02-09,3040.0,2021-02-09,2948.7999999999997,-3.0000000000000138,stop_-3%,0
4092,2021-05-07,2021-05-10,2951.0,2021-05-12,2862.47,-3.0000000000000027,stop_-3%,2
4095,2026-07-21,2026-07-22,1664.0,2026-07-29,1662.0,-0.12019230769231282,strict_gakutto_next_open,5
4097,2022-10-04,2022-10-05,647.0,2022-10-12,627.59,-2.9999999999999916,stop_-3%,4
4097,2024-03-06,2024-03-07,885.0,2024-03-15,893.0,0.9039548022598876,strict_gakutto_next_open,6
4097,2025-07-14,2025-07-15,1061.0,2025-07-17,1029.17,-2.9999999999999916,stop_-3%,2
4097,2026-05-26,2026-05-27,1095.0,2026-06-02,1062.0,-3.013698630136985,stop_gap,4
4099,2017-06-02,2017-06-05,684.0,2017-06-09,666.5,-2.5584795321637377,strict_gakutto_next_open,4
4099,2017-07-11,2017-07-12,682.5,2017-08-01,713.5,4.542124542124548,strict_gakutto_next_open,13
4099,2019-04-26,2019-05-07,599.0,2019-05-07,581.03,-3.0000000000000027,stop_-3%,0
4099,2019-08-30,2019-09-02,509.5,2019-09-25,577.0,13.24828263002944,max15_next_open,15
4099,2020-07-15,2020-07-16,550.0,2020-07-30,548.5,-0.27272727272726893,strict_gakutto_next_open,8
4099,2022-12-14,2022-12-15,665.5,2022-12-21,653.0,-1.8782870022539422,strict_gakutto_next_open,4
4099,2024-09-18,2024-09-19,1007.0,2024-10-11,1024.5,1.73783515392254,max15_next_open,15
4109,2017-03-29,2017-03-30,3285.0,2017-03-30,3186.45,-3.0000000000000027,stop_-3%,0
4109,2017-05-30,2017-05-31,2891.0,2017-06-09,2880.0,-0.3804911795226573,strict_gakutto_next_open,7
4109,2018-09-18,2018-09-19,3775.0,2018-10-04,4170.0,10.463576158940402,strict_gakutto_next_open,10
4109,2020-02-05,2020-02-06,3160.0,2020-02-19,3290.0,4.113924050632911,strict_gakutto_next_open,8
4109,2023-08-23,2023-08-24,3030.0,2023-09-14,3270.0,7.920792079207928,max15_next_open,15
4112,2017-09-11,2017-09-12,3660.0,2017-09-25,3900.0,6.557377049180335,strict_gakutto_next_open,8
4112,2017-10-10,2017-10-11,3900.0,2017-10-11,3783.0,-3.0000000000000027,stop_-3%,0
4112,2018-03-30,2018-04-02,2385.0,2018-04-03,2313.45,-3.0000000000000027,stop_-3%,1
4112,2018-05-10,2018-05-11,2325.0,2018-05-14,2057.5,-11.505376344086027,stop_gap,1
4112,2019-08-19,2019-08-20,1394.5,2019-08-21,1352.665,-3.0000000000000027,stop_-3%,1
4112,2023-02-20,2023-02-21,1552.5,2023-03-07,1592.5,2.5764895330112614,strict_gakutto_next_open,9
4112,2023-09-27,2023-09-28,1615.0,2023-10-03,1566.55,-3.0000000000000027,stop_-3%,3
4112,2026-04-13,2026-04-14,2356.0,2026-04-16,2352.0,-0.1697792869269965,strict_gakutto_next_open,2
4114,2022-05-19,2022-05-20,1272.5,2022-06-10,1390.0,9.23379174852652,max15_next_open,15
4114,2026-04-30,2026-05-01,2136.5,2026-05-14,2126.0,-0.49145799204306506,strict_gakutto_next_open,6
4116,2018-08-23,2018-08-24,837.5,2018-09-04,848.8,1.3492537313432695,strict_gakutto_next_open,7
4116,2020-07-02,2020-07-03,582.0,2020-07-09,564.54,-3.0000000000000027,stop_-3%,4
4116,2020-08-04,2020-08-05,604.3,2020-08-06,586.1709999999999,-3.0000000000000027,stop_-3%,1
4116,2020-10-19,2020-10-20,570.5,2020-10-28,553.385,-3.0000000000000027,stop_-3%,6
4116,2023-10-27,2023-10-30,543.8,2023-11-09,541.5,-0.42294961382860485,strict_gakutto_next_open,7
4116,2024-07-16,2024-07-17,832.5,2024-07-19,820.0,-1.501501501501501,strict_gakutto_next_open,2
4118,2020-10-27,2020-10-28,2968.0,2020-11-19,3155.0,6.300539083557943,max15_next_open,15
4118,2021-01-25,2021-01-26,3695.0,2021-02-17,4280.0,15.832205683355882,max15_next_open,15
4151,2021-05-18,2021-05-19,3375.0,2021-05-20,3273.75,-3.0000000000000027,stop_-3%,1
4151,2023-07-14,2023-07-18,2648.5,2023-08-04,2569.045,-3.0000000000000027,stop_-3%,13
4182,2018-05-09,2018-05-10,2626.0,2018-05-25,2901.0,10.472201066260478,strict_gakutto_next_open,11
4182,2019-07-17,2019-07-18,1409.0,2019-07-30,1428.0,1.3484740951029028,strict_gakutto_next_open,8
4182,2021-02-04,2021-02-05,2605.0,2021-02-08,2526.85,-3.0000000000000027,stop_-3%,1
4183,2017-04-13,2017-04-14,1317.5,2017-05-10,1487.5,12.903225806451623,max15_next_open,15
4183,2017-05-30,2017-05-31,1362.5,2017-06-21,1410.0,3.4862385321100975,max15_next_open,15
4183,2019-04-01,2019-04-02,1405.5,2019-04-23,1420.0,1.0316613304873767,strict_gakutto_next_open,15
4183,2020-04-23,2020-04-24,989.5,2020-05-08,999.5,1.0106114199090355,strict_gakutto_next_open,6
4183,2021-11-18,2021-11-19,1652.5,2021-11-26,1620.0,-1.9667170953101332,strict_gakutto_next_open,4
4183,2023-10-27,2023-10-30,1876.0,2023-11-21,2028.5,8.128997867803832,max15_next_open,15
4183,2026-08-05,2026-08-06,2075.0,2026-08-28,2142.0,3.2289156626506,max15_next_open,15
4186,2019-05-15,2019-05-16,1125.0,2019-05-16,1091.25,-3.0000000000000027,stop_-3%,0
4186,2020-06-10,2020-06-11,1663.3,2020-06-12,1613.4009999999998,-3.0000000000000027,stop_-3%,1
4186,2021-02-08,2021-02-09,2420.0,2021-02-17,2347.4,-2.9999999999999916,stop_-3%,5
4187,2016-11-14,2016-11-15,789.0,2016-11-22,793.0,0.5069708491761693,strict_gakutto_next_open,5
4187,2017-12-18,2017-12-19,1292.0,2018-01-15,1676.0,29.721362229102176,max15_next_open,15
4187,2024-12-03,2024-12-04,2759.0,2024-12-12,2738.0,-0.7611453425154013,strict_gakutto_next_open,6
4187,2025-11-26,2025-11-27,3805.0,2025-12-17,3860.0,1.4454664914586024,strict_gakutto_next_open,14
4188,2017-04-19,2017-04-20,833.0,2017-05-15,856.5,2.8211284513805612,strict_gakutto_next_open,14
4188,2020-12-29,2020-12-30,627.8,2021-01-25,739.5,17.792290538388023,max15_next_open,15
4188,2021-04-07,2021-04-08,843.0,2021-04-12,835.6,-0.8778173190984506,strict_gakutto_next_open,2
4188,2021-08-24,2021-08-25,946.6,2021-09-15,1043.0,10.183815761673355,max15_next_open,15
4188,2022-05-20,2022-05-23,780.6,2022-05-26,764.2,-2.1009479887266203,strict_gakutto_next_open,3
4188,2024-06-19,2024-06-20,845.0,2024-07-09,900.3,6.54437869822484,strict_gakutto_next_open,13
4188,2024-07-31,2024-08-01,887.0,2024-08-01,860.39,-3.0000000000000027,stop_-3%,0
4189,2019-04-01,2019-04-02,2805.0,2019-04-23,3230.0,15.15151515151516,max15_next_open,15
4189,2021-10-11,2021-10-12,3050.0,2021-10-13,2953.0,-3.1803278688524617,stop_gap,1
4189,2022-02-28,2022-03-01,2850.0,2022-03-04,2764.5,-3.0000000000000027,stop_-3%,3
4189,2024-03-12,2024-03-13,2219.0,2024-03-18,2206.0,-0.5858494817485349,strict_gakutto_next_open,3
4194,2022-06-14,2022-06-15,6100.0,2022-06-15,5917.0,-3.0000000000000027,stop_-3%,0
4194,2024-09-26,2024-09-27,8550.0,2024-09-27,8293.5,-3.0000000000000027,stop_-3%,0
4202,2019-07-23,2019-07-24,948.0,2019-07-30,914.0,-3.5864978902953593,stop_gap,4
4202,2023-03-28,2023-03-29,1015.0,2023-04-05,984.55,-3.0000000000000027,stop_-3%,5
4202,2024-03-14,2024-03-15,1470.0,2024-04-01,1425.8999999999999,-3.0000000000000138,stop_-3%,10
4202,2024-04-24,2024-04-25,1448.0,2024-05-21,1620.0,11.878453038674031,max15_next_open,15
4202,2024-11-21,2024-11-22,1359.5,2024-11-28,1323.0,-2.6848105921294607,strict_gakutto_next_open,4
4203,2018-11-28,2018-11-29,2062.5,2018-12-06,2000.625,-3.0000000000000027,stop_-3%,5
4203,2023-07-18,2023-07-19,2923.0,2023-08-09,3320.0,13.581936366746493,max15_next_open,15
4203,2024-04-26,2024-04-30,4469.0,2024-05-15,4415.0,-1.2083240098456072,strict_gakutto_next_open,9
4203,2024-05-31,2024-06-03,4325.0,2024-06-04,4195.25,-3.0000000000000027,stop_-3%,1
4203,2025-03-07,2025-03-10,3408.0,2025-03-11,3305.7599999999998,-3.0000000000000027,stop_-3%,1
4205,2017-05-11,2017-05-12,1243.0,2017-05-12,1205.71,-2.9999999999999916,stop_-3%,0
4205,2024-02-19,2024-02-20,1291.0,2024-02-29,1280.5,-0.8133230054221507,strict_gakutto_next_open,6
4205,2026-04-28,2026-04-30,1800.0,2026-05-21,2100.5,16.694444444444436,strict_gakutto_next_open,12
4206,2018-08-16,2018-08-17,4035.0,2018-08-22,3970.0,-1.6109045848822778,strict_gakutto_next_open,3
4206,2020-12-11,2020-12-14,3705.0,2020-12-17,3580.0,-3.373819163292846,strict_gakutto_next_open,3
4206,2023-06-02,2023-06-05,3098.0,2023-06-14,3099.0,0.032278889606196515,strict_gakutto_next_open,7
4208,2022-05-20,2022-05-23,2019.0,2022-05-30,1982.0,-1.8325903912828179,strict_gakutto_next_open,5
4212,2018-08-03,2018-08-06,2105.0,2018-08-14,2100.0,-0.23752969121140222,strict_gakutto_next_open,6
4212,2019-03-15,2019-03-18,2042.0,2019-03-19,1980.74,-3.0000000000000027,stop_-3%,1
4212,2019-08-30,2019-09-02,1890.0,2019-09-25,2185.0,15.608465608465604,max15_next_open,15
4212,2020-09-08,2020-09-09,2161.0,2020-09-16,2189.0,1.2956964368348034,strict_gakutto_next_open,5
4212,2026-05-07,2026-05-08,2181.0,2026-05-15,2115.57,-2.9999999999999916,stop_-3%,5
4216,2017-10-23,2017-10-24,1437.0,2017-11-15,1778.0,23.72999304105776,max15_next_open,15
4216,2019-07-23,2019-07-24,1397.0,2019-08-01,1361.0,-2.576950608446671,strict_gakutto_next_open,6
4216,2020-02-06,2020-02-07,1697.0,2020-02-17,1646.09,-3.0000000000000027,stop_-3%,5
4216,2021-05-07,2021-05-10,1446.0,2021-05-12,1402.62,-3.0000000000000027,stop_-3%,2
4216,2022-01-24,2022-01-25,1739.0,2022-01-27,1686.83,-3.0000000000000027,stop_-3%,2
4216,2023-07-31,2023-08-01,4895.0,2023-08-02,4748.15,-3.0000000000000027,stop_-3%,1
4216,2025-11-14,2025-11-17,4540.0,2025-11-18,4403.8,-2.9999999999999916,stop_-3%,1
4218,2019-03-15,2019-03-18,2250.0,2019-03-27,2260.0,0.4444444444444473,strict_gakutto_next_open,6
4220,2018-03-14,2018-03-15,544.0,2018-03-15,527.68,-3.0000000000000138,stop_-3%,0
4220,2021-11-12,2021-11-15,550.0,2021-11-17,533.5,-3.0000000000000027,stop_-3%,2
4220,2024-07-31,2024-08-01,1025.0,2024-08-02,994.25,-3.0000000000000027,stop_-3%,1
4220,2024-11-01,2024-11-05,1035.0,2024-11-15,1094.0,5.700483091787434,strict_gakutto_next_open,8
4221,2017-07-10,2017-07-11,3070.0,2017-08-02,3385.0,10.260586319218245,strict_gakutto_next_open,15
4221,2024-03-15,2024-03-18,3150.0,2024-03-28,3150.0,0.0,strict_gakutto_next_open,7
4221,2026-04-28,2026-04-30,4670.0,2026-05-18,4995.0,6.959314775160608,strict_gakutto_next_open,9
4228,2017-11-20,2017-11-21,1420.0,2017-11-29,1414.0,-0.42253521126760507,strict_gakutto_next_open,5
4228,2017-12-07,2017-12-08,1424.0,2017-12-13,1381.28,-3.0000000000000027,stop_-3%,3
4228,2018-09-14,2018-09-18,954.0,2018-10-03,1063.0,11.425576519916136,strict_gakutto_next_open,10
4228,2021-06-25,2021-06-28,618.0,2021-07-06,612.0,-0.9708737864077666,strict_gakutto_next_open,6
4228,2023-12-28,2023-12-29,490.0,2024-01-15,499.0,1.8367346938775508,strict_gakutto_next_open,7
4228,2025-05-08,2025-05-09,334.0,2025-05-16,323.98,-2.9999999999999916,stop_-3%,5
4229,2017-08-18,2017-08-21,3710.0,2017-09-05,3600.0,-2.96495956873315,strict_gakutto_next_open,11
4229,2020-02-06,2020-02-07,2490.0,2020-02-25,2415.2999999999997,-3.0000000000000138,stop_-3%,10
4229,2022-08-12,2022-08-15,2512.0,2022-08-22,2477.0,-1.3933121019108263,strict_gakutto_next_open,5
4229,2024-07-31,2024-08-01,3060.0,2024-08-02,2910.0,-4.90196078431373,stop_gap,1
4246,2017-01-19,2017-01-20,1439.0,2017-01-23,1395.83,-3.0000000000000027,stop_-3%,1
4246,2022-04-14,2022-04-15,523.0,2022-04-22,515.0,-1.5296367112810683,strict_gakutto_next_open,5
4246,2022-05-30,2022-05-31,486.0,2022-06-21,505.0,3.9094650205761416,max15_next_open,15
4246,2026-06-15,2026-06-16,1032.0,2026-06-23,1020.0,-1.1627906976744207,strict_gakutto_next_open,5
4249,2020-10-13,2020-10-14,1827.0,2020-10-20,1772.19,-2.9999999999999916,stop_-3%,4
4249,2021-04-15,2021-04-16,2192.0,2021-04-21,2126.24,-3.0000000000000138,stop_-3%,3
4249,2025-11-21,2025-11-25,2314.0,2025-12-04,2280.0,-1.4693171996542742,strict_gakutto_next_open,7
4251,2021-01-27,2021-01-28,1006.5,2021-01-28,976.305,-3.0000000000000027,stop_-3%,0
4251,2024-10-29,2024-10-30,1035.0,2024-11-07,1046.0,1.0628019323671412,strict_gakutto_next_open,5
4251,2026-06-15,2026-06-16,1248.0,2026-06-25,1248.0,0.0,strict_gakutto_next_open,7
4272,2022-06-24,2022-06-27,1121.0,2022-07-01,1087.37,-3.0000000000000138,stop_-3%,4
4275,2018-09-14,2018-09-18,959.0,2018-10-03,996.0,3.858185610010434,strict_gakutto_next_open,10
4275,2021-02-03,2021-02-04,767.0,2021-02-12,761.0,-0.7822685788787531,strict_gakutto_next_open,5
4275,2025-03-05,2025-03-06,1100.0,2025-03-28,1089.0,-1.0000000000000009,max15_next_open,15
4290,2018-01-15,2018-01-16,705.0,2018-01-24,717.5,1.773049645390068,strict_gakutto_next_open,6
4290,2020-09-28,2020-09-29,975.0,2020-10-02,945.75,-3.0000000000000027,stop_-3%,2
4290,2023-04-13,2023-04-14,585.0,2023-04-20,566.0,-3.2478632478632474,stop_gap,4
4290,2024-10-30,2024-10-31,695.0,2024-11-01,674.15,-3.0000000000000027,stop_-3%,1
429A,2026-01-22,2026-01-23,3080.0,2026-01-26,2987.6,-3.0000000000000027,stop_-3%,1
4301,2019-07-24,2019-07-25,2452.0,2019-08-05,2378.44,-3.0000000000000027,stop_-3%,7
4301,2019-12-16,2019-12-17,3050.0,2019-12-24,3005.0,-1.4754098360655776,strict_gakutto_next_open,5
4301,2022-01-21,2022-01-24,2027.0,2022-01-27,1966.19,-3.0000000000000027,stop_-3%,3
4301,2022-04-06,2022-04-07,1980.0,2022-04-12,1961.0,-0.9595959595959602,strict_gakutto_next_open,3
4307,2020-12-17,2020-12-18,3550.0,2021-01-13,3825.0,7.746478873239426,max15_next_open,15
4307,2022-10-18,2022-10-19,3490.0,2022-10-28,3385.2999999999997,-3.0000000000000027,stop_-3%,7
4307,2023-07-13,2023-07-14,3977.0,2023-07-25,3857.69,-3.0000000000000027,stop_-3%,6
4307,2023-10-27,2023-10-30,3821.0,2023-11-21,4207.0,10.102067521591195,max15_next_open,15
4307,2023-12-15,2023-12-18,4052.0,2023-12-22,4011.0,-1.011846001974337,strict_gakutto_next_open,4
4307,2024-02-13,2024-02-14,4159.0,2024-02-16,4168.0,0.21639817263765515,strict_gakutto_next_open,2
4310,2017-08-22,2017-08-23,2180.0,2017-09-05,2155.0,-1.1467889908256867,strict_gakutto_next_open,9
4310,2018-03-13,2018-03-14,2689.0,2018-03-27,2680.0,-0.33469691335068497,strict_gakutto_next_open,8
4310,2019-09-03,2019-09-04,1240.0,2019-09-27,1461.0,17.82258064516129,max15_next_open,15
4310,2024-10-04,2024-10-07,2330.0,2024-10-08,2260.1,-3.0000000000000027,stop_-3%,1
4310,2025-10-08,2025-10-09,2621.0,2025-10-14,2551.0,-2.67073636016788,strict_gakutto_next_open,2
4318,2018-07-09,2018-07-10,573.0,2018-07-24,580.0,1.221640488656206,strict_gakutto_next_open,9
4318,2019-04-15,2019-04-16,583.0,2019-04-18,565.51,-3.0000000000000027,stop_-3%,2
4323,2024-05-07,2024-05-08,1677.0,2024-05-13,1626.69,-2.9999999999999916,stop_-3%,3
4323,2025-07-23,2025-07-24,1833.0,2025-08-15,2156.0,17.6213857064921,max15_next_open,15
4324,2022-12-09,2022-12-12,4240.0,2022-12-14,4270.0,0.7075471698113178,strict_gakutto_next_open,2
4324,2026-02-26,2026-02-27,2950.0,2026-03-02,2861.5,-3.0000000000000027,stop_-3%,1
4326,2017-03-28,2017-03-29,1069.0,2017-03-31,1036.93,-2.9999999999999916,stop_-3%,2
4326,2019-02-04,2019-02-05,911.0,2019-02-07,883.67,-3.0000000000000027,stop_-3%,2
4326,2019-03-15,2019-03-18,830.0,2019-04-09,904.0,8.915662650602417,max15_next_open,15
4326,2025-06-17,2025-06-18,1766.0,2025-06-24,1749.0,-0.962627406568517,strict_gakutto_next_open,4
4331,2023-02-01,2023-02-02,1311.0,2023-02-02,1271.67,-2.9999999999999916,stop_-3%,0
4331,2024-07-29,2024-07-30,1013.0,2024-08-01,982.61,-3.0000000000000027,stop_-3%,2
4337,2017-10-13,2017-10-16,5300.0,2017-11-07,5480.0,3.396226415094339,strict_gakutto_next_open,15
4337,2020-02-06,2020-02-07,4465.0,2020-02-13,4331.05,-2.9999999999999916,stop_-3%,3
4337,2020-08-25,2020-08-26,2917.0,2020-09-16,3370.0,15.52965375385671,max15_next_open,15
4337,2021-10-28,2021-10-29,4015.0,2021-11-11,4100.0,2.1170610211706187,strict_gakutto_next_open,8
4343,2022-12-30,2023-01-04,2695.0,2023-01-16,2550.0,-5.380333951762529,strict_gakutto_next_open,7
4343,2023-03-29,2023-03-30,2708.0,2023-04-07,2764.0,2.067946824224509,strict_gakutto_next_open,6
4343,2026-04-01,2026-04-02,2418.0,2026-04-14,2488.0,2.8949545078577277,strict_gakutto_next_open,8
4344,2025-10-20,2025-10-21,169.0,2025-10-29,168.0,-0.591715976331364,strict_gakutto_next_open,6
4345,2019-04-01,2019-04-02,647.0,2019-04-02,627.59,-2.9999999999999916,stop_-3%,0
4345,2019-09-04,2019-09-05,696.0,2019-09-13,709.0,1.8678160919540332,strict_gakutto_next_open,6
4345,2020-04-27,2020-04-28,540.0,2020-05-15,665.0,23.148148148148138,strict_gakutto_next_open,9
4345,2021-06-07,2021-06-08,888.0,2021-06-15,878.0,-1.1261261261261257,strict_gakutto_next_open,5
4345,2021-12-23,2021-12-24,820.0,2021-12-24,795.4,-3.0000000000000027,stop_-3%,0
4345,2022-04-27,2022-04-28,852.0,2022-05-11,844.0,-0.9389671361502372,strict_gakutto_next_open,5
4362,2019-03-15,2019-03-18,1200.0,2019-03-26,1196.0,-0.33333333333332993,strict_gakutto_next_open,5
4362,2021-01-22,2021-01-25,1385.0,2021-02-01,1377.0,-0.5776173285198527,strict_gakutto_next_open,5
4362,2025-10-20,2025-10-21,2565.0,2025-10-29,2525.0,-1.5594541910331383,strict_gakutto_next_open,6
4368,2018-09-14,2018-09-18,870.3,2018-09-28,893.7,2.6887280248190315,strict_gakutto_next_open,7
4369,2018-05-31,2018-06-01,1197.5,2018-06-05,1161.575,-2.9999999999999916,stop_-3%,2
4369,2023-03-01,2023-03-02,2384.0,2023-03-16,1979.0,-16.988255033557042,stop_gap,10
4369,2023-07-28,2023-07-31,2645.0,2023-08-07,2538.0,-4.045368620037804,stop_gap,5
4369,2024-04-10,2024-04-11,4505.0,2024-04-16,4369.849999999999,-3.0000000000000138,stop_-3%,3
4373,2023-04-28,2023-05-01,595.8,2023-05-01,577.9259999999999,-3.0000000000000027,stop_-3%,0
4373,2023-11-15,2023-11-16,615.3,2023-12-08,609.3,-0.9751340809361242,max15_next_open,15
4373,2024-10-29,2024-10-30,599.5,2024-11-18,651.3,8.640533778148441,strict_gakutto_next_open,12
4373,2025-09-09,2025-09-10,1136.3,2025-09-17,1102.211,-2.9999999999999916,stop_-3%,4
4373,2025-10-08,2025-10-09,1070.0,2025-10-09,1037.8999999999999,-3.0000000000000138,stop_-3%,0
4385,2021-07-29,2021-07-30,5690.0,2021-08-16,5519.3,-2.9999999999999916,stop_-3%,10
4385,2022-10-18,2022-10-19,2166.0,2022-10-20,2101.02,-3.0000000000000027,stop_-3%,1
4390,2020-01-28,2020-01-29,1267.0,2020-01-29,1228.99,-3.0000000000000027,stop_-3%,0
4390,2020-12-11,2020-12-14,2092.0,2020-12-15,2029.24,-3.0000000000000027,stop_-3%,1
4390,2026-07-31,2026-08-03,3440.0,2026-08-25,3830.0,11.33720930232558,strict_gakutto_next_open,15
4392,2019-04-16,2019-04-17,328.0,2019-04-19,318.15999999999997,-3.0000000000000138,stop_-3%,2
4392,2021-05-31,2021-06-01,288.0,2021-06-08,283.0,-1.736111111111116,strict_gakutto_next_open,5
4392,2024-07-11,2024-07-12,342.0,2024-07-23,346.0,1.1695906432748648,strict_gakutto_next_open,6
4392,2026-03-25,2026-03-26,330.0,2026-03-26,320.09999999999997,-3.0000000000000138,stop_-3%,0
4396,2024-02-20,2024-02-21,970.0,2024-03-01,965.0,-0.5154639175257714,strict_gakutto_next_open,6
4396,2025-11-21,2025-11-25,1432.5,2025-12-02,1438.5,0.41884816753927634,strict_gakutto_next_open,5
4401,2017-01-04,2017-01-05,1639.0,2017-01-13,1620.0,-1.159243441122637,strict_gakutto_next_open,5
4401,2018-08-22,2018-08-23,1766.0,2018-09-05,1803.0,2.095130237825593,strict_gakutto_next_open,9
4403,2018-08-21,2018-08-22,1171.7,2018-09-04,1181.7,0.8534607834769892,strict_gakutto_next_open,9
4403,2019-03-20,2019-03-22,1271.7,2019-03-25,1233.549,-3.0000000000000027,stop_-3%,1
4403,2022-06-23,2022-06-24,1673.3,2022-07-04,1673.3,0.0,strict_gakutto_next_open,6
4403,2022-09-29,2022-09-30,1726.7,2022-10-13,1720.0,-0.3880233972317182,strict_gakutto_next_open,8
4403,2024-04-26,2024-04-30,2105.0,2024-05-09,2041.85,-3.0000000000000027,stop_-3%,5
4410,2020-06-29,2020-06-30,1021.0,2020-06-30,990.37,-3.0000000000000027,stop_-3%,0
4410,2021-01-08,2021-01-12,1051.0,2021-01-13,1019.47,-3.0000000000000027,stop_-3%,1
4413,2023-03-03,2023-03-06,1022.5,2023-03-06,991.8249999999999,-3.0000000000000027,stop_-3%,0
4413,2026-04-01,2026-04-02,1910.0,2026-04-13,1889.0,-1.099476439790581,strict_gakutto_next_open,7
4432,2021-06-25,2021-06-28,2338.0,2021-06-30,2267.86,-2.9999999999999916,stop_-3%,2
4432,2026-06-29,2026-06-30,2355.0,2026-07-14,2571.0,9.171974522292992,strict_gakutto_next_open,10
4433,2025-10-06,2025-10-07,1107.0,2025-10-10,1073.79,-3.0000000000000027,stop_-3%,3
4433,2025-11-12,2025-11-13,996.0,2025-11-28,1041.0,4.518072289156616,strict_gakutto_next_open,10
4443,2023-05-31,2023-06-01,1690.0,2023-06-12,1775.5,5.059171597633139,strict_gakutto_next_open,7
4443,2025-11-07,2025-11-10,1745.0,2025-11-18,1692.6499999999999,-3.0000000000000027,stop_-3%,6
4452,2018-03-27,2018-03-28,3843.0,2018-04-12,3912.0,1.795472287275568,strict_gakutto_next_open,11
4452,2020-05-12,2020-05-13,4325.0,2020-05-22,4309.5,-0.35838150289017046,strict_gakutto_next_open,7
4452,2021-03-05,2021-03-08,3645.0,2021-03-11,3535.65,-3.0000000000000027,stop_-3%,3
4452,2023-09-27,2023-09-28,2785.0,2023-10-04,2698.0,-3.123877917414719,strict_gakutto_next_open,4
4461,2020-01-14,2020-01-15,4420.0,2020-01-28,4275.0,-3.280542986425339,strict_gakutto_next_open,9
4461,2022-03-15,2022-03-16,2680.0,2022-04-07,2688.0,0.29850746268655914,max15_next_open,15
4461,2023-12-26,2023-12-27,1794.0,2024-01-23,1900.0,5.9085841694537455,max15_next_open,15
4462,2019-03-22,2019-03-25,875.0,2019-03-27,848.75,-3.0000000000000027,stop_-3%,2
4462,2021-12-24,2021-12-27,1359.0,2022-01-07,1350.0,-0.6622516556291425,strict_gakutto_next_open,7
4462,2022-05-20,2022-05-23,1253.0,2022-06-13,1323.0,5.586592178770955,max15_next_open,15
4462,2022-09-09,2022-09-12,1330.0,2022-09-14,1290.0,-3.007518796992481,stop_gap,2
4462,2023-08-10,2023-08-14,1595.0,2023-08-21,1576.0,-1.1912225705329127,strict_gakutto_next_open,5
4462,2024-01-04,2024-01-05,1890.0,2024-01-29,2104.0,11.322751322751312,max15_next_open,15
4462,2024-12-25,2024-12-26,2462.0,2025-01-06,2388.14,-3.0000000000000027,stop_-3%,3
4471,2019-03-15,2019-03-18,5350.0,2019-03-25,5189.5,-3.0000000000000027,stop_-3%,4
4471,2022-02-28,2022-03-01,5200.0,2022-03-02,5040.0,-3.076923076923077,stop_gap,1
4471,2022-08-12,2022-08-15,4830.0,2022-08-22,4715.0,-2.3809523809523836,strict_gakutto_next_open,5
4471,2026-08-04,2026-08-05,5020.0,2026-08-19,6280.0,25.099601593625497,strict_gakutto_next_open,9
4480,2023-02-14,2023-02-15,4650.0,2023-02-15,4510.5,-3.0000000000000027,stop_-3%,0
4481,2021-01-21,2021-01-22,3025.0,2021-01-25,2934.25,-3.0000000000000027,stop_-3%,1
4481,2023-06-02,2023-06-05,5790.0,2023-06-06,5616.3,-2.9999999999999916,stop_-3%,1
4481,2025-01-20,2025-01-21,2845.0,2025-01-23,2759.65,-2.9999999999999916,stop_-3%,2
4481,2026-03-27,2026-03-30,3130.0,2026-04-13,3300.0,5.4313099041533475,strict_gakutto_next_open,10
4483,2021-05-06,2021-05-07,5110.0,2021-05-10,4956.7,-3.0000000000000027,stop_-3%,1
4483,2023-02-28,2023-03-01,4300.0,2023-03-02,4165.0,-3.139534883720929,stop_gap,1
4502,2021-03-03,2021-03-04,3793.0,2021-03-25,4224.0,11.363037173741098,strict_gakutto_next_open,15
4503,2018-09-11,2018-09-12,1882.0,2018-09-28,1984.5,5.446333687566418,strict_gakutto_next_open,10
4503,2019-10-08,2019-10-09,1524.0,2019-11-01,1836.0,20.472440944881896,max15_next_open,15
4503,2020-11-04,2020-11-05,1544.0,2020-11-20,1596.5,3.400259067357503,strict_gakutto_next_open,11
4503,2024-06-21,2024-06-24,1542.0,2024-07-16,1656.0,7.392996108949412,max15_next_open,15
4503,2025-06-24,2025-06-25,1399.0,2025-07-08,1379.5,-1.3938527519656851,strict_gakutto_next_open,9
4506,2020-09-08,2020-09-09,1330.0,2020-09-24,1383.0,3.984962406015047,strict_gakutto_next_open,9
4506,2021-07-14,2021-07-15,2255.0,2021-07-26,2330.0,3.325942350332589,strict_gakutto_next_open,5
4506,2022-12-09,2022-12-12,1058.0,2022-12-14,1047.0,-1.03969754253308,strict_gakutto_next_open,2
4507,2025-10-06,2025-10-07,2613.5,2025-10-09,2536.0,-2.965372106370767,strict_gakutto_next_open,2
4516,2020-10-14,2020-10-15,8240.0,2020-10-22,7992.8,-3.0000000000000027,stop_-3%,5
4516,2026-02-19,2026-02-20,5075.0,2026-02-24,4922.75,-3.0000000000000027,stop_-3%,1
4519,2021-09-24,2021-09-27,4300.0,2021-09-28,4171.0,-3.0000000000000027,stop_-3%,1
4519,2025-10-31,2025-11-04,7000.0,2025-11-26,8377.0,19.671428571428564,strict_gakutto_next_open,15
4519,2026-04-20,2026-04-21,8744.0,2026-04-21,8481.68,-2.9999999999999916,stop_-3%,0
4521,2018-03-26,2018-03-27,6140.0,2018-04-17,6350.0,3.420195439739415,max15_next_open,15
4521,2018-08-23,2018-08-24,5530.0,2018-09-07,5550.0,0.3616636528029016,strict_gakutto_next_open,10
4521,2019-07-01,2019-07-02,5300.0,2019-07-19,5250.0,-0.9433962264150941,strict_gakutto_next_open,12
4521,2020-02-03,2020-02-04,5940.0,2020-02-14,5910.0,-0.5050505050505083,strict_gakutto_next_open,7
4521,2020-05-21,2020-05-22,5780.0,2020-05-29,5800.0,0.34602076124568004,strict_gakutto_next_open,5
4521,2021-04-07,2021-04-08,4310.0,2021-04-15,4350.0,0.9280742459396807,strict_gakutto_next_open,5
4521,2022-02-28,2022-03-01,4240.0,2022-03-02,4112.8,-2.9999999999999916,stop_-3%,1
4521,2023-03-24,2023-03-27,3770.0,2023-04-03,3700.0,-1.8567639257294433,strict_gakutto_next_open,5
4523,2019-08-20,2019-08-21,5412.0,2019-08-26,5245.0,-3.085735402808576,stop_gap,3
4523,2020-12-10,2020-12-11,7653.0,2020-12-18,7500.0,-1.999215993727954,strict_gakutto_next_open,5
4523,2020-12-29,2020-12-30,7411.0,2021-01-08,7330.0,-1.0929699095938439,strict_gakutto_next_open,5
4523,2022-08-31,2022-09-01,5648.0,2022-09-08,5714.0,1.168555240793201,strict_gakutto_next_open,5
4523,2024-06-21,2024-06-24,6403.0,2024-07-03,6571.0,2.62377010776198,strict_gakutto_next_open,7
4523,2025-01-22,2025-01-23,4403.0,2025-02-04,4492.0,2.0213490801726186,strict_gakutto_next_open,8
4523,2025-02-25,2025-02-26,4400.0,2025-03-03,4268.0,-3.0000000000000027,stop_-3%,3
4526,2018-05-15,2018-05-16,2090.0,2018-05-29,2127.5,1.7942583732057482,strict_gakutto_next_open,9
4526,2019-06-05,2019-06-06,1737.5,2019-06-13,1742.5,0.2877697841726645,strict_gakutto_next_open,5
4526,2020-08-11,2020-08-12,2219.0,2020-08-27,2152.43,-3.0000000000000027,stop_-3%,11
4526,2023-10-06,2023-10-10,2258.0,2023-10-12,2190.2599999999998,-3.0000000000000138,stop_-3%,2
4526,2024-09-19,2024-09-20,2588.0,2024-10-15,2652.0,2.472952086553315,max15_next_open,15
4526,2026-02-27,2026-03-02,3075.0,2026-03-04,2982.75,-3.0000000000000027,stop_-3%,2
4527,2019-03-15,2019-03-18,1500.0,2019-03-20,1455.0,-3.0000000000000027,stop_-3%,2
4527,2019-07-01,2019-07-02,1530.0,2019-07-10,1515.0,-0.9803921568627416,strict_gakutto_next_open,6
4527,2024-03-14,2024-03-15,3080.0,2024-03-28,3069.0,-0.3571428571428559,strict_gakutto_next_open,8
4527,2024-08-22,2024-08-23,3330.0,2024-09-12,3566.0,7.087087087087096,strict_gakutto_next_open,14
4528,2022-11-18,2022-11-21,3510.0,2022-12-01,3510.0,0.0,strict_gakutto_next_open,7
4528,2023-03-29,2023-03-30,2782.0,2023-04-06,2719.5,-2.2465851905104195,strict_gakutto_next_open,5
4528,2024-04-26,2024-04-30,2300.0,2024-05-09,2320.0,0.8695652173912993,strict_gakutto_next_open,5
4528,2024-05-31,2024-06-03,2237.0,2024-06-12,2169.89,-3.0000000000000027,stop_-3%,7
4528,2026-05-07,2026-05-08,2359.0,2026-05-08,2288.23,-3.0000000000000027,stop_-3%,0
4534,2022-09-08,2022-09-09,3400.0,2022-09-16,3345.0,-1.6176470588235348,strict_gakutto_next_open,5
4534,2023-11-22,2023-11-24,3285.0,2023-12-15,3330.0,1.3698630136986356,max15_next_open,15
4534,2024-05-31,2024-06-03,3030.0,2024-06-13,2963.0,-2.211221122112206,strict_gakutto_next_open,8
4534,2026-03-19,2026-03-23,3505.0,2026-04-01,3580.0,2.1398002853067144,strict_gakutto_next_open,7
4534,2026-04-13,2026-04-14,3550.0,2026-04-22,3443.5,-3.0000000000000027,stop_-3%,6
4534,2026-05-07,2026-05-08,3430.0,2026-05-14,3327.1,-3.0000000000000027,stop_-3%,4
4536,2023-06-21,2023-06-22,1243.5,2023-06-28,1205.5,-3.055890631282665,stop_gap,4
4536,2024-06-20,2024-06-21,1604.5,2024-07-12,1786.5,11.343097538173886,max15_next_open,15
4538,2016-12-09,2016-12-12,2681.0,2016-12-22,2711.0,1.1189854531891141,strict_gakutto_next_open,8
4538,2020-06-16,2020-06-17,2541.0,2020-06-24,2487.0,-2.125147579693032,strict_gakutto_next_open,5
4538,2022-06-23,2022-06-24,2154.0,2022-06-30,2103.0,-2.36768802228412,strict_gakutto_next_open,4
4538,2022-08-05,2022-08-08,2148.0,2022-08-10,2083.56,-3.0000000000000027,stop_-3%,2
4538,2024-12-13,2024-12-16,2560.0,2024-12-24,2559.0,-0.03906249999999778,strict_gakutto_next_open,6
4540,2019-03-13,2019-03-14,3490.0,2019-03-19,3385.2999999999997,-3.0000000000000027,stop_-3%,3
4540,2019-08-29,2019-08-30,2865.0,2019-09-24,2975.0,3.839441535776622,strict_gakutto_next_open,15
4540,2020-02-06,2020-02-07,3115.0,2020-02-10,2997.0,-3.7881219903691865,stop_gap,1
4540,2020-05-20,2020-05-21,2833.0,2020-06-09,2955.0,4.306388986939647,strict_gakutto_next_open,13
4540,2020-09-09,2020-09-10,3000.0,2020-10-06,3305.0,10.166666666666657,max15_next_open,15
4543,2018-03-22,2018-03-23,1347.5,2018-03-26,1305.0,-3.153988868274582,stop_gap,1
4543,2019-12-13,2019-12-16,1950.0,2019-12-23,1979.0,1.4871794871794908,strict_gakutto_next_open,5
4544,2019-04-17,2019-04-18,2782.0,2019-05-14,2640.0,-5.104241552839683,stop_gap,12
4544,2019-06-06,2019-06-07,2584.0,2019-06-18,2667.0,3.2120743034055765,strict_gakutto_next_open,7
4544,2022-12-09,2022-12-12,2760.0,2022-12-21,2748.0,-0.43478260869564966,strict_gakutto_next_open,7
4544,2023-09-15,2023-09-19,2640.0,2023-09-28,2560.7999999999997,-3.0000000000000138,stop_-3%,7
4544,2026-06-25,2026-06-26,3245.0,2026-07-10,3345.0,3.081664098613257,strict_gakutto_next_open,10
4547,2020-05-20,2020-05-21,2516.0,2020-06-08,2726.0,8.346581875993643,strict_gakutto_next_open,12
4547,2021-11-30,2021-12-01,2276.0,2021-12-02,2200.0,-3.3391915641476255,stop_gap,1
4548,2016-12-09,2016-12-12,1585.0,2017-01-05,1760.0,11.041009463722396,max15_next_open,15
4548,2018-05-07,2018-05-08,1835.0,2018-05-10,1800.0,-1.9073569482288777,strict_gakutto_next_open,2
4548,2018-08-22,2018-08-23,1507.0,2018-09-13,1595.0,5.8394160583941535,max15_next_open,15
4548,2018-10-17,2018-10-18,1692.0,2018-10-25,1641.24,-3.0000000000000027,stop_-3%,5
4548,2022-05-31,2022-06-01,793.0,2022-06-16,798.0,0.6305170239596425,strict_gakutto_next_open,11
4548,2022-10-03,2022-10-04,867.0,2022-10-24,893.0,2.9988465974625234,strict_gakutto_next_open,13
4548,2026-02-17,2026-02-18,711.0,2026-03-05,735.0,3.3755274261603407,strict_gakutto_next_open,10
4548,2026-05-07,2026-05-08,720.0,2026-05-29,787.0,9.305555555555545,max15_next_open,15
4549,2021-11-12,2021-11-15,1937.0,2021-11-18,1878.8899999999999,-3.0000000000000027,stop_-3%,3
4549,2022-04-21,2022-04-22,1696.0,2022-05-02,1606.0,-5.306603773584905,stop_gap,5
4549,2026-03-25,2026-03-26,2943.0,2026-04-16,3320.0,12.810057764186201,strict_gakutto_next_open,15
4552,2017-08-16,2017-08-17,734.5,2017-09-05,778.8,6.031313818924433,strict_gakutto_next_open,13
4552,2019-04-25,2019-04-26,1550.0,2019-05-23,1735.0,11.935483870967744,strict_gakutto_next_open,13
4552,2019-11-11,2019-11-12,2100.0,2019-11-13,2037.0,-3.0000000000000027,stop_-3%,1
4553,2020-01-22,2020-01-23,2766.0,2020-01-24,2683.02,-3.0000000000000027,stop_-3%,1
4553,2020-09-08,2020-09-09,2088.0,2020-09-30,2157.0,3.3045977011494143,strict_gakutto_next_open,13
4553,2021-04-30,2021-05-06,2295.0,2021-05-13,2195.0,-4.357298474945537,strict_gakutto_next_open,5
4553,2022-03-10,2022-03-11,2778.0,2022-03-25,2863.0,3.0597552195824385,strict_gakutto_next_open,9
4553,2023-02-27,2023-02-28,1929.0,2023-03-02,1897.0,-1.658890616899944,strict_gakutto_next_open,2
4554,2017-06-13,2017-06-14,1957.5,2017-06-21,1912.5,-2.298850574712641,strict_gakutto_next_open,5
4554,2024-03-29,2024-04-01,1660.0,2024-04-02,1610.2,-3.0000000000000027,stop_-3%,1
4554,2024-09-19,2024-09-20,1277.0,2024-10-03,1310.0,2.584181675802655,strict_gakutto_next_open,8
4559,2020-11-27,2020-11-30,1960.0,2020-11-30,1901.2,-3.0000000000000027,stop_-3%,0
4559,2022-02-02,2022-02-03,1929.0,2022-02-24,1938.0,0.4665629860031162,strict_gakutto_next_open,13
4559,2023-02-10,2023-02-13,2160.0,2023-02-24,2169.0,0.4166666666666652,strict_gakutto_next_open,8
4559,2023-03-22,2023-03-23,2154.0,2023-04-06,2218.0,2.9712163416898862,strict_gakutto_next_open,10
4565,2017-04-19,2017-04-20,2767.5,2017-05-02,2780.0,0.4516711833784992,strict_gakutto_next_open,8
4565,2018-08-07,2018-08-08,1401.0,2018-08-09,1366.0,-2.4982155603140654,strict_gakutto_next_open,1
4565,2019-09-20,2019-09-24,2341.0,2019-10-02,2427.0,3.6736437419905954,strict_gakutto_next_open,6
4565,2021-02-15,2021-02-16,2025.0,2021-02-16,1964.25,-3.0000000000000027,stop_-3%,0
4565,2025-06-25,2025-06-26,906.0,2025-07-02,872.0,-3.7527593818984517,stop_gap,4
4565,2025-07-10,2025-07-11,884.0,2025-07-16,857.48,-3.0000000000000027,stop_-3%,3
4565,2026-02-03,2026-02-04,824.0,2026-02-27,936.0,13.592233009708732,max15_next_open,15
4568,2018-11-29,2018-11-30,1380.0,2018-12-06,1338.6,-3.0000000000000027,stop_-3%,4
4568,2021-10-26,2021-10-27,2903.0,2021-10-28,2815.91,-3.0000000000000027,stop_-3%,1
4568,2021-11-12,2021-11-15,2901.0,2021-12-01,2813.97,-3.0000000000000027,stop_-3%,11
4568,2023-10-12,2023-10-13,4145.0,2023-10-16,4020.65,-3.0000000000000027,stop_-3%,1
4568,2024-11-25,2024-11-26,4528.0,2024-12-09,4673.0,3.2022968197879864,strict_gakutto_next_open,9
4569,2017-11-30,2017-12-01,2130.0,2017-12-07,2083.0,-2.2065727699530524,strict_gakutto_next_open,4
4569,2018-07-17,2018-07-18,2307.0,2018-07-20,2237.79,-3.0000000000000027,stop_-3%,2
4569,2019-04-17,2019-04-18,2075.0,2019-04-19,2012.75,-3.0000000000000027,stop_-3%,1
4569,2020-05-21,2020-05-22,2232.0,2020-05-22,2165.04,-3.0000000000000027,stop_-3%,0
4569,2021-11-01,2021-11-02,1781.0,2021-11-12,1768.0,-0.7299270072992692,strict_gakutto_next_open,7
4569,2021-12-03,2021-12-06,1737.0,2021-12-22,1798.0,3.51180195739782,strict_gakutto_next_open,12
4574,2017-02-20,2017-02-21,600.0,2017-03-06,616.7,2.7833333333333377,strict_gakutto_next_open,9
4574,2018-08-10,2018-08-13,668.7,2018-08-13,648.639,-3.0000000000000027,stop_-3%,0
4574,2019-11-15,2019-11-18,938.7,2019-12-06,1018.3,8.479812506658124,strict_gakutto_next_open,14
4574,2020-05-12,2020-05-13,1739.0,2020-05-15,1811.0,4.140310523289248,strict_gakutto_next_open,2
4574,2021-07-14,2021-07-15,1008.0,2021-07-16,977.76,-3.0000000000000027,stop_-3%,1
4574,2022-06-09,2022-06-10,595.0,2022-06-13,577.15,-3.0000000000000027,stop_-3%,1
4574,2022-10-28,2022-10-31,554.0,2022-11-02,537.38,-3.0000000000000027,stop_-3%,2
4574,2023-08-10,2023-08-14,340.0,2023-08-18,329.8,-2.9999999999999916,stop_-3%,4
4574,2023-08-24,2023-08-25,335.0,2023-09-15,363.0,8.358208955223878,max15_next_open,15
4574,2024-10-29,2024-10-30,391.0,2024-11-05,379.27,-3.0000000000000027,stop_-3%,3
4577,2025-05-20,2025-05-21,1029.0,2025-05-26,998.13,-3.0000000000000027,stop_-3%,3
4578,2024-05-30,2024-05-31,6206.0,2024-06-10,6493.0,4.62455688043828,strict_gakutto_next_open,6
4578,2026-01-23,2026-01-26,9376.0,2026-01-27,9094.72,-3.0000000000000027,stop_-3%,1
4587,2017-07-11,2017-07-12,3455.0,2017-07-13,3351.35,-3.0000000000000027,stop_-3%,1
4587,2019-01-24,2019-01-25,4550.0,2019-02-12,4700.0,3.296703296703307,strict_gakutto_next_open,11
4587,2019-06-28,2019-07-01,5640.0,2019-07-10,5570.0,-1.2411347517730542,strict_gakutto_next_open,7
4587,2021-12-08,2021-12-09,2730.0,2021-12-15,2648.1,-3.0000000000000027,stop_-3%,4
4587,2022-09-29,2022-09-30,1611.0,2022-10-13,1698.0,5.400372439478596,strict_gakutto_next_open,8
4587,2023-11-30,2023-12-01,1279.0,2023-12-05,1240.6299999999999,-3.0000000000000138,stop_-3%,2
4587,2024-01-25,2024-01-26,1332.5,2024-01-31,1292.5249999999999,-3.0000000000000138,stop_-3%,3
4587,2025-03-31,2025-04-01,2177.5,2025-04-02,2112.1749999999997,-3.0000000000000138,stop_-3%,1
4611,2017-04-19,2017-04-20,1195.0,2017-05-16,1365.0,14.225941422594147,max15_next_open,15
4612,2016-11-29,2016-11-30,719.0,2016-12-02,694.0,-3.477051460361613,stop_gap,2
4612,2021-05-26,2021-05-27,1558.0,2021-06-03,1560.0,0.12836970474967568,strict_gakutto_next_open,5
4612,2022-09-08,2022-09-09,1060.0,2022-09-20,1095.0,3.301886792452824,strict_gakutto_next_open,6
4612,2025-02-13,2025-02-14,975.6,2025-03-10,1160.5,18.95243952439525,max15_next_open,15
4612,2025-09-30,2025-10-01,1011.5,2025-10-03,997.1,-1.4236282748393503,strict_gakutto_next_open,2
4612,2026-06-12,2026-06-15,1028.0,2026-06-24,1030.0,0.1945525291828787,strict_gakutto_next_open,7
4613,2020-08-04,2020-08-05,2133.0,2020-08-21,2387.0,11.90811064228785,strict_gakutto_next_open,11
4613,2024-09-26,2024-09-27,2592.5,2024-10-02,2514.725,-3.0000000000000027,stop_-3%,3
4613,2025-03-06,2025-03-07,2181.0,2025-03-31,2138.0,-1.971572673085742,max15_next_open,15
4613,2025-05-23,2025-05-26,2078.0,2025-05-29,2065.5,-0.6015399422521606,strict_gakutto_next_open,3
4617,2017-03-29,2017-03-30,830.0,2017-04-04,805.1,-3.0000000000000027,stop_-3%,3
4617,2026-05-19,2026-05-20,3095.0,2026-05-20,3002.15,-2.9999999999999916,stop_-3%,0
4626,2023-10-12,2023-10-13,1276.5,2023-10-16,1238.205,-3.0000000000000027,stop_-3%,1
4626,2024-04-26,2024-04-30,1567.5,2024-05-01,1520.475,-3.0000000000000027,stop_-3%,1
4631,2019-04-01,2019-04-02,3440.0,2019-04-12,3410.0,-0.8720930232558155,strict_gakutto_next_open,8
4631,2026-05-07,2026-05-08,3667.0,2026-05-29,4834.0,31.824379601854382,max15_next_open,15
4633,2018-05-14,2018-05-15,1532.0,2018-05-22,1619.0,5.678851174934718,strict_gakutto_next_open,5
4633,2020-08-26,2020-08-27,1024.0,2020-08-27,993.28,-3.0000000000000027,stop_-3%,0
4633,2020-12-25,2020-12-28,1201.0,2020-12-28,1164.97,-3.0000000000000027,stop_-3%,0
4633,2022-05-30,2022-05-31,946.0,2022-06-13,908.0,-4.016913319238902,strict_gakutto_next_open,9
4633,2022-08-22,2022-08-23,951.0,2022-09-02,958.0,0.7360672975814886,strict_gakutto_next_open,8
4633,2022-09-08,2022-09-09,968.0,2022-09-20,996.0,2.892561983471076,strict_gakutto_next_open,6
4633,2023-12-06,2023-12-07,1320.0,2023-12-14,1320.0,0.0,strict_gakutto_next_open,5
4633,2025-11-26,2025-11-27,2299.0,2025-12-04,2280.0,-0.8264462809917328,strict_gakutto_next_open,5
4634,2019-06-21,2019-06-24,2336.0,2019-06-26,2264.0,-3.082191780821919,stop_gap,2
4634,2024-06-27,2024-06-28,3335.0,2024-07-05,3270.0,-1.9490254872563728,strict_gakutto_next_open,5
4641,2019-05-28,2019-05-29,557.6,2019-06-03,540.872,-3.0000000000000138,stop_-3%,3
4641,2024-01-10,2024-01-11,919.3,2024-01-18,900.0,-2.099423474382678,strict_gakutto_next_open,5
4658,2020-10-19,2020-10-20,733.0,2020-10-30,738.0,0.6821282401091366,strict_gakutto_next_open,8
4658,2024-07-31,2024-08-01,999.0,2024-08-02,969.03,-3.0000000000000027,stop_-3%,1
4661,2020-06-23,2020-06-24,3056.0,2020-06-25,2964.3199999999997,-3.0000000000000138,stop_-3%,1
4661,2020-12-29,2020-12-30,3430.0,2021-01-04,3327.1,-3.0000000000000027,stop_-3%,1
4661,2021-03-29,2021-03-30,3457.0,2021-03-31,3353.29,-3.0000000000000027,stop_-3%,1
4661,2022-10-28,2022-10-31,4000.0,2022-11-09,3880.0,-3.0000000000000027,stop_-3%,6
4661,2023-02-28,2023-03-01,4332.0,2023-03-16,4298.0,-0.7848568790397081,strict_gakutto_next_open,11
4661,2024-04-10,2024-04-11,4799.0,2024-04-17,4655.03,-3.0000000000000027,stop_-3%,4
4661,2024-07-29,2024-07-30,4543.0,2024-07-31,4232.0,-6.845696676205149,stop_gap,1
4661,2025-10-06,2025-10-07,3604.0,2025-10-08,3495.88,-2.9999999999999916,stop_-3%,1
4662,2017-10-12,2017-10-13,938.0,2017-10-17,909.86,-3.0000000000000027,stop_-3%,2
4662,2019-03-22,2019-03-25,925.0,2019-04-05,960.0,3.7837837837837895,strict_gakutto_next_open,9
4662,2020-06-19,2020-06-22,898.0,2020-06-29,870.0,-3.11804008908686,strict_gakutto_next_open,5
4662,2020-08-04,2020-08-05,801.0,2020-08-12,792.0,-1.1235955056179803,strict_gakutto_next_open,4
4662,2020-12-14,2020-12-15,927.0,2020-12-22,919.0,-0.8629989212513456,strict_gakutto_next_open,5
4662,2021-04-13,2021-04-14,976.0,2021-04-21,950.0,-2.6639344262295084,strict_gakutto_next_open,5
4662,2021-05-20,2021-05-21,927.0,2021-05-24,899.1899999999999,-3.0000000000000027,stop_-3%,1
4662,2025-10-06,2025-10-07,1660.0,2025-10-08,1610.2,-3.0000000000000027,stop_-3%,1
4665,2020-07-15,2020-07-16,2746.0,2020-07-27,2697.0,-1.7844136926438492,strict_gakutto_next_open,5
4665,2026-08-10,2026-08-12,4621.0,2026-08-20,4632.0,0.238043713481928,strict_gakutto_next_open,6
4666,2018-06-12,2018-06-13,2963.0,2018-06-27,2970.0,0.23624704691191933,strict_gakutto_next_open,10
4666,2023-01-19,2023-01-20,2137.0,2023-02-09,2065.0,-3.369209171736076,stop_gap,14
4666,2023-06-02,2023-06-05,2176.0,2023-06-16,2131.0,-2.0680147058823484,strict_gakutto_next_open,9
4666,2024-01-04,2024-01-05,1859.0,2024-01-15,1854.0,-0.2689618074233513,strict_gakutto_next_open,5
4666,2025-01-22,2025-01-23,2035.0,2025-02-14,2051.0,0.7862407862407883,max15_next_open,15
4668,2017-04-13,2017-04-14,1206.0,2017-05-10,1448.0,20.066334991708136,max15_next_open,15
4668,2017-06-02,2017-06-05,1435.0,2017-06-12,1410.0,-1.7421602787456414,strict_gakutto_next_open,5
4668,2020-09-04,2020-09-07,748.0,2020-09-30,745.0,-0.40106951871657914,max15_next_open,15
4668,2021-11-15,2021-11-16,565.0,2021-11-22,555.0,-1.7699115044247815,strict_gakutto_next_open,4
4668,2022-09-09,2022-09-12,606.0,2022-09-22,602.0,-0.660066006600657,strict_gakutto_next_open,7
4674,2024-11-12,2024-11-13,1275.0,2024-11-18,1236.75,-3.0000000000000027,stop_-3%,3
4676,2017-08-31,2017-09-01,1647.0,2017-09-06,1588.0,-3.582270795385545,stop_gap,3
4676,2020-02-06,2020-02-07,1527.0,2020-02-13,1481.19,-2.9999999999999916,stop_-3%,3
4676,2023-11-24,2023-11-27,1532.5,2023-12-18,1650.0,7.667210440456773,max15_next_open,15
4676,2024-01-04,2024-01-05,1611.0,2024-01-29,1736.5,7.7901924270639356,strict_gakutto_next_open,15
4676,2024-03-08,2024-03-11,1792.0,2024-03-27,1824.0,1.7857142857142794,strict_gakutto_next_open,11
4676,2025-12-08,2025-12-09,3548.0,2025-12-09,3441.56,-3.0000000000000027,stop_-3%,0
4676,2026-07-01,2026-07-02,4003.0,2026-07-21,4078.0,1.8735948038970829,strict_gakutto_next_open,12
4680,2018-03-15,2018-03-16,576.3,2018-03-20,559.011,-3.0000000000000027,stop_-3%,2
4680,2019-08-14,2019-08-15,536.3,2019-09-04,559.3,4.288644415439125,strict_gakutto_next_open,14
4680,2019-12-19,2019-12-20,359.3,2020-01-06,353.0,-1.7534094071806283,strict_gakutto_next_open,7
4680,2024-05-07,2024-05-08,702.0,2024-05-17,720.0,2.564102564102555,strict_gakutto_next_open,7
4680,2026-01-23,2026-01-26,1125.0,2026-01-28,1096.0,-2.577777777777779,strict_gakutto_next_open,2
4681,2022-02-02,2022-02-03,945.0,2022-02-24,949.5,0.4761904761904745,strict_gakutto_next_open,13
4681,2022-06-21,2022-06-22,1079.0,2022-07-04,1085.0,0.5560704355885182,strict_gakutto_next_open,8
4681,2026-06-09,2026-06-10,1718.0,2026-06-11,1666.46,-3.0000000000000027,stop_-3%,1
4684,2021-03-05,2021-03-08,3794.0,2021-03-08,3680.18,-3.0000000000000027,stop_-3%,0
4684,2024-05-31,2024-06-03,4099.0,2024-06-24,4086.0,-0.3171505245181727,max15_next_open,15
4684,2025-03-04,2025-03-05,4479.0,2025-03-06,4344.63,-3.0000000000000027,stop_-3%,1
4686,2019-03-27,2019-03-28,2792.0,2019-04-03,2722.0,-2.5071633237822355,strict_gakutto_next_open,4
4686,2022-09-26,2022-09-27,3330.0,2022-10-03,3230.1,-3.0000000000000027,stop_-3%,4
4686,2023-09-26,2023-09-27,2936.0,2023-10-04,2815.0,-4.121253405994551,strict_gakutto_next_open,5
4687,2020-12-14,2020-12-15,512.0,2020-12-22,496.64,-3.0000000000000027,stop_-3%,5
4687,2022-09-08,2022-09-09,596.5,2022-09-14,625.0,4.77787091366304,strict_gakutto_next_open,3
4687,2022-11-09,2022-11-10,649.0,2022-12-02,739.5,13.944530046224957,max15_next_open,15
4689,2017-04-03,2017-04-04,532.0,2017-04-06,516.04,-3.0000000000000027,stop_-3%,2
4689,2018-05-31,2018-06-01,395.0,2018-06-05,386.0,-2.278481012658229,strict_gakutto_next_open,2
4689,2020-07-21,2020-07-22,518.0,2020-08-12,630.0,21.62162162162162,strict_gakutto_next_open,12
4689,2023-06-02,2023-06-05,357.5,2023-06-12,356.3,-0.33566433566433185,strict_gakutto_next_open,5
4694,2021-01-05,2021-01-06,3315.0,2021-01-18,3335.0,0.6033182503770718,strict_gakutto_next_open,7
4694,2023-02-10,2023-02-13,3140.0,2023-02-15,3110.0,-0.9554140127388533,strict_gakutto_next_open,2
4694,2026-08-07,2026-08-10,3595.0,2026-08-18,3565.0,-0.8344923504867818,strict_gakutto_next_open,5
4704,2018-06-05,2018-06-06,6260.0,2018-06-20,6350.0,1.437699680511173,strict_gakutto_next_open,10
4704,2018-12-12,2018-12-13,6650.0,2018-12-14,6450.5,-3.0000000000000027,stop_-3%,1
4704,2022-12-14,2022-12-15,6640.0,2022-12-19,6440.8,-3.0000000000000027,stop_-3%,2
4709,2020-06-19,2020-06-22,499.3,2020-06-25,484.32099999999997,-3.0000000000000138,stop_-3%,3
4709,2021-10-08,2021-10-11,472.5,2021-10-22,461.5,-2.3280423280423235,strict_gakutto_next_open,9
4709,2024-07-17,2024-07-18,744.0,2024-07-25,731.0,-1.7473118279569877,strict_gakutto_next_open,5
4714,2016-11-16,2016-11-17,194.3,2016-11-25,194.3,0.0,strict_gakutto_next_open,5
4714,2016-12-09,2016-12-12,193.7,2016-12-19,189.0,-2.4264326277748993,strict_gakutto_next_open,5
4714,2018-07-17,2018-07-18,273.7,2018-08-03,286.7,4.749725977347463,strict_gakutto_next_open,12
4714,2019-09-18,2019-09-19,462.0,2019-09-27,451.0,-2.3809523809523836,strict_gakutto_next_open,5
4714,2024-04-08,2024-04-09,303.0,2024-04-10,279.0,-7.920792079207917,stop_gap,1
4718,2018-07-12,2018-07-13,1192.0,2018-07-25,1180.0,-1.0067114093959773,strict_gakutto_next_open,7
4718,2023-06-02,2023-06-05,1411.0,2023-06-06,1368.67,-2.9999999999999916,stop_-3%,1
4718,2024-10-28,2024-10-29,1638.0,2024-11-15,1791.0,9.340659340659329,strict_gakutto_next_open,12
4719,2021-01-27,2021-01-28,3600.0,2021-02-01,3560.0,-1.1111111111111072,strict_gakutto_next_open,2
4719,2023-03-03,2023-03-06,4200.0,2023-03-14,4075.0,-2.9761904761904767,strict_gakutto_next_open,6
4719,2023-03-28,2023-03-29,4045.0,2023-04-06,3950.0,-2.348578491965392,strict_gakutto_next_open,6
4719,2023-04-12,2023-04-13,4040.0,2023-04-24,4075.0,0.866336633663356,strict_gakutto_next_open,7
4719,2023-11-30,2023-12-01,2849.0,2023-12-22,2920.0,2.4921024921024992,max15_next_open,15
4719,2024-03-06,2024-03-07,3375.0,2024-03-07,3273.75,-3.0000000000000027,stop_-3%,0
4719,2025-07-17,2025-07-18,3490.0,2025-07-31,3495.0,0.14326647564470996,strict_gakutto_next_open,8
4722,2018-04-04,2018-04-05,670.0,2018-04-09,649.9,-3.0000000000000027,stop_-3%,2
4722,2019-06-10,2019-06-11,965.0,2019-06-24,1018.5,5.544041450777204,strict_gakutto_next_open,9
4722,2021-07-16,2021-07-19,947.5,2021-07-30,919.0749999999999,-3.0000000000000027,stop_-3%,7
4722,2022-11-11,2022-11-14,1655.0,2022-11-15,1605.35,-3.0000000000000027,stop_-3%,1
4725,2017-07-11,2017-07-12,1037.0,2017-07-27,1066.0,2.7965284474445573,strict_gakutto_next_open,10
4725,2018-03-15,2018-03-16,1086.0,2018-03-19,1053.42,-2.9999999999999916,stop_-3%,1
4725,2022-08-22,2022-08-23,1435.0,2022-09-02,1427.0,-0.5574912891986084,strict_gakutto_next_open,8
4732,2022-10-04,2022-10-05,1178.5,2022-10-11,1135.5,-3.6487059821807333,stop_gap,3
4732,2022-12-09,2022-12-12,1092.0,2022-12-21,1065.0,-2.472527472527475,strict_gakutto_next_open,7
4733,2017-04-18,2017-04-19,2710.0,2017-05-15,2860.0,5.535055350553497,max15_next_open,15
4733,2017-11-07,2017-11-08,2845.0,2017-11-17,2915.0,2.4604569420035194,strict_gakutto_next_open,7
4733,2023-03-01,2023-03-02,4830.0,2023-03-15,4845.0,0.31055900621117516,strict_gakutto_next_open,9
4733,2023-09-27,2023-09-28,5960.0,2023-10-10,6120.0,2.684563758389258,strict_gakutto_next_open,7
4733,2023-12-19,2023-12-20,6627.0,2023-12-21,6370.0,-3.878074543534027,stop_gap,1
4733,2024-10-09,2024-10-10,7469.0,2024-10-18,7291.0,-2.383183826482793,strict_gakutto_next_open,5
4733,2024-11-07,2024-11-08,7050.0,2024-11-18,6930.0,-1.7021276595744705,strict_gakutto_next_open,6
4733,2025-03-12,2025-03-13,7360.0,2025-03-14,7139.2,-3.0000000000000027,stop_-3%,1
4743,2020-11-02,2020-11-04,885.0,2020-11-26,898.0,1.4689265536723228,max15_next_open,15
4743,2023-08-14,2023-08-15,1098.0,2023-08-22,1094.0,-0.36429872495445936,strict_gakutto_next_open,5
4751,2019-07-23,2019-07-24,1021.3,2019-07-24,990.661,-3.0000000000000027,stop_-3%,0
4751,2020-01-24,2020-01-27,937.5,2020-01-29,930.0,-0.8000000000000007,strict_gakutto_next_open,2
4751,2020-09-02,2020-09-03,1490.0,2020-09-04,1410.0,-5.369127516778526,stop_gap,1
4751,2021-11-04,2021-11-05,2046.0,2021-11-08,1984.62,-3.0000000000000027,stop_-3%,1
4751,2023-07-26,2023-07-27,959.0,2023-07-27,930.23,-3.0000000000000027,stop_-3%,0
4751,2024-04-09,2024-04-10,1099.0,2024-04-10,1066.03,-3.0000000000000027,stop_-3%,0
4751,2024-10-09,2024-10-10,1033.0,2024-10-18,1035.0,0.1936108422071703,strict_gakutto_next_open,5
4755,2024-12-06,2024-12-09,892.9,2024-12-20,929.0,4.043005935715094,strict_gakutto_next_open,9
4763,2016-12-09,2016-12-12,714.0,2017-01-05,915.0,28.15126050420169,max15_next_open,15
4763,2017-11-17,2017-11-20,1168.0,2017-12-05,1132.96,-2.9999999999999916,stop_-3%,10
4763,2019-08-13,2019-08-14,1279.0,2019-08-15,1240.6299999999999,-3.0000000000000138,stop_-3%,1
4763,2023-01-11,2023-01-12,2010.0,2023-02-02,2195.0,9.203980099502495,max15_next_open,15
4763,2023-03-02,2023-03-03,2249.0,2023-03-14,2202.0,-2.089817696754115,strict_gakutto_next_open,7
4763,2023-03-24,2023-03-27,2204.0,2023-04-17,2299.0,4.31034482758621,max15_next_open,15
4763,2023-07-27,2023-07-28,2016.0,2023-08-03,1945.0,-3.5218253968253954,stop_gap,4
4763,2026-03-27,2026-03-30,1401.0,2026-04-13,1370.0,-2.212705210563881,strict_gakutto_next_open,10
4765,2024-10-29,2024-10-30,603.0,2024-11-14,620.0,2.819237147595355,strict_gakutto_next_open,10
4768,2022-03-15,2022-03-16,2105.0,2022-04-07,2165.0,2.8503562945368266,strict_gakutto_next_open,15
4776,2023-08-14,2023-08-15,2140.0,2023-08-15,2075.7999999999997,-3.0000000000000138,stop_-3%,0
4776,2024-01-22,2024-01-23,2162.0,2024-02-14,2204.0,1.942645698427392,max15_next_open,15
4776,2025-01-23,2025-01-24,2691.0,2025-01-27,2610.27,-3.0000000000000027,stop_-3%,1
4784,2026-09-15,2026-09-16,548.0,2026-09-18,531.56,-3.0000000000000138,stop_-3%,2
4792,2017-12-20,2017-12-21,2793.0,2018-01-05,2709.21,-3.0000000000000027,stop_-3%,8
4792,2018-07-24,2018-07-25,3115.0,2018-07-26,3021.5499999999997,-3.0000000000000138,stop_-3%,1
4792,2021-12-02,2021-12-03,1156.0,2021-12-13,1153.0,-0.2595155709342545,strict_gakutto_next_open,6
4792,2022-01-05,2022-01-06,1113.0,2022-01-19,1088.0,-2.246181491464505,strict_gakutto_next_open,8
4792,2022-11-17,2022-11-18,1151.0,2022-12-01,1156.0,0.4344048653344812,strict_gakutto_next_open,8
4792,2023-07-04,2023-07-05,1615.0,2023-07-11,1566.55,-3.0000000000000027,stop_-3%,4
4792,2024-07-29,2024-07-30,2201.0,2024-08-01,2134.97,-3.0000000000000138,stop_-3%,2
4801,2018-03-27,2018-03-28,3685.0,2018-04-09,3850.0,4.477611940298498,strict_gakutto_next_open,8
4801,2018-11-28,2018-11-29,3740.0,2018-12-06,3627.7999999999997,-3.0000000000000027,stop_-3%,5
4801,2021-04-30,2021-05-06,2399.0,2021-05-13,2312.0,-3.6265110462692762,strict_gakutto_next_open,5
4809,2022-03-14,2022-03-15,1665.0,2022-03-28,1686.0,1.2612612612612706,strict_gakutto_next_open,8
4809,2023-02-17,2023-02-20,1930.0,2023-03-14,2022.0,4.766839378238341,max15_next_open,15
4809,2023-06-02,2023-06-05,1919.0,2023-06-26,1915.0,-0.20844189682126535,strict_gakutto_next_open,15
4812,2018-10-18,2018-10-19,688.3,2018-10-22,667.651,-3.0000000000000027,stop_-3%,1
4812,2019-05-16,2019-05-17,612.5,2019-05-21,590.8,-3.5428571428571476,stop_gap,2
4812,2022-04-25,2022-04-26,1250.0,2022-04-27,1212.5,-3.0000000000000027,stop_-3%,1
4812,2023-09-27,2023-09-28,1866.7,2023-10-03,1850.0,-0.89462688166283,strict_gakutto_next_open,3
4812,2024-09-26,2024-09-27,1866.7,2024-10-03,1810.699,-3.0000000000000027,stop_-3%,4
4812,2025-07-30,2025-07-31,2116.7,2025-08-18,2196.7,3.7794680398733904,strict_gakutto_next_open,11
4812,2025-08-29,2025-09-01,2206.7,2025-09-03,2140.499,-3.0000000000000027,stop_-3%,2
4813,2018-11-22,2018-11-26,965.0,2018-12-03,936.05,-3.0000000000000027,stop_-3%,5
4813,2020-01-14,2020-01-15,941.0,2020-01-23,912.77,-3.0000000000000027,stop_-3%,6
4813,2023-08-15,2023-08-16,888.0,2023-08-17,861.36,-3.0000000000000027,stop_-3%,1
4813,2024-01-26,2024-01-29,783.0,2024-02-15,852.0,8.812260536398476,strict_gakutto_next_open,12
4819,2018-07-03,2018-07-04,4225.0,2018-07-05,4098.25,-3.0000000000000027,stop_-3%,1
4819,2019-10-18,2019-10-21,3430.0,2019-11-13,3650.0,6.413994169096204,max15_next_open,15
4819,2022-07-07,2022-07-08,3870.0,2022-08-01,3865.0,-0.12919896640827266,max15_next_open,15
4819,2023-02-22,2023-02-24,4605.0,2023-02-24,4466.849999999999,-3.0000000000000138,stop_-3%,0
4819,2023-06-30,2023-07-03,3885.0,2023-07-24,4135.0,6.4350064350064295,strict_gakutto_next_open,14
4820,2017-04-14,2017-04-17,444.3,2017-05-11,471.5,6.121989646635151,max15_next_open,15
4820,2017-09-28,2017-09-29,538.3,2017-10-06,525.3,-2.4150102173509214,strict_gakutto_next_open,5
4820,2019-03-18,2019-03-19,632.5,2019-04-03,647.5,2.371541501976293,strict_gakutto_next_open,10
4820,2019-06-06,2019-06-07,765.0,2019-06-19,781.5,2.1568627450980316,strict_gakutto_next_open,8
4820,2020-10-08,2020-10-09,870.0,2020-10-15,843.9,-3.0000000000000027,stop_-3%,4
4820,2021-06-28,2021-06-29,861.0,2021-07-02,850.0,-1.2775842044134733,strict_gakutto_next_open,3
4820,2024-06-14,2024-06-17,630.0,2024-06-24,625.0,-0.7936507936507908,strict_gakutto_next_open,5
4820,2024-07-11,2024-07-12,604.0,2024-07-26,626.0,3.6423841059602724,strict_gakutto_next_open,9
4820,2025-03-03,2025-03-04,794.0,2025-03-11,770.18,-3.0000000000000027,stop_-3%,5
4825,2016-12-07,2016-12-08,838.8,2016-12-30,896.3,6.855030996661893,max15_next_open,15
4825,2018-06-26,2018-06-27,842.5,2018-07-02,817.225,-3.0000000000000027,stop_-3%,3
4825,2019-03-15,2019-03-18,777.5,2019-03-26,785.0,0.9646302250803762,strict_gakutto_next_open,5
4825,2019-08-14,2019-08-15,753.8,2019-08-22,760.0,0.8224993366940936,strict_gakutto_next_open,5
4825,2021-02-05,2021-02-08,1265.0,2021-02-18,1292.5,2.1739130434782705,strict_gakutto_next_open,7
4825,2024-06-05,2024-06-06,1150.0,2024-06-07,1112.5,-3.2608695652173947,stop_gap,1
4825,2025-02-10,2025-02-12,1787.5,2025-02-17,1733.875,-3.0000000000000027,stop_-3%,3
4825,2025-10-08,2025-10-09,2390.0,2025-10-09,2318.2999999999997,-3.0000000000000138,stop_-3%,0
4825,2026-06-05,2026-06-08,2112.0,2026-06-09,2048.64,-3.0000000000000027,stop_-3%,1
4826,2018-10-18,2018-10-19,211.4,2018-10-25,203.6,-3.6896877956480667,strict_gakutto_next_open,4
4826,2019-06-10,2019-06-11,275.3,2019-06-12,267.041,-3.0000000000000027,stop_-3%,1
4826,2019-07-25,2019-07-26,271.4,2019-08-05,263.258,-3.0000000000000027,stop_-3%,6
4826,2020-01-23,2020-01-24,264.7,2020-01-27,251.9,-4.83566301473366,stop_gap,1
4828,2019-05-15,2019-05-16,223.6,2019-05-22,216.892,-3.0000000000000027,stop_-3%,4
4828,2020-01-14,2020-01-15,315.5,2020-02-05,358.5,13.629160063391431,max15_next_open,15
4828,2021-02-25,2021-02-26,328.5,2021-03-05,328.0,-0.15220700152207556,strict_gakutto_next_open,5
4828,2023-01-19,2023-01-20,466.0,2023-02-08,494.8,6.180257510729614,strict_gakutto_next_open,13
4828,2023-10-10,2023-10-11,667.0,2023-10-24,646.99,-3.0000000000000027,stop_-3%,9
4839,2017-04-17,2017-04-18,3740.0,2017-04-19,3625.0,-3.074866310160429,stop_gap,1
4839,2018-04-05,2018-04-06,3395.0,2018-04-09,3293.15,-3.0000000000000027,stop_-3%,1
4839,2020-11-05,2020-11-06,2889.0,2020-11-10,2802.33,-3.0000000000000027,stop_-3%,2
4839,2022-05-19,2022-05-20,1489.0,2022-05-25,1444.33,-3.0000000000000027,stop_-3%,3
4839,2022-06-22,2022-06-23,1489.0,2022-07-04,1500.0,0.7387508394895992,strict_gakutto_next_open,7
4839,2023-03-23,2023-03-24,1238.0,2023-04-06,1240.0,0.1615508885298933,strict_gakutto_next_open,9
4847,2020-09-16,2020-09-17,788.0,2020-10-02,839.0,6.472081218274117,strict_gakutto_next_open,8
4847,2021-02-17,2021-02-18,719.0,2021-02-19,697.43,-3.0000000000000027,stop_-3%,1
4848,2016-12-12,2016-12-13,907.0,2017-01-06,965.0,6.39470782800442,max15_next_open,15
4848,2024-11-19,2024-11-20,1455.0,2024-11-27,1443.0,-0.8247422680412342,strict_gakutto_next_open,5
4848,2025-01-20,2025-01-21,1469.0,2025-01-31,1505.0,2.450646698434311,strict_gakutto_next_open,8
4848,2025-11-07,2025-11-10,1757.0,2025-11-10,1704.29,-3.0000000000000027,stop_-3%,0
4849,2017-02-03,2017-02-06,2053.0,2017-02-07,1991.4099999999999,-3.0000000000000027,stop_-3%,1
4849,2017-07-11,2017-07-12,2962.0,2017-07-31,3185.0,7.528696826468595,strict_gakutto_next_open,12
4849,2021-01-20,2021-01-21,3100.0,2021-01-28,2990.0,-3.548387096774197,stop_gap,5
4849,2026-03-27,2026-03-30,1068.0,2026-04-01,1130.0,5.805243445692887,strict_gakutto_next_open,2
4887,2026-05-07,2026-05-08,2131.0,2026-05-12,2099.5,-1.4781792585640496,strict_gakutto_next_open,2
4901,2020-05-28,2020-05-29,1666.7,2020-06-05,1653.7,-0.7799844003119949,strict_gakutto_next_open,5
4901,2022-05-06,2022-05-09,2442.3,2022-05-10,2369.031,-3.0000000000000138,stop_-3%,1
4902,2018-02-01,2018-02-02,1025.0,2018-02-06,980.0,-4.390243902439028,stop_gap,2
4902,2020-02-06,2020-02-07,696.0,2020-02-12,675.12,-3.0000000000000027,stop_-3%,2
4902,2020-08-25,2020-08-26,338.0,2020-09-02,338.0,0.0,strict_gakutto_next_open,5
4902,2021-04-09,2021-04-12,605.0,2021-04-21,590.0,-2.4793388429752095,strict_gakutto_next_open,7
4902,2021-04-27,2021-04-28,621.0,2021-05-13,600.0,-3.3816425120772986,strict_gakutto_next_open,7
4911,2018-03-27,2018-03-28,6500.0,2018-04-12,6922.0,6.492307692307686,strict_gakutto_next_open,11
4911,2020-11-04,2020-11-05,6798.0,2020-11-18,7323.0,7.72285966460724,strict_gakutto_next_open,9
4911,2020-12-29,2020-12-30,7226.0,2021-01-05,7009.22,-2.9999999999999916,stop_-3%,2
4911,2021-01-19,2021-01-20,6820.0,2021-02-01,6889.0,1.0117302052785826,strict_gakutto_next_open,8
4912,2016-12-12,2016-12-13,1834.0,2017-01-06,1913.0,4.307524536532159,strict_gakutto_next_open,15
4912,2017-04-19,2017-04-20,1996.0,2017-05-16,2187.0,9.569138276553101,max15_next_open,15
4912,2021-01-28,2021-01-29,2444.0,2021-02-01,2370.68,-3.0000000000000027,stop_-3%,1
4914,2022-02-28,2022-03-01,552.4,2022-03-08,534.8,-3.1860970311368586,strict_gakutto_next_open,5
4914,2024-04-04,2024-04-05,689.0,2024-04-17,668.3299999999999,-3.0000000000000138,stop_-3%,8
4914,2024-12-05,2024-12-06,1104.0,2024-12-19,1114.0,0.9057971014492683,strict_gakutto_next_open,9
4919,2018-02-14,2018-02-15,3615.0,2018-02-15,3506.5499999999997,-3.0000000000000027,stop_-3%,0
4919,2022-10-28,2022-10-31,6110.0,2022-11-14,5320.0,-12.929623567921444,stop_gap,9
4919,2023-02-14,2023-02-15,5720.0,2023-02-28,5680.0,-0.6993006993006978,strict_gakutto_next_open,8
4922,2018-12-12,2018-12-13,17210.0,2018-12-18,16693.7,-2.9999999999999916,stop_-3%,3
4922,2019-10-30,2019-10-31,18990.0,2019-11-01,18340.0,-3.422854133754605,stop_gap,1
4923,2019-04-15,2019-04-16,756.9,2019-04-22,741.0,-2.100673801030517,strict_gakutto_next_open,4
4923,2020-08-04,2020-08-05,780.6,2020-08-06,757.182,-3.0000000000000027,stop_-3%,1
4927,2017-04-19,2017-04-20,2602.0,2017-04-21,2523.94,-3.0000000000000027,stop_-3%,1
4927,2019-09-11,2019-09-12,2480.0,2019-09-19,2448.0,-1.2903225806451646,strict_gakutto_next_open,4
4927,2019-10-08,2019-10-09,2473.0,2019-11-01,2448.0,-1.0109179134654256,strict_gakutto_next_open,15
4927,2020-01-10,2020-01-14,2640.0,2020-01-21,2580.0,-2.2727272727272707,strict_gakutto_next_open,5
4927,2021-12-28,2021-12-29,1977.0,2021-12-30,1917.69,-3.0000000000000027,stop_-3%,1
4927,2024-06-03,2024-06-04,1366.0,2024-06-11,1329.0,-2.708638360175697,strict_gakutto_next_open,5
4928,2017-04-19,2017-04-20,4580.0,2017-05-16,4785.0,4.475982532751099,max15_next_open,15
4928,2018-09-18,2018-09-19,6270.0,2018-09-25,6050.0,-3.508771929824561,stop_gap,3
4928,2022-10-04,2022-10-05,5700.0,2022-10-07,5580.0,-2.1052631578947323,strict_gakutto_next_open,2
4931,2020-02-06,2020-02-07,1369.0,2020-02-10,1327.93,-2.9999999999999916,stop_-3%,1
4931,2020-06-30,2020-07-01,1744.0,2020-07-02,1691.68,-2.9999999999999916,stop_-3%,1
4931,2020-08-18,2020-08-19,1855.0,2020-09-08,2401.0,29.433962264150935,strict_gakutto_next_open,14
4931,2022-12-09,2022-12-12,1390.0,2022-12-19,1374.0,-1.151079136690647,strict_gakutto_next_open,5
4933,2021-11-01,2021-11-02,2267.5,2021-11-11,2320.0,2.3153252480705655,strict_gakutto_next_open,6
4933,2022-10-18,2022-10-19,2332.5,2022-10-21,2262.525,-2.9999999999999916,stop_-3%,2
4933,2023-09-28,2023-09-29,2899.0,2023-10-05,2899.0,0.0,strict_gakutto_next_open,4
4933,2025-07-08,2025-07-09,1633.0,2025-07-16,1630.0,-0.1837109614207022,strict_gakutto_next_open,5
4933,2025-12-10,2025-12-11,1386.0,2025-12-24,1421.0,2.5252525252525304,strict_gakutto_next_open,9
4951,2017-08-31,2017-09-01,2511.0,2017-09-05,2435.67,-2.9999999999999916,stop_-3%,2
4951,2019-04-12,2019-04-15,1921.0,2019-05-07,1863.37,-3.0000000000000027,stop_-3%,10
4951,2019-05-28,2019-05-29,1771.0,2019-05-30,1717.87,-3.0000000000000027,stop_-3%,1
4951,2022-03-10,2022-03-11,1500.0,2022-03-15,1509.0,0.6000000000000005,strict_gakutto_next_open,2
4951,2022-06-23,2022-06-24,1485.0,2022-07-15,1565.0,5.387205387205385,max15_next_open,15
4956,2022-02-28,2022-03-01,803.0,2022-03-01,778.91,-3.0000000000000027,stop_-3%,0
4956,2022-03-10,2022-03-11,761.0,2022-04-04,779.0,2.365308804205002,max15_next_open,15
4956,2024-10-07,2024-10-08,1267.0,2024-10-28,1282.0,1.1838989739542116,strict_gakutto_next_open,13
4956,2025-01-20,2025-01-21,1260.0,2025-01-24,1222.2,-2.9999999999999916,stop_-3%,3
4956,2026-05-27,2026-05-28,1440.0,2026-05-29,1396.8,-3.0000000000000027,stop_-3%,1
4958,2020-06-16,2020-06-17,2347.0,2020-07-02,2354.0,0.29825308904984915,strict_gakutto_next_open,11
4958,2023-02-27,2023-02-28,3000.0,2023-03-01,2910.0,-3.0000000000000027,stop_-3%,1
4958,2025-02-28,2025-03-03,2834.0,2025-03-25,2887.0,1.8701482004234382,max15_next_open,15
4967,2020-10-28,2020-10-29,10200.0,2020-11-20,11590.0,13.627450980392153,max15_next_open,15
4967,2021-05-27,2021-05-28,9800.0,2021-06-01,9506.0,-3.0000000000000027,stop_-3%,2
4967,2021-12-07,2021-12-08,9280.0,2021-12-16,9230.0,-0.5387931034482762,strict_gakutto_next_open,6
4967,2023-04-12,2023-04-13,8100.0,2023-05-08,8350.0,3.0864197530864113,strict_gakutto_next_open,14
4968,2020-02-06,2020-02-07,1563.0,2020-02-10,1516.11,-3.0000000000000027,stop_-3%,1
4968,2020-08-25,2020-08-26,1209.0,2020-09-01,1191.0,-1.488833746898266,strict_gakutto_next_open,4
4968,2021-04-16,2021-04-19,1320.0,2021-04-21,1271.0,-3.712121212121211,strict_gakutto_next_open,2
4968,2022-10-04,2022-10-05,1013.0,2022-10-11,982.61,-3.0000000000000027,stop_-3%,3
4971,2017-10-23,2017-10-24,1750.0,2017-11-15,2125.0,21.42857142857142,max15_next_open,15
4971,2018-03-12,2018-03-13,1827.0,2018-03-22,1850.0,1.258894362342633,strict_gakutto_next_open,6
4973,2017-10-23,2017-10-24,2688.0,2017-10-31,2673.0,-0.5580357142857095,strict_gakutto_next_open,5
4973,2021-05-10,2021-05-11,2650.0,2021-05-18,2660.0,0.37735849056603765,strict_gakutto_next_open,5
4973,2021-12-07,2021-12-08,2670.0,2021-12-09,2587.0,-3.1086142322097388,stop_gap,1
4973,2025-07-14,2025-07-15,3115.0,2025-07-28,3100.0,-0.48154093097912964,strict_gakutto_next_open,8
4975,2017-10-19,2017-10-20,2385.0,2017-10-23,2313.45,-3.0000000000000027,stop_-3%,1
4975,2019-07-23,2019-07-24,2060.0,2019-07-29,1998.2,-3.0000000000000027,stop_-3%,3
4975,2025-07-09,2025-07-10,3240.0,2025-08-01,3585.0,10.64814814814814,max15_next_open,15
4980,2018-08-21,2018-08-22,366.0,2018-09-06,377.0,3.005464480874309,strict_gakutto_next_open,11
4985,2017-01-06,2017-01-10,4885.0,2017-01-12,4738.45,-3.0000000000000027,stop_-3%,2
4985,2021-08-18,2021-08-19,6400.0,2021-08-31,6410.0,0.15624999999999112,strict_gakutto_next_open,8
4996,2021-12-28,2021-12-29,792.0,2022-01-11,784.0,-1.0101010101010055,strict_gakutto_next_open,6
4996,2022-08-09,2022-08-10,1012.0,2022-09-01,1079.0,6.6205533596837896,max15_next_open,15
4996,2023-10-10,2023-10-11,1128.0,2023-10-16,1094.16,-2.9999999999999916,stop_-3%,3
4997,2017-04-07,2017-04-10,696.0,2017-04-14,675.12,-3.0000000000000027,stop_-3%,4
4997,2019-03-12,2019-03-13,477.0,2019-03-15,462.69,-3.0000000000000027,stop_-3%,2
4997,2019-04-01,2019-04-02,462.0,2019-04-10,448.14,-3.0000000000000027,stop_-3%,6
4997,2024-05-31,2024-06-03,760.0,2024-06-06,737.1999999999999,-3.0000000000000138,stop_-3%,3
5011,2018-02-07,2018-02-08,1346.0,2018-02-09,1302.0,-3.268945022288261,stop_gap,1
5011,2018-08-23,2018-08-24,1233.0,2018-08-27,1196.01,-3.0000000000000027,stop_-3%,1
5011,2018-09-06,2018-09-07,1250.0,2018-09-12,1212.5,-3.0000000000000027,stop_-3%,3
5011,2018-11-27,2018-11-28,1096.0,2018-12-07,1113.0,1.5510948905109512,strict_gakutto_next_open,7
5011,2019-03-18,2019-03-19,1126.0,2019-03-28,1092.22,-3.0000000000000027,stop_-3%,6
5011,2024-07-12,2024-07-16,2354.0,2024-08-02,2283.38,-2.9999999999999916,stop_-3%,13
5016,2025-06-10,2025-06-11,779.8,2025-06-16,756.406,-3.0000000000000027,stop_-3%,3
5019,2024-07-31,2024-08-01,986.3,2024-08-02,956.7109999999999,-3.0000000000000027,stop_-3%,1
5019,2024-10-30,2024-10-31,1050.0,2024-11-08,1044.5,-0.5238095238095264,strict_gakutto_next_open,5
5020,2022-02-28,2022-03-01,458.5,2022-03-09,445.0,-2.94438386041439,strict_gakutto_next_open,6
5020,2024-04-30,2024-05-01,709.9,2024-05-24,767.9,8.170164811945346,max15_next_open,15
5020,2024-07-31,2024-08-01,780.6,2024-08-01,757.182,-3.0000000000000027,stop_-3%,0
5021,2019-03-04,2019-03-05,1211.5,2019-03-08,1175.155,-3.0000000000000027,stop_-3%,3
5021,2020-08-06,2020-08-07,809.5,2020-08-31,838.0,3.520691785052499,max15_next_open,15
5021,2021-11-10,2021-11-11,1182.0,2021-11-18,1158.5,-1.9881556683587154,strict_gakutto_next_open,5
5021,2023-05-24,2023-05-25,2160.0,2023-05-26,2095.0,-3.009259259259256,stop_gap,1
5036,2023-04-24,2023-04-25,1593.0,2023-04-25,1545.21,-3.0000000000000027,stop_-3%,0
5036,2024-01-22,2024-01-23,1564.0,2024-01-23,1517.08,-3.0000000000000027,stop_-3%,0
5036,2024-10-30,2024-10-31,980.0,2024-11-11,950.6,-3.0000000000000027,stop_-3%,6
5036,2026-04-06,2026-04-07,1573.0,2026-04-09,1525.81,-3.0000000000000027,stop_-3%,2
5074,2024-05-07,2024-05-08,435.0,2024-05-16,404.0,-7.126436781609192,strict_gakutto_next_open,6
5074,2025-11-21,2025-11-25,344.0,2025-12-02,333.0,-3.1976744186046457,strict_gakutto_next_open,5
5076,2022-03-02,2022-03-03,1032.0,2022-03-25,1128.0,9.302325581395344,max15_next_open,15
5076,2022-05-30,2022-05-31,933.0,2022-06-07,923.0,-1.0718113612004254,strict_gakutto_next_open,5
5076,2024-12-24,2024-12-25,1202.5,2025-01-09,1195.5,-0.5821205821205822,strict_gakutto_next_open,7
5101,2018-06-06,2018-06-07,2496.0,2018-06-15,2421.12,-3.0000000000000027,stop_-3%,6
5101,2018-09-13,2018-09-14,2291.0,2018-10-10,2383.0,4.015713662156273,max15_next_open,15
5101,2025-01-22,2025-01-23,3301.0,2025-02-14,3543.0,7.331111784307787,max15_next_open,15
5101,2026-02-03,2026-02-04,6288.0,2026-02-27,7881.0,25.333969465648853,max15_next_open,15
5101,2026-04-06,2026-04-07,6146.0,2026-04-14,6140.0,-0.09762447120078566,strict_gakutto_next_open,5
5105,2017-01-04,2017-01-05,1540.0,2017-01-06,1493.8,-3.0000000000000027,stop_-3%,1
5105,2017-06-21,2017-06-22,2170.0,2017-07-13,2416.0,11.336405529953918,max15_next_open,15
5105,2020-07-06,2020-07-07,1469.0,2020-07-08,1424.93,-2.9999999999999916,stop_-3%,1
5105,2020-10-02,2020-10-05,1790.0,2020-10-09,1736.3,-3.0000000000000027,stop_-3%,4
5105,2021-10-27,2021-10-28,1887.0,2021-11-10,1830.3899999999999,-3.0000000000000027,stop_-3%,8
5105,2022-07-07,2022-07-08,1756.0,2022-07-28,1827.0,4.043280182232345,strict_gakutto_next_open,13
5105,2023-08-10,2023-08-14,1964.0,2023-09-04,2219.5,13.009164969450104,max15_next_open,15
5105,2024-03-15,2024-03-18,2675.0,2024-04-01,2828.0,5.719626168224301,strict_gakutto_next_open,9
5105,2024-07-31,2024-08-01,2442.5,2024-08-01,2369.225,-3.0000000000000027,stop_-3%,0
5108,2018-09-13,2018-09-14,2086.0,2018-10-10,2152.5,3.187919463087252,max15_next_open,15
5110,2017-01-04,2017-01-05,1930.0,2017-01-11,1872.1,-3.0000000000000027,stop_-3%,3
5110,2020-11-06,2020-11-09,972.0,2020-11-19,1026.0,5.555555555555558,strict_gakutto_next_open,8
5121,2017-01-04,2017-01-05,690.0,2017-01-10,681.0,-1.30434782608696,strict_gakutto_next_open,2
5121,2018-08-27,2018-08-28,605.0,2018-09-03,586.85,-2.9999999999999916,stop_-3%,4
5121,2019-03-15,2019-03-18,434.0,2019-03-29,428.0,-1.382488479262678,strict_gakutto_next_open,8
5121,2020-08-05,2020-08-06,363.0,2020-08-07,352.11,-2.9999999999999916,stop_-3%,1
5121,2022-07-19,2022-07-20,860.0,2022-08-10,998.0,16.04651162790698,max15_next_open,15
5122,2019-11-26,2019-11-27,4385.0,2019-11-28,4253.45,-3.0000000000000027,stop_-3%,1
5122,2020-02-05,2020-02-06,3975.0,2020-02-07,3855.75,-3.0000000000000027,stop_-3%,1
5122,2020-08-28,2020-08-31,4320.0,2020-09-01,4190.4,-3.0000000000000138,stop_-3%,1
5122,2020-09-11,2020-09-14,4335.0,2020-09-16,4270.0,-1.4994232987312617,strict_gakutto_next_open,2
5122,2021-12-06,2021-12-07,4035.0,2021-12-21,4095.0,1.486988847583648,strict_gakutto_next_open,10
5142,2018-07-09,2018-07-10,2228.0,2018-08-01,2318.0,4.039497307001794,max15_next_open,15
5142,2018-10-30,2018-10-31,2210.0,2018-11-14,2235.0,1.1312217194570096,strict_gakutto_next_open,10
5142,2019-04-15,2019-04-16,1929.0,2019-04-23,1920.0,-0.4665629860031051,strict_gakutto_next_open,5
5142,2024-02-21,2024-02-22,1505.0,2024-03-15,1591.0,5.714285714285716,max15_next_open,15
5142,2025-11-26,2025-11-27,1286.0,2025-12-18,1410.0,9.64230171073095,max15_next_open,15
5142,2026-05-01,2026-05-07,1487.0,2026-05-12,1442.3899999999999,-3.0000000000000138,stop_-3%,3
5142,2026-07-02,2026-07-03,1186.0,2026-07-13,1217.0,2.613827993254647,strict_gakutto_next_open,6
5185,2020-08-11,2020-08-12,633.0,2020-08-20,634.0,0.15797788309637184,strict_gakutto_next_open,6
5185,2020-10-27,2020-10-28,660.0,2020-11-19,732.0,10.909090909090914,max15_next_open,15
5185,2021-04-12,2021-04-13,807.0,2021-04-20,804.0,-0.371747211895912,strict_gakutto_next_open,5
5186,2019-08-30,2019-09-02,2755.0,2019-09-04,2672.35,-3.0000000000000027,stop_-3%,2
5186,2020-02-03,2020-02-04,3075.0,2020-02-13,3110.0,1.1382113821138296,strict_gakutto_next_open,6
5186,2020-10-21,2020-10-22,2304.0,2020-10-30,2276.0,-1.215277777777779,strict_gakutto_next_open,6
5186,2021-08-25,2021-08-26,2710.0,2021-09-16,2897.0,6.900369003690043,max15_next_open,15
5186,2024-06-19,2024-06-20,3975.0,2024-07-11,4100.0,3.1446540880503138,strict_gakutto_next_open,15
5192,2018-05-18,2018-05-21,2528.0,2018-06-11,2666.0,5.458860759493667,max15_next_open,15
5192,2024-07-31,2024-08-01,4390.0,2024-08-02,4258.3,-2.9999999999999916,stop_-3%,1
5195,2019-04-01,2019-04-02,1146.0,2019-04-02,1111.62,-3.0000000000000138,stop_-3%,0
5195,2020-11-05,2020-11-06,604.0,2020-11-13,585.0,-3.14569536423841,strict_gakutto_next_open,5
5195,2023-12-20,2023-12-21,1548.0,2023-12-27,1542.0,-0.3875968992248069,strict_gakutto_next_open,4
5201,2018-03-27,2018-03-28,4265.0,2018-04-13,4335.0,1.6412661195779554,strict_gakutto_next_open,12
5202,2017-01-04,2017-01-05,876.0,2017-01-13,876.0,0.0,strict_gakutto_next_open,5
5202,2019-07-23,2019-07-24,730.0,2019-07-26,708.1,-2.9999999999999916,stop_-3%,2
5202,2022-02-03,2022-02-04,475.0,2022-02-04,460.75,-3.0000000000000027,stop_-3%,0
5202,2022-07-08,2022-07-11,395.0,2022-07-12,383.15,-3.0000000000000027,stop_-3%,1
5202,2023-08-09,2023-08-10,739.0,2023-08-22,752.0,1.7591339648173276,strict_gakutto_next_open,7
5202,2025-06-24,2025-06-25,416.0,2025-07-16,488.0,17.307692307692314,max15_next_open,15
5208,2019-10-10,2019-10-11,1035.0,2019-11-01,1076.0,3.961352657004835,strict_gakutto_next_open,13
5208,2021-08-24,2021-08-25,931.0,2021-09-01,916.0,-1.6111707841031109,strict_gakutto_next_open,5
5208,2023-11-17,2023-11-20,1064.0,2023-12-06,1087.0,2.1616541353383534,strict_gakutto_next_open,11
5208,2023-12-27,2023-12-28,1033.0,2024-01-18,1068.0,3.388189738625358,strict_gakutto_next_open,11
5208,2026-03-27,2026-03-30,2263.0,2026-04-20,2514.0,11.091471498011485,max15_next_open,15
5214,2017-01-20,2017-01-23,3160.0,2017-02-03,3270.0,3.4810126582278444,strict_gakutto_next_open,9
5214,2017-07-10,2017-07-11,4060.0,2017-07-24,3940.0,-2.9556650246305383,strict_gakutto_next_open,8
5214,2018-06-06,2018-06-07,3145.0,2018-06-19,3080.0,-2.0667726550079535,strict_gakutto_next_open,8
5214,2018-06-26,2018-06-27,3035.0,2018-07-03,2943.95,-3.0000000000000027,stop_-3%,4
5214,2020-10-21,2020-10-22,1967.0,2020-10-29,2030.0,3.2028469750889688,strict_gakutto_next_open,5
5214,2021-09-28,2021-09-29,2399.0,2021-10-08,2658.0,10.796165068778652,strict_gakutto_next_open,7
5214,2024-08-30,2024-09-02,3465.0,2024-09-04,3288.0,-5.108225108225106,stop_gap,2
5214,2025-01-22,2025-01-23,3368.0,2025-01-30,3384.0,0.47505938242280443,strict_gakutto_next_open,5
5232,2020-07-15,2020-07-16,3790.0,2020-07-27,3715.0,-1.978891820580475,strict_gakutto_next_open,5
5232,2022-08-30,2022-08-31,3545.0,2022-09-01,3438.65,-3.0000000000000027,stop_-3%,1
5232,2026-09-09,2026-09-10,5637.0,2026-09-11,5428.0,-3.707645910945534,stop_gap,1
5233,2018-08-22,2018-08-23,3440.0,2018-09-03,3336.7999999999997,-3.0000000000000027,stop_-3%,7
5233,2018-12-12,2018-12-13,3680.0,2018-12-18,3540.0,-3.804347826086951,stop_gap,3
5233,2024-07-31,2024-08-01,4121.0,2024-08-01,3997.37,-3.0000000000000027,stop_-3%,0
5261,2022-10-27,2022-10-28,4505.0,2022-11-07,4540.0,0.7769145394006749,strict_gakutto_next_open,5
5262,2019-11-21,2019-11-22,409.5,2019-12-02,414.5,1.2210012210012167,strict_gakutto_next_open,6
5262,2020-01-21,2020-01-22,417.5,2020-01-27,404.97499999999997,-3.0000000000000027,stop_-3%,3
5262,2021-01-22,2021-01-25,400.0,2021-01-26,388.0,-3.0000000000000027,stop_-3%,1
5269,2017-01-05,2017-01-06,353.0,2017-01-12,342.40999999999997,-3.0000000000000138,stop_-3%,3
5269,2019-05-16,2019-05-17,282.0,2019-06-03,280.0,-0.7092198581560294,strict_gakutto_next_open,11
5269,2020-01-20,2020-01-21,291.0,2020-01-27,282.27,-3.0000000000000027,stop_-3%,4
5269,2020-11-27,2020-11-30,318.0,2020-12-11,322.0,1.2578616352201255,strict_gakutto_next_open,9
5269,2021-04-07,2021-04-08,415.0,2021-04-13,413.0,-0.48192771084337727,strict_gakutto_next_open,3
5269,2021-05-07,2021-05-10,407.0,2021-05-12,394.78999999999996,-3.0000000000000138,stop_-3%,2
5269,2023-08-24,2023-08-25,326.0,2023-09-08,329.0,0.9202453987730008,strict_gakutto_next_open,10
5288,2019-06-21,2019-06-24,602.0,2019-06-25,583.9399999999999,-3.0000000000000138,stop_-3%,1
5288,2022-10-04,2022-10-05,509.0,2022-10-12,493.72999999999996,-3.0000000000000027,stop_-3%,4
5288,2026-02-04,2026-02-05,1490.0,2026-03-02,1526.0,2.4161073825503365,max15_next_open,15
5288,2026-06-11,2026-06-12,1499.0,2026-06-23,1533.0,2.2681787858572333,strict_gakutto_next_open,7
5301,2017-01-04,2017-01-05,388.0,2017-01-17,376.36,-2.9999999999999916,stop_-3%,7
5301,2019-11-25,2019-11-26,1092.0,2019-12-05,1084.0,-0.73260073260073,strict_gakutto_next_open,7
5301,2020-07-06,2020-07-07,1006.0,2020-07-10,975.8199999999999,-3.0000000000000027,stop_-3%,3
5301,2020-08-11,2020-08-12,928.0,2020-08-21,945.0,1.8318965517241326,strict_gakutto_next_open,7
5301,2023-06-05,2023-06-06,1208.0,2023-06-26,1259.0,4.221854304635753,strict_gakutto_next_open,14
5301,2023-10-10,2023-10-11,1180.0,2023-10-18,1180.0,0.0,strict_gakutto_next_open,5
5301,2024-03-08,2024-03-11,981.8,2024-03-12,952.3459999999999,-3.0000000000000027,stop_-3%,1
5302,2017-05-22,2017-05-23,3050.0,2017-06-13,3740.0,22.622950819672138,max15_next_open,15
5302,2018-03-15,2018-03-16,5780.0,2018-03-16,5606.599999999999,-3.0000000000000138,stop_-3%,0
5310,2019-06-07,2019-06-10,2080.0,2019-06-18,2139.0,2.8365384615384626,strict_gakutto_next_open,6
5310,2019-07-23,2019-07-24,2186.0,2019-07-29,2120.42,-2.9999999999999916,stop_-3%,3
5310,2021-03-03,2021-03-04,1989.0,2021-03-24,2110.0,6.083459024635496,strict_gakutto_next_open,14
5310,2022-12-30,2023-01-04,3700.0,2023-01-04,3589.0,-3.0000000000000027,stop_-3%,0
5310,2023-09-15,2023-09-19,5740.0,2023-09-20,5567.8,-2.9999999999999916,stop_-3%,1
5331,2017-11-20,2017-11-21,1305.0,2017-11-30,1292.5,-0.9578544061302652,strict_gakutto_next_open,6
5331,2018-11-19,2018-11-20,1407.5,2018-11-21,1365.2749999999999,-3.0000000000000138,stop_-3%,1
5331,2019-12-27,2019-12-30,1187.5,2020-01-06,1151.875,-3.0000000000000027,stop_-3%,1
5331,2020-04-22,2020-04-23,826.3,2020-05-08,851.3,3.0255355197869926,strict_gakutto_next_open,7
5331,2020-07-15,2020-07-16,840.0,2020-07-20,814.8,-3.0000000000000027,stop_-3%,2
5331,2022-02-28,2022-03-01,1107.5,2022-03-04,1085.0,-2.031602708803615,strict_gakutto_next_open,3
5332,2018-01-23,2018-01-24,6520.0,2018-01-25,6324.4,-3.0000000000000027,stop_-3%,1
5332,2020-04-23,2020-04-24,3570.0,2020-05-15,3895.0,9.103641456582622,strict_gakutto_next_open,11
5332,2021-07-07,2021-07-08,5750.0,2021-07-09,5560.0,-3.304347826086962,stop_gap,1
5332,2022-12-28,2022-12-29,4505.0,2023-01-24,5020.0,11.431742508324083,max15_next_open,15
5332,2024-06-21,2024-06-24,3765.0,2024-07-03,3795.0,0.7968127490039834,strict_gakutto_next_open,7
5333,2017-01-04,2017-01-05,2399.0,2017-01-06,2327.0299999999997,-3.0000000000000138,stop_-3%,1
5333,2017-06-02,2017-06-05,2316.0,2017-06-06,2246.52,-3.0000000000000027,stop_-3%,1
5333,2021-04-28,2021-04-30,2051.0,2021-05-12,1989.47,-3.0000000000000027,stop_-3%,5
5334,2017-02-10,2017-02-13,2593.0,2017-02-27,2521.0,-2.776706517547245,strict_gakutto_next_open,10
5334,2020-11-20,2020-11-24,1882.0,2020-12-07,1931.0,2.603613177470776,strict_gakutto_next_open,9
5334,2021-04-28,2021-04-30,1820.0,2021-05-10,1765.3999999999999,-3.0000000000000027,stop_-3%,3
5344,2024-05-21,2024-05-22,34000.0,2024-05-31,34900.0,2.6470588235294024,strict_gakutto_next_open,7
5351,2017-01-04,2017-01-05,508.0,2017-01-18,510.0,0.3937007874015741,strict_gakutto_next_open,8
5351,2019-02-04,2019-02-05,750.0,2019-02-07,727.5,-3.0000000000000027,stop_-3%,2
5351,2022-01-31,2022-02-01,764.0,2022-02-24,767.0,0.3926701570680535,max15_next_open,15
5351,2023-02-10,2023-02-13,806.0,2023-03-07,929.0,15.2605459057072,max15_next_open,15
5357,2018-06-26,2018-06-27,686.0,2018-06-29,665.42,-3.0000000000000027,stop_-3%,2
5357,2019-08-30,2019-09-02,530.0,2019-09-25,616.0,16.226415094339618,max15_next_open,15
5357,2019-12-04,2019-12-05,708.0,2019-12-18,742.0,4.802259887005644,strict_gakutto_next_open,9
5357,2022-12-29,2022-12-30,1325.0,2023-01-05,1285.0,-3.018867924528301,stop_gap,2
5357,2026-08-07,2026-08-10,1762.0,2026-08-20,1761.0,-0.05675368898978572,strict_gakutto_next_open,7
5384,2018-01-23,2018-01-24,806.3,2018-02-15,871.7,8.111124891479605,max15_next_open,15
5384,2020-02-06,2020-02-07,1043.3,2020-02-10,1005.0,-3.6710438033163983,stop_gap,1
5384,2022-01-14,2022-01-17,2560.0,2022-01-18,2483.2,-3.0000000000000027,stop_-3%,1
5384,2024-04-26,2024-04-30,3420.0,2024-05-14,3265.0,-4.532163742690054,stop_gap,8
5384,2024-11-22,2024-11-25,2430.0,2024-11-26,2357.1,-3.0000000000000027,stop_-3%,1
5393,2017-07-05,2017-07-06,880.7,2017-07-20,927.3,5.2912456000908215,strict_gakutto_next_open,9
5393,2020-04-23,2020-04-24,663.3,2020-05-21,777.7,17.24709784411278,strict_gakutto_next_open,15
5393,2021-08-24,2021-08-25,945.3,2021-09-03,953.7,0.8886067914947837,strict_gakutto_next_open,7
5393,2024-06-27,2024-06-28,1588.3,2024-07-09,1600.0,0.7366366555436654,strict_gakutto_next_open,7
5393,2024-09-18,2024-09-19,1763.3,2024-10-04,1903.3,7.939658594680421,strict_gakutto_next_open,10
5393,2024-10-21,2024-10-22,1866.7,2024-10-24,1806.7,-3.214228317351475,stop_gap,2
5393,2025-10-06,2025-10-07,1903.3,2025-10-14,1833.3,-3.6778227289444687,stop_gap,4
5393,2026-03-25,2026-03-26,3043.7,2026-03-30,2794.0,-8.20383086375135,stop_gap,2
5393,2026-09-09,2026-09-10,3303.0,2026-09-11,3200.0,-3.1183772328186476,stop_gap,1
5401,2022-12-26,2022-12-27,458.0,2023-01-05,448.5,-2.0742358078602585,strict_gakutto_next_open,5
5401,2024-05-20,2024-05-21,671.2,2024-06-06,675.0,0.5661501787842527,strict_gakutto_next_open,12
5406,2017-01-04,2017-01-05,1181.0,2017-01-05,1145.57,-3.0000000000000027,stop_-3%,0
5406,2021-07-28,2021-07-29,729.0,2021-08-06,707.13,-3.0000000000000027,stop_-3%,6
5406,2022-05-06,2022-05-09,570.0,2022-05-09,552.9,-3.0000000000000027,stop_-3%,0
5406,2026-04-30,2026-05-01,1910.0,2026-05-27,1986.0,3.9790575916230475,max15_next_open,15
5408,2017-01-04,2017-01-05,756.0,2017-01-12,733.3199999999999,-3.0000000000000138,stop_-3%,4
5408,2019-10-08,2019-10-09,449.0,2019-11-01,466.0,3.786191536748329,max15_next_open,15
5408,2021-06-01,2021-06-02,432.0,2021-06-11,430.0,-0.462962962962965,strict_gakutto_next_open,7
5410,2017-01-04,2017-01-05,2145.0,2017-01-10,2105.0,-1.8648018648018683,strict_gakutto_next_open,2
5410,2019-10-09,2019-10-10,2184.0,2019-10-31,2370.0,8.516483516483508,strict_gakutto_next_open,13
5410,2021-08-30,2021-08-31,1490.0,2021-09-21,1550.0,4.026845637583887,strict_gakutto_next_open,14
5410,2022-02-08,2022-02-09,1395.0,2022-02-14,1353.1499999999999,-3.0000000000000138,stop_-3%,2
5410,2024-07-12,2024-07-16,5180.0,2024-07-19,5024.599999999999,-3.0000000000000138,stop_-3%,3
5411,2017-01-04,2017-01-05,1878.0,2017-01-06,1775.0,-5.484558040468579,stop_gap,1
5411,2018-06-06,2018-06-07,2324.0,2018-06-18,2241.5,-3.5499139414802094,stop_gap,7
5411,2019-03-12,2019-03-13,1900.5,2019-03-26,1919.0,0.9734280452512456,strict_gakutto_next_open,8
5411,2019-04-01,2019-04-02,1967.5,2019-04-23,1938.5,-1.4739517153748438,strict_gakutto_next_open,15
5411,2019-11-25,2019-11-26,1392.0,2019-12-05,1410.0,1.2931034482758674,strict_gakutto_next_open,7
5411,2022-05-06,2022-05-09,1510.0,2022-05-09,1464.7,-2.9999999999999916,stop_-3%,0
5411,2023-12-15,2023-12-18,2135.0,2023-12-27,2135.0,0.0,strict_gakutto_next_open,7
5411,2025-08-08,2025-08-12,1784.5,2025-09-02,1874.0,5.015410479125815,max15_next_open,15
5411,2026-05-27,2026-05-28,1685.0,2026-06-01,1634.45,-3.0000000000000027,stop_-3%,2
5440,2017-05-10,2017-05-11,1852.0,2017-05-17,1796.44,-2.9999999999999916,stop_-3%,4
5440,2017-06-02,2017-06-05,1731.0,2017-06-16,1712.0,-1.0976314269208531,strict_gakutto_next_open,9
5440,2018-01-23,2018-01-24,2183.0,2018-01-30,2117.5099999999998,-3.0000000000000138,stop_-3%,4
5440,2019-10-11,2019-10-15,1991.0,2019-10-28,2080.0,4.470115519839268,strict_gakutto_next_open,8
5440,2020-08-05,2020-08-06,1285.0,2020-08-19,1277.0,-0.6225680933852118,strict_gakutto_next_open,8
5444,2021-11-12,2021-11-15,3615.0,2021-11-30,3605.0,-0.2766251728907321,strict_gakutto_next_open,10
5444,2022-04-13,2022-04-14,3580.0,2022-05-11,4070.0,13.687150837988838,max15_next_open,15
5444,2024-03-15,2024-03-18,8481.0,2024-03-29,8584.0,1.2144794245961599,strict_gakutto_next_open,8
5444,2026-06-12,2026-06-15,12140.0,2026-06-24,12060.0,-0.658978583196046,strict_gakutto_next_open,7
5445,2017-06-02,2017-06-05,701.7,2017-06-13,680.649,-3.0000000000000027,stop_-3%,6
5445,2022-12-09,2022-12-12,478.0,2022-12-12,463.65999999999997,-3.0000000000000027,stop_-3%,0
5445,2024-05-07,2024-05-08,1591.7,2024-05-23,1696.7,6.596720487529062,strict_gakutto_next_open,11
5445,2025-02-28,2025-03-03,2003.3,2025-03-14,2043.3,1.9967054360305436,strict_gakutto_next_open,9
5451,2018-03-27,2018-03-28,559.8,2018-04-12,584.8,4.465880671668443,strict_gakutto_next_open,11
5451,2019-12-10,2019-12-11,423.0,2019-12-12,410.31,-3.0000000000000027,stop_-3%,1
5451,2022-10-04,2022-10-05,500.6,2022-10-12,484.2,-3.2760687175389602,stop_gap,4
5451,2024-04-08,2024-04-09,907.0,2024-04-17,902.0,-0.5512679162072764,strict_gakutto_next_open,6
545A,2026-06-17,2026-06-18,850.0,2026-07-09,916.0,7.76470588235294,max15_next_open,15
5461,2024-02-13,2024-02-14,2466.0,2024-02-16,2478.0,0.48661800486617945,strict_gakutto_next_open,2
5471,2017-01-04,2017-01-05,1008.0,2017-01-10,977.76,-3.0000000000000027,stop_-3%,2
5471,2018-01-24,2018-01-25,1366.0,2018-01-31,1348.0,-1.3177159590043952,strict_gakutto_next_open,4
5471,2024-07-30,2024-07-31,1448.5,2024-08-02,1400.0,-3.3482913358646837,stop_gap,2
5471,2024-12-24,2024-12-25,1144.0,2025-01-10,1149.0,0.43706293706293753,strict_gakutto_next_open,8
5471,2026-05-07,2026-05-08,1868.5,2026-05-18,1802.5,-3.532245116403532,stop_gap,6
5480,2017-01-04,2017-01-05,1970.0,2017-01-06,1910.0,-3.0456852791878153,stop_gap,1
5480,2017-06-02,2017-06-05,2380.0,2017-06-05,2308.6,-3.0000000000000027,stop_-3%,0
5480,2020-08-25,2020-08-26,1557.0,2020-08-28,1510.29,-3.0000000000000027,stop_-3%,2
5480,2020-10-19,2020-10-20,1573.0,2020-10-23,1525.81,-3.0000000000000027,stop_-3%,3
5480,2021-05-06,2021-05-07,1995.0,2021-05-18,2240.0,12.280701754385959,strict_gakutto_next_open,7
5480,2023-01-10,2023-01-11,4255.0,2023-02-01,4535.0,6.580493537015286,max15_next_open,15
5480,2026-05-07,2026-05-08,4650.0,2026-05-11,4510.5,-3.0000000000000027,stop_-3%,1
5482,2018-10-30,2018-10-31,1001.3,2018-10-31,971.261,-3.0000000000000027,stop_-3%,0
5482,2019-05-17,2019-05-20,832.5,2019-05-23,807.525,-3.0000000000000027,stop_-3%,3
5482,2020-12-03,2020-12-04,686.3,2020-12-18,714.3,4.079848462771385,strict_gakutto_next_open,10
5482,2021-12-03,2021-12-06,642.8,2021-12-13,636.0,-1.0578718108276264,strict_gakutto_next_open,5
5482,2023-08-23,2023-08-24,903.8,2023-08-31,891.3,-1.3830493472007044,strict_gakutto_next_open,5
5541,2017-07-26,2017-07-27,2940.0,2017-08-07,2851.7999999999997,-3.0000000000000138,stop_-3%,7
5541,2023-07-03,2023-07-04,1548.0,2023-07-13,1560.0,0.7751937984496138,strict_gakutto_next_open,7
5541,2026-07-01,2026-07-02,2236.0,2026-07-09,2225.0,-0.4919499105545566,strict_gakutto_next_open,5
5563,2017-03-21,2017-03-22,325.0,2017-04-05,363.0,11.69230769230769,strict_gakutto_next_open,10
5563,2017-06-27,2017-06-28,373.0,2017-07-20,450.0,20.64343163538873,max15_next_open,15
5563,2018-05-17,2018-05-18,352.0,2018-05-24,341.44,-3.0000000000000027,stop_-3%,4
5563,2018-06-26,2018-06-27,316.0,2018-06-27,306.52,-3.0000000000000027,stop_-3%,0
5563,2019-04-01,2019-04-02,231.0,2019-04-23,236.0,2.164502164502169,max15_next_open,15
5563,2024-05-20,2024-05-21,300.0,2024-05-22,291.0,-3.0000000000000027,stop_-3%,1
5563,2026-03-16,2026-03-17,444.0,2026-03-19,430.68,-3.0000000000000027,stop_-3%,2
5602,2019-03-18,2019-03-19,301.8,2019-03-25,292.746,-3.0000000000000138,stop_-3%,3
5602,2020-06-29,2020-06-30,357.6,2020-06-30,346.872,-3.0000000000000027,stop_-3%,0
5602,2021-01-05,2021-01-06,327.0,2021-01-18,326.0,-0.3058103975535187,strict_gakutto_next_open,7
5602,2024-02-26,2024-02-27,683.0,2024-02-29,662.51,-3.0000000000000027,stop_-3%,2
5602,2024-09-12,2024-09-13,848.0,2024-09-17,822.56,-3.0000000000000027,stop_-3%,1
5631,2020-07-06,2020-07-07,1587.0,2020-07-08,1539.3899999999999,-3.0000000000000027,stop_-3%,1
5631,2022-05-06,2022-05-09,3025.0,2022-05-10,2555.0,-15.537190082644624,stop_gap,1
5631,2023-08-23,2023-08-24,2918.5,2023-09-14,2913.5,-0.17132088401575762,max15_next_open,15
5631,2023-12-29,2024-01-04,2423.5,2024-01-17,2430.0,0.2682071384361384,strict_gakutto_next_open,8
5631,2024-02-14,2024-02-15,2428.0,2024-03-08,3002.0,23.64085667215816,max15_next_open,15
5632,2017-01-04,2017-01-05,2400.0,2017-01-06,2328.0,-3.0000000000000027,stop_-3%,1
5632,2017-08-22,2017-08-23,2870.0,2017-08-24,2783.9,-2.9999999999999916,stop_-3%,1
5632,2018-03-30,2018-04-02,2461.0,2018-04-13,2470.0,0.365704997968308,strict_gakutto_next_open,9
5632,2018-05-14,2018-05-15,2617.0,2018-05-18,2538.49,-3.0000000000000138,stop_-3%,3
5632,2019-03-15,2019-03-18,1617.0,2019-03-20,1593.0,-1.4842300556586308,strict_gakutto_next_open,2
5632,2020-01-15,2020-01-16,1064.0,2020-01-23,1037.0,-2.537593984962405,strict_gakutto_next_open,5
5632,2020-01-30,2020-01-31,1028.0,2020-02-03,996.0,-3.11284046692607,stop_gap,1
5632,2020-10-26,2020-10-27,550.0,2020-10-28,533.5,-3.0000000000000027,stop_-3%,1
5632,2024-07-31,2024-08-01,1430.0,2024-08-01,1387.1,-3.0000000000000027,stop_-3%,0
5632,2025-06-26,2025-06-27,1588.0,2025-07-08,1563.0,-1.5743073047858935,strict_gakutto_next_open,7
5702,2017-01-04,2017-01-05,530.0,2017-01-06,514.1,-2.9999999999999916,stop_-3%,1
5702,2017-01-20,2017-01-23,515.0,2017-02-02,528.0,2.5242718446601975,strict_gakutto_next_open,8
5702,2017-06-26,2017-06-27,590.0,2017-07-05,608.0,3.050847457627115,strict_gakutto_next_open,6
5702,2020-10-08,2020-10-09,564.0,2020-10-12,547.08,-2.9999999999999916,stop_-3%,1
5702,2023-08-23,2023-08-24,1430.0,2023-09-11,1458.0,1.9580419580419672,strict_gakutto_next_open,12
5703,2018-03-30,2018-04-02,2830.0,2018-04-09,2750.0,-2.8268551236749095,strict_gakutto_next_open,5
5703,2024-06-12,2024-06-13,1850.0,2024-06-17,1800.0,-2.7027027027026973,strict_gakutto_next_open,2
5703,2026-07-31,2026-08-03,2665.0,2026-08-25,3050.0,14.446529080675429,max15_next_open,15
5706,2017-09-28,2017-09-29,5800.0,2017-10-13,5740.0,-1.0344827586206917,strict_gakutto_next_open,9
5706,2020-07-06,2020-07-07,2240.0,2020-07-30,2352.0,5.000000000000004,max15_next_open,15
5706,2021-02-22,2021-02-24,3895.0,2021-02-24,3778.15,-3.0000000000000027,stop_-3%,0
5707,2017-08-16,2017-08-17,4950.0,2017-09-07,5200.0,5.050505050505061,max15_next_open,15
5707,2017-09-27,2017-09-28,4920.0,2017-10-19,4995.0,1.5243902439024293,strict_gakutto_next_open,14
5707,2019-12-27,2019-12-30,2087.0,2020-01-06,2024.3899999999999,-3.0000000000000027,stop_-3%,1
5707,2022-04-13,2022-04-14,2898.0,2022-04-22,2891.0,-0.24154589371980784,strict_gakutto_next_open,6
5707,2023-08-23,2023-08-24,1730.0,2023-08-30,1678.1,-3.0000000000000027,stop_-3%,4
5711,2017-01-04,2017-01-05,3770.0,2017-01-06,3656.9,-3.0000000000000027,stop_-3%,1
5711,2026-07-31,2026-08-03,4053.0,2026-08-20,5250.0,29.53367875647668,strict_gakutto_next_open,12
5713,2016-12-28,2016-12-29,3054.0,2017-01-04,3050.0,-0.1309757694826441,strict_gakutto_next_open,2
5713,2017-04-25,2017-04-26,3012.0,2017-05-09,2978.0,-1.1288180610889764,strict_gakutto_next_open,6
5713,2018-03-27,2018-03-28,4430.0,2018-03-29,4297.099999999999,-3.0000000000000138,stop_-3%,1
5713,2021-04-20,2021-04-21,4660.0,2021-05-17,4949.0,6.201716738197427,strict_gakutto_next_open,14
5713,2025-07-22,2025-07-23,3563.0,2025-07-29,3450.0,-3.171484703901206,stop_gap,4
5714,2020-07-06,2020-07-07,3280.0,2020-07-21,3230.0,-1.5243902439024404,strict_gakutto_next_open,10
5714,2021-02-02,2021-02-03,4080.0,2021-02-12,4080.0,0.0,strict_gakutto_next_open,6
5714,2022-02-24,2022-02-25,4915.0,2022-03-10,5290.0,7.629704984740582,strict_gakutto_next_open,9
5714,2023-12-15,2023-12-18,4980.0,2024-01-12,5313.0,6.686746987951797,max15_next_open,15
5714,2024-04-03,2024-04-04,5554.0,2024-04-17,5777.0,4.0151242347857385,strict_gakutto_next_open,9
5714,2025-11-10,2025-11-11,5709.0,2025-11-20,5939.0,4.028726572079178,strict_gakutto_next_open,7
5715,2017-01-04,2017-01-05,2240.0,2017-01-06,2172.7999999999997,-3.0000000000000138,stop_-3%,1
5715,2024-07-31,2024-08-01,1830.0,2024-08-01,1775.1,-3.0000000000000027,stop_-3%,0
5715,2025-01-16,2025-01-17,1612.0,2025-01-29,1790.0,11.042183622828784,strict_gakutto_next_open,8
5726,2017-01-04,2017-01-05,1680.0,2017-01-06,1626.0,-3.214285714285714,stop_gap,1
5726,2017-04-21,2017-04-24,1678.0,2017-04-24,1627.6599999999999,-3.0000000000000138,stop_-3%,0
5726,2023-07-19,2023-07-20,3000.0,2023-08-08,3285.0,9.499999999999996,strict_gakutto_next_open,13
5726,2023-09-15,2023-09-19,3175.0,2023-09-27,3079.75,-3.0000000000000027,stop_-3%,6
5726,2024-07-11,2024-07-12,2696.0,2024-07-19,2615.12,-3.0000000000000027,stop_-3%,4
5741,2017-10-24,2017-10-25,822.5,2017-11-06,775.0,-5.775075987841949,stop_gap,7
5741,2018-08-22,2018-08-23,594.5,2018-09-13,623.8,4.928511354079057,max15_next_open,15
5741,2020-08-05,2020-08-06,483.8,2020-08-06,469.286,-3.0000000000000027,stop_-3%,0
5741,2021-04-30,2021-05-06,638.0,2021-05-13,618.86,-3.0000000000000027,stop_-3%,5
5741,2022-05-31,2022-06-01,543.3,2022-06-13,559.5,2.981778023191617,strict_gakutto_next_open,8
5741,2024-03-07,2024-03-08,1035.0,2024-03-29,1078.8,4.231884057971014,strict_gakutto_next_open,14
5741,2024-10-08,2024-10-09,1265.0,2024-10-31,1267.5,0.19762845849802257,max15_next_open,15
5741,2024-11-07,2024-11-08,1250.0,2024-11-26,1377.5,10.20000000000001,strict_gakutto_next_open,12
5741,2024-12-26,2024-12-27,1335.0,2025-01-07,1294.95,-2.9999999999999916,stop_-3%,3
5757,2018-09-10,2018-09-11,3265.0,2018-09-11,3167.0499999999997,-3.0000000000000138,stop_-3%,0
5757,2018-11-20,2018-11-21,2971.0,2018-11-21,2881.87,-3.0000000000000027,stop_-3%,0
5757,2020-02-06,2020-02-07,3430.0,2020-02-07,3327.1,-3.0000000000000027,stop_-3%,0
5757,2022-05-16,2022-05-17,4095.0,2022-06-07,4100.0,0.12210012210012167,max15_next_open,15
5757,2022-11-08,2022-11-09,4220.0,2022-11-14,4093.4,-3.0000000000000027,stop_-3%,3
5757,2024-05-20,2024-05-21,3940.0,2024-05-22,3821.7999999999997,-3.0000000000000027,stop_-3%,1
5757,2024-07-31,2024-08-01,3690.0,2024-08-02,3545.0,-3.9295392953929587,stop_gap,1
5757,2025-03-03,2025-03-04,3925.0,2025-03-26,4185.0,6.6242038216560495,max15_next_open,15
5801,2017-09-11,2017-09-12,591.0,2017-09-25,612.0,3.5532994923857864,strict_gakutto_next_open,8
5801,2021-05-26,2021-05-27,293.4,2021-06-14,284.59799999999996,-3.0000000000000027,stop_-3%,12
5801,2023-10-24,2023-10-25,232.9,2023-10-26,225.913,-3.0000000000000027,stop_-3%,1
5802,2022-02-02,2022-02-03,381.6,2022-02-04,370.152,-3.0000000000000138,stop_-3%,1
5803,2018-04-10,2018-04-11,117.8,2018-04-13,116.7,-0.9337860780984641,strict_gakutto_next_open,2
5803,2022-01-28,2022-01-31,98.5,2022-02-10,110.8,12.487309644670042,strict_gakutto_next_open,8
5803,2022-04-19,2022-04-20,95.8,2022-04-25,92.92599999999999,-3.0000000000000138,stop_-3%,3
5803,2026-01-16,2026-01-19,2833.3,2026-01-21,2746.7,-3.056506547135862,strict_gakutto_next_open,2
5805,2017-01-04,2017-01-05,900.0,2017-01-06,873.0,-3.0000000000000027,stop_-3%,1
5805,2018-08-27,2018-08-28,786.0,2018-09-03,762.42,-3.0000000000000027,stop_-3%,4
5821,2017-01-25,2017-01-26,1161.9,2017-02-06,1123.8,-3.2791117996385344,stop_gap,7
5821,2017-03-28,2017-03-29,1098.4,2017-04-07,1099.3,0.08193736343771185,strict_gakutto_next_open,7
5821,2018-10-22,2018-10-23,1508.4,2018-10-24,1463.1480000000001,-2.9999999999999916,stop_-3%,1
5821,2020-11-09,2020-11-10,1024.9,2020-11-10,994.153,-3.0000000000000027,stop_-3%,0
5821,2021-12-27,2021-12-28,1093.9,2022-01-07,1061.083,-3.0000000000000027,stop_-3%,6
5821,2023-10-10,2023-10-11,1291.6,2023-10-25,1313.4,1.687829049241274,strict_gakutto_next_open,10
5821,2024-12-05,2024-12-06,1351.5,2024-12-11,1357.8,0.4661487236403916,strict_gakutto_next_open,3
5831,2023-12-27,2023-12-28,1165.0,2024-01-24,1277.5,9.656652360515029,max15_next_open,15
5831,2024-07-31,2024-08-01,1534.0,2024-08-02,1487.98,-3.0000000000000027,stop_-3%,1
5831,2026-04-28,2026-04-30,2765.0,2026-05-26,2969.5,7.396021699819166,max15_next_open,15
5838,2024-05-07,2024-05-08,3340.0,2024-05-14,3130.0,-6.287425149700598,stop_gap,4
5838,2024-06-21,2024-06-24,2825.0,2024-07-04,2875.0,1.7699115044247815,strict_gakutto_next_open,8
5838,2025-09-10,2025-09-11,7910.0,2025-09-11,7672.7,-3.0000000000000027,stop_-3%,0
5838,2025-09-16,2025-09-17,7550.0,2025-10-03,8010.0,6.092715231788071,strict_gakutto_next_open,11
5838,2025-10-20,2025-10-21,8300.0,2025-10-28,8051.0,-3.0000000000000027,stop_-3%,5
5838,2025-12-19,2025-12-22,7137.0,2025-12-22,6922.889999999999,-3.0000000000000027,stop_-3%,0
5838,2026-01-28,2026-01-29,7142.0,2026-02-20,8999.0,26.001120134416134,max15_next_open,15
5851,2017-01-20,2017-01-23,2405.0,2017-02-03,2420.0,0.6237006237006293,strict_gakutto_next_open,9
5851,2021-02-02,2021-02-03,1239.0,2021-02-17,1291.0,4.196933010492332,strict_gakutto_next_open,9
5851,2021-06-25,2021-06-28,1588.0,2021-06-30,1577.0,-0.6926952141057985,strict_gakutto_next_open,2
5851,2022-03-03,2022-03-04,1096.0,2022-03-04,1063.12,-3.0000000000000138,stop_-3%,0
5851,2024-09-12,2024-09-13,1933.0,2024-10-01,1964.0,1.6037247801345078,strict_gakutto_next_open,10
5851,2025-01-14,2025-01-15,2208.0,2025-01-30,2281.0,3.3061594202898448,strict_gakutto_next_open,11
5851,2025-10-20,2025-10-21,2831.0,2025-10-22,2746.0699999999997,-3.0000000000000138,stop_-3%,1
5851,2026-02-04,2026-02-05,2837.0,2026-03-02,2946.0,3.8420867113147628,max15_next_open,15
5852,2017-06-02,2017-06-05,1110.0,2017-06-14,1076.7,-2.9999999999999916,stop_-3%,7
5852,2017-11-20,2017-11-21,914.0,2017-11-29,910.0,-0.4376367614879695,strict_gakutto_next_open,5
5857,2018-07-06,2018-07-09,1050.0,2018-07-13,1018.5,-3.0000000000000027,stop_-3%,4
5857,2020-11-04,2020-11-05,1800.0,2020-11-10,1746.0,-3.0000000000000027,stop_-3%,3
5857,2021-06-09,2021-06-10,2352.0,2021-06-14,2281.44,-3.0000000000000027,stop_-3%,2
5857,2022-03-18,2022-03-22,2299.0,2022-03-30,2230.0299999999997,-3.0000000000000138,stop_-3%,6
5889,2025-10-15,2025-10-16,2120.0,2025-10-16,2056.4,-2.9999999999999916,stop_-3%,0
5889,2026-02-25,2026-02-26,1975.0,2026-03-03,1915.75,-3.0000000000000027,stop_-3%,3
5889,2026-06-09,2026-06-10,2114.0,2026-06-23,2249.0,6.385998107852409,strict_gakutto_next_open,9
5901,2017-07-31,2017-08-01,1889.0,2017-08-14,1832.33,-3.0000000000000027,stop_-3%,8
5901,2018-10-30,2018-10-31,2319.0,2018-11-01,2249.43,-3.0000000000000027,stop_-3%,1
5902,2019-06-21,2019-06-24,1748.0,2019-06-27,1704.0,-2.517162471395884,strict_gakutto_next_open,3
5902,2022-10-04,2022-10-05,1311.0,2022-10-24,1314.0,0.22883295194509046,strict_gakutto_next_open,12
5902,2024-07-29,2024-07-30,1719.0,2024-08-02,1656.0,-3.6649214659685847,stop_gap,3
5911,2019-07-23,2019-07-24,1689.0,2019-07-30,1623.0,-3.9076376554174064,stop_gap,4
5911,2020-01-20,2020-01-21,1940.0,2020-01-28,1870.0,-3.6082474226804107,strict_gakutto_next_open,5
5911,2020-04-22,2020-04-23,1852.0,2020-05-07,1888.0,1.943844492440605,strict_gakutto_next_open,6
5911,2020-11-05,2020-11-06,1940.0,2020-11-17,1988.0,2.4742268041237025,strict_gakutto_next_open,7
5929,2026-07-17,2026-07-21,3809.0,2026-07-31,3694.73,-3.0000000000000027,stop_-3%,8
5930,2019-03-15,2019-03-18,805.0,2019-03-29,808.0,0.3726708074534235,strict_gakutto_next_open,8
5930,2019-05-15,2019-05-16,800.0,2019-05-28,823.0,2.8750000000000053,strict_gakutto_next_open,8
5930,2020-07-06,2020-07-07,758.0,2020-07-10,735.26,-3.0000000000000027,stop_-3%,3
5930,2021-11-12,2021-11-15,1086.0,2021-11-24,1053.42,-2.9999999999999916,stop_-3%,6
5930,2024-04-26,2024-04-30,1700.0,2024-05-15,1665.0,-2.0588235294117685,strict_gakutto_next_open,9
5930,2025-11-21,2025-11-25,2094.0,2025-11-25,2031.1799999999998,-3.0000000000000027,stop_-3%,0
5932,2017-01-04,2017-01-05,1650.0,2017-01-19,1725.0,4.545454545454541,strict_gakutto_next_open,9
5932,2018-03-27,2018-03-28,1542.0,2018-04-13,1591.0,3.1776913099870407,strict_gakutto_next_open,12
5932,2019-08-30,2019-09-02,1151.0,2019-09-04,1116.47,-3.0000000000000027,stop_-3%,2
5932,2021-02-01,2021-02-02,812.0,2021-02-12,837.0,3.078817733990147,strict_gakutto_next_open,7
5933,2017-11-20,2017-11-21,1237.0,2017-11-29,1227.0,-0.808407437348424,strict_gakutto_next_open,5
5933,2018-03-12,2018-03-13,1165.0,2018-03-16,1130.05,-3.0000000000000027,stop_-3%,3
5933,2019-03-26,2019-03-27,1002.0,2019-04-01,993.0,-0.8982035928143728,strict_gakutto_next_open,3
5933,2019-04-15,2019-04-16,996.0,2019-04-23,987.0,-0.9036144578313254,strict_gakutto_next_open,5
5933,2019-06-20,2019-06-21,962.0,2019-06-21,933.14,-3.0000000000000027,stop_-3%,0
5933,2019-08-30,2019-09-02,918.0,2019-09-25,957.0,4.2483660130719025,max15_next_open,15
5933,2020-07-06,2020-07-07,961.0,2020-07-07,932.17,-3.0000000000000027,stop_-3%,0
5933,2021-12-07,2021-12-08,967.0,2021-12-15,952.0,-1.5511892450879028,strict_gakutto_next_open,5
5938,2017-05-30,2017-05-31,2690.0,2017-06-07,2649.0,-1.5241635687732291,strict_gakutto_next_open,5
5938,2019-03-20,2019-03-22,1516.0,2019-03-25,1470.52,-3.0000000000000027,stop_-3%,1
5938,2020-12-18,2020-12-21,2313.0,2020-12-22,2243.61,-2.9999999999999916,stop_-3%,1
5943,2017-06-01,2017-06-02,2156.0,2017-06-12,2148.0,-0.37105751391465214,strict_gakutto_next_open,6
5943,2019-02-04,2019-02-05,1522.0,2019-02-27,1650.0,8.409986859395534,max15_next_open,15
5943,2021-04-13,2021-04-14,1760.0,2021-04-21,1707.2,-3.0000000000000027,stop_-3%,5
5943,2025-01-17,2025-01-20,1651.0,2025-02-10,1679.0,1.695941853422167,max15_next_open,15
5946,2016-12-09,2016-12-12,2643.0,2016-12-28,2660.0,0.6432084752175493,strict_gakutto_next_open,11
5946,2020-08-25,2020-08-26,2155.0,2020-08-28,2090.35,-3.0000000000000027,stop_-3%,2
5946,2024-05-31,2024-06-03,2274.0,2024-06-04,2205.7799999999997,-3.0000000000000138,stop_-3%,1
5947,2017-02-22,2017-02-23,2993.3,2017-03-16,3113.3,4.00895332910165,max15_next_open,15
5947,2020-06-19,2020-06-22,3033.3,2020-07-08,2942.301,-3.0000000000000027,stop_-3%,12
5947,2021-02-01,2021-02-02,3833.3,2021-02-08,3713.3,-3.1304620040174314,stop_gap,4
5947,2022-03-03,2022-03-04,3183.3,2022-03-07,3087.801,-3.0000000000000027,stop_-3%,1
5947,2025-02-20,2025-02-21,3468.0,2025-02-26,3363.96,-3.0000000000000027,stop_-3%,2
5957,2020-09-08,2020-09-09,456.0,2020-10-05,469.0,2.8508771929824483,strict_gakutto_next_open,15
5957,2021-10-15,2021-10-18,650.0,2021-10-26,654.0,0.6153846153846176,strict_gakutto_next_open,6
5957,2022-09-08,2022-09-09,538.0,2022-09-16,528.0,-1.8587360594795488,strict_gakutto_next_open,5
5957,2024-09-18,2024-09-19,561.0,2024-10-01,570.0,1.6042780748663166,strict_gakutto_next_open,7
5959,2017-01-04,2017-01-05,990.0,2017-01-06,960.3,-3.0000000000000027,stop_-3%,1
5959,2020-07-06,2020-07-07,824.0,2020-07-08,799.28,-3.0000000000000027,stop_-3%,1
5970,2016-12-08,2016-12-09,2162.0,2016-12-27,2311.0,6.8917668825161815,strict_gakutto_next_open,11
5970,2017-02-10,2017-02-13,2167.0,2017-02-21,2166.0,-0.046146746654363024,strict_gakutto_next_open,6
5970,2022-09-08,2022-09-09,1378.0,2022-09-16,1378.0,0.0,strict_gakutto_next_open,5
5975,2017-04-20,2017-04-21,2777.0,2017-05-17,3185.0,14.692113791861727,max15_next_open,15
5975,2018-03-27,2018-03-28,3065.0,2018-03-30,3145.0,2.610114192495927,strict_gakutto_next_open,2
5975,2019-07-23,2019-07-24,1749.0,2019-07-26,1696.53,-3.0000000000000027,stop_-3%,2
5976,2018-05-28,2018-05-29,1056.0,2018-05-30,1024.32,-3.0000000000000027,stop_-3%,1
5976,2021-11-18,2021-11-19,586.0,2021-11-29,565.0,-3.583617747440271,strict_gakutto_next_open,5
5981,2017-07-24,2017-07-25,1690.0,2017-08-10,1639.3,-3.0000000000000027,stop_-3%,12
5981,2018-04-19,2018-04-20,2318.0,2018-05-02,2315.0,-0.1294219154443499,strict_gakutto_next_open,7
5981,2019-03-15,2019-03-18,971.0,2019-03-20,972.0,0.1029866117404632,strict_gakutto_next_open,2
5981,2021-08-11,2021-08-12,1093.0,2021-08-13,1060.21,-2.9999999999999916,stop_-3%,1
5981,2021-11-12,2021-11-15,874.0,2021-11-15,847.78,-3.0000000000000027,stop_-3%,0
5981,2022-07-11,2022-07-12,939.0,2022-07-25,925.0,-1.4909478168264156,strict_gakutto_next_open,8
5981,2022-12-15,2022-12-16,852.0,2022-12-20,826.4399999999999,-3.0000000000000027,stop_-3%,2
5988,2018-03-27,2018-03-28,2761.0,2018-04-04,2700.0,-2.2093444404201357,strict_gakutto_next_open,5
5989,2018-08-27,2018-08-28,1333.0,2018-09-03,1293.01,-3.0000000000000027,stop_-3%,4
5989,2020-08-26,2020-08-27,530.0,2020-09-04,528.0,-0.37735849056603765,strict_gakutto_next_open,6
5989,2020-10-19,2020-10-20,595.0,2020-10-27,588.0,-1.17647058823529,strict_gakutto_next_open,5
5989,2021-04-28,2021-04-30,817.0,2021-04-30,792.49,-3.0000000000000027,stop_-3%,0
5989,2022-12-29,2022-12-30,620.0,2023-01-05,601.4,-3.0000000000000027,stop_-3%,2
5991,2018-07-04,2018-07-05,1038.0,2018-07-27,1119.0,7.803468208092479,max15_next_open,15
5991,2021-12-02,2021-12-03,877.0,2021-12-21,991.0,12.99885974914481,strict_gakutto_next_open,12
5991,2023-08-23,2023-08-24,1112.5,2023-09-11,1130.5,1.6179775280898978,strict_gakutto_next_open,12
5991,2023-12-06,2023-12-07,1124.0,2023-12-18,1090.28,-3.0000000000000027,stop_-3%,7
5991,2024-07-29,2024-07-30,1628.0,2024-08-01,1579.1599999999999,-3.0000000000000138,stop_-3%,2
5991,2024-12-03,2024-12-04,1815.5,2024-12-04,1761.0349999999999,-3.0000000000000027,stop_-3%,0
6005,2020-12-28,2020-12-29,5600.0,2021-01-22,6090.0,8.749999999999991,strict_gakutto_next_open,15
6005,2022-09-27,2022-09-28,2916.0,2022-10-20,3035.0,4.080932784636482,max15_next_open,15
6013,2017-02-10,2017-02-13,1018.0,2017-03-06,1060.0,4.125736738703334,max15_next_open,15
6013,2022-04-13,2022-04-14,1436.0,2022-04-18,1384.0,-3.6211699164345412,strict_gakutto_next_open,2
6013,2022-12-09,2022-12-12,1272.0,2022-12-19,1250.0,-1.7295597484276781,strict_gakutto_next_open,5
6027,2020-01-16,2020-01-17,5610.0,2020-01-17,5441.7,-3.0000000000000027,stop_-3%,0
6036,2018-09-14,2018-09-18,551.5,2018-10-03,597.5,8.340888485947406,strict_gakutto_next_open,10
6036,2019-06-28,2019-07-01,688.0,2019-07-02,667.36,-3.0000000000000027,stop_-3%,1
6036,2022-05-02,2022-05-06,2615.0,2022-05-06,2536.5499999999997,-3.0000000000000138,stop_-3%,0
6036,2023-02-17,2023-02-20,3545.0,2023-03-14,4580.0,29.196050775740478,max15_next_open,15
6036,2023-11-30,2023-12-01,5830.0,2023-12-22,7020.0,20.411663807890214,max15_next_open,15
6050,2016-12-27,2016-12-28,1322.0,2017-01-23,1718.0,29.954614220877463,max15_next_open,15
6050,2018-01-22,2018-01-23,2760.0,2018-01-31,2710.0,-1.8115942028985477,strict_gakutto_next_open,6
6050,2019-05-07,2019-05-08,2146.0,2019-05-09,2081.62,-3.0000000000000027,stop_-3%,1
6050,2019-10-08,2019-10-09,1640.0,2019-10-18,1651.0,0.6707317073170627,strict_gakutto_next_open,6
6050,2024-10-29,2024-10-30,1859.0,2024-10-31,1803.23,-3.0000000000000027,stop_-3%,1
6050,2024-11-13,2024-11-14,1835.0,2024-11-19,1797.0,-2.0708446866484986,strict_gakutto_next_open,3
6055,2018-07-27,2018-07-30,1601.0,2018-07-31,1552.97,-3.0000000000000027,stop_-3%,1
6058,2019-11-21,2019-11-22,969.0,2019-12-10,1066.0,10.010319917440658,strict_gakutto_next_open,12
6058,2021-06-08,2021-06-09,938.0,2021-06-18,942.0,0.4264392324093924,strict_gakutto_next_open,7
6062,2016-12-26,2016-12-27,318.8,2017-01-10,350.3,9.88080301129235,strict_gakutto_next_open,7
6062,2017-02-20,2017-02-21,343.8,2017-02-23,338.1,-1.6579406631762605,strict_gakutto_next_open,2
6062,2017-06-19,2017-06-20,355.0,2017-06-22,348.8,-1.746478873239432,strict_gakutto_next_open,2
6062,2018-11-27,2018-11-28,770.0,2018-12-07,782.0,1.558441558441559,strict_gakutto_next_open,7
6062,2019-11-01,2019-11-05,1159.0,2019-11-05,1124.23,-3.0000000000000027,stop_-3%,0
6062,2026-05-25,2026-05-26,1270.0,2026-06-03,1328.0,4.566929133858277,strict_gakutto_next_open,6
6071,2018-01-10,2018-01-11,1091.0,2018-01-12,1058.27,-3.0000000000000027,stop_-3%,1
6071,2020-12-24,2020-12-25,783.0,2020-12-25,759.51,-3.0000000000000027,stop_-3%,0
6071,2023-08-10,2023-08-14,659.0,2023-08-16,639.23,-3.0000000000000027,stop_-3%,2
6071,2024-01-19,2024-01-22,700.0,2024-02-05,679.0,-3.0000000000000027,stop_-3%,10
6071,2024-04-24,2024-04-25,542.0,2024-05-13,608.0,12.177121771217703,strict_gakutto_next_open,9
6071,2024-07-17,2024-07-18,599.0,2024-08-02,581.03,-3.0000000000000027,stop_-3%,11
6071,2024-11-21,2024-11-22,631.0,2024-12-11,621.0,-1.5847860538827252,strict_gakutto_next_open,13
6071,2025-12-08,2025-12-09,764.0,2025-12-23,785.0,2.7486910994764413,strict_gakutto_next_open,10
6073,2017-08-04,2017-08-07,1980.0,2017-08-10,1962.0,-0.9090909090909038,strict_gakutto_next_open,3
6073,2017-11-24,2017-11-27,1991.0,2017-12-01,1950.0,-2.059266700150675,strict_gakutto_next_open,4
6073,2018-10-19,2018-10-22,2334.0,2018-10-24,2263.98,-3.0000000000000027,stop_-3%,2
6073,2019-06-06,2019-06-07,2146.0,2019-06-20,2195.0,2.2833178005591703,strict_gakutto_next_open,9
6073,2020-11-05,2020-11-06,1590.0,2020-11-16,1582.0,-0.5031446540880502,strict_gakutto_next_open,6
6073,2021-12-07,2021-12-08,1760.0,2021-12-15,1724.0,-2.0454545454545503,strict_gakutto_next_open,5
6078,2018-06-22,2018-06-25,528.5,2018-06-25,512.645,-3.0000000000000027,stop_-3%,0
6078,2022-11-10,2022-11-11,1572.0,2022-11-14,1524.84,-3.0000000000000027,stop_-3%,1
6080,2021-12-21,2021-12-22,5750.0,2021-12-24,5577.5,-3.0000000000000027,stop_-3%,2
6080,2025-05-27,2025-05-28,2744.0,2025-06-18,3020.0,10.05830903790088,max15_next_open,15
6080,2025-07-10,2025-07-11,2968.0,2025-07-16,2878.96,-3.0000000000000027,stop_-3%,3
6088,2017-12-21,2017-12-22,249.3,2018-01-18,354.5,42.198154833533884,max15_next_open,15
6088,2020-06-19,2020-06-22,464.3,2020-06-23,450.371,-3.0000000000000027,stop_-3%,1
6088,2021-02-04,2021-02-05,430.0,2021-02-17,467.3,8.67441860465117,strict_gakutto_next_open,7
6088,2021-10-28,2021-10-29,672.3,2021-11-22,795.0,18.250780901383322,strict_gakutto_next_open,15
6088,2022-09-09,2022-09-12,614.5,2022-09-15,596.0649999999999,-3.0000000000000138,stop_-3%,3
6088,2022-10-04,2022-10-05,617.5,2022-10-05,598.975,-2.9999999999999916,stop_-3%,0
6088,2023-12-14,2023-12-15,649.5,2024-01-09,692.5,6.620477290223259,strict_gakutto_next_open,13
6089,2017-07-10,2017-07-11,993.0,2017-07-19,973.0,-2.0140986908358527,strict_gakutto_next_open,5
6089,2017-08-07,2017-08-08,960.0,2017-08-30,1231.0,28.22916666666666,max15_next_open,15
6089,2017-10-27,2017-10-30,1295.0,2017-11-21,1753.0,35.366795366795365,max15_next_open,15
6089,2018-03-27,2018-03-28,1515.0,2018-03-29,1469.55,-3.0000000000000027,stop_-3%,1
6089,2018-04-09,2018-04-10,1520.0,2018-04-10,1474.3999999999999,-3.0000000000000138,stop_-3%,0
6089,2019-05-08,2019-05-09,1130.0,2019-05-14,966.0,-14.513274336283189,stop_gap,3
6089,2022-02-25,2022-02-28,1270.0,2022-03-02,1231.8999999999999,-3.0000000000000138,stop_-3%,2
6089,2022-09-08,2022-09-09,1358.0,2022-09-21,1405.0,3.4609720176730585,strict_gakutto_next_open,7
6098,2018-11-28,2018-11-29,3014.0,2018-12-07,3035.0,0.6967485069674817,strict_gakutto_next_open,6
6098,2021-05-18,2021-05-19,5100.0,2021-06-02,5492.0,7.686274509803925,strict_gakutto_next_open,10
6098,2025-07-23,2025-07-24,8647.0,2025-08-05,8703.0,0.6476234532207803,strict_gakutto_next_open,8
6099,2017-10-24,2017-10-25,401.0,2017-10-26,387.5,-3.366583541147128,stop_gap,1
6099,2019-01-16,2019-01-17,687.5,2019-01-28,689.5,0.2909090909090972,strict_gakutto_next_open,7
6099,2021-09-30,2021-10-01,1300.0,2021-10-04,1261.0,-3.0000000000000027,stop_-3%,1
6099,2021-10-14,2021-10-15,1236.0,2021-10-19,1211.0,-2.0226537216828433,strict_gakutto_next_open,2
6099,2024-07-29,2024-07-30,919.0,2024-08-01,891.43,-3.0000000000000027,stop_-3%,2
6099,2026-06-05,2026-06-08,691.0,2026-06-19,715.0,3.47322720694645,strict_gakutto_next_open,9
6101,2019-07-23,2019-07-24,946.0,2019-07-26,917.62,-3.0000000000000027,stop_-3%,2
6101,2020-12-24,2020-12-25,1620.0,2020-12-28,1571.3999999999999,-3.0000000000000138,stop_-3%,1
6101,2022-07-08,2022-07-11,1163.0,2022-07-12,1128.11,-3.0000000000000138,stop_-3%,1
6103,2020-12-29,2020-12-30,2895.0,2021-01-04,2808.15,-2.9999999999999916,stop_-3%,1
6103,2022-07-08,2022-07-11,2600.0,2022-07-12,2522.0,-3.0000000000000027,stop_-3%,1
6103,2024-05-20,2024-05-21,3600.0,2024-05-22,3492.0,-3.0000000000000027,stop_-3%,1
6103,2025-02-21,2025-02-25,3305.0,2025-03-04,3315.0,0.302571860816947,strict_gakutto_next_open,5
6104,2020-10-21,2020-10-22,2181.0,2020-10-30,2115.57,-2.9999999999999916,stop_-3%,6
6104,2024-05-22,2024-05-23,3615.0,2024-05-29,3506.5499999999997,-3.0000000000000027,stop_-3%,4
6113,2018-09-14,2018-09-18,1116.0,2018-10-02,1221.0,9.408602150537625,strict_gakutto_next_open,9
6118,2018-09-14,2018-09-18,944.0,2018-10-11,930.0,-1.4830508474576232,max15_next_open,15
6118,2023-08-23,2023-08-24,978.0,2023-09-07,1003.0,2.556237218813906,strict_gakutto_next_open,10
6118,2024-06-14,2024-06-17,875.0,2024-06-17,848.75,-3.0000000000000027,stop_-3%,0
6134,2017-11-20,2017-11-21,2293.0,2017-11-30,2220.0,-3.1836022677714793,strict_gakutto_next_open,6
6134,2021-12-28,2021-12-29,2589.0,2022-01-04,2623.0,1.313248358439556,strict_gakutto_next_open,2
6134,2023-12-15,2023-12-18,2449.5,2023-12-22,2383.0,-2.7148397632169807,strict_gakutto_next_open,4
6134,2024-04-26,2024-04-30,2639.0,2024-05-13,2559.83,-3.0000000000000027,stop_-3%,7
6134,2025-10-20,2025-10-21,2831.5,2025-11-05,2878.0,1.642239095885567,strict_gakutto_next_open,10
6135,2017-06-13,2017-06-14,4630.0,2017-06-23,4491.099999999999,-3.0000000000000138,stop_-3%,7
6135,2020-10-21,2020-10-22,3765.0,2020-10-27,3652.0499999999997,-3.0000000000000027,stop_-3%,3
6135,2023-10-27,2023-10-30,6170.0,2023-11-01,5870.0,-4.862236628849271,stop_gap,2
6135,2024-04-24,2024-04-25,6250.0,2024-05-14,6350.0,1.6000000000000014,strict_gakutto_next_open,10
6136,2021-03-05,2021-03-08,1962.0,2021-03-23,2086.0,6.320081549439349,strict_gakutto_next_open,11
6136,2022-12-09,2022-12-12,1955.0,2022-12-19,1927.0,-1.4322250639386191,strict_gakutto_next_open,5
6140,2017-02-08,2017-02-09,852.0,2017-02-28,915.0,7.3943661971831,strict_gakutto_next_open,13
6141,2019-04-01,2019-04-02,1450.0,2019-04-23,1659.0,14.413793103448281,max15_next_open,15
6141,2019-11-27,2019-11-28,1755.0,2019-12-03,1702.35,-3.0000000000000027,stop_-3%,3
6141,2020-07-06,2020-07-07,1347.0,2020-07-07,1306.59,-3.0000000000000027,stop_-3%,0
6141,2023-07-18,2023-07-19,2480.0,2023-07-27,2405.6,-3.0000000000000027,stop_-3%,6
6141,2026-02-03,2026-02-04,2786.0,2026-02-16,2965.0,6.424982053122763,strict_gakutto_next_open,7
6143,2018-03-12,2018-03-13,1411.0,2018-03-23,1356.0,-3.897944720056701,strict_gakutto_next_open,7
6143,2018-05-14,2018-05-15,1337.0,2018-05-15,1296.8899999999999,-3.0000000000000138,stop_-3%,0
6143,2019-05-31,2019-06-03,910.0,2019-06-03,882.6999999999999,-3.0000000000000027,stop_-3%,0
6143,2019-07-24,2019-07-25,988.0,2019-08-01,958.36,-3.0000000000000027,stop_-3%,5
6143,2022-02-28,2022-03-01,777.0,2022-03-02,753.6899999999999,-3.0000000000000027,stop_-3%,1
6143,2023-08-08,2023-08-09,731.0,2023-08-10,692.0,-5.335157318741446,stop_gap,1
6143,2024-07-30,2024-07-31,734.0,2024-08-02,711.98,-3.0000000000000027,stop_-3%,2
6146,2025-06-09,2025-06-10,33350.0,2025-07-01,41930.0,25.727136431784103,max15_next_open,15
6151,2021-01-26,2021-01-27,1740.0,2021-02-18,1902.0,9.310344827586214,max15_next_open,15
6151,2025-09-08,2025-09-09,1818.0,2025-09-30,1761.0,-3.1353135313531344,stop_gap,13
6151,2026-06-15,2026-06-16,1617.0,2026-06-30,1710.0,5.75139146567718,strict_gakutto_next_open,10
6167,2018-05-08,2018-05-09,1024.0,2018-05-11,991.0,-3.22265625,stop_gap,2
6167,2018-07-10,2018-07-11,843.0,2018-08-02,905.0,7.354685646500592,strict_gakutto_next_open,15
6167,2021-04-27,2021-04-28,664.0,2021-05-12,673.0,1.3554216867469826,strict_gakutto_next_open,6
6167,2021-06-28,2021-06-29,658.0,2021-06-30,638.26,-3.0000000000000027,stop_-3%,1
6167,2022-06-27,2022-06-28,645.0,2022-07-20,666.0,3.2558139534883734,max15_next_open,15
6167,2022-10-19,2022-10-20,562.0,2022-10-27,563.0,0.1779359430605032,strict_gakutto_next_open,5
6167,2024-04-08,2024-04-09,683.0,2024-04-17,674.0,-1.3177159590043952,strict_gakutto_next_open,6
6178,2017-01-04,2017-01-05,1505.0,2017-01-13,1480.0,-1.661129568106312,strict_gakutto_next_open,5
6178,2024-07-31,2024-08-01,1590.5,2024-08-02,1513.0,-4.872681546683433,stop_gap,1
6178,2025-02-25,2025-02-26,1609.5,2025-02-26,1561.215,-3.0000000000000027,stop_-3%,0
6183,2019-12-17,2019-12-18,1713.0,2019-12-23,1696.0,-0.9924109748978394,strict_gakutto_next_open,3
6183,2020-12-29,2020-12-30,1616.0,2021-01-05,1590.0,-1.6089108910891103,strict_gakutto_next_open,2
6184,2018-08-23,2018-08-24,931.3,2018-09-14,1280.0,37.44228497798776,max15_next_open,15
6184,2019-10-18,2019-10-21,1490.0,2019-10-23,1445.3,-3.0000000000000027,stop_-3%,1
6184,2024-06-13,2024-06-14,474.0,2024-06-14,459.78,-3.0000000000000027,stop_-3%,0
6184,2025-01-20,2025-01-21,533.0,2025-01-30,517.01,-3.0000000000000027,stop_-3%,7
6184,2025-07-28,2025-07-29,550.0,2025-08-20,615.0,11.818181818181817,max15_next_open,15
6191,2017-06-20,2017-06-21,3010.0,2017-06-29,3030.0,0.6644518272425293,strict_gakutto_next_open,6
6191,2019-07-24,2019-07-25,2536.0,2019-08-05,2459.92,-3.0000000000000027,stop_-3%,7
6191,2021-07-06,2021-07-07,2825.0,2021-07-08,2718.0,-3.7876106194690284,stop_gap,1
6191,2024-07-12,2024-07-16,1371.0,2024-07-23,1370.0,-0.07293946024798936,strict_gakutto_next_open,5
6191,2026-07-01,2026-07-02,793.0,2026-07-10,860.0,8.448928121059263,strict_gakutto_next_open,6
6194,2019-01-31,2019-02-01,1100.0,2019-02-08,1075.5,-2.227272727272722,strict_gakutto_next_open,5
6194,2020-10-23,2020-10-26,1361.5,2020-10-27,1307.5,-3.966213734851265,stop_gap,1
6196,2023-10-10,2023-10-11,1145.0,2023-10-12,1110.6499999999999,-3.0000000000000138,stop_-3%,1
6200,2025-06-25,2025-06-26,1014.0,2025-06-26,983.5799999999999,-3.0000000000000027,stop_-3%,0
6200,2025-10-21,2025-10-22,933.0,2025-10-28,905.01,-3.0000000000000027,stop_-3%,4
6209,2024-06-14,2024-06-17,2652.0,2024-07-03,2806.0,5.806938159879338,strict_gakutto_next_open,12
6222,2017-08-28,2017-08-29,5430.0,2017-09-05,5267.099999999999,-3.0000000000000138,stop_-3%,5
6222,2018-05-31,2018-06-01,6180.0,2018-06-06,6120.0,-0.9708737864077666,strict_gakutto_next_open,3
6222,2019-03-22,2019-03-25,3505.0,2019-03-29,3399.85,-3.0000000000000027,stop_-3%,4
6222,2024-03-08,2024-03-11,1359.0,2024-03-12,1318.23,-3.0000000000000027,stop_-3%,1
6222,2024-12-26,2024-12-27,1026.0,2025-01-08,995.22,-3.0000000000000027,stop_-3%,4
6222,2026-07-02,2026-07-03,884.0,2026-07-21,880.0,-0.4524886877828038,strict_gakutto_next_open,11
6222,2026-07-27,2026-07-28,899.0,2026-07-28,872.03,-3.0000000000000027,stop_-3%,0
6235,2025-10-20,2025-10-21,1722.0,2025-10-23,1670.34,-3.0000000000000027,stop_-3%,2
6237,2017-01-25,2017-01-26,929.7,2017-02-01,901.809,-3.0000000000000027,stop_-3%,4
6237,2017-12-20,2017-12-21,1061.7,2017-12-28,1050.0,-1.1020062164453281,strict_gakutto_next_open,5
6237,2020-08-07,2020-08-11,965.0,2020-08-20,936.05,-3.0000000000000027,stop_-3%,7
6237,2025-09-08,2025-09-09,2483.0,2025-09-25,2646.0,6.564639548932738,strict_gakutto_next_open,10
6238,2021-10-28,2021-10-29,1644.0,2021-11-04,1639.0,-0.30413625304136493,strict_gakutto_next_open,3
6238,2022-12-08,2022-12-09,1182.0,2022-12-16,1161.0,-1.7766497461928932,strict_gakutto_next_open,5
6238,2024-01-23,2024-01-24,1322.0,2024-01-31,1330.0,0.605143721633894,strict_gakutto_next_open,5
6238,2024-11-19,2024-11-20,1100.0,2024-11-27,1067.0,-3.0000000000000027,stop_-3%,5
6240,2017-06-19,2017-06-20,459.2,2017-06-23,445.424,-3.0000000000000027,stop_-3%,3
6240,2020-12-25,2020-12-28,1105.0,2021-01-08,1110.0,0.4524886877828038,strict_gakutto_next_open,7
6240,2021-03-10,2021-03-11,874.0,2021-03-22,873.0,-0.11441647597254523,strict_gakutto_next_open,7
6240,2021-04-26,2021-04-27,845.0,2021-05-07,824.0,-2.485207100591713,strict_gakutto_next_open,4
6240,2021-08-04,2021-08-05,645.0,2021-08-17,625.65,-3.0000000000000027,stop_-3%,7
6240,2025-01-17,2025-01-20,614.0,2025-02-03,634.0,3.2573289902280145,strict_gakutto_next_open,10
6247,2018-01-04,2018-01-05,1215.0,2018-01-19,1194.0,-1.7283950617283939,strict_gakutto_next_open,9
6247,2019-08-30,2019-09-02,797.0,2019-09-25,901.0,13.048933500627346,max15_next_open,15
6247,2021-02-04,2021-02-05,860.0,2021-02-15,834.1999999999999,-3.0000000000000027,stop_-3%,5
6250,2021-02-02,2021-02-03,1325.0,2021-02-15,1220.0,-7.924528301886791,stop_gap,7
6254,2017-08-07,2017-08-08,253.8,2017-08-09,246.186,-3.0000000000000027,stop_-3%,1
6254,2018-03-01,2018-03-02,287.5,2018-03-05,278.875,-3.0000000000000027,stop_-3%,1
6254,2021-07-29,2021-07-30,1071.3,2021-08-12,1130.0,5.4793241855689345,strict_gakutto_next_open,8
6254,2022-09-09,2022-09-12,925.0,2022-09-16,897.25,-3.0000000000000027,stop_-3%,4
6254,2025-07-11,2025-07-14,2417.0,2025-07-15,2344.49,-3.0000000000000138,stop_-3%,1
6258,2018-04-10,2018-04-11,3196.7,2018-04-16,3100.7989999999995,-3.0000000000000138,stop_-3%,3
6258,2018-10-02,2018-10-03,2926.7,2018-10-05,2838.899,-3.0000000000000027,stop_-3%,2
6258,2021-12-24,2021-12-27,2060.0,2022-01-14,2146.7,4.208737864077672,strict_gakutto_next_open,11
6258,2022-12-29,2022-12-30,1826.7,2023-01-04,1771.899,-3.0000000000000138,stop_-3%,1
6258,2023-12-15,2023-12-18,2000.0,2023-12-25,2010.0,0.49999999999998934,strict_gakutto_next_open,5
6258,2025-02-10,2025-02-12,1820.0,2025-02-14,1765.3999999999999,-3.0000000000000027,stop_-3%,2
6264,2020-10-20,2020-10-21,471.5,2020-10-22,466.0,-1.166489925768821,strict_gakutto_next_open,1
6264,2021-02-22,2021-02-24,652.0,2021-02-24,632.4399999999999,-3.0000000000000138,stop_-3%,0
6266,2018-06-22,2018-06-25,1616.0,2018-06-26,1558.0,-3.5891089108910923,stop_gap,1
6266,2021-07-26,2021-07-27,1745.0,2021-08-10,1630.0,-6.590257879656159,stop_gap,9
6266,2024-07-08,2024-07-09,3635.0,2024-07-11,3525.95,-3.0000000000000027,stop_-3%,2
6268,2017-04-03,2017-04-04,3045.0,2017-04-13,2953.65,-2.9999999999999916,stop_-3%,7
6268,2017-11-21,2017-11-22,4550.0,2017-11-28,4413.5,-3.0000000000000027,stop_-3%,3
6268,2018-07-24,2018-07-25,3395.0,2018-08-01,3200.0,-5.743740795287189,stop_gap,5
6268,2019-07-22,2019-07-23,2951.0,2019-07-30,2995.0,1.491019993222631,strict_gakutto_next_open,5
6268,2024-06-04,2024-06-05,2601.5,2024-06-11,2621.0,0.7495675571785432,strict_gakutto_next_open,4
6269,2017-01-19,2017-01-20,1978.0,2017-01-30,1960.0,-0.9100101112234582,strict_gakutto_next_open,6
6269,2017-10-20,2017-10-23,2661.0,2017-10-23,2581.17,-3.0000000000000027,stop_-3%,0
6269,2018-06-13,2018-06-14,2940.0,2018-06-18,2880.0,-2.0408163265306145,strict_gakutto_next_open,2
6269,2020-01-22,2020-01-23,2600.0,2020-01-28,2500.0,-3.8461538461538436,stop_gap,3
6269,2022-04-14,2022-04-15,1265.0,2022-04-19,1255.0,-0.7905138339920903,strict_gakutto_next_open,2
6272,2018-03-08,2018-03-09,2349.0,2018-03-12,2278.5299999999997,-3.0000000000000138,stop_-3%,1
6272,2021-11-25,2021-11-26,1396.0,2021-11-26,1354.12,-3.0000000000000027,stop_-3%,0
6272,2022-11-22,2022-11-24,1155.0,2022-12-05,1120.35,-3.0000000000000027,stop_-3%,7
6272,2023-07-21,2023-07-24,1418.0,2023-08-02,1402.0,-1.128349788434413,strict_gakutto_next_open,7
6273,2017-04-19,2017-04-20,30790.0,2017-05-16,33600.0,9.126339720688526,max15_next_open,15
6273,2017-08-17,2017-08-18,35640.0,2017-09-05,37280.0,4.601571268237925,strict_gakutto_next_open,12
6273,2021-03-05,2021-03-08,63620.0,2021-03-08,61711.4,-3.0000000000000027,stop_-3%,0
6273,2025-06-26,2025-06-27,51160.0,2025-07-07,49625.2,-3.0000000000000027,stop_-3%,6
6277,2022-09-08,2022-09-09,2628.0,2022-09-15,2549.16,-3.0000000000000027,stop_-3%,4
6277,2024-06-14,2024-06-17,4060.0,2024-06-17,3938.2,-3.0000000000000027,stop_-3%,0
6277,2024-07-31,2024-08-01,4055.0,2024-08-01,3933.35,-3.0000000000000027,stop_-3%,0
6278,2017-03-28,2017-03-29,3670.0,2017-03-30,3559.9,-3.0000000000000027,stop_-3%,1
6278,2018-09-14,2018-09-18,3825.0,2018-10-09,4070.0,6.405228758169934,strict_gakutto_next_open,13
6278,2018-10-19,2018-10-22,3980.0,2018-10-24,3860.6,-3.0000000000000027,stop_-3%,2
6278,2022-05-30,2022-05-31,3640.0,2022-06-13,3585.0,-1.5109890109890056,strict_gakutto_next_open,9
6278,2024-02-13,2024-02-14,3355.0,2024-02-15,3245.0,-3.2786885245901676,stop_gap,1
6278,2026-03-25,2026-03-26,14950.0,2026-03-26,14501.5,-3.0000000000000027,stop_-3%,0
6279,2019-01-25,2019-01-28,630.8,2019-01-30,611.876,-2.9999999999999916,stop_-3%,2
6279,2019-07-11,2019-07-12,868.8,2019-07-22,842.5,-3.027163904235719,stop_gap,4
6279,2023-09-13,2023-09-14,1360.0,2023-09-21,1319.2,-2.9999999999999916,stop_-3%,4
6279,2024-07-12,2024-07-16,1085.0,2024-07-18,1052.45,-2.9999999999999916,stop_-3%,2
6279,2024-11-12,2024-11-13,1304.0,2024-11-15,1264.8799999999999,-3.0000000000000138,stop_-3%,2
6279,2025-07-23,2025-07-24,972.0,2025-08-05,974.0,0.2057613168724215,strict_gakutto_next_open,8
6282,2018-03-27,2018-03-28,2235.0,2018-04-09,2254.0,0.8501118568232657,strict_gakutto_next_open,8
6282,2019-08-20,2019-08-21,1526.0,2019-08-23,1513.0,-0.8519003931848013,strict_gakutto_next_open,2
6284,2017-04-20,2017-04-21,2644.0,2017-05-17,3325.0,25.756429652042367,max15_next_open,15
6284,2019-12-30,2020-01-06,4695.0,2020-01-08,4515.0,-3.833865814696491,stop_gap,2
6284,2020-04-28,2020-04-30,3095.0,2020-04-30,3002.15,-2.9999999999999916,stop_-3%,0
6284,2021-04-28,2021-04-30,5230.0,2021-04-30,5073.099999999999,-3.0000000000000138,stop_-3%,0
6284,2022-11-08,2022-11-09,3810.0,2022-12-01,4200.0,10.236220472440948,max15_next_open,15
6284,2025-01-17,2025-01-20,5180.0,2025-02-10,5390.0,4.054054054054057,max15_next_open,15
6284,2026-02-04,2026-02-05,6480.0,2026-03-02,9110.0,40.58641975308641,max15_next_open,15
6287,2017-06-01,2017-06-02,2601.0,2017-06-15,2649.0,1.8454440599769306,strict_gakutto_next_open,9
6287,2018-02-19,2018-02-20,3500.0,2018-03-05,3485.0,-0.4285714285714337,strict_gakutto_next_open,9
6287,2025-05-22,2025-05-23,2025.0,2025-06-13,2005.0,-0.987654320987652,max15_next_open,15
6287,2026-05-07,2026-05-08,2121.0,2026-05-27,2170.0,2.310231023102305,strict_gakutto_next_open,13
6289,2019-03-15,2019-03-18,3400.0,2019-03-25,3298.0,-3.0000000000000027,stop_-3%,4
6289,2019-08-13,2019-08-14,3165.0,2019-08-15,3060.0,-3.3175355450236976,stop_gap,1
6289,2020-11-05,2020-11-06,3890.0,2020-11-30,4200.0,7.969151670951158,max15_next_open,15
6289,2021-12-07,2021-12-08,4395.0,2021-12-13,4263.15,-3.0000000000000138,stop_-3%,3
6289,2022-07-20,2022-07-21,3150.0,2022-08-09,3380.0,7.301587301587298,strict_gakutto_next_open,13
6289,2023-09-27,2023-09-28,2039.0,2023-10-03,1986.0,-2.5993133889161357,strict_gakutto_next_open,3
6289,2024-03-08,2024-03-11,2010.0,2024-03-18,2017.0,0.34825870646766344,strict_gakutto_next_open,5
6289,2026-06-29,2026-06-30,1791.0,2026-07-21,1860.0,3.8525963149078635,strict_gakutto_next_open,14
6294,2017-02-10,2017-02-13,1127.0,2017-02-23,1163.0,3.1943212067435667,strict_gakutto_next_open,8
6294,2017-07-03,2017-07-04,1385.0,2017-07-12,1343.45,-2.9999999999999916,stop_-3%,6
6294,2017-08-04,2017-08-07,1418.0,2017-08-29,1752.0,23.554301833568413,max15_next_open,15
6294,2018-02-01,2018-02-02,2134.0,2018-02-05,2067.0,-3.139643861293351,stop_gap,1
6294,2018-09-19,2018-09-20,1806.0,2018-10-09,1751.82,-3.0000000000000027,stop_-3%,11
6294,2019-07-22,2019-07-23,1293.0,2019-07-30,1282.0,-0.8507347254447017,strict_gakutto_next_open,5
6294,2020-11-20,2020-11-24,1015.0,2020-11-25,984.55,-3.0000000000000027,stop_-3%,1
6294,2023-08-29,2023-08-30,2215.0,2023-09-07,2174.0,-1.8510158013544054,strict_gakutto_next_open,6
6294,2023-09-22,2023-09-25,2075.0,2023-09-27,2050.0,-1.2048192771084376,strict_gakutto_next_open,2
6294,2024-03-18,2024-03-19,2880.0,2024-04-10,3060.0,6.25,max15_next_open,15
6294,2024-10-29,2024-10-30,2072.0,2024-11-15,1932.0,-6.756756756756754,stop_gap,11
6298,2017-03-16,2017-03-17,655.0,2017-03-23,635.35,-2.9999999999999916,stop_-3%,3
6298,2017-09-12,2017-09-13,579.5,2017-09-22,562.115,-3.0000000000000027,stop_-3%,6
6298,2017-10-17,2017-10-18,565.0,2017-10-19,548.05,-3.0000000000000027,stop_-3%,1
6298,2020-11-05,2020-11-06,324.5,2020-11-30,422.0,30.046224961479197,max15_next_open,15
6298,2024-06-03,2024-06-04,1180.0,2024-06-12,1199.0,1.610169491525415,strict_gakutto_next_open,6
6298,2024-10-30,2024-10-31,1114.0,2024-11-01,1079.5,-3.096947935368044,stop_gap,1
6298,2024-12-23,2024-12-24,918.0,2025-01-15,937.0,2.0697167755991286,strict_gakutto_next_open,11
6301,2017-04-21,2017-04-24,2804.5,2017-05-09,2832.0,0.9805669459796773,strict_gakutto_next_open,8
6301,2017-05-25,2017-05-26,2725.5,2017-05-30,2644.5,-2.971931755641166,strict_gakutto_next_open,2
6301,2023-04-12,2023-04-13,3240.0,2023-05-09,3345.0,3.240740740740744,max15_next_open,15
6301,2023-12-15,2023-12-18,3580.0,2024-01-12,3928.0,9.720670391061459,max15_next_open,15
6301,2025-03-11,2025-03-12,4390.0,2025-03-14,4327.0,-1.435079726651478,strict_gakutto_next_open,2
6302,2023-12-20,2023-12-21,3557.0,2024-01-17,3601.0,1.2369974697779007,max15_next_open,15
6302,2024-05-31,2024-06-03,4291.0,2024-06-05,4150.0,-3.285947331624328,strict_gakutto_next_open,2
6305,2024-04-24,2024-04-25,4590.0,2024-04-25,4452.3,-2.9999999999999916,stop_-3%,0
6306,2019-09-13,2019-09-17,664.0,2019-10-01,644.0799999999999,-3.0000000000000138,stop_-3%,9
6306,2020-06-29,2020-06-30,651.0,2020-07-01,631.47,-2.9999999999999916,stop_-3%,1
6306,2021-12-07,2021-12-08,630.0,2021-12-15,620.0,-1.5873015873015928,strict_gakutto_next_open,5
6309,2017-12-19,2017-12-20,705.0,2017-12-27,704.7,-0.04255319148935843,strict_gakutto_next_open,5
6309,2022-02-01,2022-02-02,747.0,2022-02-02,724.59,-2.9999999999999916,stop_-3%,0
6309,2024-05-31,2024-06-03,1446.7,2024-06-24,1521.7,5.184212345337658,max15_next_open,15
6309,2025-02-27,2025-02-28,1225.0,2025-03-24,1383.3,12.922448979591827,max15_next_open,15
6309,2025-05-12,2025-05-13,1413.0,2025-05-14,1370.61,-3.0000000000000027,stop_-3%,1
6310,2017-01-04,2017-01-05,2310.0,2017-01-16,2270.0,-1.7316017316017285,strict_gakutto_next_open,6
6310,2017-05-22,2017-05-23,2340.0,2017-05-30,2269.7999999999997,-3.0000000000000138,stop_-3%,5
6310,2019-06-21,2019-06-24,1519.0,2019-07-11,1553.0,2.2383146807109844,strict_gakutto_next_open,13
6310,2019-08-30,2019-09-02,1353.0,2019-09-24,1498.0,10.716925351071694,strict_gakutto_next_open,14
6310,2020-11-05,2020-11-06,1421.0,2020-11-16,1429.0,0.5629838142153343,strict_gakutto_next_open,6
6310,2022-10-04,2022-10-05,1235.0,2022-10-11,1196.0,-3.157894736842104,stop_gap,3
6315,2017-02-09,2017-02-10,580.0,2017-03-03,618.3,6.603448275862056,max15_next_open,15
6315,2020-12-25,2020-12-28,655.0,2021-01-21,753.3,15.007633587786252,max15_next_open,15
6323,2017-08-07,2017-08-08,246.8,2017-08-09,239.39600000000002,-3.0000000000000027,stop_-3%,1
6323,2023-04-11,2023-04-12,975.0,2023-04-13,945.75,-3.0000000000000027,stop_-3%,1
6323,2024-06-11,2024-06-12,3050.0,2024-06-19,3065.0,0.4918032786885185,strict_gakutto_next_open,5
6324,2017-03-21,2017-03-22,3440.0,2017-04-03,3620.0,5.232558139534893,strict_gakutto_next_open,8
6324,2020-06-24,2020-06-25,5960.0,2020-07-01,5781.2,-3.0000000000000027,stop_-3%,4
6324,2020-08-05,2020-08-06,6280.0,2020-08-11,5790.0,-7.802547770700641,stop_gap,2
6324,2020-09-08,2020-09-09,5640.0,2020-09-28,6340.0,12.411347517730498,strict_gakutto_next_open,11
6326,2022-08-12,2022-08-15,2222.0,2022-08-24,2195.5,-1.1926192619261977,strict_gakutto_next_open,7
6326,2023-12-15,2023-12-18,2080.0,2024-01-12,2216.0,6.538461538461537,max15_next_open,15
6326,2025-03-07,2025-03-10,1934.5,2025-03-12,1872.5,-3.204962522615662,stop_gap,2
6326,2025-11-21,2025-11-25,2165.0,2025-12-08,2260.0,4.387990762124705,strict_gakutto_next_open,9
6328,2018-06-26,2018-06-27,578.8,2018-07-02,561.4359999999999,-3.0000000000000027,stop_-3%,3
6328,2020-08-28,2020-08-31,715.3,2020-09-02,712.0,-0.4613448902558326,strict_gakutto_next_open,2
6328,2021-04-19,2021-04-20,1238.8,2021-04-28,1211.3,-2.219890216338394,strict_gakutto_next_open,6
6328,2024-04-08,2024-04-09,1780.0,2024-04-16,1726.6,-3.0000000000000027,stop_-3%,5
6328,2025-03-05,2025-03-06,2002.5,2025-03-11,1942.425,-3.0000000000000027,stop_-3%,3
6328,2025-10-20,2025-10-21,2215.0,2025-10-29,2148.5499999999997,-3.0000000000000138,stop_-3%,6
6330,2019-11-27,2019-11-28,708.0,2019-12-16,720.0,1.6949152542372836,strict_gakutto_next_open,12
6330,2021-06-24,2021-06-25,731.0,2021-06-30,709.0699999999999,-3.0000000000000138,stop_-3%,3
6330,2022-06-24,2022-06-27,640.0,2022-07-01,612.0,-4.374999999999996,stop_gap,4
6330,2024-04-30,2024-05-01,931.0,2024-05-09,896.0,-3.759398496240607,stop_gap,4
6331,2017-01-04,2017-01-05,746.7,2017-01-13,733.3,-1.7945627427347066,strict_gakutto_next_open,5
6331,2019-04-25,2019-04-26,516.7,2019-05-08,501.199,-3.0000000000000027,stop_-3%,2
6331,2019-12-09,2019-12-10,642.0,2019-12-23,649.3,1.1370716510903378,strict_gakutto_next_open,9
6331,2021-05-06,2021-05-07,946.3,2021-05-11,917.911,-3.0000000000000027,stop_-3%,2
6331,2023-05-22,2023-05-23,813.3,2023-06-01,790.0,-2.864871511127498,strict_gakutto_next_open,7
6331,2026-01-07,2026-01-08,3355.0,2026-01-09,3254.35,-3.0000000000000027,stop_-3%,1
6332,2017-03-28,2017-03-29,1238.0,2017-03-31,1200.86,-3.0000000000000027,stop_-3%,2
6332,2022-10-04,2022-10-05,912.0,2022-10-27,978.0,7.236842105263164,max15_next_open,15
6332,2023-04-12,2023-04-13,1087.0,2023-04-27,1077.0,-0.9199632014719406,strict_gakutto_next_open,10
6332,2024-04-09,2024-04-10,1412.0,2024-04-17,1402.0,-0.7082152974504208,strict_gakutto_next_open,5
6333,2018-06-26,2018-06-27,1321.0,2018-07-03,1281.37,-3.0000000000000138,stop_-3%,4
6333,2020-06-19,2020-06-22,1207.0,2020-07-01,1255.0,3.976801988401002,strict_gakutto_next_open,7
6333,2020-09-14,2020-09-15,1126.0,2020-09-24,1119.0,-0.6216696269982225,strict_gakutto_next_open,5
6333,2021-05-18,2021-05-19,1303.0,2021-05-27,1263.9099999999999,-3.0000000000000138,stop_-3%,6
6333,2023-08-10,2023-08-14,2654.0,2023-08-14,2574.38,-2.9999999999999916,stop_-3%,0
6333,2024-04-10,2024-04-11,2472.0,2024-04-17,2441.0,-1.2540453074433633,strict_gakutto_next_open,4
6339,2019-08-30,2019-09-02,898.0,2019-09-04,871.06,-3.0000000000000027,stop_-3%,2
6339,2019-12-30,2020-01-06,1049.0,2020-01-06,1017.53,-3.0000000000000027,stop_-3%,0
6339,2023-07-19,2023-07-20,1064.0,2023-07-27,1056.0,-0.7518796992481258,strict_gakutto_next_open,5
6339,2023-10-27,2023-10-30,1050.0,2023-11-08,1001.0,-4.666666666666663,stop_gap,6
6340,2019-03-15,2019-03-18,3245.0,2019-03-29,3290.0,1.3867488443759735,strict_gakutto_next_open,8
6340,2021-12-28,2021-12-29,2929.0,2022-01-07,2911.0,-0.6145442130419898,strict_gakutto_next_open,5
6340,2022-03-01,2022-03-02,2470.0,2022-03-07,2384.0,-3.4817813765182226,strict_gakutto_next_open,3
6340,2022-06-24,2022-06-27,2307.0,2022-07-13,2345.0,1.6471608149111416,strict_gakutto_next_open,12
6345,2017-01-04,2017-01-05,851.0,2017-01-17,825.47,-2.9999999999999916,stop_-3%,7
6345,2019-04-15,2019-04-16,737.0,2019-05-08,714.89,-3.0000000000000027,stop_-3%,10
6345,2019-10-08,2019-10-09,697.0,2019-11-01,688.0,-1.2912482065997155,max15_next_open,15
6345,2020-11-19,2020-11-20,928.0,2020-12-14,940.0,1.2931034482758674,max15_next_open,15
6345,2026-03-30,2026-03-31,1292.0,2026-04-16,1416.0,9.597523219814242,strict_gakutto_next_open,12
6349,2025-07-09,2025-07-10,1520.0,2025-07-30,1436.0,-5.52631578947368,stop_gap,13
6351,2017-11-07,2017-11-08,958.0,2017-11-13,929.26,-3.0000000000000027,stop_-3%,3
6351,2018-04-04,2018-04-05,990.5,2018-04-18,1017.5,2.7258960121151032,strict_gakutto_next_open,9
6351,2019-01-17,2019-01-18,963.5,2019-01-29,956.5,-0.7265179034769087,strict_gakutto_next_open,7
6351,2019-05-15,2019-05-16,987.5,2019-05-23,981.5,-0.6075949367088662,strict_gakutto_next_open,5
6351,2019-06-19,2019-06-20,998.0,2019-06-26,968.06,-3.0000000000000027,stop_-3%,4
6351,2021-02-18,2021-02-19,882.5,2021-02-24,856.025,-3.0000000000000027,stop_-3%,2
6351,2023-04-12,2023-04-13,1045.0,2023-05-09,1199.0,14.73684210526316,max15_next_open,15
6351,2023-07-28,2023-07-31,1314.0,2023-08-21,1394.0,6.0882800608828,strict_gakutto_next_open,14
6351,2023-10-06,2023-10-10,1532.5,2023-10-31,1540.0,0.4893964110929794,max15_next_open,15
6358,2020-10-21,2020-10-22,1190.0,2020-10-30,1203.0,1.092436974789912,strict_gakutto_next_open,5
6358,2023-04-12,2023-04-13,1982.5,2023-05-09,2107.5,6.305170239596469,max15_next_open,15
6358,2024-04-24,2024-04-25,3145.0,2024-04-25,3050.65,-2.9999999999999916,stop_-3%,0
6361,2017-08-22,2017-08-23,674.0,2017-09-11,694.0,2.9673590504450953,strict_gakutto_next_open,13
6361,2020-07-06,2020-07-07,514.8,2020-07-10,499.35599999999994,-3.0000000000000027,stop_-3%,3
6361,2021-12-03,2021-12-06,1290.0,2021-12-15,1276.0,-1.0852713178294615,strict_gakutto_next_open,7
6361,2022-09-08,2022-09-09,1068.0,2022-09-14,1035.96,-2.9999999999999916,stop_-3%,3
6363,2017-03-29,2017-03-30,1110.0,2017-04-04,1087.0,-2.072072072072073,strict_gakutto_next_open,3
6363,2019-02-04,2019-02-05,937.0,2019-02-08,908.89,-3.0000000000000027,stop_-3%,3
6363,2021-08-23,2021-08-24,897.0,2021-09-02,930.0,3.678929765886285,strict_gakutto_next_open,7
6363,2025-10-20,2025-10-21,2120.0,2025-10-29,2085.0,-1.650943396226412,strict_gakutto_next_open,6
6364,2019-10-11,2019-10-15,1245.0,2019-11-07,1300.0,4.417670682730934,strict_gakutto_next_open,15
6364,2020-07-06,2020-07-07,1070.0,2020-07-08,1037.8999999999999,-3.0000000000000138,stop_-3%,1
6364,2021-04-07,2021-04-08,1088.0,2021-04-21,1055.36,-3.0000000000000138,stop_-3%,9
6364,2022-12-09,2022-12-12,1156.0,2022-12-27,1250.0,8.131487889273359,strict_gakutto_next_open,11
6364,2024-10-30,2024-10-31,1884.0,2024-11-05,1827.48,-3.0000000000000027,stop_-3%,2
6367,2020-10-09,2020-10-12,19295.0,2020-10-28,19390.0,0.4923555325213824,strict_gakutto_next_open,12
6367,2021-06-16,2021-06-17,20910.0,2021-06-21,20282.7,-2.9999999999999916,stop_-3%,2
6367,2024-10-30,2024-10-31,18560.0,2024-11-14,18690.0,0.7004310344827624,strict_gakutto_next_open,9
6367,2024-12-26,2024-12-27,18385.0,2025-01-10,18395.0,0.05439216752787246,strict_gakutto_next_open,6
6368,2019-06-05,2019-06-06,845.0,2019-06-18,873.8,3.4082840236686396,strict_gakutto_next_open,8
6368,2020-07-15,2020-07-16,1387.5,2020-07-16,1345.875,-3.0000000000000027,stop_-3%,0
6368,2021-06-22,2021-06-23,1570.0,2021-06-30,1572.5,0.15923566878981443,strict_gakutto_next_open,5
6368,2024-06-12,2024-06-13,8430.0,2024-06-24,8290.0,-1.6607354685646447,strict_gakutto_next_open,7
6368,2024-10-30,2024-10-31,7090.0,2024-11-01,6877.3,-3.0000000000000027,stop_-3%,1
6368,2026-07-15,2026-07-16,15420.0,2026-07-17,14950.0,-3.0479896238651105,stop_gap,1
6369,2016-12-28,2016-12-29,1605.0,2017-01-13,1605.0,0.0,strict_gakutto_next_open,8
6369,2018-08-07,2018-08-08,1985.0,2018-08-09,1925.45,-3.0000000000000027,stop_-3%,1
6369,2021-04-15,2021-04-16,1327.5,2021-04-21,1287.675,-3.0000000000000027,stop_-3%,3
6370,2020-07-06,2020-07-07,3005.0,2020-07-15,3030.0,0.8319467554076532,strict_gakutto_next_open,6
6370,2020-08-05,2020-08-06,2982.0,2020-08-20,3240.0,8.651911468812878,strict_gakutto_next_open,9
6370,2023-05-17,2023-05-18,5780.0,2023-05-31,5760.0,-0.34602076124568004,strict_gakutto_next_open,9
6371,2018-02-20,2018-02-21,1505.0,2018-03-02,1459.85,-3.0000000000000027,stop_-3%,7
6371,2019-04-15,2019-04-16,1345.0,2019-04-25,1351.7,0.4981412639405214,strict_gakutto_next_open,7
6371,2021-11-12,2021-11-15,1068.3,2021-11-16,1036.251,-3.0000000000000027,stop_-3%,1
6371,2026-04-30,2026-05-01,2340.0,2026-05-22,2697.0,15.256410256410247,strict_gakutto_next_open,12
6376,2017-06-16,2017-06-19,1083.0,2017-06-27,1075.0,-0.7386888273314907,strict_gakutto_next_open,6
6376,2020-07-15,2020-07-16,990.0,2020-07-27,955.0,-3.535353535353536,strict_gakutto_next_open,5
6376,2025-01-20,2025-01-21,976.0,2025-02-04,1006.0,3.073770491803285,strict_gakutto_next_open,10
6379,2017-10-13,2017-10-16,957.0,2017-11-07,1108.0,15.778474399164043,max15_next_open,15
6379,2018-03-07,2018-03-08,1000.0,2018-03-08,970.0,-3.0000000000000027,stop_-3%,0
6379,2018-10-30,2018-10-31,1040.0,2018-11-02,1008.8,-3.0000000000000027,stop_-3%,2
6379,2023-08-10,2023-08-14,1430.0,2023-08-14,1387.1,-3.0000000000000027,stop_-3%,0
6379,2024-12-26,2024-12-27,1581.0,2025-01-06,1533.57,-3.0000000000000027,stop_-3%,2
6381,2018-09-11,2018-09-12,1056.0,2018-09-12,1024.32,-3.0000000000000027,stop_-3%,0
6383,2019-03-12,2019-03-13,1806.7,2019-04-04,2143.3,18.630652570985774,max15_next_open,15
6383,2021-08-23,2021-08-24,3203.3,2021-08-31,3170.0,-1.0395529610089604,strict_gakutto_next_open,5
6383,2021-12-28,2021-12-29,3196.7,2022-01-04,3183.3,-0.4191822817280255,strict_gakutto_next_open,2
6383,2023-12-14,2023-12-15,2743.0,2023-12-25,2858.0,4.1924899744804955,strict_gakutto_next_open,6
6383,2025-02-10,2025-02-12,3145.0,2025-03-03,3900.0,24.006359300476944,strict_gakutto_next_open,12
6387,2017-02-10,2017-02-13,1100.0,2017-02-22,1060.0,-3.6363636363636376,stop_gap,7
6387,2022-07-07,2022-07-08,2697.0,2022-07-13,2679.0,-0.6674082313681828,strict_gakutto_next_open,3
6387,2025-09-08,2025-09-09,2950.0,2025-09-29,3530.0,19.661016949152543,strict_gakutto_next_open,12
6390,2017-04-10,2017-04-11,2750.0,2017-04-12,2667.5,-3.0000000000000027,stop_-3%,1
6390,2018-01-29,2018-01-30,3400.0,2018-01-31,3298.0,-3.0000000000000027,stop_-3%,1
6390,2021-01-12,2021-01-13,976.0,2021-01-18,953.0,-2.3565573770491843,strict_gakutto_next_open,3
6390,2021-06-25,2021-06-28,1014.0,2021-06-30,983.5799999999999,-3.0000000000000027,stop_-3%,2
6390,2022-05-18,2022-05-19,764.0,2022-06-09,840.0,9.947643979057585,max15_next_open,15
6390,2024-03-18,2024-03-19,1483.0,2024-03-29,1516.0,2.2252191503708607,strict_gakutto_next_open,7
6390,2024-06-10,2024-06-11,1309.0,2024-06-13,1269.73,-3.0000000000000027,stop_-3%,2
6395,2017-07-31,2017-08-01,1299.0,2017-08-16,1251.0,-3.6951501154734445,stop_gap,10
6395,2025-01-15,2025-01-16,1134.0,2025-02-03,1099.98,-3.0000000000000027,stop_-3%,12
6395,2025-11-14,2025-11-17,1046.0,2025-11-18,1014.62,-3.0000000000000027,stop_-3%,1
6395,2026-07-21,2026-07-22,1265.0,2026-08-13,1430.0,13.043478260869556,max15_next_open,15
6407,2017-01-04,2017-01-05,1384.0,2017-01-27,1569.0,13.367052023121385,max15_next_open,15
6407,2023-07-28,2023-07-31,2215.0,2023-08-02,2148.5499999999997,-3.0000000000000138,stop_-3%,2
6407,2023-08-10,2023-08-14,2084.0,2023-08-15,2021.48,-3.0000000000000027,stop_-3%,1
6412,2023-01-18,2023-01-19,2340.0,2023-02-02,2325.0,-0.6410256410256387,strict_gakutto_next_open,10
6412,2023-03-24,2023-03-27,2560.0,2023-04-06,2555.0,-0.1953125,strict_gakutto_next_open,8
6412,2025-06-11,2025-06-12,2067.0,2025-07-02,2055.0,-0.5805515239477477,strict_gakutto_next_open,14
6413,2018-02-01,2018-02-02,1079.0,2018-02-06,1030.0,-4.54124189063948,stop_gap,2
6413,2019-04-01,2019-04-02,929.5,2019-04-10,910.0,-2.0979020979020935,strict_gakutto_next_open,6
6413,2019-12-26,2019-12-27,969.0,2020-01-06,939.5,-3.0443756449948456,stop_gap,2
6413,2020-02-06,2020-02-07,956.0,2020-02-21,959.0,0.3138075313807498,strict_gakutto_next_open,9
6413,2021-01-22,2021-01-25,688.5,2021-01-25,667.845,-2.9999999999999916,stop_-3%,0
6413,2021-12-17,2021-12-20,1034.5,2022-01-07,1063.0,2.754954084098604,strict_gakutto_next_open,12
6413,2022-09-08,2022-09-09,1219.5,2022-09-16,1200.0,-1.5990159901599021,strict_gakutto_next_open,5
6417,2018-10-11,2018-10-12,851.0,2018-10-25,837.0,-1.6451233842538215,strict_gakutto_next_open,9
6417,2025-11-21,2025-11-25,2644.0,2025-12-04,2618.5,-0.9644478063540074,strict_gakutto_next_open,7
6418,2016-12-26,2016-12-27,1463.0,2017-01-13,1513.0,3.417634996582364,strict_gakutto_next_open,10
6418,2018-11-19,2018-11-20,1061.0,2018-12-05,1093.0,3.016022620169645,strict_gakutto_next_open,10
6418,2019-11-15,2019-11-18,936.0,2019-11-21,907.92,-3.0000000000000027,stop_-3%,3
6418,2020-02-06,2020-02-07,858.0,2020-02-10,832.26,-3.0000000000000027,stop_-3%,1
6418,2021-08-26,2021-08-27,564.0,2021-09-17,606.0,7.446808510638303,max15_next_open,15
6418,2024-04-10,2024-04-11,1300.0,2024-04-26,1335.0,2.6923076923076827,strict_gakutto_next_open,11
6419,2019-08-30,2019-09-02,1896.0,2019-09-04,1839.12,-3.0000000000000027,stop_-3%,2
6419,2026-07-01,2026-07-02,3045.0,2026-07-10,3100.0,1.806239737274229,strict_gakutto_next_open,6
6420,2017-04-10,2017-04-11,1955.0,2017-04-13,1896.35,-3.0000000000000027,stop_-3%,2
6420,2017-09-12,2017-09-13,2050.0,2017-10-05,2070.0,0.9756097560975618,max15_next_open,15
6420,2018-03-27,2018-03-28,2237.5,2018-04-10,2170.375,-3.0000000000000027,stop_-3%,9
6420,2018-10-16,2018-10-17,2715.0,2018-10-23,2633.5499999999997,-3.0000000000000138,stop_-3%,4
6420,2022-09-08,2022-09-09,1795.0,2022-09-22,1787.5,-0.41782729805014407,strict_gakutto_next_open,8
6420,2023-06-28,2023-06-29,2680.0,2023-07-04,2599.6,-3.0000000000000027,stop_-3%,3
6420,2023-10-10,2023-10-11,2425.0,2023-10-12,2390.0,-1.4432989690721598,strict_gakutto_next_open,1
6420,2024-12-13,2024-12-16,2710.0,2024-12-18,2628.7,-3.0000000000000027,stop_-3%,2
6430,2018-11-26,2018-11-27,1584.0,2018-12-10,1624.0,2.5252525252525304,strict_gakutto_next_open,9
6430,2019-02-18,2019-02-19,1498.0,2019-02-22,1453.06,-3.0000000000000027,stop_-3%,3
6430,2020-12-14,2020-12-15,887.0,2020-12-21,860.39,-3.0000000000000027,stop_-3%,4
6430,2024-02-09,2024-02-13,3690.0,2024-02-27,4025.0,9.07859078590787,strict_gakutto_next_open,9
6430,2025-01-20,2025-01-21,2935.0,2025-02-03,2898.0,-1.2606473594548584,strict_gakutto_next_open,9
6432,2023-12-15,2023-12-18,4010.0,2024-01-12,4670.0,16.45885286783042,max15_next_open,15
6432,2023-12-20,2023-12-21,4235.0,2024-01-17,4645.0,9.681227863046038,max15_next_open,15
6436,2020-12-29,2020-12-30,2493.0,2021-01-04,2418.21,-3.0000000000000027,stop_-3%,1
6440,2020-10-21,2020-10-22,451.0,2020-10-28,437.46999999999997,-3.0000000000000027,stop_-3%,4
6440,2020-11-05,2020-11-06,454.0,2020-11-30,580.0,27.753303964757702,max15_next_open,15
6440,2022-07-08,2022-07-11,721.0,2022-07-12,699.37,-3.0000000000000027,stop_-3%,1
6440,2022-09-08,2022-09-09,710.0,2022-09-16,699.0,-1.5492957746478853,strict_gakutto_next_open,5
6440,2023-08-08,2023-08-09,577.0,2023-08-17,577.0,0.0,strict_gakutto_next_open,5
6440,2024-09-12,2024-09-13,402.0,2024-10-01,405.0,0.746268656716409,strict_gakutto_next_open,10
6445,2017-01-04,2017-01-05,839.0,2017-01-17,850.0,1.3110846245530494,strict_gakutto_next_open,7
6445,2018-12-13,2018-12-14,548.0,2018-12-18,523.0,-4.562043795620441,stop_gap,2
6445,2019-02-18,2019-02-19,486.0,2019-03-01,483.0,-0.6172839506172867,strict_gakutto_next_open,8
6445,2020-07-15,2020-07-16,445.0,2020-07-20,431.65,-3.0000000000000027,stop_-3%,2
6445,2021-05-06,2021-05-07,805.0,2021-05-11,780.85,-3.0000000000000027,stop_-3%,2
6445,2023-06-06,2023-06-07,610.0,2023-06-14,606.0,-0.6557377049180357,strict_gakutto_next_open,5
6445,2023-11-24,2023-11-27,691.0,2023-12-08,698.0,1.013024602026058,strict_gakutto_next_open,9
6448,2022-02-02,2022-02-03,2186.0,2022-02-14,2120.42,-2.9999999999999916,stop_-3%,6
6448,2022-05-19,2022-05-20,2256.0,2022-06-10,2440.0,8.15602836879432,max15_next_open,15
6454,2018-11-28,2018-11-29,371.3,2018-12-05,360.161,-3.0000000000000027,stop_-3%,4
6454,2023-10-12,2023-10-13,661.8,2023-10-16,641.9459999999999,-3.0000000000000027,stop_-3%,1
6454,2024-07-29,2024-07-30,925.0,2024-08-02,865.0,-6.486486486486487,stop_gap,3
6454,2025-02-28,2025-03-03,1050.0,2025-03-12,1082.5,3.0952380952380842,strict_gakutto_next_open,7
6454,2026-08-25,2026-08-26,1839.0,2026-09-02,1783.83,-3.0000000000000027,stop_-3%,5
6455,2016-12-28,2016-12-29,1640.0,2017-01-12,1636.0,-0.24390243902439046,strict_gakutto_next_open,7
6455,2017-06-16,2017-06-19,1718.0,2017-07-05,1765.0,2.7357392316647244,strict_gakutto_next_open,12
6455,2019-03-15,2019-03-18,1810.0,2019-03-18,1755.7,-3.0000000000000027,stop_-3%,0
6455,2019-10-07,2019-10-08,1719.0,2019-10-25,1822.0,5.991855730075635,strict_gakutto_next_open,11
6455,2020-10-19,2020-10-20,1981.0,2020-10-20,1921.57,-3.0000000000000027,stop_-3%,0
6457,2024-07-31,2024-08-01,2660.0,2024-08-02,2569.0,-3.421052631578947,stop_gap,1
6458,2017-06-20,2017-06-21,614.7,2017-06-29,610.0,-0.7646006181877385,strict_gakutto_next_open,6
6458,2018-06-26,2018-06-27,665.0,2018-06-28,645.05,-3.0000000000000027,stop_-3%,1
6459,2017-06-16,2017-06-19,1225.0,2017-06-26,1219.0,-0.4897959183673417,strict_gakutto_next_open,5
6459,2020-10-08,2020-10-09,955.0,2020-10-09,926.35,-3.0000000000000027,stop_-3%,0
6459,2021-10-11,2021-10-12,1250.0,2021-11-01,1286.0,2.8799999999999937,strict_gakutto_next_open,14
6459,2023-09-27,2023-09-28,1428.0,2023-09-28,1385.1599999999999,-3.0000000000000138,stop_-3%,0
6459,2024-12-02,2024-12-03,1495.0,2024-12-11,1500.0,0.33444816053511683,strict_gakutto_next_open,6
6459,2026-04-27,2026-04-28,1901.0,2026-05-12,1843.97,-3.0000000000000027,stop_-3%,6
6459,2026-08-24,2026-08-25,1733.0,2026-08-25,1681.01,-3.0000000000000027,stop_-3%,0
6460,2020-02-05,2020-02-06,1538.0,2020-02-27,1566.0,1.820546163849146,strict_gakutto_next_open,13
6460,2025-09-24,2025-09-25,3194.0,2025-09-26,3098.18,-3.0000000000000027,stop_-3%,1
6463,2017-02-10,2017-02-13,1645.0,2017-03-02,1937.5,17.78115501519757,strict_gakutto_next_open,13
6463,2020-08-25,2020-08-26,693.5,2020-09-03,693.5,0.0,strict_gakutto_next_open,6
6463,2022-06-24,2022-06-27,625.0,2022-06-29,606.25,-3.0000000000000027,stop_-3%,2
6463,2023-11-28,2023-11-29,877.5,2023-12-04,854.5,-2.6210826210826266,strict_gakutto_next_open,3
6464,2017-04-07,2017-04-10,1891.0,2017-04-13,1834.27,-3.0000000000000027,stop_-3%,3
6464,2018-02-16,2018-02-19,3035.0,2018-03-01,2943.95,-3.0000000000000027,stop_-3%,8
6464,2022-12-30,2023-01-04,1014.0,2023-01-04,983.5799999999999,-3.0000000000000027,stop_-3%,0
6464,2024-03-07,2024-03-08,780.0,2024-03-11,756.6,-2.9999999999999916,stop_-3%,1
6464,2025-11-10,2025-11-11,397.0,2025-11-12,364.0,-8.312342569269527,stop_gap,1
6464,2025-11-26,2025-11-27,378.0,2025-12-01,371.0,-1.851851851851849,strict_gakutto_next_open,2
6465,2017-02-21,2017-02-22,4445.0,2017-03-01,4475.0,0.6749156355455588,strict_gakutto_next_open,5
6465,2020-07-06,2020-07-07,4725.0,2020-07-08,4583.25,-3.0000000000000027,stop_-3%,1
6465,2020-11-02,2020-11-04,4350.0,2020-11-19,5230.0,20.229885057471275,strict_gakutto_next_open,11
6465,2021-01-27,2021-01-28,4600.0,2021-02-19,4915.0,6.847826086956532,max15_next_open,15
6465,2022-08-31,2022-09-01,4130.0,2022-09-05,4030.0,-2.421307506053272,strict_gakutto_next_open,2
6465,2022-12-26,2022-12-27,4615.0,2023-01-05,4510.0,-2.275189599133265,strict_gakutto_next_open,5
6465,2024-05-31,2024-06-03,5669.0,2024-06-10,5517.0,-2.681248897512789,strict_gakutto_next_open,5
6471,2018-09-14,2018-09-18,1245.0,2018-10-11,1193.0,-4.17670682730924,max15_next_open,15
6473,2017-06-02,2017-06-05,1720.0,2017-06-06,1668.3999999999999,-3.0000000000000027,stop_-3%,1
6473,2024-07-31,2024-08-01,1075.0,2024-08-01,1042.75,-3.0000000000000027,stop_-3%,0
6473,2026-07-27,2026-07-28,2103.5,2026-07-29,2040.395,-3.0000000000000027,stop_-3%,1
6474,2017-06-19,2017-06-20,6050.0,2017-07-07,6170.0,1.983471074380172,strict_gakutto_next_open,13
6474,2018-07-24,2018-07-25,5010.0,2018-08-06,5060.0,0.9980039920159722,strict_gakutto_next_open,8
6474,2019-03-15,2019-03-18,4430.0,2019-03-26,4480.0,1.1286681715575675,strict_gakutto_next_open,5
6474,2022-07-08,2022-07-11,3620.0,2022-07-12,3511.4,-3.0000000000000027,stop_-3%,1
6474,2023-06-06,2023-06-07,3965.0,2023-06-27,4055.0,2.2698612862547263,strict_gakutto_next_open,14
6474,2023-10-27,2023-10-30,3750.0,2023-11-14,3860.0,2.9333333333333433,strict_gakutto_next_open,10
6474,2024-04-12,2024-04-15,3460.0,2024-04-17,3405.0,-1.5895953757225412,strict_gakutto_next_open,2
6479,2017-04-19,2017-04-20,1480.0,2017-05-16,1800.0,21.62162162162162,max15_next_open,15
6479,2020-07-06,2020-07-07,1974.0,2020-07-08,1914.78,-3.0000000000000027,stop_-3%,1
6479,2021-05-18,2021-05-19,2752.0,2021-06-07,3020.0,9.738372093023262,strict_gakutto_next_open,13
6479,2022-06-24,2022-06-27,2388.0,2022-06-30,2316.36,-2.9999999999999916,stop_-3%,3
6479,2022-07-07,2022-07-08,2334.0,2022-07-12,2263.98,-3.0000000000000027,stop_-3%,2
6479,2022-09-08,2022-09-09,2465.0,2022-09-14,2390.0,-3.0425963488843855,stop_gap,3
6479,2025-06-26,2025-06-27,2066.0,2025-07-11,2210.0,6.969990319457886,strict_gakutto_next_open,10
6480,2021-06-25,2021-06-28,615.0,2021-07-19,655.0,6.5040650406503975,max15_next_open,15
6480,2021-09-29,2021-09-30,559.0,2021-10-04,554.0,-0.8944543828264706,strict_gakutto_next_open,2
6480,2022-01-13,2022-01-14,688.0,2022-01-14,667.36,-3.0000000000000027,stop_-3%,0
6480,2023-04-12,2023-04-13,577.0,2023-04-26,577.0,0.0,strict_gakutto_next_open,9
6480,2023-10-27,2023-10-30,549.0,2023-10-31,532.53,-3.0000000000000027,stop_-3%,1
6480,2024-01-04,2024-01-05,584.0,2024-01-15,578.0,-1.0273972602739767,strict_gakutto_next_open,5
6481,2018-05-11,2018-05-14,3980.0,2018-05-14,3860.6,-3.0000000000000027,stop_-3%,0
6481,2020-12-29,2020-12-30,3350.0,2021-01-04,3249.5,-3.0000000000000027,stop_-3%,1
6481,2021-12-24,2021-12-27,2803.0,2022-01-18,2822.0,0.6778451658936868,strict_gakutto_next_open,13
6481,2023-12-15,2023-12-18,2829.5,2023-12-22,2744.615,-3.0000000000000027,stop_-3%,4
6481,2025-02-21,2025-02-25,3756.0,2025-03-11,3668.0,-2.3429179978700754,strict_gakutto_next_open,10
6486,2018-03-27,2018-03-28,1825.0,2018-04-09,1872.0,2.5753424657534163,strict_gakutto_next_open,8
6486,2025-11-21,2025-11-25,2680.0,2025-12-08,2758.0,2.910447761194024,strict_gakutto_next_open,9
6490,2017-11-21,2017-11-22,1638.0,2017-11-30,1591.0,-2.8693528693528703,strict_gakutto_next_open,5
6490,2018-09-18,2018-09-19,1557.0,2018-10-03,1617.0,3.8535645472061564,strict_gakutto_next_open,9
6490,2020-02-06,2020-02-07,1638.0,2020-02-07,1588.86,-3.0000000000000027,stop_-3%,0
6490,2026-06-05,2026-06-08,8920.0,2026-06-10,8652.4,-3.0000000000000027,stop_-3%,2
6498,2017-01-04,2017-01-05,666.0,2017-01-16,666.0,0.0,strict_gakutto_next_open,6
6498,2017-07-11,2017-07-12,1020.0,2017-07-20,999.0,-2.0588235294117685,strict_gakutto_next_open,5
6498,2018-06-04,2018-06-05,1037.0,2018-06-05,1005.89,-3.0000000000000027,stop_-3%,0
6498,2019-02-18,2019-02-19,851.0,2019-02-27,825.47,-2.9999999999999916,stop_-3%,6
6498,2019-06-21,2019-06-24,724.0,2019-07-09,763.0,5.386740331491713,strict_gakutto_next_open,11
6501,2018-06-06,2018-06-07,829.9,2018-06-15,822.1,-0.9398722737679166,strict_gakutto_next_open,6
6501,2020-07-06,2020-07-07,699.4,2020-07-08,678.418,-2.9999999999999916,stop_-3%,1
6503,2018-02-02,2018-02-05,1998.0,2018-02-06,1890.0,-5.405405405405405,stop_gap,1
6503,2020-09-28,2020-09-29,1457.5,2020-10-02,1413.7749999999999,-3.0000000000000138,stop_-3%,2
6503,2022-06-23,2022-06-24,1429.0,2022-07-04,1451.0,1.5395381385584272,strict_gakutto_next_open,6
6503,2022-12-09,2022-12-12,1362.0,2022-12-20,1321.1399999999999,-3.0000000000000138,stop_-3%,6
6503,2024-04-09,2024-04-10,2483.0,2024-04-18,2463.0,-0.805477245267816,strict_gakutto_next_open,6
6503,2024-12-03,2024-12-04,2654.5,2024-12-11,2650.0,-0.16952345074402464,strict_gakutto_next_open,5
6504,2018-09-14,2018-09-18,4500.0,2018-09-28,4585.0,1.8888888888888955,strict_gakutto_next_open,7
6504,2020-10-21,2020-10-22,3295.0,2020-10-28,3185.0,-3.3383915022761723,stop_gap,4
6506,2021-10-28,2021-10-29,4945.0,2021-11-10,5000.0,1.1122345803842304,strict_gakutto_next_open,7
6506,2022-07-19,2022-07-20,4400.0,2022-08-09,4705.0,6.931818181818183,strict_gakutto_next_open,14
6506,2025-11-12,2025-11-13,4247.0,2025-11-14,4088.0,-3.7438191664704523,stop_gap,1
6507,2018-03-27,2018-03-28,1790.0,2018-04-04,1800.0,0.5586592178770999,strict_gakutto_next_open,5
6507,2018-04-11,2018-04-12,1800.0,2018-04-16,1746.0,-3.0000000000000027,stop_-3%,2
6507,2019-03-18,2019-03-19,1328.0,2019-04-01,1369.0,3.0873493975903665,strict_gakutto_next_open,8
6507,2019-07-23,2019-07-24,1264.0,2019-08-02,1223.0,-3.2436708860759444,stop_gap,7
6507,2020-02-06,2020-02-07,1277.0,2020-02-07,1238.69,-2.9999999999999916,stop_-3%,0
6507,2022-06-24,2022-06-27,1386.0,2022-06-30,1344.42,-2.9999999999999916,stop_-3%,3
6507,2024-10-30,2024-10-31,5100.0,2024-11-19,6100.0,19.6078431372549,strict_gakutto_next_open,12
6508,2018-04-10,2018-04-11,2015.0,2018-05-07,2130.0,5.707196029776673,max15_next_open,15
6508,2019-07-23,2019-07-24,1778.0,2019-07-24,1724.6599999999999,-3.0000000000000027,stop_-3%,0
6508,2021-06-03,2021-06-04,2299.0,2021-06-21,2200.0,-4.30622009569378,stop_gap,11
6508,2021-12-07,2021-12-08,2722.0,2021-12-20,2640.34,-2.9999999999999916,stop_-3%,8
6516,2023-12-15,2023-12-18,1983.3,2024-01-12,2126.7,7.230373619724695,max15_next_open,15
6516,2025-01-22,2025-01-23,2856.7,2025-02-14,3170.0,10.967199915986981,max15_next_open,15
6516,2026-02-04,2026-02-05,4285.0,2026-02-27,4900.0,14.352392065344223,strict_gakutto_next_open,14
6517,2017-11-22,2017-11-24,1938.0,2017-12-01,1948.0,0.5159958720330149,strict_gakutto_next_open,5
6517,2020-06-19,2020-06-22,1924.0,2020-06-23,1866.28,-3.0000000000000027,stop_-3%,1
6517,2021-03-03,2021-03-04,2122.0,2021-03-17,2130.0,0.37700282752120007,strict_gakutto_next_open,9
6517,2022-06-27,2022-06-28,1587.0,2022-07-05,1591.0,0.2520478890989386,strict_gakutto_next_open,5
6517,2022-12-28,2022-12-29,1465.0,2023-01-11,1501.0,2.4573378839590543,strict_gakutto_next_open,6
6517,2025-03-21,2025-03-24,2563.0,2025-03-31,2486.11,-2.9999999999999916,stop_-3%,5
6517,2026-07-21,2026-07-22,3600.0,2026-07-29,3635.0,0.9722222222222188,strict_gakutto_next_open,5
6523,2024-07-29,2024-07-30,1132.0,2024-08-01,1098.04,-3.0000000000000027,stop_-3%,2
6523,2025-06-04,2025-06-05,942.0,2025-06-09,918.0,-2.547770700636942,strict_gakutto_next_open,2
6523,2025-07-23,2025-07-24,913.0,2025-08-05,935.0,2.4096385542168752,strict_gakutto_next_open,8
6523,2026-06-29,2026-06-30,1035.0,2026-07-22,1110.0,7.246376811594213,max15_next_open,15
6526,2023-04-11,2023-04-12,1910.0,2023-05-08,2280.0,19.371727748691093,max15_next_open,15
6532,2019-06-07,2019-06-10,379.0,2019-06-10,367.63,-3.0000000000000027,stop_-3%,0
6532,2020-07-08,2020-07-09,924.0,2020-07-13,896.28,-3.0000000000000027,stop_-3%,2
6532,2023-07-13,2023-07-14,5482.0,2023-07-18,4999.0,-8.81065304633345,stop_gap,1
6532,2023-09-28,2023-09-29,4923.0,2023-10-03,4861.0,-1.2593946780418475,strict_gakutto_next_open,2
6532,2025-08-22,2025-08-25,8565.0,2025-08-29,8308.05,-3.0000000000000138,stop_-3%,4
6533,2017-08-08,2017-08-09,708.8,2017-08-10,687.536,-3.0000000000000027,stop_-3%,1
6533,2018-03-28,2018-03-29,1020.0,2018-04-04,989.4,-3.0000000000000027,stop_-3%,4
6533,2022-09-09,2022-09-12,2685.0,2022-09-15,2604.45,-3.0000000000000027,stop_-3%,3
6535,2016-12-06,2016-12-07,319.3,2016-12-12,300.3,-5.950516755402447,stop_gap,3
6535,2018-03-08,2018-03-09,384.0,2018-03-26,372.48,-2.9999999999999916,stop_-3%,10
6535,2018-03-29,2018-03-30,394.0,2018-04-05,382.18,-3.0000000000000027,stop_-3%,4
6535,2018-07-25,2018-07-26,353.3,2018-07-27,336.3,-4.811774695726012,stop_gap,1
6535,2025-08-06,2025-08-07,640.0,2025-08-14,624.0,-2.500000000000002,strict_gakutto_next_open,4
6535,2025-11-21,2025-11-25,574.0,2025-12-02,556.78,-3.0000000000000027,stop_-3%,5
6539,2018-06-15,2018-06-18,1892.5,2018-06-18,1835.725,-3.0000000000000027,stop_-3%,0
6539,2019-06-20,2019-06-21,1605.0,2019-06-24,1556.85,-3.0000000000000027,stop_-3%,1
6539,2020-09-08,2020-09-09,805.0,2020-09-25,824.0,2.360248447204971,strict_gakutto_next_open,10
6539,2021-03-24,2021-03-25,1060.0,2021-04-06,1110.0,4.716981132075482,strict_gakutto_next_open,8
6539,2022-05-02,2022-05-06,825.0,2022-05-10,800.25,-3.0000000000000027,stop_-3%,2
6544,2019-12-20,2019-12-23,702.8,2019-12-30,682.5,-2.8884462151394397,strict_gakutto_next_open,5
6544,2023-12-14,2023-12-15,1138.5,2023-12-26,1131.5,-0.6148440931049604,strict_gakutto_next_open,7
6544,2025-08-29,2025-09-01,1932.5,2025-09-02,1874.5249999999999,-3.0000000000000027,stop_-3%,1
6560,2019-10-07,2019-10-08,1245.0,2019-10-17,1296.0,4.096385542168668,strict_gakutto_next_open,6
6560,2022-04-27,2022-04-28,2842.0,2022-05-09,2756.74,-3.0000000000000027,stop_-3%,3
6564,2019-10-18,2019-10-21,593.8,2019-10-21,575.986,-2.9999999999999916,stop_-3%,0
6564,2025-06-20,2025-06-23,1999.0,2025-07-02,2029.0,1.5007503751875984,strict_gakutto_next_open,7
6571,2019-08-08,2019-08-09,2333.0,2019-08-14,2263.0099999999998,-3.0000000000000138,stop_-3%,2
6571,2019-08-22,2019-08-23,2306.0,2019-08-28,2265.0,-1.777970511708582,strict_gakutto_next_open,3
6571,2019-11-15,2019-11-18,2378.0,2019-11-26,2500.0,5.130361648444071,strict_gakutto_next_open,6
6571,2024-09-19,2024-09-20,1061.0,2024-10-03,1075.0,1.3195098963242113,strict_gakutto_next_open,8
6571,2024-11-20,2024-11-21,1000.0,2024-12-04,1011.0,1.0999999999999899,strict_gakutto_next_open,9
6572,2019-03-15,2019-03-18,1597.5,2019-04-09,1902.5,19.092331768388114,max15_next_open,15
6572,2020-10-14,2020-10-15,835.0,2020-10-15,809.9499999999999,-3.0000000000000027,stop_-3%,0
6572,2022-02-01,2022-02-02,340.0,2022-02-15,346.0,1.764705882352935,strict_gakutto_next_open,8
6572,2022-08-01,2022-08-02,322.0,2022-08-22,312.34,-3.0000000000000027,stop_-3%,13
6572,2022-12-14,2022-12-15,283.0,2022-12-19,277.0,-2.1201413427561877,strict_gakutto_next_open,2
6572,2026-03-27,2026-03-30,220.0,2026-04-10,226.0,2.7272727272727337,strict_gakutto_next_open,9
6584,2018-11-27,2018-11-28,640.0,2018-12-07,631.0,-1.4062499999999978,strict_gakutto_next_open,7
6584,2021-01-19,2021-01-20,925.0,2021-01-27,910.0,-1.6216216216216162,strict_gakutto_next_open,5
6584,2021-04-28,2021-04-30,1186.0,2021-05-11,1150.42,-2.9999999999999916,stop_-3%,4
6584,2021-11-12,2021-11-15,1036.0,2021-11-22,1004.92,-3.0000000000000027,stop_-3%,5
6586,2021-03-19,2021-03-22,4865.0,2021-03-24,4719.05,-2.9999999999999916,stop_-3%,2
6586,2023-10-27,2023-10-30,3687.0,2023-11-09,3809.0,3.3089232438296756,strict_gakutto_next_open,7
6586,2026-06-05,2026-06-08,5375.0,2026-06-15,5578.0,3.776744186046521,strict_gakutto_next_open,5
6588,2018-04-10,2018-04-11,3170.0,2018-04-18,3140.0,-0.9463722397476393,strict_gakutto_next_open,5
6588,2022-11-28,2022-11-29,3760.0,2022-12-01,3735.0,-0.6648936170212782,strict_gakutto_next_open,2
6588,2024-02-16,2024-02-19,3000.0,2024-03-04,3080.0,2.6666666666666616,strict_gakutto_next_open,9
6588,2024-05-24,2024-05-27,3100.0,2024-06-10,3125.0,0.8064516129032251,strict_gakutto_next_open,10
6590,2017-07-10,2017-07-11,223.3,2017-08-01,225.3,0.8956560680698722,strict_gakutto_next_open,14
6590,2018-05-18,2018-05-21,290.0,2018-05-22,281.3,-2.9999999999999916,stop_-3%,1
6590,2021-05-18,2021-05-19,398.0,2021-06-09,524.0,31.658291457286424,max15_next_open,15
6592,2017-01-04,2017-01-05,1557.5,2017-01-06,1482.5,-4.815409309791329,stop_gap,1
6592,2017-01-11,2017-01-12,1532.5,2017-01-13,1486.5249999999999,-3.0000000000000138,stop_-3%,1
6592,2020-05-21,2020-05-22,807.5,2020-06-11,886.3,9.758513931888535,strict_gakutto_next_open,14
6592,2021-04-28,2021-04-30,1155.0,2021-04-30,1120.35,-3.0000000000000027,stop_-3%,0
6592,2023-10-10,2023-10-11,1132.5,2023-10-17,1116.0,-1.4569536423841067,strict_gakutto_next_open,4
6592,2026-06-05,2026-06-08,1536.0,2026-06-11,1508.0,-1.822916666666663,strict_gakutto_next_open,3
6594,2024-12-27,2024-12-30,2870.0,2025-01-16,2880.0,0.34843205574912606,strict_gakutto_next_open,8
6616,2017-09-27,2017-09-28,1740.0,2017-10-20,1705.0,-2.011494252873558,max15_next_open,15
6616,2024-04-24,2024-04-25,1741.0,2024-04-26,1688.77,-3.0000000000000027,stop_-3%,1
6616,2026-04-06,2026-04-07,1692.0,2026-04-24,1909.0,12.825059101654857,strict_gakutto_next_open,13
6617,2022-04-14,2022-04-15,1480.0,2022-05-12,1601.0,8.175675675675675,strict_gakutto_next_open,15
6617,2023-04-13,2023-04-14,2286.0,2023-04-25,2273.0,-0.568678915135612,strict_gakutto_next_open,7
6617,2024-07-29,2024-07-30,1929.0,2024-08-02,1871.1299999999999,-3.0000000000000027,stop_-3%,3
6617,2024-09-19,2024-09-20,1834.0,2024-10-01,1803.0,-1.6902944383860419,strict_gakutto_next_open,6
6617,2025-03-03,2025-03-04,2096.0,2025-03-04,2033.12,-3.0000000000000027,stop_-3%,0
6617,2025-10-20,2025-10-21,3190.0,2025-11-11,3490.0,9.404388714733546,strict_gakutto_next_open,14
6619,2017-10-16,2017-10-17,2231.0,2017-10-24,2220.0,-0.4930524428507388,strict_gakutto_next_open,5
6619,2017-11-08,2017-11-09,2129.0,2017-11-10,1960.0,-7.937999060591827,stop_gap,1
6619,2019-03-29,2019-04-01,1582.0,2019-04-10,1653.0,4.487989886219967,strict_gakutto_next_open,7
6620,2021-08-12,2021-08-13,1028.0,2021-09-03,1521.0,47.95719844357977,strict_gakutto_next_open,15
6620,2024-01-18,2024-01-19,1091.0,2024-01-30,1146.0,5.041246562786439,strict_gakutto_next_open,7
6620,2025-03-18,2025-03-19,1188.0,2025-03-25,1165.0,-1.9360269360269355,strict_gakutto_next_open,3
6622,2018-05-21,2018-05-22,4065.0,2018-05-24,3943.0499999999997,-3.0000000000000027,stop_-3%,2
6622,2018-09-14,2018-09-18,2875.0,2018-09-28,2925.0,1.7391304347825987,strict_gakutto_next_open,7
6622,2019-03-15,2019-03-18,2677.0,2019-03-29,2803.0,4.706761299962636,strict_gakutto_next_open,8
6622,2023-10-27,2023-10-30,4775.0,2023-10-31,4631.75,-3.0000000000000027,stop_-3%,1
6630,2017-04-19,2017-04-20,528.0,2017-05-02,528.0,0.0,strict_gakutto_next_open,8
6630,2021-06-07,2021-06-08,1510.0,2021-06-10,1464.7,-2.9999999999999916,stop_-3%,2
6630,2022-01-14,2022-01-17,917.0,2022-01-19,884.0,-3.598691384950925,stop_gap,2
6630,2023-11-20,2023-11-21,1053.0,2023-12-04,1041.0,-1.139601139601143,strict_gakutto_next_open,8
6630,2025-07-07,2025-07-08,850.0,2025-07-11,845.0,-0.588235294117645,strict_gakutto_next_open,3
6632,2017-08-30,2017-08-31,299.0,2017-09-04,290.03,-3.0000000000000138,stop_-3%,2
6638,2019-04-17,2019-04-18,663.0,2019-04-18,643.11,-3.0000000000000027,stop_-3%,0
6638,2019-07-23,2019-07-24,630.0,2019-07-26,611.0,-3.0158730158730163,stop_gap,2
6638,2020-06-19,2020-06-22,386.0,2020-06-24,386.0,0.0,strict_gakutto_next_open,2
6638,2021-05-06,2021-05-07,674.0,2021-05-13,653.78,-3.0000000000000027,stop_-3%,4
6638,2021-05-20,2021-05-21,658.0,2021-06-09,700.0,6.382978723404253,strict_gakutto_next_open,13
6638,2024-01-15,2024-01-16,903.0,2024-01-17,875.91,-3.0000000000000027,stop_-3%,1
6644,2016-11-10,2016-11-11,974.0,2016-11-11,944.78,-3.0000000000000027,stop_-3%,0
6644,2018-10-22,2018-10-23,807.0,2018-10-25,782.79,-3.0000000000000027,stop_-3%,2
6644,2023-01-12,2023-01-13,528.0,2023-01-20,529.0,0.18939393939394478,strict_gakutto_next_open,5
6644,2024-03-06,2024-03-07,672.0,2024-03-14,662.0,-1.4880952380952328,strict_gakutto_next_open,5
6644,2026-01-28,2026-01-29,1240.0,2026-02-20,1799.0,45.080645161290334,max15_next_open,15
6645,2018-09-14,2018-09-18,4715.0,2018-09-28,4905.0,4.0296924708377535,strict_gakutto_next_open,7
6645,2023-04-13,2023-04-14,7625.0,2023-04-27,7772.0,1.9278688524590137,strict_gakutto_next_open,9
6645,2023-06-30,2023-07-03,8918.0,2023-07-06,8650.46,-3.0000000000000138,stop_-3%,3
6645,2023-10-12,2023-10-13,6480.0,2023-10-16,6285.599999999999,-3.0000000000000138,stop_-3%,1
6645,2023-10-27,2023-10-30,5518.0,2023-10-30,5352.46,-3.0000000000000027,stop_-3%,0
6645,2024-04-01,2024-04-02,5590.0,2024-04-03,5422.3,-2.9999999999999916,stop_-3%,1
6645,2026-07-27,2026-07-28,5521.0,2026-07-28,5355.37,-3.0000000000000027,stop_-3%,0
6651,2017-01-19,2017-01-20,1616.0,2017-01-24,1567.52,-3.0000000000000027,stop_-3%,2
6651,2018-11-27,2018-11-28,1874.0,2018-12-05,1830.0,-2.347918890074707,strict_gakutto_next_open,5
6651,2020-10-21,2020-10-22,2020.0,2020-10-26,1959.3999999999999,-3.0000000000000027,stop_-3%,2
6651,2020-11-02,2020-11-04,2065.0,2020-11-04,2003.05,-3.0000000000000027,stop_-3%,0
6651,2021-03-05,2021-03-08,2059.0,2021-03-23,2136.0,3.7396794560466295,strict_gakutto_next_open,11
6652,2020-08-25,2020-08-26,1751.0,2020-09-02,1754.0,0.17133066818959541,strict_gakutto_next_open,5
6652,2022-02-16,2022-02-17,2380.0,2022-02-22,2308.6,-3.0000000000000027,stop_-3%,3
6652,2023-09-27,2023-09-28,3040.0,2023-10-02,2970.0,-2.3026315789473673,strict_gakutto_next_open,2
6653,2021-06-16,2021-06-17,1710.0,2021-06-17,1658.7,-3.0000000000000027,stop_-3%,0
6653,2022-04-14,2022-04-15,1215.0,2022-04-15,1178.55,-3.0000000000000027,stop_-3%,0
6653,2022-09-28,2022-09-29,1029.0,2022-10-12,998.0,-3.0126336248785246,strict_gakutto_next_open,8
6653,2023-06-06,2023-06-07,1004.0,2023-06-26,1021.0,1.6932270916334646,strict_gakutto_next_open,13
6653,2026-07-27,2026-07-28,2202.0,2026-07-28,2135.94,-3.0000000000000027,stop_-3%,0
6674,2021-04-26,2021-04-27,2984.0,2021-05-10,3010.0,0.8713136729222581,strict_gakutto_next_open,5
6674,2021-05-18,2021-05-19,2903.0,2021-06-07,3095.0,6.613847743713408,strict_gakutto_next_open,13
6674,2025-07-23,2025-07-24,2782.0,2025-07-31,2745.0,-1.329978432782175,strict_gakutto_next_open,5
6701,2021-12-21,2021-12-22,1060.0,2022-01-11,1050.0,-0.9433962264150941,strict_gakutto_next_open,11
6701,2022-11-11,2022-11-14,968.0,2022-12-01,981.0,1.342975206611574,strict_gakutto_next_open,12
6702,2020-05-22,2020-05-25,1063.5,2020-06-09,1148.5,7.992477668077114,strict_gakutto_next_open,11
6702,2021-12-07,2021-12-08,1990.0,2021-12-17,1930.3,-3.0000000000000027,stop_-3%,7
6703,2017-04-07,2017-04-10,1615.0,2017-04-13,1582.0,-2.043343653250773,strict_gakutto_next_open,3
6703,2018-10-16,2018-10-17,1468.0,2018-10-22,1423.96,-3.0000000000000027,stop_-3%,3
6703,2020-04-27,2020-04-28,1005.0,2020-05-18,1043.0,3.7810945273631935,strict_gakutto_next_open,10
6703,2022-09-30,2022-10-03,713.0,2022-10-13,710.0,-0.42075736325385416,strict_gakutto_next_open,7
6703,2026-02-03,2026-02-04,2096.0,2026-02-05,2033.12,-3.0000000000000027,stop_-3%,1
6706,2017-10-26,2017-10-27,2905.0,2017-11-06,2868.0,-1.2736660929432042,strict_gakutto_next_open,5
6706,2020-07-06,2020-07-07,2602.0,2020-07-08,2523.94,-3.0000000000000027,stop_-3%,1
6706,2020-07-15,2020-07-16,2536.0,2020-07-20,2459.92,-3.0000000000000027,stop_-3%,2
6706,2022-02-02,2022-02-03,2350.0,2022-02-08,2312.0,-1.6170212765957426,strict_gakutto_next_open,3
6706,2022-07-05,2022-07-06,2413.0,2022-07-19,2463.0,2.072109407376699,strict_gakutto_next_open,8
6706,2023-07-03,2023-07-04,2284.0,2023-07-13,2292.0,0.3502626970227629,strict_gakutto_next_open,7
6706,2024-01-04,2024-01-05,2272.0,2024-01-17,2345.0,3.213028169014076,strict_gakutto_next_open,7
6706,2026-03-30,2026-03-31,2977.0,2026-04-21,3300.0,10.849848841115218,max15_next_open,15
6707,2017-06-20,2017-06-21,2380.0,2017-06-26,2300.0,-3.361344537815125,stop_gap,3
6707,2017-12-08,2017-12-11,3355.0,2017-12-18,3400.0,1.3412816691505292,strict_gakutto_next_open,5
6707,2021-04-28,2021-04-30,5290.0,2021-04-30,5131.3,-2.9999999999999916,stop_-3%,0
6707,2021-06-28,2021-06-29,5270.0,2021-06-29,5111.9,-3.0000000000000027,stop_-3%,0
6707,2021-12-03,2021-12-06,5950.0,2021-12-21,5910.0,-0.6722689075630228,strict_gakutto_next_open,11
6718,2019-03-15,2019-03-18,1719.0,2019-03-29,1736.0,0.9889470622454821,strict_gakutto_next_open,8
6718,2020-10-27,2020-10-28,1479.0,2020-11-05,1472.0,-0.47329276538201626,strict_gakutto_next_open,5
6718,2022-02-28,2022-03-01,2158.0,2022-03-02,2093.2599999999998,-3.0000000000000138,stop_-3%,1
6723,2018-07-19,2018-07-20,1064.0,2018-07-23,1032.08,-3.0000000000000027,stop_-3%,1
6723,2019-11-15,2019-11-18,749.0,2019-11-19,726.53,-3.0000000000000027,stop_-3%,1
6723,2023-04-13,2023-04-14,1854.0,2023-04-24,1818.0,-1.9417475728155331,strict_gakutto_next_open,6
6723,2023-05-02,2023-05-08,1836.0,2023-05-29,2305.0,25.54466230936818,max15_next_open,15
6724,2017-06-15,2017-06-16,2400.0,2017-07-07,2533.0,5.541666666666667,max15_next_open,15
6724,2020-02-03,2020-02-04,1677.0,2020-02-13,1696.0,1.1329755515802065,strict_gakutto_next_open,6
6724,2025-02-25,2025-02-26,2509.5,2025-03-10,2473.0,-1.454473002590162,strict_gakutto_next_open,8
6724,2025-06-09,2025-06-10,1900.0,2025-06-13,1843.0,-3.0000000000000027,stop_-3%,3
6727,2017-10-26,2017-10-27,550.0,2017-11-16,632.0,14.909090909090917,strict_gakutto_next_open,13
6727,2019-06-10,2019-06-11,345.0,2019-06-17,334.65,-3.0000000000000027,stop_-3%,4
6727,2021-04-19,2021-04-20,743.0,2021-04-21,720.71,-2.9999999999999916,stop_-3%,1
6727,2021-12-28,2021-12-29,938.0,2021-12-30,909.86,-3.0000000000000027,stop_-3%,1
6727,2024-09-19,2024-09-20,666.0,2024-10-04,687.0,3.153153153153143,strict_gakutto_next_open,9
6728,2023-03-17,2023-03-20,5310.0,2023-04-11,5530.0,4.143126177024481,max15_next_open,15
6728,2023-07-13,2023-07-14,6050.0,2023-07-26,6053.0,0.04958677685951152,strict_gakutto_next_open,7
6728,2023-09-25,2023-09-26,5573.0,2023-09-27,5405.8099999999995,-3.0000000000000138,stop_-3%,1
6737,2024-05-24,2024-05-27,2450.0,2024-06-05,2405.0,-1.8367346938775508,strict_gakutto_next_open,7
6740,2017-07-19,2017-07-20,202.0,2017-07-28,195.94,-3.0000000000000027,stop_-3%,6
6740,2017-09-12,2017-09-13,197.0,2017-09-13,191.09,-3.0000000000000027,stop_-3%,0
6741,2020-07-06,2020-07-07,1139.0,2020-07-09,1104.83,-3.0000000000000027,stop_-3%,2
6741,2021-04-07,2021-04-08,990.0,2021-04-19,960.3,-3.0000000000000027,stop_-3%,7
6742,2017-06-20,2017-06-21,543.0,2017-06-29,545.0,0.36832412523020164,strict_gakutto_next_open,6
6742,2019-03-22,2019-03-25,374.0,2019-03-25,362.78,-3.0000000000000027,stop_-3%,0
6742,2019-08-19,2019-08-20,353.0,2019-08-22,342.40999999999997,-3.0000000000000138,stop_-3%,2
6742,2019-08-30,2019-09-02,342.0,2019-09-25,387.0,13.157894736842103,max15_next_open,15
6742,2019-10-08,2019-10-09,373.0,2019-11-01,502.0,34.584450402144775,max15_next_open,15
6742,2021-01-21,2021-01-22,414.0,2021-02-15,442.0,6.763285024154597,max15_next_open,15
6742,2022-06-21,2022-06-22,433.0,2022-07-04,433.0,0.0,strict_gakutto_next_open,8
6742,2023-12-27,2023-12-28,468.0,2024-01-11,470.0,0.42735042735042583,strict_gakutto_next_open,6
6744,2018-01-19,2018-01-22,2070.0,2018-02-01,2032.0,-1.8357487922705307,strict_gakutto_next_open,8
6744,2020-08-11,2020-08-12,2056.0,2020-08-20,2072.0,0.7782101167315147,strict_gakutto_next_open,6
6744,2024-02-16,2024-02-19,2283.0,2024-02-21,2214.5099999999998,-3.0000000000000138,stop_-3%,2
6744,2024-11-29,2024-12-02,2921.0,2024-12-23,3345.0,14.515576857240674,max15_next_open,15
6744,2025-02-25,2025-02-26,3040.0,2025-03-10,3115.0,2.4671052631578982,strict_gakutto_next_open,8
6745,2018-06-22,2018-06-25,750.0,2018-06-25,727.5,-3.0000000000000027,stop_-3%,0
6745,2018-09-14,2018-09-18,531.0,2018-09-18,515.0699999999999,-3.0000000000000138,stop_-3%,0
6745,2021-06-23,2021-06-24,399.3,2021-07-01,391.3,-2.0035061357375428,strict_gakutto_next_open,5
6750,2017-07-11,2017-07-12,1138.0,2017-07-28,1172.5,3.03163444639718,strict_gakutto_next_open,11
6750,2019-03-22,2019-03-25,1680.0,2019-04-15,1865.0,11.011904761904766,max15_next_open,15
6750,2021-05-10,2021-05-11,2334.0,2021-05-11,2263.98,-3.0000000000000027,stop_-3%,0
6750,2021-10-28,2021-10-29,1767.0,2021-11-08,1755.0,-0.6791171477079749,strict_gakutto_next_open,5
6750,2022-06-17,2022-06-20,1535.0,2022-06-29,1490.0,-2.931596091205213,strict_gakutto_next_open,7
6750,2026-05-07,2026-05-08,1614.0,2026-05-18,1608.0,-0.371747211895912,strict_gakutto_next_open,6
6752,2024-04-24,2024-04-25,1367.0,2024-04-25,1325.99,-3.0000000000000027,stop_-3%,0
6752,2025-05-23,2025-05-26,1616.0,2025-05-27,1567.52,-3.0000000000000027,stop_-3%,1
6753,2020-10-21,2020-10-22,1272.0,2020-10-29,1222.0,-3.9308176100628978,strict_gakutto_next_open,5
6753,2021-09-28,2021-09-29,1424.0,2021-10-01,1381.28,-3.0000000000000027,stop_-3%,2
6753,2021-12-21,2021-12-22,1276.0,2022-01-12,1336.0,4.702194357366762,strict_gakutto_next_open,12
6753,2023-09-27,2023-09-28,925.7,2023-10-04,896.2,-3.1867775737279946,strict_gakutto_next_open,4
6753,2024-04-18,2024-04-19,801.0,2024-04-26,815.5,1.8102372034956238,strict_gakutto_next_open,5
6753,2025-01-23,2025-01-24,930.3,2025-02-17,999.0,7.384714608190901,max15_next_open,15
6754,2018-07-03,2018-07-04,1498.0,2018-07-04,1453.06,-3.0000000000000027,stop_-3%,0
6754,2018-10-17,2018-10-18,1850.0,2018-10-19,1783.0,-3.621621621621618,stop_gap,1
6754,2019-07-19,2019-07-22,1860.0,2019-08-02,1952.0,4.946236559139794,strict_gakutto_next_open,9
6754,2020-10-29,2020-10-30,2377.0,2020-10-30,2305.69,-3.0000000000000027,stop_-3%,0
6754,2022-06-24,2022-06-27,1508.0,2022-06-30,1462.76,-3.0000000000000027,stop_-3%,3
6754,2025-09-10,2025-09-11,1726.5,2025-10-01,1876.0,8.659136982334203,strict_gakutto_next_open,12
6758,2024-04-24,2024-04-25,2570.0,2024-05-08,2476.0,-3.6575875486381304,strict_gakutto_next_open,6
6762,2019-08-30,2019-09-02,560.7,2019-09-25,639.3,14.018191546281411,max15_next_open,15
6762,2024-04-26,2024-04-30,1389.4,2024-05-23,1513.8,8.953505110119476,max15_next_open,15
6762,2024-10-24,2024-10-25,1850.5,2024-11-01,1762.5,-4.755471494190755,stop_gap,5
6763,2018-09-14,2018-09-18,1253.0,2018-09-28,1281.0,2.2346368715083775,strict_gakutto_next_open,7
6768,2021-04-16,2021-04-19,539.0,2021-04-21,522.83,-2.9999999999999916,stop_-3%,2
6768,2022-04-19,2022-04-20,587.0,2022-04-20,569.39,-3.0000000000000027,stop_-3%,0
6768,2024-02-05,2024-02-06,538.0,2024-02-27,564.0,4.832713754646845,strict_gakutto_next_open,13
6770,2017-06-02,2017-06-05,3265.0,2017-06-06,3167.0499999999997,-3.0000000000000138,stop_-3%,1
6770,2017-08-16,2017-08-17,3050.0,2017-08-24,3015.0,-1.1475409836065542,strict_gakutto_next_open,5
6770,2022-09-08,2022-09-09,1249.0,2022-09-16,1220.0,-2.3218574859887875,strict_gakutto_next_open,5
6770,2024-07-31,2024-08-01,1490.0,2024-08-01,1445.3,-3.0000000000000027,stop_-3%,0
6779,2018-09-14,2018-09-18,490.0,2018-10-10,505.0,3.0612244897959107,strict_gakutto_next_open,14
6779,2025-12-18,2025-12-19,950.0,2026-01-05,1024.0,7.789473684210524,strict_gakutto_next_open,8
6785,2017-04-19,2017-04-20,627.0,2017-05-16,700.0,11.642743221690587,max15_next_open,15
6785,2020-06-19,2020-06-22,775.0,2020-06-25,751.75,-3.0000000000000027,stop_-3%,3
6785,2023-10-30,2023-10-31,1152.0,2023-11-09,1148.0,-0.347222222222221,strict_gakutto_next_open,6
6785,2024-07-09,2024-07-10,1428.0,2024-07-25,1450.0,1.540616246498594,strict_gakutto_next_open,10
6785,2024-12-26,2024-12-27,1779.0,2025-01-14,1825.0,2.5857223159078124,strict_gakutto_next_open,7
6787,2017-10-23,2017-10-24,2041.0,2017-10-24,1979.77,-3.0000000000000027,stop_-3%,0
6787,2023-02-16,2023-02-17,2826.0,2023-02-20,2741.22,-3.0000000000000027,stop_-3%,1
6787,2024-02-05,2024-02-06,4220.0,2024-02-20,4480.0,6.161137440758302,strict_gakutto_next_open,9
6788,2017-04-03,2017-04-04,3910.0,2017-04-04,3792.7,-3.0000000000000027,stop_-3%,0
6788,2018-09-13,2018-09-14,5640.0,2018-09-28,5900.0,4.6099290780141855,strict_gakutto_next_open,8
6788,2019-04-23,2019-04-24,5740.0,2019-04-26,5567.8,-2.9999999999999916,stop_-3%,2
6788,2019-09-05,2019-09-06,4525.0,2019-09-30,4600.0,1.6574585635359185,strict_gakutto_next_open,14
6788,2023-10-10,2023-10-11,3025.0,2023-10-18,2964.0,-2.0165289256198315,strict_gakutto_next_open,5
6788,2024-04-24,2024-04-25,3585.0,2024-04-26,3477.45,-3.0000000000000027,stop_-3%,1
6788,2025-05-23,2025-05-26,4175.0,2025-05-26,4049.75,-3.0000000000000027,stop_-3%,0
6794,2019-08-30,2019-09-02,1747.0,2019-09-25,1861.0,6.525472238122498,max15_next_open,15
6794,2022-09-09,2022-09-12,773.0,2022-09-21,776.0,0.38809831824062613,strict_gakutto_next_open,6
6798,2018-09-19,2018-09-20,3250.0,2018-09-20,3152.5,-3.0000000000000027,stop_-3%,0
6798,2019-07-23,2019-07-24,2805.0,2019-07-29,2720.85,-3.0000000000000027,stop_-3%,3
6798,2021-07-14,2021-07-15,2536.0,2021-07-19,2459.92,-3.0000000000000027,stop_-3%,2
6798,2021-07-29,2021-07-30,2500.0,2021-08-05,2438.0,-2.4800000000000044,strict_gakutto_next_open,4
6800,2017-08-15,2017-08-16,1405.0,2017-08-25,1455.0,3.558718861209975,strict_gakutto_next_open,7
6800,2019-07-22,2019-07-23,2220.0,2019-08-05,2153.4,-2.9999999999999916,stop_-3%,9
6800,2019-12-12,2019-12-13,3270.0,2019-12-24,3250.0,-0.6116207951070374,strict_gakutto_next_open,7
6800,2020-10-21,2020-10-22,2602.0,2020-10-23,2523.94,-3.0000000000000027,stop_-3%,1
6800,2025-01-22,2025-01-23,1731.0,2025-01-27,1679.07,-3.0000000000000027,stop_-3%,2
6804,2020-07-06,2020-07-07,930.0,2020-07-13,920.0,-1.0752688172043001,strict_gakutto_next_open,4
6804,2021-04-13,2021-04-14,1132.0,2021-04-21,1088.0,-3.886925795053009,strict_gakutto_next_open,5
6804,2021-05-10,2021-05-11,1077.0,2021-05-11,1044.69,-2.9999999999999916,stop_-3%,0
6804,2024-05-21,2024-05-22,1943.0,2024-05-24,1884.71,-3.0000000000000027,stop_-3%,2
6804,2025-02-07,2025-02-10,2187.0,2025-02-19,2131.0,-2.5605852766346637,strict_gakutto_next_open,6
6804,2025-03-17,2025-03-18,2080.0,2025-03-31,2020.0,-2.8846153846153855,strict_gakutto_next_open,8
6806,2021-03-04,2021-03-05,16400.0,2021-03-12,16370.0,-0.18292682926829285,strict_gakutto_next_open,5
6806,2023-08-10,2023-08-14,17240.0,2023-09-04,17945.0,4.089327146171695,max15_next_open,15
6806,2025-03-07,2025-03-10,17795.0,2025-03-10,17261.149999999998,-3.0000000000000138,stop_-3%,0
6807,2019-07-23,2019-07-24,1572.0,2019-07-26,1524.84,-3.0000000000000027,stop_-3%,2
6807,2021-07-14,2021-07-15,1855.0,2021-07-19,1799.35,-3.0000000000000027,stop_-3%,2
6807,2022-06-24,2022-06-27,2087.0,2022-07-01,2024.3899999999999,-3.0000000000000027,stop_-3%,4
6807,2023-10-12,2023-10-13,2966.0,2023-10-16,2877.02,-3.0000000000000027,stop_-3%,1
6807,2025-07-31,2025-08-01,2425.0,2025-08-25,2510.0,3.5051546391752675,max15_next_open,15
6809,2019-09-04,2019-09-05,1211.0,2019-09-30,1227.0,1.3212221304706784,max15_next_open,15
6809,2021-05-07,2021-05-10,890.0,2021-05-18,916.0,2.921348314606731,strict_gakutto_next_open,6
6809,2022-10-04,2022-10-05,792.0,2022-10-11,768.24,-3.0000000000000027,stop_-3%,3
6809,2024-02-16,2024-02-19,1111.0,2024-03-01,1121.0,0.900090009000909,strict_gakutto_next_open,8
6810,2017-09-28,2017-09-29,2520.0,2017-10-06,2494.0,-1.031746031746028,strict_gakutto_next_open,5
6810,2018-06-22,2018-06-25,1799.0,2018-07-04,1736.0,-3.5019455252918275,strict_gakutto_next_open,7
6810,2022-01-04,2022-01-05,1435.0,2022-01-18,1424.0,-0.7665505226480795,strict_gakutto_next_open,8
6810,2022-10-04,2022-10-05,1447.0,2022-10-07,1403.59,-3.0000000000000027,stop_-3%,2
6810,2023-10-12,2023-10-13,1682.0,2023-10-16,1631.54,-3.0000000000000027,stop_-3%,1
6810,2023-10-27,2023-10-30,1662.0,2023-10-30,1612.1399999999999,-3.0000000000000027,stop_-3%,0
6810,2024-02-09,2024-02-13,1610.0,2024-02-14,1561.7,-3.0000000000000027,stop_-3%,1
6810,2024-03-18,2024-03-19,1570.0,2024-03-28,1572.0,0.1273885350318471,strict_gakutto_next_open,6
6814,2018-03-27,2018-03-28,710.0,2018-04-17,843.0,18.73239436619718,strict_gakutto_next_open,14
6814,2019-08-20,2019-08-21,886.0,2019-08-26,851.0,-3.950338600451464,stop_gap,3
6814,2022-05-06,2022-05-09,975.0,2022-05-30,1014.0,4.0000000000000036,max15_next_open,15
6814,2023-10-10,2023-10-11,1387.0,2023-10-12,1343.0,-3.172314347512617,stop_gap,1
6817,2017-12-08,2017-12-11,1951.0,2017-12-15,1877.0,-3.792926704254229,strict_gakutto_next_open,4
6817,2019-02-04,2019-02-05,1240.0,2019-02-08,1202.8,-3.0000000000000027,stop_-3%,3
6817,2019-03-18,2019-03-19,1494.0,2019-03-29,1561.0,4.484605087014715,strict_gakutto_next_open,7
6817,2022-05-30,2022-05-31,827.0,2022-06-13,810.0,-2.055622732769047,strict_gakutto_next_open,9
6817,2023-12-15,2023-12-18,1157.0,2024-01-04,1144.0,-1.1235955056179803,strict_gakutto_next_open,10
6817,2024-07-31,2024-08-01,984.0,2024-08-02,954.48,-3.0000000000000027,stop_-3%,1
6817,2024-10-28,2024-10-29,942.0,2024-11-14,942.0,0.0,strict_gakutto_next_open,11
6820,2017-06-02,2017-06-05,2705.0,2017-06-09,2608.0,-3.585951940850274,stop_gap,4
6820,2018-01-10,2018-01-11,2650.0,2018-01-24,2688.0,1.4339622641509342,strict_gakutto_next_open,9
6820,2018-11-20,2018-11-21,2320.0,2018-11-28,2286.0,-1.4655172413793105,strict_gakutto_next_open,4
6820,2020-08-26,2020-08-27,2724.0,2020-08-31,2691.0,-1.211453744493396,strict_gakutto_next_open,2
6823,2017-01-24,2017-01-25,1598.0,2017-02-03,1560.0,-2.377972465581979,strict_gakutto_next_open,7
6823,2019-07-01,2019-07-02,2115.0,2019-07-19,2094.0,-0.9929078014184411,strict_gakutto_next_open,12
6823,2021-04-28,2021-04-30,2870.0,2021-04-30,2783.9,-2.9999999999999916,stop_-3%,0
6823,2021-11-18,2021-11-19,2310.0,2021-11-26,2240.7,-3.0000000000000027,stop_-3%,4
6823,2022-02-25,2022-02-28,2101.0,2022-03-08,2055.0,-2.1894336030461647,strict_gakutto_next_open,6
6823,2024-04-24,2024-04-25,3035.0,2024-05-10,3080.0,1.4827018121911006,strict_gakutto_next_open,8
6841,2017-04-25,2017-04-26,1685.0,2017-05-19,1877.0,11.394658753709198,strict_gakutto_next_open,14
6841,2018-03-30,2018-04-02,2194.0,2018-04-06,2128.18,-3.0000000000000027,stop_-3%,4
6841,2018-06-27,2018-06-28,1954.0,2018-07-05,1895.3799999999999,-3.0000000000000027,stop_-3%,5
6841,2019-09-05,2019-09-06,1942.0,2019-10-01,1983.0,2.1112255406797065,max15_next_open,15
6841,2021-08-27,2021-08-30,1697.0,2021-09-21,1985.0,16.971125515615793,max15_next_open,15
6841,2024-12-03,2024-12-04,3467.0,2024-12-16,3433.0,-0.9806749351023991,strict_gakutto_next_open,8
6844,2017-12-06,2017-12-07,7780.0,2017-12-28,8940.0,14.910025706940866,max15_next_open,15
6844,2019-11-27,2019-11-28,3675.0,2019-12-12,3755.0,2.176870748299309,strict_gakutto_next_open,10
6844,2021-04-15,2021-04-16,3450.0,2021-04-26,3460.0,0.28985507246377384,strict_gakutto_next_open,6
6845,2021-07-26,2021-07-27,1116.3,2021-07-28,1081.3,-3.135357878706446,stop_gap,1
6845,2022-08-31,2022-09-01,981.3,2022-09-20,990.0,0.8865790278202335,strict_gakutto_next_open,12
6845,2024-04-01,2024-04-02,1068.5,2024-04-03,1036.445,-3.0000000000000027,stop_-3%,1
6845,2026-03-27,2026-03-30,1341.5,2026-04-16,1478.5,10.212448751397684,strict_gakutto_next_open,13
6849,2018-08-02,2018-08-03,1630.0,2018-08-03,1581.1,-3.0000000000000027,stop_-3%,0
6850,2016-11-16,2016-11-17,504.5,2016-12-05,529.0,4.856293359762143,strict_gakutto_next_open,11
6850,2018-06-27,2018-06-28,837.0,2018-07-02,811.89,-3.0000000000000027,stop_-3%,2
6850,2019-04-25,2019-04-26,644.0,2019-05-08,624.68,-3.0000000000000027,stop_-3%,2
6850,2020-08-25,2020-08-26,682.5,2020-09-02,683.0,0.073260073260073,strict_gakutto_next_open,5
6850,2020-12-08,2020-12-09,719.5,2020-12-17,705.0,-2.0152883947185507,strict_gakutto_next_open,6
6850,2021-04-19,2021-04-20,712.5,2021-04-21,691.125,-3.0000000000000027,stop_-3%,1
6850,2022-12-09,2022-12-12,885.0,2022-12-19,861.0,-2.7118644067796627,strict_gakutto_next_open,5
6856,2018-07-19,2018-07-20,7640.0,2018-07-23,7410.8,-3.0000000000000027,stop_-3%,1
6856,2020-10-21,2020-10-22,5420.0,2020-10-27,5257.4,-3.0000000000000027,stop_-3%,3
6856,2022-12-09,2022-12-12,6180.0,2022-12-19,6080.0,-1.6181229773462813,strict_gakutto_next_open,5
6857,2017-05-16,2017-05-17,509.3,2017-05-18,487.5,-4.280384841939922,stop_gap,1
6857,2021-08-26,2021-08-27,2305.0,2021-09-17,2800.0,21.47505422993492,max15_next_open,15
6859,2020-06-19,2020-06-22,1731.0,2020-06-30,1767.0,2.0797227036395194,strict_gakutto_next_open,6
6859,2022-10-18,2022-10-19,1818.0,2022-10-20,1763.46,-3.0000000000000027,stop_-3%,1
6859,2024-07-09,2024-07-10,3135.0,2024-07-11,3040.95,-3.0000000000000027,stop_-3%,1
6859,2025-10-20,2025-10-21,3460.0,2025-10-30,3410.0,-1.4450867052023142,strict_gakutto_next_open,7
6861,2019-07-17,2019-07-18,32555.0,2019-07-29,30945.0,-4.945476885271082,strict_gakutto_next_open,7
6861,2022-09-08,2022-09-09,53770.0,2022-09-14,52156.9,-3.0000000000000027,stop_-3%,3
6861,2025-06-10,2025-06-11,61050.0,2025-06-13,59080.0,-3.2268632268632302,stop_gap,2
6861,2025-06-26,2025-06-27,58380.0,2025-07-01,56628.6,-3.0000000000000027,stop_-3%,2
6866,2017-06-02,2017-06-05,2257.0,2017-06-07,2209.0,-2.126716880815238,strict_gakutto_next_open,2
6866,2018-03-30,2018-04-02,3380.0,2018-04-03,3278.6,-3.0000000000000027,stop_-3%,1
6866,2019-06-25,2019-06-26,3400.0,2019-07-09,3560.0,4.705882352941182,strict_gakutto_next_open,9
6866,2020-01-14,2020-01-15,3845.0,2020-01-16,3729.65,-3.0000000000000027,stop_-3%,1
6866,2021-12-28,2021-12-29,8680.0,2022-01-05,8419.6,-2.9999999999999916,stop_-3%,3
6866,2022-12-09,2022-12-12,6580.0,2022-12-19,6480.0,-1.5197568389057725,strict_gakutto_next_open,5
6866,2025-01-20,2025-01-21,7270.0,2025-02-04,7810.0,7.427785419532329,strict_gakutto_next_open,10
6866,2025-07-16,2025-07-17,5430.0,2025-07-23,5400.0,-0.5524861878453025,strict_gakutto_next_open,3
6869,2020-08-11,2020-08-12,2725.7,2020-08-21,2837.0,4.0833547345636045,strict_gakutto_next_open,7
6869,2021-05-19,2021-05-20,3583.3,2021-06-03,3506.7,-2.1376943041330754,strict_gakutto_next_open,10
6869,2022-08-31,2022-09-01,2817.7,2022-09-02,2733.169,-3.0000000000000027,stop_-3%,1
6869,2023-10-31,2023-11-01,2459.0,2023-11-24,2697.7,9.707198047986987,max15_next_open,15
6869,2024-05-31,2024-06-03,2708.0,2024-06-04,2626.7599999999998,-3.0000000000000138,stop_-3%,1
6869,2026-06-25,2026-06-26,1446.0,2026-07-10,1525.0,5.463347164591981,strict_gakutto_next_open,10
6871,2020-09-16,2020-09-17,1104.0,2020-09-30,1110.0,0.5434782608695565,strict_gakutto_next_open,7
6871,2025-01-06,2025-01-07,4100.0,2025-01-14,3977.0,-3.0000000000000027,stop_-3%,4
6871,2026-03-16,2026-03-17,11430.0,2026-03-17,11087.1,-2.9999999999999916,stop_-3%,0
6902,2018-03-27,2018-03-28,1443.5,2018-04-09,1430.5,-0.9005888465535183,strict_gakutto_next_open,8
6902,2022-09-08,2022-09-09,1860.3,2022-09-16,1825.0,-1.8975434069773645,strict_gakutto_next_open,5
6902,2023-10-27,2023-10-30,2293.5,2023-10-31,2224.695,-2.9999999999999916,stop_-3%,1
6902,2024-10-23,2024-10-24,2108.0,2024-11-15,2313.0,9.72485768500948,max15_next_open,15
6902,2026-05-27,2026-05-28,1889.0,2026-06-02,1832.33,-3.0000000000000027,stop_-3%,3
6905,2017-06-20,2017-06-21,1397.0,2017-06-29,1358.0,-2.791696492483897,strict_gakutto_next_open,6
6905,2021-03-05,2021-03-08,1107.0,2021-03-23,1088.0,-1.7163504968383037,strict_gakutto_next_open,11
6905,2024-07-12,2024-07-16,1282.0,2024-07-22,1243.54,-3.0000000000000027,stop_-3%,4
6905,2025-01-21,2025-01-22,1055.0,2025-01-29,1052.0,-0.28436018957346265,strict_gakutto_next_open,5
6908,2017-02-06,2017-02-07,3225.0,2017-02-28,3455.0,7.131782945736442,max15_next_open,15
6908,2021-04-07,2021-04-08,4975.0,2021-04-27,5020.0,0.9045226130653283,strict_gakutto_next_open,13
6908,2024-04-24,2024-04-25,2918.0,2024-05-15,3050.0,4.523646333104869,strict_gakutto_next_open,11
6908,2026-07-27,2026-07-28,2839.0,2026-07-29,2753.83,-3.0000000000000027,stop_-3%,1
6914,2018-06-21,2018-06-22,3000.0,2018-07-03,2910.0,-3.0000000000000027,stop_-3%,7
6914,2021-02-08,2021-02-09,1930.0,2021-02-15,1872.1,-3.0000000000000027,stop_-3%,3
6914,2022-07-08,2022-07-11,2100.0,2022-07-12,2037.0,-3.0000000000000027,stop_-3%,1
6914,2024-04-25,2024-04-26,1840.0,2024-05-08,1813.0,-1.4673913043478315,strict_gakutto_next_open,5
6920,2018-05-31,2018-06-01,1840.0,2018-06-12,1784.8,-3.0000000000000027,stop_-3%,7
6923,2017-04-21,2017-04-24,3110.0,2017-05-18,3290.0,5.787781350482324,max15_next_open,15
6923,2020-10-21,2020-10-22,3060.0,2020-10-30,2968.2,-3.0000000000000027,stop_-3%,6
6923,2023-06-02,2023-06-05,2918.0,2023-06-21,2900.0,-0.6168608636052064,strict_gakutto_next_open,12
6925,2018-09-14,2018-09-18,1483.0,2018-10-04,1546.0,4.248145650708035,strict_gakutto_next_open,11
6925,2020-06-26,2020-06-29,1339.0,2020-07-20,1354.0,1.1202389843166571,max15_next_open,15
6925,2022-02-02,2022-02-03,1794.0,2022-02-15,1839.0,2.5083612040133874,strict_gakutto_next_open,7
6929,2017-01-05,2017-01-06,2046.0,2017-01-18,2017.0,-1.4173998044965774,strict_gakutto_next_open,7
6929,2019-11-27,2019-11-28,2876.0,2019-11-29,2784.0,-3.198887343532686,stop_gap,1
6929,2020-12-29,2020-12-30,2933.0,2021-01-05,2886.0,-1.6024548244118697,strict_gakutto_next_open,2
6929,2024-02-20,2024-02-21,2583.0,2024-03-06,2604.0,0.8130081300812941,strict_gakutto_next_open,9
6941,2022-12-15,2022-12-16,1765.0,2022-12-20,1712.05,-3.0000000000000027,stop_-3%,2
6947,2017-12-07,2017-12-08,1876.0,2017-12-18,1899.0,1.2260127931769782,strict_gakutto_next_open,6
6947,2018-09-11,2018-09-12,1690.0,2018-10-05,1894.0,12.071005917159772,max15_next_open,15
6947,2020-10-28,2020-10-29,2697.0,2020-10-30,2616.09,-2.9999999999999916,stop_-3%,1
6947,2020-11-27,2020-11-30,2669.0,2020-12-17,2865.0,7.343574372424122,strict_gakutto_next_open,13
6947,2025-03-05,2025-03-06,4750.0,2025-03-07,4607.5,-3.0000000000000027,stop_-3%,1
6947,2025-10-10,2025-10-14,4720.0,2025-10-29,4690.0,-0.6355932203389814,strict_gakutto_next_open,11
6947,2026-07-27,2026-07-28,4685.0,2026-08-05,4745.0,1.2806830309498363,strict_gakutto_next_open,6
6951,2020-07-07,2020-07-08,3055.0,2020-07-17,3065.0,0.3273322422258529,strict_gakutto_next_open,7
6951,2020-11-04,2020-11-05,3455.0,2020-11-19,3695.0,6.9464544138929,strict_gakutto_next_open,10
6951,2023-05-02,2023-05-08,4105.0,2023-05-15,3981.85,-3.0000000000000027,stop_-3%,5
6951,2024-02-15,2024-02-16,6775.0,2024-02-16,6571.75,-3.0000000000000027,stop_-3%,0
6954,2017-04-19,2017-04-20,4491.0,2017-05-02,4446.0,-1.002004008016033,strict_gakutto_next_open,8
6954,2018-04-10,2018-04-11,5322.0,2018-04-23,5250.0,-1.3528748590755368,strict_gakutto_next_open,8
6954,2018-11-26,2018-11-27,3863.0,2018-12-04,3747.1099999999997,-3.0000000000000138,stop_-3%,5
6954,2021-04-28,2021-04-30,5192.0,2021-04-30,5036.24,-3.0000000000000027,stop_-3%,0
6954,2023-12-15,2023-12-18,4117.0,2024-01-04,4080.0,-0.8987126548457569,strict_gakutto_next_open,10
6954,2024-06-12,2024-06-13,4452.0,2024-06-17,4311.0,-3.1671159029649565,stop_gap,2
6954,2025-06-26,2025-06-27,3915.0,2025-07-07,3800.0,-2.937420178799488,strict_gakutto_next_open,6
6958,2019-07-23,2019-07-24,638.0,2019-08-01,620.0,-2.8213166144200663,strict_gakutto_next_open,6
6958,2024-04-10,2024-04-11,596.0,2024-04-17,582.0,-2.348993288590606,strict_gakutto_next_open,4
6958,2024-05-31,2024-06-03,600.0,2024-06-05,582.0,-3.0000000000000027,stop_-3%,2
6958,2025-01-20,2025-01-21,426.0,2025-02-03,461.0,8.21596244131455,strict_gakutto_next_open,9
6961,2017-01-24,2017-01-25,3455.0,2017-01-31,3351.35,-3.0000000000000027,stop_-3%,4
6962,2017-01-20,2017-01-23,363.0,2017-02-01,352.5,-2.892561983471076,strict_gakutto_next_open,7
6962,2024-04-24,2024-04-25,822.0,2024-05-09,828.0,0.7299270072992803,strict_gakutto_next_open,7
6962,2025-10-20,2025-10-21,591.0,2025-10-29,585.0,-1.0152284263959421,strict_gakutto_next_open,6
6963,2021-03-05,2021-03-08,2697.5,2021-03-08,2616.575,-3.0000000000000027,stop_-3%,0
6963,2021-08-24,2021-08-25,2512.5,2021-09-15,2930.0,16.61691542288557,max15_next_open,15
6963,2024-02-02,2024-02-05,2715.5,2024-02-07,2634.035,-3.0000000000000027,stop_-3%,2
6965,2017-08-18,2017-08-21,1707.5,2017-08-24,1670.0,-2.196193265007318,strict_gakutto_next_open,3
6965,2020-05-28,2020-05-29,2347.5,2020-06-08,2377.5,1.2779552715654896,strict_gakutto_next_open,6
6965,2023-03-17,2023-03-20,3395.0,2023-04-06,3425.0,0.8836524300441795,strict_gakutto_next_open,12
6965,2023-12-12,2023-12-13,2829.0,2024-01-09,2897.0,2.403676210675143,strict_gakutto_next_open,15
6965,2025-10-20,2025-10-21,1673.0,2025-10-22,1622.81,-3.0000000000000027,stop_-3%,1
6966,2017-10-10,2017-10-11,465.2,2017-10-13,451.24399999999997,-3.0000000000000027,stop_-3%,2
6966,2025-10-20,2025-10-21,786.0,2025-10-23,762.42,-3.0000000000000027,stop_-3%,2
6971,2020-07-06,2020-07-07,1468.3,2020-07-09,1422.0,-3.1533065449839914,stop_gap,2
6971,2023-10-27,2023-10-30,1832.0,2023-11-21,2001.8,9.268558951965055,max15_next_open,15
6971,2025-07-23,2025-07-24,1678.5,2025-07-31,1790.0,6.642835865355967,strict_gakutto_next_open,5
6976,2017-03-10,2017-03-13,1481.0,2017-03-22,1411.0,-4.726536124240377,stop_gap,6
6976,2019-11-26,2019-11-27,2929.0,2019-12-04,2841.13,-2.9999999999999916,stop_-3%,5
6976,2023-03-22,2023-03-23,4260.0,2023-04-06,4132.2,-3.0000000000000027,stop_-3%,10
6981,2018-05-01,2018-05-02,1583.3,2018-05-25,1793.3,13.263437124992095,max15_next_open,15
6981,2021-03-16,2021-03-17,3049.3,2021-03-24,2958.0,-2.9941298002820416,strict_gakutto_next_open,5
6981,2025-03-07,2025-03-10,2572.0,2025-03-14,2455.5,-4.52954898911353,strict_gakutto_next_open,4
6986,2021-03-05,2021-03-08,979.0,2021-03-24,985.0,0.6128702757916216,strict_gakutto_next_open,12
6986,2024-10-29,2024-10-30,509.0,2024-11-11,509.0,0.0,strict_gakutto_next_open,7
6988,2018-01-04,2018-01-05,2100.0,2018-01-12,2037.0,-3.0000000000000027,stop_-3%,4
6988,2018-09-14,2018-09-18,1630.8,2018-09-28,1691.6,3.728231542801086,strict_gakutto_next_open,7
6988,2022-04-14,2022-04-15,1748.0,2022-04-27,1695.56,-3.0000000000000027,stop_-3%,8
6988,2022-11-04,2022-11-07,1582.0,2022-11-21,1704.0,7.711757269279396,strict_gakutto_next_open,10
6988,2024-04-24,2024-04-25,2838.0,2024-04-30,2611.0,-7.99859055673009,stop_gap,2
6988,2024-06-07,2024-06-10,2448.0,2024-06-28,2555.0,4.370915032679745,strict_gakutto_next_open,14
6988,2024-10-28,2024-10-29,2580.0,2024-10-29,2502.6,-3.0000000000000027,stop_-3%,0
6995,2018-11-27,2018-11-28,2111.0,2018-12-05,2025.0,-4.073898626243489,strict_gakutto_next_open,5
6995,2022-09-08,2022-09-09,1522.0,2022-09-22,1476.34,-3.0000000000000027,stop_-3%,8
6995,2024-07-30,2024-07-31,2044.0,2024-08-01,1982.6799999999998,-3.0000000000000027,stop_-3%,1
6996,2020-01-22,2020-01-23,1077.0,2020-01-27,1044.69,-2.9999999999999916,stop_-3%,2
6996,2026-04-06,2026-04-07,1849.0,2026-04-24,2126.0,14.981070849107624,strict_gakutto_next_open,13
6999,2017-06-02,2017-06-05,1998.0,2017-06-15,2024.0,1.3013013013013053,strict_gakutto_next_open,8
6999,2017-06-21,2017-06-22,2083.0,2017-06-29,2061.0,-1.056168987037931,strict_gakutto_next_open,5
6999,2018-04-13,2018-04-16,2200.0,2018-04-20,2134.0,-3.0000000000000027,stop_-3%,4
6999,2018-06-06,2018-06-07,2340.0,2018-06-28,2745.0,17.307692307692314,max15_next_open,15
6999,2018-11-28,2018-11-29,1541.0,2018-12-05,1494.77,-3.0000000000000027,stop_-3%,4
6999,2020-01-06,2020-01-07,1392.0,2020-01-08,1350.24,-3.0000000000000027,stop_-3%,1
6999,2023-05-18,2023-05-19,1761.0,2023-05-23,1708.1699999999998,-3.0000000000000138,stop_-3%,2
6999,2023-08-23,2023-08-24,1821.0,2023-09-11,1833.0,0.6589785831960571,strict_gakutto_next_open,12
6999,2023-12-27,2023-12-28,1543.0,2024-01-10,1537.0,-0.38885288399221896,strict_gakutto_next_open,5
6999,2024-12-26,2024-12-27,976.0,2025-01-10,965.0,-1.127049180327866,strict_gakutto_next_open,6
6999,2025-01-20,2025-01-21,966.0,2025-01-31,990.0,2.4844720496894457,strict_gakutto_next_open,8
6999,2025-10-06,2025-10-07,1187.0,2025-10-14,1151.3899999999999,-3.0000000000000138,stop_-3%,4
7003,2022-05-06,2022-05-09,361.0,2022-05-09,350.17,-2.9999999999999916,stop_-3%,0
7004,2018-11-28,2018-11-29,393.0,2018-12-05,381.0,-3.053435114503822,stop_gap,4
7004,2019-02-22,2019-02-25,359.0,2019-02-26,348.23,-2.9999999999999916,stop_-3%,1
7004,2019-09-10,2019-09-11,343.0,2019-10-01,352.0,2.6239067055393583,strict_gakutto_next_open,12
7004,2020-12-04,2020-12-07,416.0,2020-12-08,403.52,-3.0000000000000027,stop_-3%,1
7004,2022-07-08,2022-07-11,852.0,2022-07-12,826.4399999999999,-3.0000000000000027,stop_-3%,1
7004,2022-12-15,2022-12-16,853.0,2022-12-20,827.41,-3.0000000000000027,stop_-3%,2
7004,2022-12-28,2022-12-29,825.0,2023-01-05,811.0,-1.6969696969696968,strict_gakutto_next_open,3
7011,2017-01-04,2017-01-05,547.9,2017-01-06,526.0,-3.9970797590801244,stop_gap,1
7011,2023-02-14,2023-02-15,513.6,2023-02-22,501.6,-2.336448598130836,strict_gakutto_next_open,5
7011,2023-07-19,2023-07-20,661.1,2023-08-04,663.9,0.42353653002571434,strict_gakutto_next_open,11
7012,2017-06-02,2017-06-05,662.0,2017-06-06,642.14,-3.0000000000000027,stop_-3%,1
7012,2018-04-13,2018-04-16,688.0,2018-04-18,675.0,-1.8895348837209336,strict_gakutto_next_open,2
7012,2022-02-28,2022-03-01,431.6,2022-03-07,416.0,-3.6144578313253017,stop_gap,4
7012,2022-04-13,2022-04-14,435.8,2022-04-26,460.0,5.55300596603947,strict_gakutto_next_open,8
7013,2019-07-11,2019-07-12,357.7,2019-07-16,346.969,-3.0000000000000027,stop_-3%,1
7013,2019-12-26,2019-12-27,369.1,2020-01-22,404.7,9.645082633432667,strict_gakutto_next_open,13
7013,2022-07-13,2022-07-14,512.9,2022-07-15,497.513,-3.0000000000000027,stop_-3%,1
7013,2024-06-14,2024-06-17,542.9,2024-07-08,798.9,47.15417203904955,max15_next_open,15
7013,2025-07-14,2025-07-15,2190.7,2025-08-06,2477.1,13.07344684347469,max15_next_open,15
7013,2026-07-23,2026-07-24,2939.0,2026-07-27,2850.83,-3.0000000000000027,stop_-3%,1
7033,2023-07-27,2023-07-28,3745.0,2023-08-09,3632.65,-3.0000000000000027,stop_-3%,8
7033,2025-01-22,2025-01-23,1585.0,2025-02-04,1692.0,6.750788643533112,strict_gakutto_next_open,8
7033,2026-07-02,2026-07-03,1334.0,2026-07-13,1352.0,1.3493253373313419,strict_gakutto_next_open,6
7034,2020-08-06,2020-08-07,5140.0,2020-08-11,4985.8,-2.9999999999999916,stop_-3%,1
7034,2022-07-21,2022-07-22,484.0,2022-08-01,484.0,0.0,strict_gakutto_next_open,6
7034,2023-07-04,2023-07-05,516.0,2023-07-10,500.52,-3.0000000000000027,stop_-3%,3
7038,2023-08-10,2023-08-14,1303.0,2023-08-15,1263.9099999999999,-3.0000000000000138,stop_-3%,1
7038,2025-02-07,2025-02-10,785.0,2025-02-14,736.0,-6.242038216560508,stop_gap,3
7059,2019-06-14,2019-06-17,258.9,2019-06-18,251.13299999999998,-3.0000000000000027,stop_-3%,1
7059,2022-09-12,2022-09-13,226.8,2022-09-22,219.996,-3.0000000000000027,stop_-3%,6
7059,2023-12-14,2023-12-15,720.0,2024-01-11,818.5,13.680555555555562,max15_next_open,15
7085,2020-12-24,2020-12-25,751.0,2021-01-05,735.0,-2.130492676431428,strict_gakutto_next_open,5
7085,2022-09-08,2022-09-09,805.0,2022-10-04,830.0,3.105590062111796,max15_next_open,15
7085,2024-05-31,2024-06-03,749.0,2024-06-24,757.0,1.0680907877169465,max15_next_open,15
7095,2024-06-13,2024-06-14,2830.0,2024-06-17,2745.1,-3.0000000000000027,stop_-3%,1
7095,2024-07-31,2024-08-01,3170.0,2024-08-01,3074.9,-3.0000000000000027,stop_-3%,0
7095,2024-09-12,2024-09-13,3350.0,2024-09-13,3249.5,-3.0000000000000027,stop_-3%,0
7102,2017-12-21,2017-12-22,3310.0,2017-12-26,3210.7,-3.0000000000000027,stop_-3%,2
7102,2018-03-09,2018-03-12,3080.0,2018-03-14,2987.6,-3.0000000000000027,stop_-3%,2
7102,2018-06-04,2018-06-05,2810.0,2018-06-05,2725.7,-3.0000000000000027,stop_-3%,0
7102,2020-05-13,2020-05-14,2698.0,2020-06-02,2767.0,2.5574499629354985,strict_gakutto_next_open,13
7102,2022-02-02,2022-02-03,2013.0,2022-02-25,2077.0,3.179334326875316,strict_gakutto_next_open,14
7102,2022-10-04,2022-10-05,2090.0,2022-10-11,2027.3,-3.0000000000000027,stop_-3%,3
7130,2022-12-07,2022-12-08,1450.0,2022-12-20,1406.5,-3.0000000000000027,stop_-3%,8
7130,2026-05-07,2026-05-08,2920.0,2026-05-08,2832.4,-2.9999999999999916,stop_-3%,0
7148,2017-02-09,2017-02-10,1011.0,2017-02-28,1103.0,9.099901088031647,strict_gakutto_next_open,12
7148,2017-12-27,2017-12-28,1395.0,2018-01-24,1590.0,13.978494623655923,max15_next_open,15
7157,2017-02-09,2017-02-10,373.0,2017-02-10,361.81,-3.0000000000000027,stop_-3%,0
7157,2021-11-30,2021-12-01,1132.0,2021-12-01,1098.04,-3.0000000000000027,stop_-3%,0
7157,2023-09-28,2023-09-29,972.0,2023-10-03,942.8399999999999,-3.0000000000000138,stop_-3%,2
7157,2023-10-30,2023-10-31,932.0,2023-11-10,926.0,-0.6437768240343367,strict_gakutto_next_open,7
7157,2024-03-08,2024-03-11,1375.0,2024-03-12,1333.75,-3.0000000000000027,stop_-3%,1
7157,2024-07-31,2024-08-01,1688.0,2024-08-02,1600.0,-5.213270142180093,stop_gap,1
7157,2025-12-12,2025-12-15,1872.0,2025-12-23,1904.0,1.7094017094017033,strict_gakutto_next_open,6
7167,2026-08-05,2026-08-06,1562.0,2026-08-21,1607.5,2.912932138284252,strict_gakutto_next_open,10
7172,2023-10-31,2023-11-01,945.8,2023-11-01,917.4259999999999,-3.0000000000000027,stop_-3%,0
7173,2017-01-04,2017-01-05,525.0,2017-01-17,513.8,-2.1333333333333426,strict_gakutto_next_open,7
7173,2018-03-27,2018-03-28,310.4,2018-04-18,364.1,17.30025773195878,max15_next_open,15
7173,2018-09-19,2018-09-20,305.3,2018-09-28,303.3,-0.6550933508024936,strict_gakutto_next_open,5
7173,2021-12-07,2021-12-08,181.6,2021-12-29,190.5,4.900881057268736,max15_next_open,15
7173,2023-03-07,2023-03-08,368.1,2023-03-13,350.8,-4.699809834284164,stop_gap,3
7180,2017-09-15,2017-09-19,644.0,2017-10-06,693.0,7.608695652173902,strict_gakutto_next_open,13
7180,2018-02-01,2018-02-02,676.0,2018-02-05,655.72,-2.9999999999999916,stop_-3%,1
7180,2021-12-02,2021-12-03,392.0,2021-12-21,415.0,5.867346938775508,strict_gakutto_next_open,12
7181,2017-01-20,2017-01-23,820.7,2017-02-13,900.0,9.66248324600949,max15_next_open,15
7181,2021-11-11,2021-11-12,607.7,2021-11-18,589.469,-3.0000000000000027,stop_-3%,4
7181,2022-08-12,2022-08-15,702.3,2022-08-29,699.0,-0.46988466467321466,strict_gakutto_next_open,10
7181,2024-02-22,2024-02-26,906.7,2024-03-12,945.2,4.246167420315428,strict_gakutto_next_open,11
7181,2024-04-24,2024-04-25,997.8,2024-05-01,967.2,-3.066746843054713,stop_gap,3
7182,2024-12-02,2024-12-03,1472.5,2024-12-18,1471.0,-0.10186757215620013,strict_gakutto_next_open,11
7184,2017-03-28,2017-03-29,548.0,2017-03-31,531.56,-3.0000000000000138,stop_-3%,2
7184,2018-03-27,2018-03-28,501.0,2018-04-04,489.0,-2.39520958083832,strict_gakutto_next_open,5
7184,2022-10-04,2022-10-05,427.0,2022-10-11,414.19,-3.0000000000000027,stop_-3%,3
7184,2023-04-18,2023-04-19,606.0,2023-05-12,618.0,1.980198019801982,strict_gakutto_next_open,14
7184,2024-04-08,2024-04-09,939.0,2024-04-10,906.0,-3.514376996805113,stop_gap,1
7184,2024-07-31,2024-08-01,1340.0,2024-08-02,1272.0,-5.074626865671639,stop_gap,1
7184,2025-03-05,2025-03-06,1016.0,2025-03-14,1028.0,1.1811023622047223,strict_gakutto_next_open,6
7187,2016-12-28,2016-12-29,223.8,2016-12-30,213.8,-4.468275245755137,stop_gap,1
7187,2017-07-06,2017-07-07,249.8,2017-07-19,251.8,0.8006405124099336,strict_gakutto_next_open,7
7187,2022-01-12,2022-01-13,1000.0,2022-01-13,970.0,-3.0000000000000027,stop_-3%,0
7187,2023-04-20,2023-04-21,1018.0,2023-04-26,987.4599999999999,-3.0000000000000027,stop_-3%,3
7187,2023-06-02,2023-06-05,1015.5,2023-06-26,1070.0,5.366814377154117,strict_gakutto_next_open,15
7187,2025-12-15,2025-12-16,1418.0,2025-12-23,1407.0,-0.7757404795486589,strict_gakutto_next_open,5
7189,2019-02-15,2019-02-18,1001.0,2019-02-26,970.97,-3.0000000000000027,stop_-3%,6
7189,2019-03-15,2019-03-18,986.0,2019-03-25,956.42,-3.0000000000000027,stop_-3%,4
7189,2025-02-12,2025-02-13,2059.0,2025-02-20,2046.0,-0.6313744536182608,strict_gakutto_next_open,5
7198,2019-06-19,2019-06-20,1871.0,2019-07-08,2082.0,11.277391769107425,strict_gakutto_next_open,12
7198,2020-07-06,2020-07-07,1582.0,2020-07-22,1503.0,-4.993678887484199,stop_gap,11
7198,2023-08-24,2023-08-25,932.0,2023-09-01,935.0,0.32188841201716833,strict_gakutto_next_open,5
7198,2025-05-22,2025-05-23,765.0,2025-06-09,813.0,6.2745098039215685,strict_gakutto_next_open,11
7199,2018-03-29,2018-03-30,475.8,2018-04-03,461.526,-3.0000000000000027,stop_-3%,2
7199,2019-07-10,2019-07-11,653.0,2019-07-17,633.41,-3.0000000000000027,stop_-3%,3
7199,2020-07-16,2020-07-17,626.7,2020-07-20,607.899,-3.0000000000000027,stop_-3%,1
7199,2021-03-12,2021-03-15,805.3,2021-03-24,794.0,-1.40320377499068,strict_gakutto_next_open,7
7199,2021-04-27,2021-04-28,858.7,2021-05-06,832.939,-3.0000000000000138,stop_-3%,2
7199,2023-02-28,2023-03-01,1600.0,2023-03-14,1552.0,-3.0000000000000027,stop_-3%,9
7199,2023-12-15,2023-12-18,1663.0,2024-01-12,1817.0,9.260372820204443,strict_gakutto_next_open,15
7199,2026-07-30,2026-07-31,2042.0,2026-08-04,2048.0,0.2938295788442735,strict_gakutto_next_open,2
7201,2021-02-02,2021-02-03,560.1,2021-02-16,613.8,9.58757364756293,strict_gakutto_next_open,8
7201,2021-03-03,2021-03-04,608.9,2021-03-04,590.6329999999999,-3.0000000000000138,stop_-3%,0
7201,2022-05-06,2022-05-09,521.4,2022-05-10,505.758,-3.0000000000000027,stop_-3%,1
7201,2022-05-18,2022-05-19,485.0,2022-06-09,562.2,15.917525773195894,max15_next_open,15
7201,2025-06-27,2025-06-30,355.0,2025-07-01,344.34999999999997,-3.0000000000000138,stop_-3%,1
7201,2026-07-15,2026-07-16,316.7,2026-07-27,328.7,3.789074834227968,strict_gakutto_next_open,6
7202,2020-08-04,2020-08-05,913.5,2020-08-19,988.3,8.188286808976454,strict_gakutto_next_open,9
7202,2023-06-02,2023-06-05,1690.0,2023-06-21,1715.5,1.508875739644977,strict_gakutto_next_open,12
7203,2022-09-08,2022-09-09,2070.0,2022-09-21,2007.8999999999999,-3.0000000000000027,stop_-3%,7
7203,2024-04-24,2024-04-25,3560.0,2024-05-08,3453.2,-3.0000000000000027,stop_-3%,6
7211,2021-06-25,2021-06-28,308.0,2021-07-07,301.0,-2.2727272727272707,strict_gakutto_next_open,7
7211,2023-04-28,2023-05-01,524.0,2023-05-10,500.0,-4.580152671755721,stop_gap,4
7220,2019-10-10,2019-10-11,1371.0,2019-11-06,1606.0,17.14077315827862,max15_next_open,15
7220,2022-09-22,2022-09-26,1658.0,2022-09-30,1608.26,-3.0000000000000027,stop_-3%,4
7220,2023-03-24,2023-03-27,1734.0,2023-04-07,1712.0,-1.2687427912341454,strict_gakutto_next_open,9
7220,2024-02-22,2024-02-26,1679.0,2024-03-04,1628.6299999999999,-3.0000000000000027,stop_-3%,5
7224,2017-08-08,2017-08-09,967.0,2017-08-10,937.99,-3.0000000000000027,stop_-3%,1
7224,2019-07-23,2019-07-24,1350.0,2019-07-31,1347.0,-0.22222222222222365,strict_gakutto_next_open,5
7224,2024-03-19,2024-03-21,1248.0,2024-03-29,1234.0,-1.1217948717948678,strict_gakutto_next_open,6
7224,2024-07-31,2024-08-01,1460.0,2024-08-01,1416.2,-2.9999999999999916,stop_-3%,0
7226,2020-08-25,2020-08-26,1381.0,2020-08-28,1339.57,-3.0000000000000027,stop_-3%,2
7231,2024-10-30,2024-10-31,1972.0,2024-11-05,1912.84,-3.0000000000000027,stop_-3%,2
7236,2019-04-03,2019-04-04,224.3,2019-04-17,239.7,6.86580472581364,strict_gakutto_next_open,9
7236,2024-04-08,2024-04-09,398.0,2024-04-16,386.06,-3.0000000000000027,stop_-3%,5
7236,2025-01-24,2025-01-27,350.0,2025-02-05,362.0,3.4285714285714253,strict_gakutto_next_open,7
7236,2026-01-13,2026-01-14,849.0,2026-01-26,867.0,2.1201413427561766,strict_gakutto_next_open,8
7238,2017-06-27,2017-06-28,351.0,2017-07-20,369.0,5.128205128205132,strict_gakutto_next_open,15
7238,2021-04-15,2021-04-16,195.0,2021-04-20,189.15,-2.9999999999999916,stop_-3%,2
7238,2022-04-19,2022-04-20,151.0,2022-04-27,147.0,-2.6490066225165587,strict_gakutto_next_open,5
7238,2025-10-20,2025-10-21,118.0,2025-10-29,118.0,0.0,strict_gakutto_next_open,6
7239,2018-08-27,2018-08-28,1850.0,2018-08-29,1794.5,-3.0000000000000027,stop_-3%,1
7239,2021-01-08,2021-01-12,1232.0,2021-01-12,1195.04,-3.0000000000000027,stop_-3%,0
7240,2022-08-10,2022-08-12,1185.0,2022-09-02,1230.0,3.797468354430378,max15_next_open,15
7240,2024-07-31,2024-08-01,2173.5,2024-08-02,2075.0,-4.531861053600183,stop_gap,1
7241,2018-03-27,2018-03-28,851.0,2018-04-18,892.0,4.817861339600471,strict_gakutto_next_open,15
7241,2020-12-29,2020-12-30,525.0,2021-01-04,509.25,-3.0000000000000027,stop_-3%,1
7241,2021-06-02,2021-06-03,528.0,2021-06-14,528.0,0.0,strict_gakutto_next_open,7
7241,2021-09-29,2021-09-30,487.0,2021-10-01,472.39,-3.0000000000000027,stop_-3%,1
7241,2023-10-27,2023-10-30,708.0,2023-10-30,686.76,-3.0000000000000027,stop_-3%,0
7241,2024-06-14,2024-06-17,848.0,2024-07-03,882.0,4.009433962264142,strict_gakutto_next_open,12
7241,2025-01-20,2025-01-21,710.0,2025-02-12,800.0,12.676056338028175,max15_next_open,15
7241,2026-04-28,2026-04-30,980.0,2026-05-21,1019.0,3.979591836734686,strict_gakutto_next_open,12
7242,2017-11-22,2017-11-24,3460.0,2017-11-27,3356.2,-3.0000000000000027,stop_-3%,1
7242,2018-05-11,2018-05-14,2725.0,2018-05-28,2740.0,0.5504587155963359,strict_gakutto_next_open,10
7242,2018-12-18,2018-12-19,1302.0,2018-12-20,1262.94,-2.9999999999999916,stop_-3%,1
7242,2020-04-23,2020-04-24,1011.0,2020-05-21,1129.0,11.671612265084086,max15_next_open,15
7242,2020-10-21,2020-10-22,1085.0,2020-10-29,1071.0,-1.2903225806451646,strict_gakutto_next_open,5
7242,2022-06-21,2022-06-22,1522.5,2022-07-04,1512.5,-0.6568144499178974,strict_gakutto_next_open,8
7242,2026-02-04,2026-02-05,4700.0,2026-03-02,5110.0,8.723404255319146,max15_next_open,15
7244,2022-09-08,2022-09-09,381.0,2022-10-04,395.0,3.6745406824147064,max15_next_open,15
7244,2023-06-05,2023-06-06,513.0,2023-06-23,563.0,9.746588693957126,strict_gakutto_next_open,13
7244,2023-10-27,2023-10-30,532.0,2023-10-30,516.04,-3.0000000000000027,stop_-3%,0
7244,2023-11-28,2023-11-29,532.0,2023-12-06,531.0,-0.1879699248120259,strict_gakutto_next_open,5
7244,2024-05-20,2024-05-21,543.0,2024-05-30,542.0,-0.18416206261510082,strict_gakutto_next_open,7
7244,2026-07-02,2026-07-03,517.0,2026-07-10,511.0,-1.1605415860735047,strict_gakutto_next_open,5
7245,2020-10-19,2020-10-20,532.0,2020-10-28,516.04,-3.0000000000000027,stop_-3%,6
7246,2017-01-04,2017-01-05,535.0,2017-01-12,518.9499999999999,-3.0000000000000138,stop_-3%,4
7246,2020-10-21,2020-10-22,296.0,2020-10-29,287.12,-3.0000000000000027,stop_-3%,5
7246,2022-03-01,2022-03-02,378.0,2022-03-04,366.65999999999997,-3.0000000000000138,stop_-3%,2
7246,2023-10-27,2023-10-30,650.0,2023-10-30,630.5,-3.0000000000000027,stop_-3%,0
7246,2024-07-31,2024-08-01,621.0,2024-08-02,587.0,-5.475040257648955,stop_gap,1
7259,2018-02-02,2018-02-05,2200.0,2018-02-06,2120.0,-3.6363636363636376,stop_gap,1
7259,2019-04-01,2019-04-02,1385.0,2019-04-23,1606.7,16.0072202166065,max15_next_open,15
7259,2024-07-31,2024-08-01,1697.3,2024-08-02,1646.3809999999999,-3.0000000000000027,stop_-3%,1
7259,2024-12-04,2024-12-05,1664.0,2024-12-18,1709.5,2.734375,strict_gakutto_next_open,9
7259,2025-11-26,2025-11-27,2783.0,2025-12-04,2741.0,-1.5091627739849067,strict_gakutto_next_open,5
7261,2018-08-22,2018-08-23,1292.5,2018-08-27,1273.0,-1.5087040618955494,strict_gakutto_next_open,2
7261,2018-09-13,2018-09-14,1265.0,2018-10-02,1368.0,8.142292490118574,strict_gakutto_next_open,10
7261,2021-07-28,2021-07-29,1040.0,2021-08-02,1008.8,-3.0000000000000027,stop_-3%,2
7261,2021-09-24,2021-09-27,963.0,2021-10-04,952.0,-1.1422637590861928,strict_gakutto_next_open,5
7261,2025-01-23,2025-01-24,1048.5,2025-02-03,975.5,-6.962327134000956,stop_gap,6
7261,2026-07-16,2026-07-17,1128.5,2026-07-27,1145.0,1.4621178555604741,strict_gakutto_next_open,5
7267,2024-07-31,2024-08-01,1607.5,2024-08-01,1559.2749999999999,-3.0000000000000138,stop_-3%,0
7269,2017-06-20,2017-06-21,1358.8,2017-06-28,1327.5,-2.303503090962611,strict_gakutto_next_open,5
7269,2020-11-02,2020-11-04,1187.5,2020-11-26,1399.5,17.852631578947364,max15_next_open,15
7269,2021-11-17,2021-11-18,1334.8,2021-11-25,1290.0,-3.356308061132751,stop_gap,4
7269,2024-05-14,2024-05-15,1875.0,2024-05-16,1818.75,-3.0000000000000027,stop_-3%,1
7269,2024-08-01,2024-08-02,1634.5,2024-08-05,1480.5,-9.421841541755892,stop_gap,1
7269,2025-12-12,2025-12-15,2282.0,2025-12-24,2327.0,1.9719544259421573,strict_gakutto_next_open,7
7269,2026-06-12,2026-06-15,1925.0,2026-06-23,1938.0,0.6753246753246733,strict_gakutto_next_open,6
7270,2020-10-21,2020-10-22,2078.0,2020-10-28,2015.6599999999999,-3.0000000000000027,stop_-3%,4
7270,2021-03-05,2021-03-08,2082.5,2021-03-24,2140.0,2.761104441776707,strict_gakutto_next_open,12
7272,2018-12-12,2018-12-13,764.7,2018-12-20,741.759,-3.0000000000000027,stop_-3%,5
7272,2020-10-21,2020-10-22,512.7,2020-10-29,491.7,-4.0959625511995394,strict_gakutto_next_open,5
7272,2021-08-27,2021-08-30,912.7,2021-09-21,1006.7,10.299112523282572,max15_next_open,15
7272,2021-12-07,2021-12-08,1008.3,2021-12-10,978.0509999999999,-3.0000000000000027,stop_-3%,2
7272,2023-05-22,2023-05-23,1175.0,2023-06-01,1146.7,-2.408510638297867,strict_gakutto_next_open,7
7272,2023-07-19,2023-07-20,1365.7,2023-07-28,1324.729,-3.0000000000000027,stop_-3%,6
7276,2018-08-27,2018-08-28,3550.0,2018-08-31,3443.5,-3.0000000000000027,stop_-3%,3
7276,2018-09-13,2018-09-14,3445.0,2018-10-04,3655.0,6.095791001451389,strict_gakutto_next_open,12
7276,2020-10-21,2020-10-22,2585.0,2020-10-27,2575.0,-0.3868471953578312,strict_gakutto_next_open,3
7276,2021-01-19,2021-01-20,3535.0,2021-01-26,3420.0,-3.2531824611032545,stop_gap,4
7276,2024-10-28,2024-10-29,2010.0,2024-11-01,1949.7,-3.0000000000000027,stop_-3%,3
7276,2025-02-27,2025-02-28,1928.0,2025-03-24,2028.0,5.186721991701249,max15_next_open,15
7278,2018-03-27,2018-03-28,3290.0,2018-04-10,3350.0,1.823708206686936,strict_gakutto_next_open,9
7278,2021-04-28,2021-04-30,1706.0,2021-04-30,1654.82,-3.0000000000000027,stop_-3%,0
7278,2023-10-27,2023-10-30,2460.0,2023-11-21,2514.0,2.195121951219514,strict_gakutto_next_open,15
7280,2025-11-26,2025-11-27,927.0,2025-12-12,931.0,0.4314994606256839,strict_gakutto_next_open,11
7282,2021-09-28,2021-09-29,2283.0,2021-10-01,2212.0,-3.1099430573806375,stop_gap,2
7282,2025-06-11,2025-06-12,2771.0,2025-06-13,2682.5,-3.193792854565136,stop_gap,1
7283,2017-02-10,2017-02-13,952.0,2017-03-06,975.0,2.4159663865546133,max15_next_open,15
7283,2019-02-18,2019-02-19,751.0,2019-03-08,726.0,-3.3288948069240987,strict_gakutto_next_open,13
7283,2022-05-30,2022-05-31,734.0,2022-06-10,755.0,2.8610354223433276,strict_gakutto_next_open,8
7294,2018-09-10,2018-09-11,1661.0,2018-10-02,1786.0,7.525586995785671,strict_gakutto_next_open,13
7294,2019-06-21,2019-06-24,1334.0,2019-06-27,1314.0,-1.4992503748125885,strict_gakutto_next_open,3
7294,2021-03-05,2021-03-08,1266.0,2021-03-08,1228.02,-3.0000000000000027,stop_-3%,0
7294,2021-04-15,2021-04-16,1325.0,2021-04-20,1285.25,-3.0000000000000027,stop_-3%,2
7294,2023-10-27,2023-10-30,900.0,2023-10-31,873.0,-3.0000000000000027,stop_-3%,1
7296,2018-03-27,2018-03-28,2888.0,2018-04-18,3025.0,4.743767313019398,max15_next_open,15
7296,2020-07-06,2020-07-07,1860.0,2020-07-09,1782.0,-4.193548387096779,strict_gakutto_next_open,2
7296,2020-10-19,2020-10-20,2018.0,2020-10-29,1981.0,-1.8334985133795834,strict_gakutto_next_open,7
7296,2021-10-28,2021-10-29,1609.0,2021-11-10,1560.73,-3.0000000000000027,stop_-3%,7
7309,2021-12-02,2021-12-03,32830.0,2021-12-06,31845.1,-3.0000000000000027,stop_-3%,1
7309,2022-12-09,2022-12-12,23050.0,2022-12-14,22600.0,-1.95227765726681,strict_gakutto_next_open,2
7309,2024-01-23,2024-01-24,22280.0,2024-01-25,21510.0,-3.4560143626570894,stop_gap,1
7313,2017-01-04,2017-01-05,1567.5,2017-01-06,1515.0,-3.349282296650713,stop_gap,1
7313,2018-08-08,2018-08-09,2190.0,2018-08-13,2120.0,-3.1963470319634757,stop_gap,2
7327,2019-07-25,2019-07-26,474.2,2019-08-02,459.974,-3.0000000000000027,stop_-3%,5
7337,2022-02-07,2022-02-08,701.0,2022-02-18,696.0,-0.7132667617689048,strict_gakutto_next_open,7
7337,2022-03-11,2022-03-14,679.0,2022-03-30,658.63,-3.0000000000000027,stop_-3%,11
7337,2026-08-06,2026-08-07,2280.0,2026-08-20,2266.5,-0.5921052631578938,strict_gakutto_next_open,8
7347,2022-06-21,2022-06-22,605.0,2022-07-05,614.0,1.4876033057851235,strict_gakutto_next_open,9
7347,2025-02-06,2025-02-07,762.0,2025-02-12,731.0,-4.06824146981627,stop_gap,2
7347,2025-03-03,2025-03-04,729.0,2025-03-26,794.0,8.916323731138554,max15_next_open,15
7350,2022-10-04,2022-10-05,2105.0,2022-10-11,2034.0,-3.372921615201896,strict_gakutto_next_open,3
7350,2023-12-08,2023-12-11,2448.0,2023-12-14,2374.56,-3.0000000000000027,stop_-3%,3
7366,2024-05-07,2024-05-08,1850.0,2024-05-08,1794.5,-3.0000000000000027,stop_-3%,0
7366,2025-01-20,2025-01-21,848.0,2025-02-12,1150.0,35.613207547169814,max15_next_open,15
7366,2025-06-24,2025-06-25,1259.0,2025-07-02,1253.0,-0.4765687053216894,strict_gakutto_next_open,5
7366,2025-09-09,2025-09-10,1358.0,2025-09-22,1383.0,1.8409425625920406,strict_gakutto_next_open,7
7380,2026-06-08,2026-06-09,2094.0,2026-06-22,2174.0,3.8204393505253176,strict_gakutto_next_open,9
7381,2022-08-10,2022-08-12,471.5,2022-08-22,473.0,0.31813361611876534,strict_gakutto_next_open,6
7381,2022-09-16,2022-09-20,482.0,2022-09-22,467.53999999999996,-3.0000000000000027,stop_-3%,2
7381,2024-07-12,2024-07-16,528.0,2024-07-23,526.0,-0.37878787878787845,strict_gakutto_next_open,5
7383,2025-01-21,2025-01-22,481.0,2025-02-03,481.0,0.0,strict_gakutto_next_open,8
7384,2022-10-04,2022-10-05,2170.0,2022-10-27,2192.0,1.0138248847926246,max15_next_open,15
7384,2024-10-07,2024-10-08,1796.0,2024-10-16,1770.0,-1.4476614699331813,strict_gakutto_next_open,5
7388,2026-07-30,2026-07-31,2225.0,2026-08-03,2158.25,-3.0000000000000027,stop_-3%,1
7389,2023-07-18,2023-07-19,467.8,2023-08-09,479.2,2.4369388627618616,max15_next_open,15
7414,2018-06-01,2018-06-04,1900.0,2018-06-13,2000.0,5.263157894736836,strict_gakutto_next_open,7
7414,2018-07-06,2018-07-09,1873.0,2018-07-19,1886.0,0.69407367859049,strict_gakutto_next_open,7
7414,2018-12-13,2018-12-14,1705.0,2018-12-14,1653.85,-3.0000000000000027,stop_-3%,0
7414,2020-02-03,2020-02-04,1329.0,2020-02-13,1341.0,0.9029345372460584,strict_gakutto_next_open,6
7419,2017-03-24,2017-03-27,235.5,2017-04-04,228.435,-3.0000000000000027,stop_-3%,6
7419,2017-09-15,2017-09-19,347.7,2017-09-20,337.269,-2.9999999999999916,stop_-3%,1
7419,2018-04-24,2018-04-25,425.8,2018-05-08,433.3,1.7613903240958129,strict_gakutto_next_open,6
7419,2025-10-21,2025-10-22,1298.0,2025-10-30,1238.0,-4.6224961479198745,strict_gakutto_next_open,6
7421,2018-10-05,2018-10-09,1352.0,2018-10-16,1313.0,-2.8846153846153855,strict_gakutto_next_open,5
7421,2025-11-07,2025-11-10,1551.0,2025-11-18,1503.0,-3.0947775628626717,strict_gakutto_next_open,6
7433,2019-03-15,2019-03-18,1229.0,2019-03-26,1238.0,0.7323026851098424,strict_gakutto_next_open,5
7433,2019-04-01,2019-04-02,1227.0,2019-04-23,1208.0,-1.548492257538714,strict_gakutto_next_open,15
7438,2021-06-01,2021-06-02,1030.0,2021-06-09,1009.0,-2.038834951456314,strict_gakutto_next_open,5
7438,2022-04-04,2022-04-05,1068.0,2022-04-07,1035.96,-2.9999999999999916,stop_-3%,2
7438,2022-09-08,2022-09-09,1029.0,2022-09-26,998.13,-3.0000000000000027,stop_-3%,9
7438,2026-08-07,2026-08-10,1556.0,2026-09-01,1688.0,8.483290488431884,max15_next_open,15
7447,2022-06-24,2022-06-27,1942.0,2022-07-01,1883.74,-3.0000000000000027,stop_-3%,4
7447,2022-12-07,2022-12-08,2046.0,2022-12-19,2004.0,-2.052785923753664,strict_gakutto_next_open,7
7453,2017-01-26,2017-01-27,1088.5,2017-01-31,1055.845,-3.0000000000000027,stop_-3%,2
7453,2017-07-05,2017-07-06,1378.0,2017-07-28,1423.5,3.301886792452824,max15_next_open,15
7453,2017-12-28,2017-12-29,1782.5,2018-01-10,1729.0249999999999,-3.0000000000000027,stop_-3%,4
7453,2022-08-10,2022-08-12,655.5,2022-08-29,638.0,-2.6697177726926036,strict_gakutto_next_open,11
7453,2022-12-08,2022-12-09,737.0,2022-12-20,732.5,-0.6105834464043447,strict_gakutto_next_open,7
7453,2023-02-13,2023-02-14,723.5,2023-02-15,701.795,-3.0000000000000027,stop_-3%,1
7456,2019-01-07,2019-01-08,1505.0,2019-01-10,1452.0,-3.5215946843853874,strict_gakutto_next_open,2
7456,2021-02-05,2021-02-08,1870.0,2021-02-18,1934.0,3.4224598930481243,strict_gakutto_next_open,7
7456,2022-02-24,2022-02-25,2315.0,2022-03-08,2381.0,2.850971922246215,strict_gakutto_next_open,7
7456,2023-10-10,2023-10-11,2398.0,2023-11-01,2650.0,10.508757297748117,max15_next_open,15
7456,2023-12-15,2023-12-18,2362.0,2023-12-25,2388.0,1.100762066045724,strict_gakutto_next_open,5
7456,2025-08-19,2025-08-20,3850.0,2025-09-10,4060.0,5.454545454545445,max15_next_open,15
7458,2017-06-15,2017-06-16,2665.0,2017-07-04,2585.0499999999997,-3.0000000000000138,stop_-3%,12
7458,2017-07-11,2017-07-12,2675.0,2017-08-03,2705.0,1.121495327102795,max15_next_open,15
7458,2018-12-27,2018-12-28,2600.0,2019-01-15,2575.0,-0.9615384615384581,strict_gakutto_next_open,7
7458,2019-06-05,2019-06-06,2540.0,2019-06-25,2463.7999999999997,-3.0000000000000138,stop_-3%,13
7458,2019-06-25,2019-06-26,2510.0,2019-07-09,2505.0,-0.19920318725099584,strict_gakutto_next_open,9
7458,2023-05-31,2023-06-01,2430.0,2023-06-22,2594.0,6.748971193415643,max15_next_open,15
7458,2023-08-10,2023-08-14,2776.5,2023-08-21,2747.0,-1.0624887448226206,strict_gakutto_next_open,5
7459,2020-02-06,2020-02-07,2468.0,2020-02-12,2393.96,-3.0000000000000027,stop_-3%,2
7459,2024-09-26,2024-09-27,2536.5,2024-09-30,2460.4049999999997,-3.0000000000000138,stop_-3%,1
7466,2022-03-10,2022-03-11,650.0,2022-04-04,666.5,2.538461538461534,max15_next_open,15
7466,2025-08-22,2025-08-25,1223.5,2025-08-26,1186.795,-2.9999999999999916,stop_-3%,1
7466,2026-03-27,2026-03-30,1248.0,2026-04-20,1335.0,6.971153846153855,max15_next_open,15
7475,2018-11-22,2018-11-26,2955.0,2018-11-30,2866.35,-3.0000000000000027,stop_-3%,4
7475,2019-01-21,2019-01-22,2440.0,2019-01-31,2411.0,-1.1885245901639307,strict_gakutto_next_open,7
7475,2019-07-01,2019-07-02,2355.0,2019-07-16,2708.0,14.989384288747342,strict_gakutto_next_open,9
7475,2020-12-11,2020-12-14,2559.0,2020-12-16,2482.23,-3.0000000000000027,stop_-3%,2
7476,2018-11-26,2018-11-27,2067.5,2018-12-05,2055.0,-0.6045949214026569,strict_gakutto_next_open,6
7476,2019-11-21,2019-11-22,2310.0,2019-12-13,2457.5,6.385281385281383,max15_next_open,15
7476,2022-08-25,2022-08-26,3360.0,2022-08-29,3225.0,-4.01785714285714,stop_gap,1
7476,2024-04-26,2024-04-30,2604.5,2024-05-15,2526.365,-3.0000000000000138,stop_-3%,9
7476,2024-05-30,2024-05-31,2458.0,2024-06-21,2709.0,10.21155410903174,max15_next_open,15
7476,2025-05-07,2025-05-08,2295.0,2025-05-15,2269.0,-1.1328976034858385,strict_gakutto_next_open,5
7476,2025-05-30,2025-06-02,2236.0,2025-06-23,2400.0,7.3345259391770945,max15_next_open,15
7482,2018-05-16,2018-05-17,1181.0,2018-05-17,1145.57,-3.0000000000000027,stop_-3%,0
7482,2018-06-22,2018-06-25,1130.0,2018-07-02,1115.0,-1.3274336283185861,strict_gakutto_next_open,5
7482,2018-12-12,2018-12-13,1112.0,2018-12-18,1078.6399999999999,-3.0000000000000138,stop_-3%,3
7482,2020-02-06,2020-02-07,1165.0,2020-02-13,1130.05,-3.0000000000000027,stop_-3%,3
7482,2021-12-28,2021-12-29,1140.0,2022-01-04,1119.0,-1.8421052631578894,strict_gakutto_next_open,2
7483,2019-04-01,2019-04-02,1801.0,2019-04-19,1781.0,-1.110494169905607,strict_gakutto_next_open,13
7483,2024-07-31,2024-08-01,2061.0,2024-08-23,2174.0,5.482775351770974,max15_next_open,15
7504,2020-01-21,2020-01-22,1249.0,2020-01-29,1227.0,-1.7614091273018384,strict_gakutto_next_open,5
7504,2020-10-19,2020-10-20,1549.0,2020-10-21,1500.0,-3.1633311814073584,stop_gap,1
7504,2021-06-01,2021-06-02,1453.0,2021-06-14,1455.0,0.13764624913970014,strict_gakutto_next_open,8
7504,2021-11-12,2021-11-15,1579.0,2021-11-22,1554.0,-1.583280557314759,strict_gakutto_next_open,5
7504,2024-07-30,2024-07-31,2402.0,2024-08-02,2329.94,-3.0000000000000027,stop_-3%,2
7508,2017-09-11,2017-09-12,553.0,2017-09-22,553.0,0.0,strict_gakutto_next_open,7
7508,2018-08-23,2018-08-24,654.0,2018-09-06,680.5,4.051987767584109,strict_gakutto_next_open,9
7508,2021-02-08,2021-02-09,1222.5,2021-02-17,1187.5,-2.862985685071573,strict_gakutto_next_open,5
7508,2022-06-17,2022-06-20,1400.0,2022-07-04,1414.0,1.0000000000000009,strict_gakutto_next_open,10
7508,2022-09-29,2022-09-30,1450.0,2022-10-03,1406.5,-3.0000000000000027,stop_-3%,1
7508,2023-03-24,2023-03-27,1435.0,2023-04-06,1388.0,-3.2752613240418116,strict_gakutto_next_open,8
7513,2018-11-14,2018-11-15,491.0,2018-11-22,485.0,-1.2219959266802416,strict_gakutto_next_open,5
7513,2020-12-11,2020-12-14,729.0,2020-12-22,707.13,-3.0000000000000027,stop_-3%,6
7513,2025-08-20,2025-08-21,1251.0,2025-08-25,1213.47,-3.0000000000000027,stop_-3%,2
7516,2018-03-07,2018-03-08,2565.0,2018-03-09,2488.0499999999997,-3.0000000000000138,stop_-3%,1
7520,2017-01-27,2017-01-30,1273.0,2017-02-01,1234.81,-3.0000000000000027,stop_-3%,2
7520,2021-04-14,2021-04-15,1979.0,2021-04-21,1919.6299999999999,-3.0000000000000027,stop_-3%,4
7520,2025-12-10,2025-12-11,2980.0,2025-12-11,2890.6,-3.0000000000000027,stop_-3%,0
7522,2017-05-25,2017-05-26,1354.0,2017-06-16,1368.0,1.0339734121122657,max15_next_open,15
7522,2022-04-18,2022-04-19,937.0,2022-04-25,906.0,-3.3084311632870844,stop_gap,4
7525,2022-04-13,2022-04-14,1606.0,2022-04-18,1581.0,-1.5566625155666203,strict_gakutto_next_open,2
7525,2023-07-18,2023-07-19,3110.0,2023-07-24,3035.0,-2.4115755627009627,strict_gakutto_next_open,3
7525,2024-02-09,2024-02-13,3690.0,2024-03-06,3980.0,7.859078590785917,max15_next_open,15
7532,2018-04-20,2018-04-23,290.0,2018-05-09,279.5,-3.6206896551724155,stop_gap,9
7532,2024-02-02,2024-02-05,668.0,2024-02-06,642.2,-3.862275449101793,stop_gap,1
7537,2018-01-29,2018-01-30,1185.0,2018-01-30,1149.45,-2.9999999999999916,stop_-3%,0
7537,2020-07-28,2020-07-29,525.0,2020-07-29,509.25,-3.0000000000000027,stop_-3%,0
7537,2022-10-04,2022-10-05,820.0,2022-10-12,795.4,-3.0000000000000027,stop_-3%,4
7545,2017-08-21,2017-08-22,1201.0,2017-08-25,1164.97,-3.0000000000000027,stop_-3%,3
7545,2026-06-29,2026-06-30,1955.0,2026-07-22,1949.0,-0.3069053708439906,max15_next_open,15
7550,2016-12-12,2016-12-13,1915.0,2017-01-06,1930.0,0.7832898172323688,max15_next_open,15
7550,2020-06-19,2020-06-22,2244.0,2020-06-29,2176.68,-3.0000000000000027,stop_-3%,5
7550,2021-03-09,2021-03-10,2905.0,2021-03-24,2958.0,1.824440619621348,strict_gakutto_next_open,10
7550,2024-05-13,2024-05-14,6127.0,2024-05-23,6165.0,0.6202056471356299,strict_gakutto_next_open,7
7550,2025-06-09,2025-06-10,7982.0,2025-06-17,7890.0,-1.1525933350037598,strict_gakutto_next_open,5
7550,2026-02-02,2026-02-03,8600.0,2026-02-26,10000.0,16.279069767441868,max15_next_open,15
7552,2017-04-07,2017-04-10,877.5,2017-04-11,851.175,-3.0000000000000027,stop_-3%,1
7552,2017-08-08,2017-08-09,1010.0,2017-08-09,979.6999999999999,-3.0000000000000027,stop_-3%,0
7552,2021-02-04,2021-02-05,812.5,2021-02-10,788.125,-3.0000000000000027,stop_-3%,3
7552,2021-03-02,2021-03-03,775.0,2021-03-24,805.0,3.8709677419354938,strict_gakutto_next_open,15
7552,2024-11-28,2024-11-29,2037.5,2024-12-20,2382.5,16.932515337423304,max15_next_open,15
7552,2025-07-23,2025-07-24,2845.0,2025-08-15,3175.0,11.59929701230229,max15_next_open,15
7554,2017-04-19,2017-04-20,1715.0,2017-05-16,1834.0,6.938775510204076,max15_next_open,15
7554,2017-06-26,2017-06-27,1837.0,2017-07-05,1829.0,-0.4354926510615087,strict_gakutto_next_open,6
7554,2017-09-12,2017-09-13,1742.0,2017-09-21,1741.0,-0.05740528128588274,strict_gakutto_next_open,5
7554,2018-06-04,2018-06-05,1751.0,2018-06-12,1762.0,0.6282124500285535,strict_gakutto_next_open,5
7554,2022-08-12,2022-08-15,1234.0,2022-08-22,1196.98,-3.0000000000000027,stop_-3%,5
7575,2020-06-19,2020-06-22,1401.0,2020-06-29,1402.0,0.07137758743753775,strict_gakutto_next_open,5
7575,2020-10-29,2020-10-30,1355.0,2020-11-16,1400.0,3.3210332103321027,strict_gakutto_next_open,10
7575,2024-06-20,2024-06-21,1088.0,2024-07-12,1167.0,7.261029411764697,max15_next_open,15
7575,2025-10-06,2025-10-07,1545.0,2025-10-14,1485.0,-3.8834951456310662,stop_gap,4
7581,2016-12-13,2016-12-14,2674.0,2016-12-22,2650.0,-0.8975317875841382,strict_gakutto_next_open,6
7581,2018-09-14,2018-09-18,2164.0,2018-09-28,2229.0,3.00369685767099,strict_gakutto_next_open,7
7581,2023-02-28,2023-03-01,3050.0,2023-03-15,3270.0,7.21311475409836,strict_gakutto_next_open,10
7581,2024-06-19,2024-06-20,5440.0,2024-07-10,5620.0,3.308823529411775,strict_gakutto_next_open,14
7593,2019-08-13,2019-08-14,427.0,2019-08-26,441.0,3.2786885245901676,strict_gakutto_next_open,8
7593,2019-10-08,2019-10-09,450.0,2019-10-28,458.0,1.777777777777767,strict_gakutto_next_open,11
7593,2022-05-02,2022-05-06,471.0,2022-05-10,456.87,-3.0000000000000027,stop_-3%,2
7595,2019-05-08,2019-05-09,569.3,2019-05-10,552.2209999999999,-3.0000000000000138,stop_-3%,1
7595,2021-03-12,2021-03-15,745.5,2021-04-05,787.5,5.633802816901401,max15_next_open,15
7596,2018-02-13,2018-02-14,1210.0,2018-02-16,1173.7,-2.9999999999999916,stop_-3%,2
7596,2021-01-08,2021-01-12,1774.0,2021-01-25,1791.0,0.9582863585118284,strict_gakutto_next_open,9
7599,2020-02-12,2020-02-13,588.0,2020-02-25,585.0,-0.5102040816326481,strict_gakutto_next_open,7
7600,2018-06-27,2018-06-28,1114.0,2018-07-04,1080.58,-3.0000000000000027,stop_-3%,4
7600,2018-07-12,2018-07-13,1092.0,2018-07-23,1063.0,-2.6556776556776573,strict_gakutto_next_open,5
7600,2022-12-20,2022-12-21,960.0,2022-12-21,931.1999999999999,-3.0000000000000027,stop_-3%,0
7606,2025-09-03,2025-09-04,2220.0,2025-09-19,2153.4,-2.9999999999999916,stop_-3%,10
7606,2026-04-07,2026-04-08,2498.0,2026-04-15,2466.0,-1.2810248198558805,strict_gakutto_next_open,5
7607,2018-06-04,2018-06-05,2552.0,2018-06-20,2475.44,-3.0000000000000027,stop_-3%,11
7607,2018-11-01,2018-11-02,2363.0,2018-11-02,2292.11,-2.9999999999999916,stop_-3%,0
7607,2019-03-15,2019-03-18,2129.0,2019-03-26,2159.0,1.4091122592766459,strict_gakutto_next_open,5
7607,2019-12-06,2019-12-09,2453.0,2019-12-12,2379.41,-3.0000000000000027,stop_-3%,3
7607,2025-09-04,2025-09-05,3325.0,2025-09-18,3280.0,-1.3533834586466176,strict_gakutto_next_open,8
7609,2020-08-25,2020-08-26,733.0,2020-08-27,711.01,-3.0000000000000027,stop_-3%,1
7609,2022-12-14,2022-12-15,1200.0,2022-12-21,1170.5,-2.458333333333329,strict_gakutto_next_open,4
7609,2023-01-12,2023-01-13,1144.0,2023-02-03,1247.0,9.0034965034965,max15_next_open,15
7609,2024-04-24,2024-04-25,1697.5,2024-05-08,1630.0,-3.9764359351988188,stop_gap,6
7611,2018-10-11,2018-10-12,2034.5,2018-10-25,2014.5,-0.983042516588839,strict_gakutto_next_open,9
7611,2019-01-21,2019-01-22,2040.9,2019-01-22,1979.673,-3.0000000000000027,stop_-3%,0
7611,2019-04-15,2019-04-16,2101.0,2019-04-18,2037.97,-3.0000000000000027,stop_-3%,2
7611,2019-05-15,2019-05-16,2021.0,2019-05-23,1997.0,-1.1875309252845079,strict_gakutto_next_open,5
7611,2022-03-15,2022-03-16,1790.0,2022-03-25,1780.0,-0.5586592178770999,strict_gakutto_next_open,6
7611,2022-12-28,2022-12-29,1951.0,2023-01-05,1918.0,-1.6914402870322864,strict_gakutto_next_open,3
7611,2026-06-10,2026-06-11,2610.0,2026-06-18,2555.0,-2.1072796934865856,strict_gakutto_next_open,5
7613,2024-07-31,2024-08-01,1255.0,2024-08-01,1217.35,-3.0000000000000027,stop_-3%,0
7616,2019-08-09,2019-08-13,2138.0,2019-08-15,2061.0,-3.601496725912068,stop_gap,2
7628,2017-01-30,2017-01-31,734.5,2017-02-02,712.465,-2.9999999999999916,stop_-3%,2
7628,2018-02-15,2018-02-16,895.5,2018-02-23,874.5,-2.345058626465657,strict_gakutto_next_open,5
7628,2019-05-16,2019-05-17,714.5,2019-05-17,693.0649999999999,-3.0000000000000138,stop_-3%,0
7628,2021-11-01,2021-11-02,755.0,2021-11-08,732.35,-2.9999999999999916,stop_-3%,3
7628,2022-10-04,2022-10-05,698.5,2022-10-14,702.0,0.5010737294201872,strict_gakutto_next_open,6
7630,2020-02-06,2020-02-07,1168.0,2020-02-14,1148.0,-1.7123287671232834,strict_gakutto_next_open,4
7630,2023-05-31,2023-06-01,1066.0,2023-06-22,1086.0,1.8761726078799335,max15_next_open,15
7630,2026-03-09,2026-03-10,908.0,2026-03-17,905.0,-0.3303964757709221,strict_gakutto_next_open,5
7630,2026-06-29,2026-06-30,880.0,2026-07-13,906.0,2.954545454545454,strict_gakutto_next_open,9
7637,2019-02-18,2019-02-19,1669.0,2019-02-28,1671.0,0.11983223487117556,strict_gakutto_next_open,7
7637,2022-02-28,2022-03-01,2683.0,2022-03-07,2600.0,-3.0935519940365253,stop_gap,4
7637,2023-12-15,2023-12-18,2135.0,2024-01-12,2400.0,12.41217798594847,max15_next_open,15
7637,2024-06-12,2024-06-13,2883.0,2024-06-14,2763.0,-4.162330905306977,stop_gap,1
7637,2026-04-08,2026-04-09,2513.0,2026-04-21,2485.0,-1.1142061281337101,strict_gakutto_next_open,8
7649,2019-12-18,2019-12-19,1023.3,2019-12-25,951.7,-6.996970585361073,stop_gap,4
7649,2020-12-29,2020-12-30,1143.3,2021-01-25,1198.3,4.810635878597047,max15_next_open,15
7649,2021-05-10,2021-05-11,1428.3,2021-05-11,1385.451,-2.9999999999999916,stop_-3%,0
7649,2022-02-24,2022-02-25,1086.7,2022-03-07,1071.7,-1.3803257568786198,strict_gakutto_next_open,6
7649,2022-06-22,2022-06-23,865.0,2022-07-14,991.7,14.647398843930649,strict_gakutto_next_open,15
7649,2023-12-22,2023-12-25,1058.3,2024-01-17,1096.2,3.5812151563828776,strict_gakutto_next_open,13
7649,2024-02-16,2024-02-19,1170.2,2024-02-29,1187.8,1.5040164074517026,strict_gakutto_next_open,7
7679,2020-10-29,2020-10-30,2569.0,2020-11-10,2491.93,-3.0000000000000027,stop_-3%,6
7679,2021-07-13,2021-07-14,2359.0,2021-07-15,2288.23,-3.0000000000000027,stop_-3%,1
7679,2022-03-29,2022-03-30,2306.0,2022-04-01,2236.82,-2.9999999999999916,stop_-3%,2
7679,2022-11-22,2022-11-24,2650.0,2022-11-30,2570.5,-3.0000000000000027,stop_-3%,4
7679,2025-12-10,2025-12-11,2127.0,2025-12-11,2063.19,-3.0000000000000027,stop_-3%,0
7679,2026-04-03,2026-04-06,1980.0,2026-04-07,1920.6,-3.0000000000000027,stop_-3%,1
7679,2026-06-29,2026-06-30,1679.0,2026-07-01,1628.6299999999999,-3.0000000000000027,stop_-3%,1
7683,2020-12-30,2021-01-04,720.0,2021-01-18,710.5,-1.3194444444444398,strict_gakutto_next_open,9
7701,2021-05-10,2021-05-11,3945.0,2021-05-11,3826.65,-3.0000000000000027,stop_-3%,0
7715,2017-01-25,2017-01-26,714.0,2017-01-26,692.5799999999999,-3.0000000000000138,stop_-3%,0
7715,2021-08-25,2021-08-26,1101.0,2021-09-16,1191.0,8.174386920980936,max15_next_open,15
7715,2024-02-21,2024-02-22,2300.0,2024-02-26,2231.0,-3.0000000000000027,stop_-3%,1
7717,2019-10-07,2019-10-08,5570.0,2019-10-31,6700.0,20.28725314183124,max15_next_open,15
7717,2022-06-24,2022-06-27,2844.0,2022-07-01,2758.68,-3.0000000000000027,stop_-3%,4
7717,2024-04-09,2024-04-10,2541.0,2024-04-18,2548.0,0.2754820936639035,strict_gakutto_next_open,6
7717,2024-04-24,2024-04-25,2546.0,2024-05-07,2563.0,0.6677140612725951,strict_gakutto_next_open,5
7717,2024-07-03,2024-07-04,3265.0,2024-07-04,3167.0499999999997,-3.0000000000000138,stop_-3%,0
7717,2025-12-22,2025-12-23,2964.0,2026-01-05,3040.0,2.564102564102555,strict_gakutto_next_open,6
7721,2019-03-22,2019-03-25,1127.0,2019-04-01,1127.0,0.0,strict_gakutto_next_open,5
7721,2022-05-06,2022-05-09,1180.0,2022-05-10,1144.6,-3.0000000000000027,stop_-3%,1
7721,2023-10-31,2023-11-01,1493.0,2023-11-21,1632.0,9.310113864701952,strict_gakutto_next_open,13
7721,2025-02-06,2025-02-07,3160.0,2025-02-25,3065.2,-3.0000000000000027,stop_-3%,10
7723,2017-12-15,2017-12-18,1483.3,2017-12-27,1500.0,1.1258679970336471,strict_gakutto_next_open,7
7723,2018-04-02,2018-04-03,1403.3,2018-04-06,1361.201,-2.9999999999999916,stop_-3%,3
7723,2018-12-13,2018-12-14,1308.3,2018-12-21,1278.3,-2.2930520522815856,strict_gakutto_next_open,5
7723,2023-12-20,2023-12-21,2302.0,2024-01-17,2468.0,7.21112076455257,max15_next_open,15
7723,2024-07-11,2024-07-12,2293.0,2024-07-24,2224.21,-3.0000000000000027,stop_-3%,7
7725,2020-09-02,2020-09-03,1802.0,2020-09-04,1747.94,-2.9999999999999916,stop_-3%,1
7725,2022-12-27,2022-12-28,1480.0,2023-01-16,1450.0,-2.0270270270270285,strict_gakutto_next_open,10
7725,2025-08-27,2025-08-28,1401.0,2025-09-02,1358.97,-3.0000000000000027,stop_-3%,3
7725,2025-09-08,2025-09-09,1403.0,2025-09-29,1500.0,6.913756236635771,strict_gakutto_next_open,12
7725,2025-11-26,2025-11-27,1366.0,2025-12-01,1354.0,-0.8784773060029227,strict_gakutto_next_open,2
7729,2021-02-02,2021-02-03,5190.0,2021-02-03,5034.3,-2.9999999999999916,stop_-3%,0
7729,2021-03-05,2021-03-08,4820.0,2021-03-08,4675.4,-3.0000000000000027,stop_-3%,0
7729,2021-07-12,2021-07-13,4880.0,2021-07-14,4730.0,-3.0737704918032738,stop_gap,1
7729,2023-10-27,2023-10-30,7230.0,2023-10-31,7013.099999999999,-3.0000000000000027,stop_-3%,1
7729,2023-12-13,2023-12-14,8500.0,2023-12-21,8245.0,-3.0000000000000027,stop_-3%,5
7730,2023-10-05,2023-10-06,1874.5,2023-10-27,2035.5,8.588957055214719,strict_gakutto_next_open,14
7731,2017-07-06,2017-07-07,1853.0,2017-07-18,1841.0,-0.6475984889368624,strict_gakutto_next_open,6
7731,2018-01-23,2018-01-24,2270.0,2018-01-26,2201.9,-2.9999999999999916,stop_-3%,2
7731,2022-02-01,2022-02-02,1236.0,2022-02-21,1282.0,3.721682847896446,strict_gakutto_next_open,12
7733,2017-06-16,2017-06-19,1002.5,2017-07-05,1016.3,1.3765586034912625,strict_gakutto_next_open,12
7733,2018-01-23,2018-01-24,1083.8,2018-01-31,1065.0,-1.7346373869717602,strict_gakutto_next_open,5
7733,2020-12-18,2020-12-21,2285.0,2020-12-22,2216.45,-3.0000000000000027,stop_-3%,1
7733,2021-08-19,2021-08-20,2280.0,2021-08-30,2268.5,-0.5043859649122795,strict_gakutto_next_open,6
7733,2023-06-02,2023-06-05,2230.0,2023-06-06,2163.1,-3.0000000000000027,stop_-3%,1
7734,2019-08-30,2019-09-02,899.5,2019-09-25,1068.0,18.732629238465815,max15_next_open,15
7734,2020-08-25,2020-08-26,1242.0,2020-09-02,1248.0,0.48309178743961567,strict_gakutto_next_open,5
7734,2023-08-09,2023-08-10,2580.0,2023-08-10,2502.6,-3.0000000000000027,stop_-3%,0
7734,2023-11-17,2023-11-20,3160.0,2023-11-20,3065.2,-3.0000000000000027,stop_-3%,0
7734,2024-09-13,2024-09-17,3920.0,2024-10-01,3802.4,-3.0000000000000027,stop_-3%,9
7734,2026-07-27,2026-07-28,3370.0,2026-07-29,3268.9,-3.0000000000000027,stop_-3%,1
7735,2019-02-25,2019-02-26,1198.8,2019-02-28,1162.836,-2.9999999999999916,stop_-3%,2
7735,2020-10-28,2020-10-29,1437.5,2020-11-02,1417.5,-1.3913043478260834,strict_gakutto_next_open,2
7735,2021-03-12,2021-03-15,2105.0,2021-04-05,2715.0,28.97862232779098,max15_next_open,15
7735,2021-12-07,2021-12-08,2985.0,2021-12-20,2895.45,-3.0000000000000027,stop_-3%,8
7735,2025-09-08,2025-09-09,5695.0,2025-10-02,7017.5,23.222124670763833,max15_next_open,15
7735,2025-12-22,2025-12-23,6670.0,2026-01-19,8850.0,32.68365817091454,max15_next_open,15
7740,2021-07-21,2021-07-26,313.1,2021-08-05,334.1,6.707122325135728,strict_gakutto_next_open,8
7740,2026-07-10,2026-07-13,1144.0,2026-07-21,1130.0,-1.2237762237762184,strict_gakutto_next_open,5
7741,2025-07-08,2025-07-09,17285.0,2025-07-23,18060.0,4.483656349435927,strict_gakutto_next_open,9
7741,2026-07-31,2026-08-03,24175.0,2026-08-20,25820.0,6.804550155118916,strict_gakutto_next_open,12
7744,2016-11-30,2016-12-01,263.7,2016-12-02,255.789,-3.0000000000000027,stop_-3%,1
7744,2017-06-16,2017-06-19,310.7,2017-07-05,321.7,3.540392661731584,strict_gakutto_next_open,12
7744,2023-03-29,2023-03-30,728.0,2023-04-20,735.0,0.9615384615384581,strict_gakutto_next_open,15
7744,2023-12-20,2023-12-21,978.0,2024-01-17,1038.3,6.165644171779139,strict_gakutto_next_open,15
7744,2026-04-30,2026-05-01,2075.0,2026-05-08,2012.75,-3.0000000000000027,stop_-3%,2
7745,2017-01-04,2017-01-05,480.0,2017-01-13,475.0,-1.041666666666663,strict_gakutto_next_open,5
7745,2020-11-05,2020-11-06,645.0,2020-11-26,891.0,38.13953488372093,strict_gakutto_next_open,13
7745,2022-12-29,2022-12-30,1018.0,2023-01-05,988.0,-2.946954813359526,strict_gakutto_next_open,2
7745,2023-05-15,2023-05-16,1380.0,2023-05-18,1338.6,-3.0000000000000027,stop_-3%,2
7745,2023-06-29,2023-06-30,1732.0,2023-07-11,1798.0,3.8106235565819935,strict_gakutto_next_open,7
7747,2017-09-28,2017-09-29,1462.5,2017-10-23,1555.0,6.3247863247863245,max15_next_open,15
7747,2021-11-12,2021-11-15,2750.0,2021-11-26,2667.5,-3.0000000000000027,stop_-3%,8
7747,2022-08-31,2022-09-01,2471.0,2022-09-02,2396.87,-3.0000000000000027,stop_-3%,1
7747,2024-02-26,2024-02-27,2910.0,2024-03-19,2862.0,-1.6494845360824795,max15_next_open,15
7747,2024-07-08,2024-07-09,2241.0,2024-07-24,2405.0,7.318161535029,strict_gakutto_next_open,10
7751,2020-02-26,2020-02-27,2821.5,2020-02-28,2719.5,-3.61509835194046,stop_gap,1
7751,2020-09-28,2020-09-29,1781.0,2020-10-02,1721.0,-3.3688938798427825,stop_gap,2
7751,2020-10-21,2020-10-22,1675.5,2020-11-05,1800.0,7.430617726051936,strict_gakutto_next_open,9
7751,2022-09-08,2022-09-09,3291.0,2022-09-21,3300.0,0.27347310847767314,strict_gakutto_next_open,7
7752,2018-12-13,2018-12-14,1100.0,2018-12-20,1067.0,-3.0000000000000027,stop_-3%,4
7752,2022-09-08,2022-09-09,1090.0,2022-09-22,1107.0,1.559633027522933,strict_gakutto_next_open,8
7752,2023-10-27,2023-10-30,1210.0,2023-10-30,1173.7,-2.9999999999999916,stop_-3%,0
7762,2020-09-11,2020-09-14,327.0,2020-09-17,316.0,-3.3639143730886834,stop_gap,3
7762,2024-07-31,2024-08-01,1010.0,2024-08-01,979.6999999999999,-3.0000000000000027,stop_-3%,0
7769,2016-11-16,2016-11-17,1790.0,2016-12-05,1830.0,2.2346368715083775,strict_gakutto_next_open,11
7769,2017-03-28,2017-03-29,1900.0,2017-04-10,1843.0,-3.0000000000000027,stop_-3%,8
7769,2017-11-20,2017-11-21,2345.0,2017-12-05,2332.0,-0.5543710021321924,strict_gakutto_next_open,9
7769,2018-10-30,2018-10-31,2019.0,2018-11-07,1956.0,-3.1203566121842496,strict_gakutto_next_open,5
7769,2019-02-21,2019-02-22,1697.0,2019-02-25,1646.09,-3.0000000000000027,stop_-3%,1
7769,2019-06-05,2019-06-06,1291.0,2019-06-07,1227.0,-4.957397366382654,stop_gap,1
7769,2021-12-24,2021-12-27,1237.0,2021-12-27,1199.8899999999999,-3.0000000000000138,stop_-3%,0
7769,2026-06-15,2026-06-16,3660.0,2026-06-25,3725.0,1.775956284153013,strict_gakutto_next_open,7
7780,2017-06-15,2017-06-16,877.5,2017-07-05,882.5,0.5698005698005604,strict_gakutto_next_open,13
7780,2017-12-27,2017-12-28,1610.0,2017-12-28,1561.7,-3.0000000000000027,stop_-3%,0
7780,2019-09-19,2019-09-20,1965.0,2019-09-27,1906.05,-3.0000000000000027,stop_-3%,4
7780,2020-07-17,2020-07-20,2635.0,2020-07-27,2555.0,-3.0360531309297945,stop_gap,3
7780,2024-12-27,2024-12-30,1440.0,2024-12-30,1396.8,-3.0000000000000027,stop_-3%,0
7818,2019-02-20,2019-02-21,362.0,2019-03-11,363.0,0.2762430939226457,strict_gakutto_next_open,12
7818,2019-09-03,2019-09-04,523.0,2019-09-11,519.0,-0.7648183556405397,strict_gakutto_next_open,5
7818,2023-12-20,2023-12-21,1073.5,2023-12-26,1041.295,-2.9999999999999916,stop_-3%,3
7818,2025-11-06,2025-11-07,1042.0,2025-11-19,1058.0,1.5355086372360827,strict_gakutto_next_open,8
7820,2019-03-15,2019-03-18,977.5,2019-03-25,948.175,-3.0000000000000027,stop_-3%,4
7820,2024-12-26,2024-12-27,811.0,2025-01-09,802.0,-1.1097410604192337,strict_gakutto_next_open,5
7821,2019-06-10,2019-06-11,966.5,2019-06-19,965.0,-0.15519917227108104,strict_gakutto_next_open,6
7821,2021-09-03,2021-09-06,1685.0,2021-09-22,1722.5,2.2255192878338326,strict_gakutto_next_open,11
7821,2022-11-11,2022-11-14,1482.5,2022-11-25,1737.5,17.200674536256333,strict_gakutto_next_open,8
7821,2023-12-06,2023-12-07,1496.5,2023-12-18,1480.0,-1.1025726695623073,strict_gakutto_next_open,7
7821,2024-02-13,2024-02-14,1575.0,2024-03-05,1720.0,9.206349206349195,strict_gakutto_next_open,13
7821,2024-11-15,2024-11-18,1815.0,2024-11-26,1877.0,3.4159779614325148,strict_gakutto_next_open,6
7821,2025-12-15,2025-12-16,2014.0,2025-12-17,1953.58,-3.0000000000000027,stop_-3%,1
7821,2026-04-28,2026-04-30,1850.0,2026-05-08,1794.5,-3.0000000000000027,stop_-3%,3
7826,2018-03-30,2018-04-02,1833.3,2018-04-03,1776.7,-3.0873288605247295,stop_gap,1
7826,2020-10-29,2020-10-30,2063.3,2020-10-30,2001.401,-3.0000000000000027,stop_-3%,0
7826,2021-07-09,2021-07-12,2393.3,2021-07-16,2320.0,-3.0627167509296838,stop_gap,4
7826,2025-02-06,2025-02-07,3285.0,2025-02-12,3130.0,-4.718417047184175,stop_gap,2
7832,2017-09-26,2017-09-27,1250.0,2017-10-19,1293.3,3.4640000000000004,max15_next_open,15
7832,2021-05-18,2021-05-19,2587.3,2021-06-09,2640.0,2.036872415259139,max15_next_open,15
7832,2025-06-04,2025-06-05,4675.0,2025-06-12,4620.0,-1.17647058823529,strict_gakutto_next_open,5
7839,2017-01-04,2017-01-05,546.0,2017-01-16,532.5,-2.472527472527475,strict_gakutto_next_open,6
7839,2023-07-13,2023-07-14,2590.0,2023-07-19,2572.0,-0.6949806949806958,strict_gakutto_next_open,2
7839,2024-06-25,2024-06-26,2019.0,2024-06-28,1958.4299999999998,-3.0000000000000027,stop_-3%,2
7840,2024-07-31,2024-08-01,1196.0,2024-08-02,1160.12,-3.0000000000000138,stop_-3%,1
7844,2018-10-30,2018-10-31,860.0,2018-11-21,863.0,0.34883720930232176,max15_next_open,15
7846,2016-11-16,2016-11-17,1516.7,2016-12-05,1538.3,1.424144524296156,strict_gakutto_next_open,11
7846,2017-03-01,2017-03-02,1536.7,2017-03-24,1521.7,-0.9761176547146477,max15_next_open,15
7846,2017-11-30,2017-12-01,1806.7,2017-12-15,1786.7,-1.1069906459290402,strict_gakutto_next_open,10
7846,2018-04-18,2018-04-19,2006.7,2018-04-24,1976.7,-1.4949917775452182,strict_gakutto_next_open,3
7846,2018-10-22,2018-10-23,2166.7,2018-10-24,2100.0,-3.078414178243405,stop_gap,1
7846,2019-07-23,2019-07-24,1376.7,2019-08-02,1333.3,-3.1524660419844586,stop_gap,7
7846,2022-06-28,2022-06-29,1611.7,2022-07-04,1618.3,0.40950549109635137,strict_gakutto_next_open,3
7846,2022-12-26,2022-12-27,1631.7,2023-01-04,1582.749,-3.0000000000000027,stop_-3%,4
7856,2019-08-29,2019-08-30,1346.0,2019-09-24,1522.0,13.075780089153044,max15_next_open,15
7856,2020-01-20,2020-01-21,1705.0,2020-01-27,1651.0,-3.1671554252199363,stop_gap,4
7856,2020-07-06,2020-07-07,1476.0,2020-07-09,1431.72,-3.0000000000000027,stop_-3%,2
7856,2020-11-06,2020-11-09,1600.0,2020-11-13,1552.0,-3.0000000000000027,stop_-3%,4
7856,2022-05-06,2022-05-09,1070.0,2022-05-12,1037.8999999999999,-3.0000000000000138,stop_-3%,3
7860,2018-07-09,2018-07-10,1511.0,2018-07-11,1465.67,-2.9999999999999916,stop_-3%,1
7860,2019-07-02,2019-07-03,1407.0,2019-07-10,1404.0,-0.2132196162046962,strict_gakutto_next_open,5
7860,2020-12-07,2020-12-08,991.0,2020-12-21,996.0,0.5045408678102881,strict_gakutto_next_open,9
7860,2024-03-08,2024-03-11,1300.0,2024-03-18,1300.0,0.0,strict_gakutto_next_open,5
7860,2025-11-21,2025-11-25,1235.0,2025-11-25,1197.95,-2.9999999999999916,stop_-3%,0
7864,2018-03-08,2018-03-09,3545.0,2018-03-23,3438.65,-3.0000000000000027,stop_-3%,9
7864,2018-09-13,2018-09-14,3975.0,2018-09-20,3855.75,-3.0000000000000027,stop_-3%,3
7864,2020-07-15,2020-07-16,2040.0,2020-07-17,1978.8,-3.0000000000000027,stop_-3%,1
7864,2021-01-08,2021-01-12,2008.0,2021-01-18,1954.0,-2.689243027888444,strict_gakutto_next_open,4
7867,2017-02-23,2017-02-24,1232.0,2017-02-27,1192.0,-3.2467532467532423,stop_gap,1
7867,2017-09-26,2017-09-27,1470.0,2017-10-19,1820.0,23.809523809523814,strict_gakutto_next_open,15
7867,2019-02-25,2019-02-26,1135.0,2019-03-06,1138.0,0.2643171806167466,strict_gakutto_next_open,6
7867,2020-08-04,2020-08-05,840.0,2020-08-19,855.0,1.7857142857142794,strict_gakutto_next_open,9
7867,2022-06-21,2022-06-22,1320.0,2022-07-13,1430.0,8.333333333333325,max15_next_open,15
7867,2024-02-21,2024-02-22,2410.5,2024-03-15,2750.0,14.084214893175684,max15_next_open,15
7867,2024-11-27,2024-11-28,4130.0,2024-12-11,4338.0,5.036319612590789,strict_gakutto_next_open,9
7868,2018-06-07,2018-06-08,108.4,2018-06-12,108.6,0.18450184501843658,strict_gakutto_next_open,2
7868,2021-05-06,2021-05-07,202.8,2021-05-13,196.716,-3.0000000000000027,stop_-3%,4
7868,2025-02-28,2025-03-03,505.0,2025-03-11,518.0,2.5742574257425765,strict_gakutto_next_open,6
7868,2025-12-18,2025-12-19,450.0,2026-01-05,457.0,1.5555555555555545,strict_gakutto_next_open,8
7874,2019-07-01,2019-07-02,1200.0,2019-07-12,1210.0,0.8333333333333304,strict_gakutto_next_open,8
7874,2024-04-11,2024-04-12,1150.0,2024-04-19,1115.5,-3.0000000000000027,stop_-3%,5
7874,2024-10-29,2024-10-30,1308.0,2024-11-05,1268.76,-3.0000000000000027,stop_-3%,3
7888,2022-07-11,2022-07-12,337.0,2022-07-12,326.89,-3.0000000000000027,stop_-3%,0
7888,2023-08-10,2023-08-14,629.0,2023-09-04,707.0,12.400635930047699,max15_next_open,15
7888,2024-02-22,2024-02-26,662.0,2024-03-14,669.0,1.0574018126888296,strict_gakutto_next_open,13
7893,2017-04-05,2017-04-06,1286.0,2017-04-17,1300.0,1.0886469673405896,strict_gakutto_next_open,7
7893,2018-07-17,2018-07-18,1289.0,2018-08-08,1241.0,-3.723816912335143,max15_next_open,15
7893,2018-11-21,2018-11-22,1069.0,2018-12-06,1106.0,3.4611786716557624,strict_gakutto_next_open,9
7893,2020-01-21,2020-01-22,1250.0,2020-01-28,1212.5,-3.0000000000000027,stop_-3%,4
7893,2020-02-06,2020-02-07,1208.0,2020-02-18,1171.76,-3.0000000000000027,stop_-3%,6
7893,2022-03-10,2022-03-11,1030.0,2022-03-29,1106.0,7.37864077669903,strict_gakutto_next_open,11
7911,2022-09-05,2022-09-06,2240.0,2022-09-16,2218.0,-0.9821428571428537,strict_gakutto_next_open,8
7912,2019-07-02,2019-07-03,1180.0,2019-07-09,1170.0,-0.8474576271186418,strict_gakutto_next_open,4
7912,2023-10-10,2023-10-11,1965.0,2023-10-18,1954.5,-0.5343511450381699,strict_gakutto_next_open,5
7912,2024-10-28,2024-10-29,2603.5,2024-11-13,2668.5,2.4966391396197496,strict_gakutto_next_open,10
7914,2017-06-16,2017-06-19,965.0,2017-07-03,955.0,-1.0362694300518172,strict_gakutto_next_open,10
7914,2019-08-30,2019-09-02,679.5,2019-09-05,661.8,-2.6048565121412848,strict_gakutto_next_open,3
7914,2020-07-15,2020-07-16,693.5,2020-07-22,672.6949999999999,-3.0000000000000138,stop_-3%,4
7914,2022-12-29,2022-12-30,691.5,2023-01-11,685.5,-0.8676789587852451,strict_gakutto_next_open,5
7914,2024-12-11,2024-12-12,1023.8,2024-12-17,993.0859999999999,-3.0000000000000027,stop_-3%,3
7914,2026-04-30,2026-05-01,1531.0,2026-05-14,1485.07,-3.0000000000000027,stop_-3%,6
7915,2017-07-14,2017-07-18,3030.0,2017-07-24,2939.1,-3.0000000000000027,stop_-3%,4
7915,2017-09-13,2017-09-14,3000.0,2017-09-15,2910.0,-3.0000000000000027,stop_-3%,1
7915,2019-12-27,2019-12-30,1125.0,2020-01-06,1091.25,-3.0000000000000027,stop_-3%,1
7915,2022-11-18,2022-11-21,1774.0,2022-12-01,1780.0,0.33821871476888976,strict_gakutto_next_open,7
7915,2022-12-28,2022-12-29,1801.0,2023-01-17,1800.0,-0.05552470849528035,strict_gakutto_next_open,10
7915,2023-09-27,2023-09-28,1697.0,2023-10-02,1680.0,-1.00176782557454,strict_gakutto_next_open,2
7915,2024-10-28,2024-10-29,1853.0,2024-11-11,1797.4099999999999,-3.0000000000000027,stop_-3%,8
7915,2025-08-15,2025-08-18,1330.0,2025-09-08,1480.0,11.2781954887218,max15_next_open,15
7915,2026-05-07,2026-05-08,1300.0,2026-05-29,1656.0,27.384615384615387,max15_next_open,15
7917,2018-08-09,2018-08-10,933.8,2018-08-10,905.786,-3.0000000000000027,stop_-3%,0
7917,2022-06-24,2022-06-27,886.3,2022-06-30,859.7109999999999,-3.0000000000000027,stop_-3%,3
7917,2022-08-05,2022-08-08,887.5,2022-08-30,880.0,-0.8450704225352101,max15_next_open,15
7917,2022-10-04,2022-10-05,838.8,2022-10-11,808.8,-3.576537911301858,stop_gap,3
7917,2023-08-23,2023-08-24,908.8,2023-09-14,978.8,7.702464788732399,strict_gakutto_next_open,15
7917,2024-04-26,2024-04-30,1055.0,2024-05-13,1047.5,-0.7109004739336511,strict_gakutto_next_open,7
7917,2024-06-25,2024-06-26,1057.5,2024-07-03,1037.5,-1.891252955082745,strict_gakutto_next_open,5
7921,2018-06-28,2018-06-29,1836.0,2018-07-13,1895.0,3.213507625272327,strict_gakutto_next_open,10
7921,2018-12-12,2018-12-13,1804.0,2018-12-19,1749.8799999999999,-3.0000000000000027,stop_-3%,4
7921,2020-07-06,2020-07-07,1880.0,2020-07-17,2087.0,11.010638297872344,strict_gakutto_next_open,8
7921,2021-10-08,2021-10-11,1769.0,2021-10-18,1770.0,0.056529112492942346,strict_gakutto_next_open,5
7921,2022-12-08,2022-12-09,2153.0,2022-12-20,2088.41,-3.0000000000000027,stop_-3%,7
7921,2024-03-08,2024-03-11,2775.0,2024-03-14,2752.0,-0.8288288288288315,strict_gakutto_next_open,3
7931,2020-02-06,2020-02-07,2153.0,2020-02-17,2110.0,-1.9972131908964186,strict_gakutto_next_open,5
7931,2020-11-05,2020-11-06,1940.0,2020-11-16,1904.0,-1.855670103092788,strict_gakutto_next_open,6
7931,2022-03-10,2022-03-11,1497.0,2022-04-01,1571.0,4.943219772879082,strict_gakutto_next_open,14
7931,2024-05-10,2024-05-13,3895.0,2024-05-15,3935.0,1.0269576379974277,strict_gakutto_next_open,2
7931,2025-06-20,2025-06-23,3400.0,2025-07-08,3415.0,0.4411764705882337,strict_gakutto_next_open,11
7936,2017-01-04,2017-01-05,600.0,2017-01-10,582.0,-3.0000000000000027,stop_-3%,2
7936,2021-09-02,2021-09-03,598.8,2021-09-17,648.3,8.266533066132276,strict_gakutto_next_open,10
7936,2022-09-08,2022-09-09,630.0,2022-09-22,630.0,0.0,strict_gakutto_next_open,8
7936,2025-03-06,2025-03-07,3268.0,2025-03-10,3122.0,-4.467564259485924,stop_gap,1
7936,2025-06-24,2025-06-25,3520.0,2025-07-14,3622.0,2.8977272727272796,strict_gakutto_next_open,13
7942,2017-02-10,2017-02-13,2580.0,2017-03-06,2730.0,5.813953488372103,max15_next_open,15
7942,2018-03-27,2018-03-28,3230.0,2018-04-18,3395.0,5.108359133126927,max15_next_open,15
7942,2019-10-08,2019-10-09,1781.0,2019-10-25,1850.0,3.874227961819199,strict_gakutto_next_open,10
7942,2022-10-04,2022-10-05,1451.0,2022-10-18,1465.0,0.9648518263266626,strict_gakutto_next_open,8
7942,2026-04-07,2026-04-08,2379.0,2026-04-20,2458.0,3.3207229928541304,strict_gakutto_next_open,8
7943,2017-04-18,2017-04-19,3220.0,2017-05-15,3690.0,14.596273291925478,max15_next_open,15
7943,2021-08-25,2021-08-26,2999.0,2021-09-16,3530.0,17.705901967322447,max15_next_open,15
7943,2026-05-07,2026-05-08,3195.0,2026-05-14,3099.15,-3.0000000000000027,stop_-3%,4
7944,2022-07-20,2022-07-21,4150.0,2022-08-01,4295.0,3.4939759036144658,strict_gakutto_next_open,7
7947,2018-05-28,2018-05-29,3275.0,2018-05-30,3176.75,-3.0000000000000027,stop_-3%,1
7947,2018-06-27,2018-06-28,3120.0,2018-06-28,3026.4,-2.9999999999999916,stop_-3%,0
7947,2018-08-08,2018-08-09,3105.0,2018-08-16,3030.0,-2.4154589371980673,strict_gakutto_next_open,5
7947,2018-08-22,2018-08-23,3160.0,2018-09-13,3330.0,5.379746835443044,max15_next_open,15
7947,2022-05-10,2022-05-11,2817.0,2022-05-12,2673.0,-5.111821086261981,stop_gap,1
7947,2022-09-08,2022-09-09,3380.0,2022-09-16,3325.0,-1.6272189349112454,strict_gakutto_next_open,5
7947,2023-01-23,2023-01-24,3530.0,2023-01-25,3420.0,-3.116147308781869,stop_gap,1
7947,2024-04-10,2024-04-11,2737.0,2024-04-17,2654.89,-3.0000000000000027,stop_-3%,4
7947,2025-01-16,2025-01-17,2779.0,2025-02-07,2929.0,5.397625044980203,strict_gakutto_next_open,15
7947,2025-04-04,2025-04-07,2785.0,2025-04-25,3040.0,9.156193895870747,strict_gakutto_next_open,14
7949,2020-07-30,2020-07-31,850.0,2020-08-19,876.5,3.117647058823536,strict_gakutto_next_open,12
7949,2021-04-13,2021-04-14,992.5,2021-04-22,978.5,-1.4105793450881587,strict_gakutto_next_open,6
7951,2019-09-05,2019-09-06,1533.3,2019-10-01,1611.7,5.113154633796402,max15_next_open,15
7951,2020-09-11,2020-09-14,1693.3,2020-09-25,1642.501,-3.0000000000000027,stop_-3%,7
7951,2022-06-24,2022-06-27,1830.0,2022-07-12,1870.0,2.1857923497267784,strict_gakutto_next_open,11
7951,2024-07-09,2024-07-10,1226.7,2024-07-16,1199.0,-2.258090812749658,strict_gakutto_next_open,3
7951,2025-02-26,2025-02-27,1113.5,2025-03-21,1249.0,12.16883700044904,max15_next_open,15
7952,2022-11-24,2022-11-25,2660.0,2022-11-30,2580.2,-3.0000000000000027,stop_-3%,3
7952,2025-07-23,2025-07-24,2646.0,2025-07-31,2620.0,-0.9826152683295564,strict_gakutto_next_open,5
7952,2026-06-15,2026-06-16,3195.0,2026-06-30,3210.0,0.46948356807512415,strict_gakutto_next_open,10
7955,2021-01-28,2021-01-29,467.0,2021-02-01,452.99,-3.0000000000000027,stop_-3%,1
7955,2021-12-03,2021-12-06,522.0,2021-12-15,530.0,1.5325670498084198,strict_gakutto_next_open,7
7955,2022-10-04,2022-10-05,594.0,2022-10-14,597.0,0.5050505050504972,strict_gakutto_next_open,6
7955,2024-07-31,2024-08-01,731.0,2024-08-02,701.0,-4.103967168262656,stop_gap,1
7955,2025-11-06,2025-11-07,779.0,2025-11-19,796.0,2.1822849807445532,strict_gakutto_next_open,8
7955,2026-05-22,2026-05-25,904.0,2026-06-02,886.0,-1.9911504424778736,strict_gakutto_next_open,6
7956,2019-04-09,2019-04-10,4475.0,2019-04-12,4340.75,-3.0000000000000027,stop_-3%,2
7956,2022-01-04,2022-01-05,2301.0,2022-01-13,2225.0,-3.302911777488049,stop_gap,5
7956,2023-06-02,2023-06-05,2098.5,2023-06-16,2046.5,-2.4779604479390094,strict_gakutto_next_open,9
7956,2024-07-09,2024-07-10,1460.0,2024-07-24,1499.5,2.705479452054793,strict_gakutto_next_open,9
7965,2017-09-29,2017-10-02,1079.0,2017-10-03,1035.0,-4.077849860982397,stop_gap,1
7965,2017-11-22,2017-11-24,1031.0,2017-12-04,1035.0,0.38797284190106307,strict_gakutto_next_open,6
7965,2019-03-29,2019-04-01,1157.0,2019-04-01,1122.29,-3.0000000000000027,stop_-3%,0
7965,2021-03-05,2021-03-08,1799.0,2021-03-25,1941.0,7.8932740411339575,strict_gakutto_next_open,13
7965,2021-08-02,2021-08-03,1572.0,2021-08-11,1570.0,-0.12722646310432406,strict_gakutto_next_open,5
7965,2022-09-08,2022-09-09,1610.0,2022-09-22,1561.7,-3.0000000000000027,stop_-3%,8
7965,2023-09-27,2023-09-28,1798.0,2023-10-03,1621.0,-9.844271412680762,stop_gap,3
7966,2023-10-05,2023-10-06,2421.5,2023-10-27,2490.5,2.8494734668593757,strict_gakutto_next_open,14
7970,2023-10-10,2023-10-11,1334.0,2023-10-24,1293.98,-3.0000000000000027,stop_-3%,9
7970,2023-10-27,2023-10-30,1327.0,2023-11-14,1390.0,4.7475508666164234,strict_gakutto_next_open,10
7970,2024-12-19,2024-12-20,1624.0,2025-01-07,1632.0,0.49261083743843415,strict_gakutto_next_open,8
7970,2025-10-31,2025-11-04,1933.0,2025-11-05,1875.01,-3.0000000000000027,stop_-3%,1
7972,2019-08-30,2019-09-02,412.0,2019-09-05,406.0,-1.4563106796116498,strict_gakutto_next_open,3
7972,2025-09-03,2025-09-04,2403.0,2025-09-29,2573.0,7.074490220557639,max15_next_open,15
7974,2019-08-14,2019-08-15,3900.0,2019-08-27,4020.0,3.076923076923066,strict_gakutto_next_open,8
7974,2025-09-08,2025-09-09,14000.0,2025-09-10,13580.0,-3.0000000000000027,stop_-3%,1
7976,2017-04-25,2017-04-26,2805.0,2017-05-22,3335.0,18.894830659536545,max15_next_open,15
7976,2020-02-25,2020-02-26,1518.0,2020-03-02,1459.0,-3.886693017127796,stop_gap,3
7976,2022-09-29,2022-09-30,1420.0,2022-10-03,1377.3999999999999,-3.0000000000000138,stop_-3%,1
7976,2025-11-05,2025-11-06,2225.0,2025-11-07,2158.25,-3.0000000000000027,stop_-3%,1
7979,2023-07-13,2023-07-14,1141.5,2023-07-14,1107.2549999999999,-3.0000000000000138,stop_-3%,0
7979,2023-10-10,2023-10-11,1098.5,2023-11-01,1253.0,14.064633591260801,max15_next_open,15
7979,2024-04-22,2024-04-23,1475.0,2024-05-15,1585.0,7.457627118644061,strict_gakutto_next_open,13
7979,2025-09-08,2025-09-09,1998.0,2025-09-17,1938.06,-3.0000000000000027,stop_-3%,5
7981,2017-03-28,2017-03-29,1858.0,2017-03-31,1809.0,-2.6372443487621133,strict_gakutto_next_open,2
7981,2017-06-02,2017-06-05,1887.0,2017-06-09,1843.0,-2.3317435082141014,strict_gakutto_next_open,4
7981,2020-05-26,2020-05-27,1552.0,2020-06-05,1554.0,0.12886597938144284,strict_gakutto_next_open,7
7981,2020-09-11,2020-09-14,1357.0,2020-09-28,1430.0,5.37951363301401,strict_gakutto_next_open,8
7981,2021-02-02,2021-02-03,1674.0,2021-02-03,1623.78,-3.0000000000000027,stop_-3%,0
7981,2022-05-30,2022-05-31,1250.0,2022-06-21,1225.0,-2.0000000000000018,max15_next_open,15
7981,2024-07-31,2024-08-01,1735.0,2024-08-01,1682.95,-3.0000000000000027,stop_-3%,0
7984,2017-02-13,2017-02-14,349.8,2017-03-07,367.5,5.060034305317318,max15_next_open,15
7984,2024-02-14,2024-02-15,598.8,2024-02-28,605.3,1.0855043420173738,strict_gakutto_next_open,8
7988,2018-06-04,2018-06-05,3925.0,2018-06-13,3925.0,0.0,strict_gakutto_next_open,6
7988,2018-09-13,2018-09-14,3025.0,2018-09-28,3070.0,1.4876033057851235,strict_gakutto_next_open,8
7988,2019-07-01,2019-07-02,2738.0,2019-07-09,2730.0,-0.29218407596786067,strict_gakutto_next_open,5
7988,2022-08-05,2022-08-08,3190.0,2022-08-23,3240.0,1.5673981191222541,strict_gakutto_next_open,10
7988,2026-06-15,2026-06-16,4371.0,2026-07-07,5250.0,20.10981468771449,max15_next_open,15
7989,2017-01-19,2017-01-20,890.0,2017-02-03,908.0,2.0224719101123556,strict_gakutto_next_open,10
7989,2018-07-23,2018-07-24,1397.0,2018-08-01,1377.0,-1.431639226914816,strict_gakutto_next_open,6
7989,2020-08-04,2020-08-05,1201.0,2020-08-07,1200.0,-0.08326394671107629,strict_gakutto_next_open,2
7989,2021-02-02,2021-02-03,1299.0,2021-02-05,1289.0,-0.7698229407236301,strict_gakutto_next_open,2
7989,2021-02-26,2021-03-01,1293.0,2021-03-22,1468.0,13.534416086620272,max15_next_open,15
7989,2021-08-12,2021-08-13,1317.0,2021-08-19,1300.0,-1.2908124525436548,strict_gakutto_next_open,4
7989,2022-08-12,2022-08-15,1101.0,2022-08-22,1088.0,-1.180744777475018,strict_gakutto_next_open,5
7989,2025-03-03,2025-03-04,1450.0,2025-03-26,1507.0,3.931034482758622,max15_next_open,15
7990,2016-11-14,2016-11-15,898.0,2016-12-07,940.5,4.732739420935417,max15_next_open,15
7990,2019-02-01,2019-02-04,1252.0,2019-02-12,1213.0,-3.1150159744408934,strict_gakutto_next_open,5
7990,2019-06-07,2019-06-10,1682.5,2019-06-18,1685.0,0.14858841010401136,strict_gakutto_next_open,6
7994,2017-07-14,2017-07-18,1050.0,2017-08-03,1125.0,7.14285714285714,strict_gakutto_next_open,12
7994,2019-05-08,2019-05-09,1054.0,2019-05-24,1079.0,2.371916508538896,strict_gakutto_next_open,11
7994,2019-06-19,2019-06-20,1052.0,2019-06-24,1047.0,-0.47528517110265733,strict_gakutto_next_open,2
7994,2019-08-30,2019-09-02,1038.0,2019-09-18,1098.0,5.780346820809257,strict_gakutto_next_open,11
7994,2020-02-06,2020-02-07,1075.0,2020-02-14,1054.0,-1.9534883720930263,strict_gakutto_next_open,4
7994,2020-10-19,2020-10-20,730.0,2020-10-28,708.1,-2.9999999999999916,stop_-3%,6
7994,2022-12-27,2022-12-28,1390.0,2023-01-11,1411.0,1.5107913669064832,strict_gakutto_next_open,7
7994,2024-06-14,2024-06-17,2202.0,2024-06-17,2135.94,-3.0000000000000027,stop_-3%,0
7995,2020-06-30,2020-07-01,1955.0,2020-07-08,1919.0,-1.8414322250639437,strict_gakutto_next_open,5
7995,2022-10-18,2022-10-19,2594.0,2022-10-24,2602.0,0.30840400925211675,strict_gakutto_next_open,3
7995,2023-05-25,2023-05-26,3470.0,2023-06-16,3875.0,11.671469740633999,max15_next_open,15
7995,2023-10-12,2023-10-13,4125.0,2023-10-17,4001.25,-3.0000000000000027,stop_-3%,2
8001,2022-05-06,2022-05-09,785.6,2022-05-10,754.0,-4.022403258655805,stop_gap,1
8001,2022-08-12,2022-08-15,763.4,2022-08-17,767.2,0.4977731202515212,strict_gakutto_next_open,2
8001,2024-04-24,2024-04-25,1368.8,2024-05-14,1421.2,3.828170660432506,strict_gakutto_next_open,10
8001,2024-12-03,2024-12-04,1559.0,2024-12-06,1512.23,-3.0000000000000027,stop_-3%,2
8002,2017-03-30,2017-03-31,708.1,2017-03-31,686.857,-3.0000000000000027,stop_-3%,0
8002,2018-03-27,2018-03-28,746.0,2018-04-18,781.4,4.745308310991958,strict_gakutto_next_open,15
8002,2021-02-02,2021-02-03,730.0,2021-02-26,813.3,11.410958904109592,max15_next_open,15
8005,2018-03-13,2018-03-14,430.0,2018-03-16,417.09999999999997,-3.0000000000000027,stop_-3%,2
8007,2019-05-15,2019-05-16,211.9,2019-05-24,208.4,-1.6517225106182143,strict_gakutto_next_open,6
8007,2020-08-05,2020-08-06,220.8,2020-08-21,217.9,-1.3134057971014523,strict_gakutto_next_open,10
8007,2021-10-11,2021-10-12,231.4,2021-10-22,236.3,2.1175453759723517,strict_gakutto_next_open,8
8007,2024-03-15,2024-03-18,672.5,2024-03-28,641.0,-4.684014869888475,stop_gap,7
8007,2024-10-04,2024-10-07,638.0,2024-10-08,618.86,-3.0000000000000027,stop_-3%,1
8008,2022-09-08,2022-09-09,1780.0,2022-09-20,1780.0,0.0,strict_gakutto_next_open,6
8011,2017-03-28,2017-03-29,570.0,2017-03-31,552.9,-3.0000000000000027,stop_-3%,2
8011,2022-12-27,2022-12-28,427.7,2022-12-28,414.86899999999997,-3.0000000000000027,stop_-3%,0
8012,2024-06-14,2024-06-17,752.0,2024-07-08,803.5,6.84840425531914,max15_next_open,15
8012,2024-09-12,2024-09-13,787.0,2024-10-04,809.5,2.858958068615003,strict_gakutto_next_open,13
8014,2020-02-06,2020-02-07,2244.0,2020-02-13,2176.68,-3.0000000000000027,stop_-3%,3
8014,2022-03-10,2022-03-11,1737.0,2022-04-04,1760.0,1.3241220495106454,max15_next_open,15
8014,2024-04-24,2024-04-25,3325.0,2024-05-16,3570.0,7.36842105263158,strict_gakutto_next_open,12
8014,2024-10-30,2024-10-31,4010.0,2024-11-08,3990.0,-0.4987531172069848,strict_gakutto_next_open,5
8014,2025-03-18,2025-03-19,3140.0,2025-03-31,3070.0,-2.2292993630573243,strict_gakutto_next_open,7
8014,2025-07-23,2025-07-24,4055.0,2025-07-29,3933.35,-3.0000000000000027,stop_-3%,3
8015,2017-06-02,2017-06-05,1136.7,2017-06-09,1135.0,-0.14955573150348123,strict_gakutto_next_open,4
8015,2018-09-13,2018-09-14,1291.7,2018-10-10,1461.7,13.160950685143602,max15_next_open,15
8015,2021-02-02,2021-02-03,1445.0,2021-02-19,1531.7,6.000000000000005,strict_gakutto_next_open,11
8015,2023-12-15,2023-12-18,2761.0,2023-12-26,2803.7,1.546541108294086,strict_gakutto_next_open,6
8015,2026-03-30,2026-03-31,5887.0,2026-04-16,6288.0,6.8116188211313045,strict_gakutto_next_open,12
8016,2018-06-29,2018-07-02,845.0,2018-07-02,819.65,-3.0000000000000027,stop_-3%,0
8016,2021-06-02,2021-06-03,307.0,2021-06-24,342.0,11.40065146579805,max15_next_open,15
8016,2022-11-16,2022-11-17,305.0,2022-12-05,322.0,5.573770491803276,strict_gakutto_next_open,11
8016,2024-05-07,2024-05-08,621.0,2024-05-14,602.37,-3.0000000000000027,stop_-3%,4
8020,2017-06-01,2017-06-02,560.0,2017-06-12,552.5,-1.3392857142857095,strict_gakutto_next_open,6
8020,2022-10-04,2022-10-05,744.0,2022-10-13,728.5,-2.083333333333337,strict_gakutto_next_open,5
8020,2024-07-31,2024-08-01,1270.0,2024-08-02,1187.0,-6.535433070866137,stop_gap,1
8020,2026-04-28,2026-04-30,2165.0,2026-05-20,2238.5,3.394919168591226,strict_gakutto_next_open,11
8022,2018-02-14,2018-02-15,1068.3,2018-02-15,1036.251,-3.0000000000000027,stop_-3%,0
8022,2020-11-05,2020-11-06,623.3,2020-11-18,635.7,1.989411198459834,strict_gakutto_next_open,8
8022,2021-08-06,2021-08-10,865.3,2021-08-18,889.3,2.77360453022073,strict_gakutto_next_open,6
8022,2021-10-14,2021-10-15,864.7,2021-11-08,896.0,3.619752515323227,max15_next_open,15
8031,2021-12-07,2021-12-08,1294.8,2021-12-29,1365.0,5.421686746987953,max15_next_open,15
8031,2024-10-28,2024-10-29,3163.0,2024-11-05,3066.0,-3.066708820739805,stop_gap,4
8031,2024-12-03,2024-12-04,3308.0,2024-12-05,3208.7599999999998,-3.0000000000000027,stop_-3%,1
8032,2022-06-21,2022-06-22,373.0,2022-07-13,395.0,5.898123324396787,max15_next_open,15
8032,2022-12-09,2022-12-12,494.0,2022-12-21,490.0,-0.8097165991902799,strict_gakutto_next_open,7
8035,2019-03-04,2019-03-05,5218.3,2019-03-07,4983.3,-4.503382327577943,stop_gap,2
8037,2022-10-04,2022-10-05,1124.0,2022-10-12,1090.28,-3.0000000000000027,stop_-3%,4
8037,2025-02-10,2025-02-12,1766.0,2025-03-06,2095.0,18.629671574178943,max15_next_open,15
8037,2026-04-30,2026-05-01,3200.0,2026-05-18,3320.0,3.750000000000009,strict_gakutto_next_open,8
8043,2020-11-02,2020-11-04,731.7,2020-11-04,709.749,-3.0000000000000027,stop_-3%,0
8043,2022-09-08,2022-09-09,691.0,2022-09-16,677.3,-1.9826338639652774,strict_gakutto_next_open,5
8043,2024-02-19,2024-02-20,919.3,2024-03-13,926.7,0.8049602958773105,max15_next_open,15
8050,2017-02-10,2017-02-13,1045.0,2017-03-06,1227.5,17.46411483253589,max15_next_open,15
8050,2022-08-22,2022-08-23,1426.5,2022-09-05,1409.5,-1.191728005608128,strict_gakutto_next_open,9
8050,2022-12-27,2022-12-28,1515.0,2023-01-05,1469.55,-3.0000000000000027,stop_-3%,4
8050,2023-03-24,2023-03-27,1429.0,2023-04-06,1400.0,-2.0293911826452016,strict_gakutto_next_open,8
8050,2024-04-26,2024-04-30,2040.0,2024-05-10,2085.0,2.2058823529411686,strict_gakutto_next_open,6
8050,2025-01-20,2025-01-21,2450.0,2025-02-06,2610.0,6.530612244897949,strict_gakutto_next_open,12
8050,2025-06-09,2025-06-10,2070.0,2025-06-13,2007.8999999999999,-3.0000000000000027,stop_-3%,3
8051,2020-04-22,2020-04-23,877.0,2020-05-07,881.0,0.45610034207526073,strict_gakutto_next_open,6
8051,2025-12-12,2025-12-15,1479.0,2025-12-22,1468.0,-0.7437457741717335,strict_gakutto_next_open,5
8052,2018-04-26,2018-04-27,1150.0,2018-05-01,1115.5,-3.0000000000000027,stop_-3%,1
8052,2019-06-05,2019-06-06,1006.7,2019-06-27,1065.0,5.791198966921618,strict_gakutto_next_open,15
8052,2020-06-05,2020-06-08,1123.3,2020-06-29,1281.7,14.101308644173427,max15_next_open,15
8053,2018-03-27,2018-03-28,433.5,2018-04-18,463.8,6.989619377162626,max15_next_open,15
8053,2020-08-04,2020-08-05,312.5,2020-08-27,316.0,1.1200000000000099,max15_next_open,15
8053,2020-11-06,2020-11-09,308.0,2020-11-19,329.9,7.110389610389611,strict_gakutto_next_open,8
8053,2026-04-30,2026-05-01,1457.5,2026-05-20,1804.3,23.79416809605488,strict_gakutto_next_open,10
8056,2018-08-27,2018-08-28,2711.0,2018-09-06,2629.67,-3.0000000000000027,stop_-3%,7
8056,2020-02-04,2020-02-05,3600.0,2020-02-27,3492.0,-3.0000000000000027,stop_-3%,14
8056,2021-12-03,2021-12-06,3295.0,2021-12-13,3280.0,-0.4552352048558417,strict_gakutto_next_open,5
8056,2022-01-14,2022-01-17,3140.0,2022-01-19,3045.7999999999997,-3.0000000000000138,stop_-3%,2
8056,2022-11-08,2022-11-09,3215.0,2022-11-10,3115.0,-3.1104199066874005,stop_gap,1
8057,2017-01-25,2017-01-26,490.0,2017-02-03,490.2,0.040816326530612734,strict_gakutto_next_open,6
8057,2017-08-02,2017-08-03,556.2,2017-08-21,569.6,2.4092053218266685,strict_gakutto_next_open,11
8057,2018-12-13,2018-12-14,551.4,2018-12-18,534.858,-3.0000000000000027,stop_-3%,2
8057,2020-06-29,2020-06-30,1280.0,2020-06-30,1241.6,-3.0000000000000027,stop_-3%,0
8057,2021-01-27,2021-01-28,824.0,2021-02-02,833.0,1.0922330097087318,strict_gakutto_next_open,3
8057,2021-07-26,2021-07-27,984.0,2021-08-04,1010.0,2.6422764227642226,strict_gakutto_next_open,6
8057,2022-04-13,2022-04-14,929.0,2022-04-18,901.13,-3.0000000000000027,stop_-3%,2
8057,2023-06-05,2023-06-06,1158.0,2023-06-06,1123.26,-3.0000000000000027,stop_-3%,0
8058,2024-06-25,2024-06-26,3153.0,2024-07-11,3385.0,7.358071677767208,strict_gakutto_next_open,11
8059,2016-12-28,2016-12-29,1118.3,2017-01-17,1115.0,-0.29509076276490465,strict_gakutto_next_open,10
8059,2017-01-23,2017-01-24,1128.3,2017-01-26,1123.3,-0.4431445537534384,strict_gakutto_next_open,2
8059,2023-11-17,2023-11-20,1948.0,2023-11-21,1889.56,-3.0000000000000027,stop_-3%,1
8059,2024-12-03,2024-12-04,2481.0,2024-12-19,2725.0,9.834744054816614,strict_gakutto_next_open,11
8060,2018-09-14,2018-09-18,1145.0,2018-10-03,1197.5,4.585152838427953,strict_gakutto_next_open,10
8060,2020-07-06,2020-07-07,1081.5,2020-07-13,1081.0,-0.0462320850670328,strict_gakutto_next_open,4
8061,2018-03-27,2018-03-28,894.7,2018-03-28,867.859,-3.0000000000000027,stop_-3%,0
8061,2019-02-18,2019-02-19,503.7,2019-02-27,508.7,0.9926543577526203,strict_gakutto_next_open,6
8061,2019-04-15,2019-04-16,470.7,2019-04-19,456.57899999999995,-3.0000000000000027,stop_-3%,3
8061,2023-08-21,2023-08-22,639.3,2023-09-11,716.0,11.997497262631018,strict_gakutto_next_open,14
8061,2024-07-31,2024-08-01,1386.7,2024-08-01,1345.099,-3.0000000000000027,stop_-3%,0
8065,2020-08-25,2020-08-26,886.0,2020-09-04,891.0,0.5643340857787837,strict_gakutto_next_open,7
8070,2020-08-25,2020-08-26,506.0,2020-09-16,514.0,1.5810276679841806,strict_gakutto_next_open,15
8070,2020-11-02,2020-11-04,541.0,2020-11-16,543.0,0.3696857670979714,strict_gakutto_next_open,8
8070,2024-05-30,2024-05-31,649.0,2024-06-21,715.0,10.169491525423723,max15_next_open,15
8074,2017-01-24,2017-01-25,2999.0,2017-02-06,3035.0,1.200400133377788,strict_gakutto_next_open,8
8074,2018-03-27,2018-03-28,3450.0,2018-04-09,3425.0,-0.7246376811594235,strict_gakutto_next_open,8
8074,2021-10-08,2021-10-11,3020.0,2021-10-15,2971.0,-1.6225165562913868,strict_gakutto_next_open,4
8074,2024-07-29,2024-07-30,5550.0,2024-08-02,5383.5,-3.0000000000000027,stop_-3%,3
8074,2024-12-03,2024-12-04,4415.0,2024-12-17,4345.0,-1.5855039637599044,strict_gakutto_next_open,9
8074,2026-03-18,2026-03-19,5990.0,2026-03-23,5810.3,-2.9999999999999916,stop_-3%,1
8075,2021-01-22,2021-01-25,633.3,2021-01-25,614.3009999999999,-3.0000000000000027,stop_-3%,0
8075,2021-04-28,2021-04-30,738.3,2021-05-26,823.3,11.512935121224444,max15_next_open,15
8075,2023-07-19,2023-07-20,1926.7,2023-08-03,1868.899,-3.0000000000000027,stop_-3%,10
8078,2019-04-01,2019-04-02,660.0,2019-04-09,648.0,-1.8181818181818188,strict_gakutto_next_open,5
8078,2021-06-25,2021-06-28,659.0,2021-06-29,639.23,-3.0000000000000027,stop_-3%,1
8079,2017-10-03,2017-10-04,4790.0,2017-10-05,4646.3,-2.9999999999999916,stop_-3%,1
8079,2018-01-16,2018-01-17,4750.0,2018-01-18,4607.5,-3.0000000000000027,stop_-3%,1
8079,2019-01-29,2019-01-30,2644.0,2019-02-21,3080.0,16.490166414523454,max15_next_open,15
8081,2026-08-10,2026-08-12,2451.0,2026-08-20,2440.0,-0.4487964096287267,strict_gakutto_next_open,6
8084,2020-04-27,2020-04-28,1339.0,2020-05-14,1329.0,-0.7468259895444307,strict_gakutto_next_open,8
8084,2023-06-06,2023-06-07,2031.0,2023-06-27,2125.0,4.6282619399310665,strict_gakutto_next_open,14
8084,2026-03-18,2026-03-19,3400.0,2026-03-23,3255.0,-4.264705882352937,stop_gap,1
8086,2016-12-12,2016-12-13,1235.0,2016-12-30,1261.0,2.1052631578947434,strict_gakutto_next_open,12
8086,2017-11-17,2017-11-20,1643.0,2017-11-24,1593.71,-3.0000000000000027,stop_-3%,3
8086,2018-03-27,2018-03-28,1541.0,2018-04-04,1512.0,-1.8818948734587893,strict_gakutto_next_open,5
8086,2021-12-03,2021-12-06,1114.0,2021-12-13,1110.0,-0.35906642728904536,strict_gakutto_next_open,5
8088,2023-08-10,2023-08-14,1873.5,2023-08-17,1817.2949999999998,-3.0000000000000138,stop_-3%,3
8088,2024-12-03,2024-12-04,1895.0,2024-12-06,1838.1499999999999,-3.0000000000000027,stop_-3%,2
8088,2024-12-26,2024-12-27,1785.0,2025-01-16,1762.5,-1.2605042016806678,strict_gakutto_next_open,9
8091,2020-11-06,2020-11-09,925.5,2020-12-01,968.0,4.592112371690971,max15_next_open,15
8093,2018-01-23,2018-01-24,1282.5,2018-02-01,1262.5,-1.5594541910331383,strict_gakutto_next_open,6
8093,2019-09-10,2019-09-11,870.5,2019-10-04,876.0,0.6318207926478969,max15_next_open,15
8093,2021-08-10,2021-08-11,1291.5,2021-08-13,1252.7549999999999,-3.0000000000000138,stop_-3%,2
8093,2022-10-04,2022-10-05,1320.0,2022-10-12,1280.3999999999999,-3.0000000000000138,stop_-3%,4
8095,2019-05-21,2019-05-22,454.0,2019-05-31,444.0,-2.2026431718061623,strict_gakutto_next_open,7
8095,2019-09-03,2019-09-04,480.0,2019-09-13,491.0,2.2916666666666696,strict_gakutto_next_open,7
8095,2020-11-05,2020-11-06,530.0,2020-11-18,531.0,0.18867924528302993,strict_gakutto_next_open,8
8095,2022-04-14,2022-04-15,435.0,2022-04-22,421.95,-3.0000000000000027,stop_-3%,5
8095,2022-06-01,2022-06-02,421.0,2022-06-17,408.37,-3.0000000000000027,stop_-3%,11
8095,2024-12-26,2024-12-27,476.0,2025-01-09,467.0,-1.8907563025210128,strict_gakutto_next_open,5
8097,2017-02-10,2017-02-13,882.0,2017-03-06,952.0,7.9365079365079305,max15_next_open,15
8097,2017-08-07,2017-08-08,1170.0,2017-08-16,1183.0,1.1111111111111072,strict_gakutto_next_open,5
8097,2019-04-01,2019-04-02,972.0,2019-04-11,953.0,-1.9547325102880708,strict_gakutto_next_open,7
8097,2020-08-05,2020-08-06,904.0,2020-08-28,947.0,4.756637168141586,max15_next_open,15
8097,2023-11-15,2023-11-16,1590.0,2023-12-08,1634.0,2.767295597484276,max15_next_open,15
8097,2026-03-18,2026-03-19,2308.0,2026-03-23,2238.7599999999998,-3.0000000000000138,stop_-3%,1
8098,2017-06-02,2017-06-05,1396.0,2017-06-19,1398.0,0.14326647564470996,strict_gakutto_next_open,10
8098,2019-03-20,2019-03-22,1536.0,2019-03-29,1522.0,-0.911458333333337,strict_gakutto_next_open,5
8098,2019-08-30,2019-09-02,1238.0,2019-09-25,1333.0,7.673667205169621,max15_next_open,15
8098,2020-06-19,2020-06-22,1296.0,2020-06-22,1257.12,-3.0000000000000138,stop_-3%,0
8101,2019-11-25,2019-11-26,559.0,2019-12-17,648.0,15.921288014311274,max15_next_open,15
8101,2021-05-07,2021-05-10,1230.0,2021-05-11,1193.1,-3.0000000000000027,stop_-3%,1
8101,2021-10-19,2021-10-20,1024.0,2021-10-25,1008.0,-1.5625,strict_gakutto_next_open,3
8101,2022-06-21,2022-06-22,1320.0,2022-07-13,1419.0,7.499999999999996,max15_next_open,15
8101,2022-10-06,2022-10-07,1426.0,2022-10-13,1383.22,-3.0000000000000027,stop_-3%,3
8103,2020-06-19,2020-06-22,481.0,2020-06-25,468.0,-2.7027027027026973,strict_gakutto_next_open,3
8103,2024-04-08,2024-04-09,666.0,2024-04-18,670.0,0.6006006006006093,strict_gakutto_next_open,7
8111,2021-03-12,2021-03-15,2373.3,2021-03-24,2366.7,-0.2780937934521721,strict_gakutto_next_open,7
8111,2023-03-24,2023-03-27,3893.3,2023-04-06,4043.3,3.8527727120951427,strict_gakutto_next_open,8
8113,2022-06-17,2022-06-20,1421.7,2022-07-04,1518.0,6.773580924245626,strict_gakutto_next_open,10
8129,2019-07-01,2019-07-02,2500.0,2019-07-12,2563.0,2.519999999999989,strict_gakutto_next_open,8
8129,2022-06-20,2022-06-21,1975.0,2022-07-04,2114.0,7.037974683544301,strict_gakutto_next_open,9
8129,2023-12-01,2023-12-04,3251.0,2023-12-14,3306.0,1.691787142417711,strict_gakutto_next_open,8
8129,2024-09-26,2024-09-27,4674.0,2024-09-30,4510.0,-3.508771929824561,stop_gap,1
8129,2025-02-28,2025-03-03,4225.0,2025-03-11,4218.0,-0.1656804733727757,strict_gakutto_next_open,6
8130,2019-04-01,2019-04-02,2100.0,2019-04-19,2087.0,-0.6190476190476191,strict_gakutto_next_open,13
8130,2020-08-04,2020-08-05,1540.0,2020-08-05,1493.8,-3.0000000000000027,stop_-3%,0
8130,2021-10-08,2021-10-11,1543.0,2021-11-01,1589.0,2.9812054439403823,max15_next_open,15
8130,2022-04-19,2022-04-20,1541.0,2022-04-27,1509.0,-2.0765736534717694,strict_gakutto_next_open,5
8130,2024-05-31,2024-06-03,3020.0,2024-06-24,3005.0,-0.4966887417218513,max15_next_open,15
8132,2018-04-04,2018-04-05,2684.0,2018-04-05,2603.48,-3.0000000000000027,stop_-3%,0
8132,2019-04-01,2019-04-02,2204.0,2019-04-10,2137.88,-2.9999999999999916,stop_-3%,6
8133,2017-04-21,2017-04-24,909.0,2017-05-15,933.0,2.64026402640265,strict_gakutto_next_open,12
8133,2018-10-22,2018-10-23,1087.0,2018-10-25,1054.3899999999999,-3.0000000000000138,stop_-3%,2
8136,2020-10-19,2020-10-20,126.1,2020-11-02,119.9,-4.916732751784291,strict_gakutto_next_open,9
8136,2022-12-09,2022-12-12,294.0,2022-12-20,301.0,2.3809523809523725,strict_gakutto_next_open,6
8136,2024-07-31,2024-08-01,635.6,2024-08-01,616.532,-3.0000000000000027,stop_-3%,0
8136,2025-11-04,2025-11-05,1453.2,2025-11-06,1343.4,-7.5557390586292295,stop_gap,1
8137,2017-12-07,2017-12-08,2077.0,2017-12-29,2274.0,9.484833895040934,max15_next_open,15
8137,2019-01-25,2019-01-28,1035.0,2019-01-30,1003.9499999999999,-3.0000000000000027,stop_-3%,2
8137,2021-01-08,2021-01-12,981.0,2021-01-28,1030.0,4.9949031600407645,strict_gakutto_next_open,12
8137,2023-10-27,2023-10-30,2128.0,2023-10-30,2064.16,-3.0000000000000027,stop_-3%,0
8137,2024-10-30,2024-10-31,2115.0,2024-11-11,2165.0,2.3640661938534313,strict_gakutto_next_open,6
8137,2026-06-18,2026-06-19,3850.0,2026-06-23,3734.5,-3.0000000000000027,stop_-3%,2
8141,2017-12-08,2017-12-11,988.5,2018-01-04,1086.5,9.914011127971678,max15_next_open,15
8141,2019-03-15,2019-03-18,934.5,2019-03-26,925.5,-0.9630818619582704,strict_gakutto_next_open,5
8141,2023-10-10,2023-10-11,1200.0,2023-10-18,1201.0,0.08333333333332416,strict_gakutto_next_open,5
8141,2025-09-26,2025-09-29,970.0,2025-10-09,1009.0,4.020618556701039,strict_gakutto_next_open,8
8142,2020-08-25,2020-08-26,626.7,2020-09-02,626.3,-0.06382639221319542,strict_gakutto_next_open,5
8142,2024-02-21,2024-02-22,989.3,2024-03-04,983.7,-0.5660568078439177,strict_gakutto_next_open,6
8142,2024-06-04,2024-06-05,1035.0,2024-06-12,1040.0,0.48309178743961567,strict_gakutto_next_open,5
8150,2019-03-15,2019-03-18,1819.0,2019-04-09,1940.0,6.652006597031335,strict_gakutto_next_open,15
8150,2019-06-21,2019-06-24,1834.0,2019-06-25,1778.98,-3.0000000000000027,stop_-3%,1
8150,2020-02-06,2020-02-07,1725.0,2020-02-13,1692.0,-1.9130434782608674,strict_gakutto_next_open,3
8150,2022-01-31,2022-02-01,1500.0,2022-02-24,1637.0,9.133333333333326,max15_next_open,15
8150,2023-06-06,2023-06-07,2118.0,2023-06-08,2054.46,-3.0000000000000027,stop_-3%,1
8151,2018-06-22,2018-06-25,909.0,2018-07-03,886.0,-2.5302530253025313,strict_gakutto_next_open,6
8151,2018-07-10,2018-07-11,897.0,2018-07-13,870.09,-2.9999999999999916,stop_-3%,2
8151,2018-10-17,2018-10-18,915.0,2018-10-23,887.55,-3.0000000000000027,stop_-3%,3
8151,2021-08-24,2021-08-25,1173.0,2021-09-15,1303.0,11.082693947144072,max15_next_open,15
8151,2022-12-12,2022-12-13,1349.0,2022-12-21,1334.0,-1.111934766493694,strict_gakutto_next_open,6
8151,2024-04-26,2024-04-30,1520.0,2024-05-07,1488.0,-2.1052631578947323,strict_gakutto_next_open,3
8151,2024-11-22,2024-11-25,1503.0,2024-11-27,1478.0,-1.6633399866932796,strict_gakutto_next_open,2
8154,2018-07-26,2018-07-27,1257.0,2018-08-06,1250.0,-0.5568814638027053,strict_gakutto_next_open,6
8154,2020-01-07,2020-01-08,1280.0,2020-01-15,1241.6,-3.0000000000000027,stop_-3%,4
8154,2021-04-07,2021-04-08,1294.5,2021-04-09,1255.665,-3.0000000000000027,stop_-3%,1
8154,2021-08-25,2021-08-26,1410.5,2021-09-16,1640.0,16.270825948245292,max15_next_open,15
8154,2022-06-27,2022-06-28,1522.5,2022-07-01,1476.825,-2.9999999999999916,stop_-3%,3
8154,2023-03-24,2023-03-27,2520.0,2023-03-29,2444.4,-2.9999999999999916,stop_-3%,2
8154,2024-12-03,2024-12-04,2706.0,2024-12-23,2898.0,7.095343680709543,strict_gakutto_next_open,13
8157,2018-04-19,2018-04-20,861.0,2018-05-01,904.0,4.994192799070851,strict_gakutto_next_open,6
8157,2022-09-08,2022-09-09,1337.0,2022-09-16,1319.0,-1.3462976813762184,strict_gakutto_next_open,5
8157,2023-12-27,2023-12-28,2234.0,2024-01-11,2269.0,1.5666965085049167,strict_gakutto_next_open,6
8157,2024-04-24,2024-04-25,2234.0,2024-05-09,2225.0,-0.40286481647269223,strict_gakutto_next_open,7
8158,2018-02-14,2018-02-15,654.0,2018-03-06,677.0,3.5168195718654482,strict_gakutto_next_open,13
8158,2019-08-30,2019-09-02,521.0,2019-09-02,505.37,-3.0000000000000027,stop_-3%,0
8158,2020-10-19,2020-10-20,566.0,2020-10-27,555.0,-1.9434628975265045,strict_gakutto_next_open,5
8158,2022-12-07,2022-12-08,603.0,2022-12-29,711.0,17.910447761194035,max15_next_open,15
8158,2023-05-17,2023-05-18,821.0,2023-05-23,796.37,-3.0000000000000027,stop_-3%,3
8158,2024-02-19,2024-02-20,1182.0,2024-03-13,1237.0,4.653130287648044,max15_next_open,15
8158,2024-05-30,2024-05-31,1057.0,2024-06-21,1160.0,9.744560075685893,max15_next_open,15
8159,2018-06-22,2018-06-25,2158.0,2018-06-25,2093.2599999999998,-3.0000000000000138,stop_-3%,0
8159,2018-09-14,2018-09-18,1839.0,2018-10-11,1797.0,-2.2838499184339334,max15_next_open,15
8159,2022-04-18,2022-04-19,1600.0,2022-04-28,1591.0,-0.5624999999999991,strict_gakutto_next_open,7
8160,2018-10-19,2018-10-22,2722.0,2018-10-26,2652.0,-2.571638501102136,strict_gakutto_next_open,4
8160,2025-11-07,2025-11-10,2428.0,2025-11-20,2443.0,0.6177924217462882,strict_gakutto_next_open,8
8167,2016-11-07,2016-11-08,1111.0,2016-11-09,1077.67,-2.9999999999999916,stop_-3%,1
8167,2017-02-15,2017-02-16,1192.0,2017-02-27,1156.24,-3.0000000000000027,stop_-3%,7
8167,2018-04-03,2018-04-04,1468.0,2018-04-25,1564.0,6.539509536784749,max15_next_open,15
8167,2018-08-22,2018-08-23,1493.0,2018-09-12,1448.21,-3.0000000000000027,stop_-3%,14
8167,2022-08-12,2022-08-15,1192.0,2022-08-24,1179.0,-1.090604026845643,strict_gakutto_next_open,7
8167,2024-03-08,2024-03-11,1759.0,2024-03-26,1820.0,3.467879476975555,strict_gakutto_next_open,10
8167,2024-06-20,2024-06-21,1635.0,2024-07-12,1700.0,3.9755351681957096,max15_next_open,15
8167,2024-07-29,2024-07-30,1650.0,2024-08-02,1600.5,-3.0000000000000027,stop_-3%,3
8173,2019-08-13,2019-08-14,2052.0,2019-08-15,1990.44,-3.0000000000000027,stop_-3%,1
8173,2021-02-05,2021-02-08,2910.0,2021-02-19,3135.0,7.731958762886593,strict_gakutto_next_open,8
8173,2022-02-28,2022-03-01,2100.0,2022-03-03,2077.0,-1.0952380952380936,strict_gakutto_next_open,2
8173,2024-10-15,2024-10-16,2690.0,2024-10-21,2609.2999999999997,-3.0000000000000138,stop_-3%,3
8173,2024-12-26,2024-12-27,2300.0,2025-01-10,2280.0,-0.8695652173912993,strict_gakutto_next_open,6
8173,2026-04-23,2026-04-24,2882.0,2026-05-12,2866.0,-0.5551700208188737,strict_gakutto_next_open,8
8174,2017-04-07,2017-04-10,1093.3,2017-04-12,1046.7,-4.2623250708862965,stop_gap,2
8174,2019-07-23,2019-07-24,947.7,2019-08-13,994.0,4.8855122929196915,strict_gakutto_next_open,13
8174,2019-11-06,2019-11-07,1055.0,2019-11-11,1023.35,-3.0000000000000027,stop_-3%,2
8174,2022-09-08,2022-09-09,2124.0,2022-09-26,2060.2799999999997,-3.0000000000000138,stop_-3%,9
8174,2026-02-12,2026-02-13,3010.0,2026-03-09,3001.0,-0.2990033222591393,strict_gakutto_next_open,15
8179,2017-11-21,2017-11-22,1485.0,2017-12-14,1610.0,8.417508417508412,max15_next_open,15
8179,2020-12-02,2020-12-03,935.5,2020-12-24,971.0,3.794762159273124,strict_gakutto_next_open,15
8185,2017-06-01,2017-06-02,2840.0,2017-06-12,2822.0,-0.6338028169014076,strict_gakutto_next_open,6
8185,2017-11-07,2017-11-08,2883.0,2017-11-13,2771.0,-3.8848421782865072,stop_gap,3
8185,2018-03-26,2018-03-27,2570.0,2018-04-13,2541.0,-1.1284046692606964,strict_gakutto_next_open,13
8185,2018-10-30,2018-10-31,2183.0,2018-11-01,2117.5099999999998,-3.0000000000000138,stop_-3%,1
8185,2022-09-08,2022-09-09,787.0,2022-09-29,786.0,-0.12706480304955914,strict_gakutto_next_open,12
8185,2023-09-15,2023-09-19,963.0,2023-09-21,934.11,-3.0000000000000027,stop_-3%,2
8185,2023-10-06,2023-10-10,932.0,2023-10-12,904.04,-3.0000000000000027,stop_-3%,2
8185,2025-06-04,2025-06-05,1198.0,2025-06-17,1151.0,-3.923205342237057,stop_gap,8
8194,2016-12-09,2016-12-12,1665.0,2017-01-05,1697.5,1.9519519519519468,max15_next_open,15
8194,2018-03-07,2018-03-08,1421.0,2018-03-30,1487.5,4.679802955665036,max15_next_open,15
8194,2019-03-22,2019-03-25,1192.5,2019-03-25,1156.725,-3.0000000000000027,stop_-3%,0
8194,2019-12-10,2019-12-11,1254.0,2019-12-20,1297.0,3.429027113237648,strict_gakutto_next_open,7
8194,2022-02-28,2022-03-01,1540.0,2022-03-02,1493.8,-3.0000000000000027,stop_-3%,1
8194,2023-10-10,2023-10-11,1877.5,2023-10-11,1821.175,-3.0000000000000027,stop_-3%,0
8194,2023-11-15,2023-11-16,1735.0,2023-11-16,1682.95,-3.0000000000000027,stop_-3%,0
8194,2024-03-11,2024-03-12,1877.5,2024-03-26,1937.5,3.1957390146471365,strict_gakutto_next_open,9
8200,2021-03-09,2021-03-10,2330.0,2021-03-25,2320.0,-0.42918454935622075,strict_gakutto_next_open,11
8203,2017-07-24,2017-07-25,532.0,2017-08-01,522.0,-1.8796992481203034,strict_gakutto_next_open,5
8203,2017-08-07,2017-08-08,545.0,2017-08-17,540.0,-0.917431192660545,strict_gakutto_next_open,6
8203,2021-04-15,2021-04-16,711.0,2021-04-21,689.67,-3.0000000000000027,stop_-3%,3
8214,2018-09-10,2018-09-11,1493.0,2018-09-28,1548.0,3.6838580040187585,strict_gakutto_next_open,11
8214,2019-02-18,2019-02-19,1273.0,2019-02-25,1234.81,-3.0000000000000027,stop_-3%,4
8214,2020-01-22,2020-01-23,1103.0,2020-01-27,1069.91,-2.9999999999999916,stop_-3%,2
8214,2022-02-02,2022-02-03,595.0,2022-02-22,603.0,1.3445378151260456,strict_gakutto_next_open,12
8217,2018-09-07,2018-09-10,1100.0,2018-09-10,1067.0,-3.0000000000000027,stop_-3%,0
8217,2020-08-11,2020-08-12,1477.0,2020-08-20,1472.0,-0.3385240352065,strict_gakutto_next_open,6
8217,2023-08-24,2023-08-25,868.0,2023-09-01,866.0,-0.23041474654378336,strict_gakutto_next_open,5
8217,2025-11-07,2025-11-10,847.0,2025-11-21,843.0,-0.47225501770956635,strict_gakutto_next_open,9
8218,2023-12-07,2023-12-08,3140.0,2023-12-19,3125.0,-0.4777070063694322,strict_gakutto_next_open,7
8219,2019-02-18,2019-02-19,922.3,2019-03-06,894.631,-3.0000000000000027,stop_-3%,11
8219,2022-10-03,2022-10-04,315.7,2022-10-26,346.0,9.597719353816924,strict_gakutto_next_open,15
8219,2023-04-18,2023-04-19,303.3,2023-04-27,300.7,-0.8572370590174794,strict_gakutto_next_open,6
8219,2023-12-26,2023-12-27,504.3,2023-12-29,489.171,-3.0000000000000027,stop_-3%,2
8219,2024-05-30,2024-05-31,495.3,2024-06-21,497.3,0.40379567938622074,max15_next_open,15
8219,2025-02-28,2025-03-03,713.3,2025-03-11,704.7,-1.2056638160661604,strict_gakutto_next_open,6
8227,2018-08-22,2018-08-23,1708.3,2018-08-24,1656.7,-3.0205467423754517,stop_gap,1
8227,2024-02-05,2024-02-06,2757.5,2024-02-08,2680.0,-2.810516772438798,strict_gakutto_next_open,2
8227,2025-08-26,2025-08-27,3705.0,2025-09-03,3653.3,-1.395411605937913,strict_gakutto_next_open,5
8227,2026-08-24,2026-08-25,3413.0,2026-08-27,3310.61,-2.9999999999999916,stop_-3%,2
8233,2019-10-15,2019-10-16,620.5,2019-10-31,626.5,0.966962127316684,strict_gakutto_next_open,10
8233,2021-04-13,2021-04-14,586.0,2021-04-20,568.42,-3.0000000000000027,stop_-3%,4
8233,2023-01-19,2023-01-20,880.0,2023-02-03,887.5,0.8522727272727293,strict_gakutto_next_open,10
8233,2025-03-14,2025-03-17,1230.0,2025-03-25,1234.5,0.3658536585365857,strict_gakutto_next_open,5
8233,2026-05-07,2026-05-08,1929.0,2026-05-27,1956.0,1.3996889580093264,strict_gakutto_next_open,13
8237,2018-07-09,2018-07-10,1668.0,2018-07-13,1617.96,-3.0000000000000027,stop_-3%,3
8237,2022-08-31,2022-09-01,873.0,2022-09-07,861.0,-1.3745704467353903,strict_gakutto_next_open,4
8237,2023-01-19,2023-01-20,1024.0,2023-02-01,1131.0,10.44921875,strict_gakutto_next_open,8
8237,2023-06-02,2023-06-05,1163.0,2023-06-13,1180.0,1.4617368873602654,strict_gakutto_next_open,6
8237,2024-10-28,2024-10-29,836.0,2024-11-06,841.0,0.5980861244019087,strict_gakutto_next_open,5
8237,2025-03-14,2025-03-17,1037.0,2025-04-02,1020.0,-1.6393442622950838,strict_gakutto_next_open,11
8242,2020-01-07,2020-01-08,1207.0,2020-01-21,1170.79,-3.0000000000000027,stop_-3%,8
8242,2022-03-14,2022-03-15,839.0,2022-03-31,858.0,2.2646007151370773,strict_gakutto_next_open,11
8242,2024-10-07,2024-10-08,2162.0,2024-10-08,2097.14,-3.0000000000000027,stop_-3%,0
8242,2025-07-01,2025-07-02,1912.0,2025-07-17,1918.0,0.3138075313807498,strict_gakutto_next_open,11
8252,2021-08-24,2021-08-25,1904.0,2021-09-15,2151.0,12.97268907563025,max15_next_open,15
8252,2022-12-27,2022-12-28,2213.0,2023-01-04,2146.61,-2.9999999999999916,stop_-3%,3
8252,2023-01-18,2023-01-19,2106.0,2023-01-30,2163.0,2.7065527065527117,strict_gakutto_next_open,7
8253,2018-10-30,2018-10-31,1787.0,2018-11-13,1733.3899999999999,-3.0000000000000027,stop_-3%,9
8253,2020-11-27,2020-11-30,1246.0,2020-11-30,1208.62,-3.0000000000000138,stop_-3%,0
8255,2018-07-09,2018-07-10,1050.0,2018-07-11,1018.5,-3.0000000000000027,stop_-3%,1
8255,2018-07-27,2018-07-30,1026.3,2018-08-03,1003.8,-2.192341420637245,strict_gakutto_next_open,4
8255,2019-04-15,2019-04-16,856.3,2019-04-19,833.8,-2.62758379072755,strict_gakutto_next_open,3
8255,2020-05-20,2020-05-21,995.0,2020-06-11,1053.8,5.909547738693455,max15_next_open,15
8255,2023-05-31,2023-06-01,840.0,2023-06-22,922.5,9.82142857142858,max15_next_open,15
8255,2023-08-25,2023-08-28,916.3,2023-09-11,941.3,2.72836407290189,strict_gakutto_next_open,10
8255,2026-05-29,2026-06-01,1032.0,2026-06-04,1010.0,-2.131782945736438,strict_gakutto_next_open,3
8267,2026-06-29,2026-06-30,1385.0,2026-06-30,1343.45,-2.9999999999999916,stop_-3%,0
8273,2024-06-25,2024-06-26,1072.7,2024-07-18,1146.0,6.833224573506103,max15_next_open,15
8276,2017-10-10,2017-10-11,2460.0,2017-10-11,2386.2,-3.0000000000000027,stop_-3%,0
8276,2023-03-09,2023-03-10,2095.0,2023-03-13,2032.1499999999999,-3.0000000000000027,stop_-3%,1
8278,2017-06-02,2017-06-05,2885.0,2017-06-07,2807.0,-2.7036395147313708,strict_gakutto_next_open,2
8278,2019-05-15,2019-05-16,1805.0,2019-05-23,1796.0,-0.4986149584487509,strict_gakutto_next_open,5
8278,2020-11-20,2020-11-24,1999.0,2020-11-30,1939.03,-3.0000000000000027,stop_-3%,4
8281,2018-05-11,2018-05-14,2051.0,2018-05-15,1989.47,-3.0000000000000027,stop_-3%,1
8281,2018-09-18,2018-09-19,1659.0,2018-10-04,1666.0,0.42194092827003704,strict_gakutto_next_open,10
8281,2023-10-10,2023-10-11,998.0,2023-10-13,968.06,-3.0000000000000027,stop_-3%,2
8281,2025-01-16,2025-01-17,1153.0,2025-02-05,1250.0,8.412836079791841,strict_gakutto_next_open,13
8281,2026-08-07,2026-08-10,1117.0,2026-09-01,1160.0,3.8495971351835356,max15_next_open,15
8282,2017-01-04,2017-01-05,1050.5,2017-01-13,1045.0,-0.5235602094240788,strict_gakutto_next_open,5
8282,2018-08-22,2018-08-23,1280.0,2018-09-10,1299.0,1.4843750000000044,strict_gakutto_next_open,12
8282,2022-01-14,2022-01-17,1112.0,2022-01-20,1084.0,-2.517985611510787,strict_gakutto_next_open,3
8282,2023-06-02,2023-06-05,1244.5,2023-06-19,1230.0,-1.1651265568501379,strict_gakutto_next_open,10
8282,2026-07-21,2026-07-22,1800.5,2026-08-04,1882.0,4.526520410996948,strict_gakutto_next_open,9
8303,2017-04-19,2017-04-20,1960.0,2017-05-12,1940.0,-1.0204081632653073,strict_gakutto_next_open,13
8303,2019-10-11,2019-10-15,1590.0,2019-11-07,1750.0,10.062893081761004,max15_next_open,15
8303,2019-12-26,2019-12-27,1672.0,2020-01-15,1614.0,-3.468899521531099,stop_gap,8
8303,2021-09-01,2021-09-02,1408.0,2021-09-22,1882.0,33.66477272727273,strict_gakutto_next_open,13
8304,2019-05-17,2019-05-20,2635.0,2019-06-10,2650.0,0.5692599620493288,max15_next_open,15
8304,2020-08-25,2020-08-26,1875.0,2020-09-02,1895.0,1.0666666666666602,strict_gakutto_next_open,5
8304,2026-06-08,2026-06-09,2720.5,2026-06-25,2741.0,0.7535379525822394,strict_gakutto_next_open,12
8306,2018-02-01,2018-02-02,858.8,2018-02-05,822.0,-4.285048905449463,stop_gap,1
8306,2020-08-04,2020-08-05,404.0,2020-08-19,423.0,4.702970297029707,strict_gakutto_next_open,9
8306,2023-12-22,2023-12-25,1220.0,2024-01-19,1305.5,7.008196721311477,max15_next_open,15
8306,2024-07-31,2024-08-01,1742.0,2024-08-02,1565.5,-10.132032146957515,stop_gap,1
8306,2025-10-20,2025-10-21,2339.5,2025-10-23,2270.0,-2.970720239367386,strict_gakutto_next_open,2
8306,2026-04-28,2026-04-30,2868.0,2026-05-01,2781.96,-3.0000000000000027,stop_-3%,1
8308,2020-10-21,2020-10-22,355.0,2020-10-28,343.0,-3.3802816901408406,strict_gakutto_next_open,4
8308,2021-12-03,2021-12-06,430.0,2021-12-21,440.0,2.3255813953488413,strict_gakutto_next_open,11
8308,2023-08-17,2023-08-18,718.0,2023-09-08,811.8,13.064066852367674,max15_next_open,15
8308,2023-10-10,2023-10-11,844.1,2023-10-13,818.777,-3.0000000000000027,stop_-3%,2
8308,2025-10-08,2025-10-09,1509.0,2025-10-14,1458.0,-3.379721669980118,stop_gap,2
8308,2026-01-05,2026-01-06,1581.0,2026-01-23,1796.5,13.630613535736869,strict_gakutto_next_open,12
8308,2026-07-02,2026-07-03,2225.0,2026-07-17,2350.0,5.617977528089879,strict_gakutto_next_open,10
8309,2018-02-01,2018-02-02,587.9,2018-02-06,560.9,-4.592617792141517,stop_gap,2
8309,2022-01-28,2022-01-31,495.6,2022-02-16,530.1,6.961259079903148,strict_gakutto_next_open,11
8309,2026-04-28,2026-04-30,1310.0,2026-05-19,1391.0,6.18320610687022,strict_gakutto_next_open,10
8316,2017-04-19,2017-04-20,1296.0,2017-05-16,1413.0,9.027777777777768,max15_next_open,15
8331,2017-01-04,2017-01-05,750.0,2017-01-10,727.5,-3.0000000000000027,stop_-3%,2
8331,2018-02-01,2018-02-02,981.0,2018-02-06,926.0,-5.6065239551478125,strict_gakutto_next_open,2
8331,2018-11-27,2018-11-28,742.0,2018-12-05,710.0,-4.312668463611857,strict_gakutto_next_open,5
8334,2018-02-19,2018-02-20,667.0,2018-02-23,642.0,-3.748125937031488,stop_gap,3
8334,2019-02-15,2019-02-18,482.0,2019-02-22,467.53999999999996,-3.0000000000000027,stop_-3%,4
8334,2023-01-27,2023-01-30,502.0,2023-02-03,482.0,-3.984063745019917,strict_gakutto_next_open,4
8334,2025-02-14,2025-02-17,1065.0,2025-02-27,1126.5,5.774647887323936,strict_gakutto_next_open,7
8334,2025-06-17,2025-06-18,1197.0,2025-06-25,1200.0,0.25062656641603454,strict_gakutto_next_open,5
8336,2018-03-27,2018-03-28,1113.3,2018-04-18,1170.0,5.092966855295078,max15_next_open,15
8336,2020-07-02,2020-07-03,514.7,2020-07-09,499.259,-3.0000000000000027,stop_-3%,4
8337,2018-01-04,2018-01-05,583.0,2018-01-17,579.0,-0.6861063464837058,strict_gakutto_next_open,7
8337,2019-01-23,2019-01-24,362.0,2019-01-29,353.0,-2.4861878453038666,strict_gakutto_next_open,3
8337,2021-06-28,2021-06-29,265.0,2021-07-01,261.0,-1.5094339622641506,strict_gakutto_next_open,2
8337,2024-06-19,2024-06-20,1000.0,2024-06-28,1008.0,0.8000000000000007,strict_gakutto_next_open,6
8338,2021-02-03,2021-02-04,179.0,2021-02-15,183.0,2.2346368715083775,strict_gakutto_next_open,6
8338,2024-05-13,2024-05-14,296.0,2024-06-04,337.0,13.85135135135136,max15_next_open,15
8341,2017-01-04,2017-01-05,983.3,2017-01-10,953.8009999999999,-3.0000000000000027,stop_-3%,2
8341,2022-03-10,2022-03-11,501.3,2022-03-31,520.7,3.8699381607819827,strict_gakutto_next_open,13
8341,2023-10-10,2023-10-11,1090.0,2023-10-13,1057.3,-3.0000000000000027,stop_-3%,2
8343,2017-10-16,2017-10-17,3500.0,2017-10-20,3395.0,-3.0000000000000027,stop_-3%,3
8343,2019-04-25,2019-04-26,2201.0,2019-05-07,2134.97,-3.0000000000000138,stop_-3%,1
8343,2025-10-20,2025-10-21,3585.0,2025-10-30,3600.0,0.4184100418409997,strict_gakutto_next_open,7
8344,2018-10-30,2018-10-31,2282.0,2018-11-14,2349.0,2.936021034180536,strict_gakutto_next_open,10
8344,2019-06-04,2019-06-05,1667.0,2019-06-13,1674.0,0.4199160167966509,strict_gakutto_next_open,6
8344,2019-07-01,2019-07-02,1660.0,2019-07-18,1610.2,-3.0000000000000027,stop_-3%,11
8344,2019-12-27,2019-12-30,1653.0,2020-01-06,1571.0,-4.960677555958859,stop_gap,1
8344,2023-12-27,2023-12-28,1068.0,2024-01-22,1087.0,1.7790262172284743,strict_gakutto_next_open,13
8344,2025-10-20,2025-10-21,1640.0,2025-11-12,1730.0,5.487804878048785,max15_next_open,15
8345,2017-01-04,2017-01-05,1225.0,2017-01-10,1188.25,-3.0000000000000027,stop_-3%,2
8345,2017-06-02,2017-06-05,1102.5,2017-06-16,1112.5,0.9070294784580435,strict_gakutto_next_open,9
8345,2018-01-23,2018-01-24,1158.8,2018-01-29,1130.0,-2.485329651363477,strict_gakutto_next_open,3
8345,2019-04-15,2019-04-16,847.5,2019-04-18,822.0749999999999,-3.0000000000000027,stop_-3%,2
8345,2019-09-10,2019-09-11,593.0,2019-09-25,634.5,6.99831365935919,strict_gakutto_next_open,8
8345,2020-05-13,2020-05-14,635.3,2020-05-14,616.241,-2.9999999999999916,stop_-3%,0
8345,2022-09-09,2022-09-12,463.8,2022-09-27,457.5,-1.3583441138421803,strict_gakutto_next_open,9
8346,2017-01-26,2017-01-27,437.0,2017-01-31,423.89,-3.0000000000000027,stop_-3%,2
8346,2017-06-02,2017-06-05,392.0,2017-06-22,393.0,0.25510204081633514,strict_gakutto_next_open,13
8346,2018-01-04,2018-01-05,412.0,2018-01-15,411.0,-0.24271844660194164,strict_gakutto_next_open,5
8346,2020-08-06,2020-08-07,230.0,2020-08-07,223.1,-3.0000000000000027,stop_-3%,0
8346,2023-03-09,2023-03-10,242.0,2023-03-13,234.0,-3.3057851239669422,stop_gap,1
8346,2024-05-14,2024-05-15,338.0,2024-05-30,327.86,-2.9999999999999916,stop_-3%,11
8346,2024-07-31,2024-08-01,315.0,2024-08-02,301.0,-4.444444444444439,stop_gap,1
8354,2017-01-04,2017-01-05,2710.0,2017-01-10,2628.7,-3.0000000000000027,stop_-3%,2
8354,2019-02-12,2019-02-13,2385.0,2019-02-26,2438.0,2.2222222222222143,strict_gakutto_next_open,9
8354,2024-07-31,2024-08-01,4350.0,2024-08-02,4126.0,-5.149425287356324,stop_gap,1
8354,2025-10-08,2025-10-09,4380.0,2025-10-14,4228.0,-3.4703196347032006,strict_gakutto_next_open,2
8354,2026-06-03,2026-06-04,6517.0,2026-06-12,6858.0,5.232468927420597,strict_gakutto_next_open,6
8354,2026-08-05,2026-08-06,7495.0,2026-08-10,7270.15,-3.0000000000000027,stop_-3%,2
8358,2021-07-13,2021-07-14,336.0,2021-07-20,321.0,-4.46428571428571,stop_gap,4
8358,2022-09-09,2022-09-12,379.0,2022-09-26,367.63,-3.0000000000000027,stop_-3%,8
8358,2024-11-25,2024-11-26,1022.0,2024-11-28,991.3399999999999,-3.0000000000000027,stop_-3%,2
8358,2026-06-08,2026-06-09,2308.0,2026-06-25,2333.0,1.0831889081455826,strict_gakutto_next_open,12
8358,2026-08-05,2026-08-06,2800.0,2026-08-07,2716.0,-3.0000000000000027,stop_-3%,1
8359,2019-02-15,2019-02-18,467.0,2019-02-26,466.0,-0.21413276231263545,strict_gakutto_next_open,6
8360,2017-01-19,2017-01-20,2730.0,2017-01-24,2648.1,-3.0000000000000027,stop_-3%,2
8360,2017-03-06,2017-03-07,2685.0,2017-03-09,2650.0,-1.3035381750465591,strict_gakutto_next_open,2
8360,2017-11-27,2017-11-28,2340.0,2017-12-07,2350.0,0.42735042735042583,strict_gakutto_next_open,7
8360,2018-03-27,2018-03-28,2150.0,2018-04-18,2330.0,8.372093023255811,max15_next_open,15
8360,2021-06-25,2021-06-28,838.0,2021-06-30,812.86,-3.0000000000000027,stop_-3%,2
8360,2023-12-06,2023-12-07,1804.0,2023-12-14,1749.8799999999999,-3.0000000000000027,stop_-3%,5
8360,2024-07-29,2024-07-30,1956.0,2024-08-02,1897.32,-3.0000000000000027,stop_-3%,3
8361,2018-06-04,2018-06-05,2925.0,2018-06-12,2957.0,1.0940170940170857,strict_gakutto_next_open,5
8361,2019-11-27,2019-11-28,2556.0,2019-12-04,2469.0,-3.4037558685446,stop_gap,4
8361,2026-03-18,2026-03-19,6190.0,2026-03-23,5800.0,-6.300484652665594,stop_gap,1
8362,2017-06-02,2017-06-05,2790.0,2017-06-26,2830.0,1.4336917562723928,max15_next_open,15
8362,2017-12-29,2018-01-04,2733.0,2018-01-15,2809.0,2.7808269301134336,strict_gakutto_next_open,6
8362,2019-02-08,2019-02-12,1560.0,2019-02-21,1588.0,1.7948717948717885,strict_gakutto_next_open,7
8362,2019-04-15,2019-04-16,1687.0,2019-04-19,1636.3899999999999,-3.0000000000000027,stop_-3%,3
8362,2022-10-04,2022-10-05,1400.0,2022-10-11,1358.0,-3.0000000000000027,stop_-3%,3
8364,2017-04-20,2017-04-21,3300.0,2017-05-16,3645.0,10.45454545454545,strict_gakutto_next_open,14
8364,2018-01-04,2018-01-05,3395.0,2018-01-12,3293.15,-3.0000000000000027,stop_-3%,4
8364,2018-01-29,2018-01-30,3315.0,2018-02-06,3215.5499999999997,-3.0000000000000138,stop_-3%,5
8364,2020-06-16,2020-06-17,1816.0,2020-06-23,1761.52,-3.0000000000000027,stop_-3%,4
8366,2017-08-29,2017-08-30,573.0,2017-09-07,564.0,-1.5706806282722474,strict_gakutto_next_open,6
8366,2017-09-13,2017-09-14,579.0,2017-10-06,622.0,7.426597582037986,strict_gakutto_next_open,15
8366,2018-01-04,2018-01-05,598.0,2018-01-29,602.0,0.6688963210702337,strict_gakutto_next_open,15
8366,2022-03-10,2022-03-11,448.0,2022-03-30,457.6,2.1428571428571574,strict_gakutto_next_open,12
8366,2023-02-07,2023-02-08,560.2,2023-03-02,591.0,5.4980364155658545,max15_next_open,15
8366,2025-07-01,2025-07-02,1182.0,2025-07-04,1168.0,-1.1844331641285955,strict_gakutto_next_open,2
8367,2018-01-04,2018-01-05,634.0,2018-01-17,629.0,-0.7886435331230235,strict_gakutto_next_open,7
8367,2018-02-19,2018-02-20,605.0,2018-02-27,607.0,0.33057851239668423,strict_gakutto_next_open,5
8367,2018-05-14,2018-05-15,604.0,2018-05-22,594.6,-1.5562913907284703,strict_gakutto_next_open,5
8367,2020-11-02,2020-11-04,387.2,2020-11-05,375.584,-2.9999999999999916,stop_-3%,1
8367,2022-03-11,2022-03-14,416.4,2022-03-28,428.6,2.9298751200768525,strict_gakutto_next_open,9
8368,2017-06-02,2017-06-05,455.0,2017-06-13,459.0,0.879120879120876,strict_gakutto_next_open,6
8368,2017-11-13,2017-11-14,513.0,2017-11-27,497.61,-3.0000000000000027,stop_-3%,8
8368,2018-03-27,2018-03-28,496.0,2018-04-18,512.0,3.2258064516129004,max15_next_open,15
8368,2020-08-11,2020-08-12,322.0,2020-09-02,322.0,0.0,strict_gakutto_next_open,15
8368,2020-11-02,2020-11-04,331.0,2020-11-05,321.07,-3.0000000000000027,stop_-3%,1
8368,2022-03-11,2022-03-14,354.0,2022-03-30,343.38,-3.0000000000000027,stop_-3%,11
8368,2023-11-21,2023-11-22,545.0,2023-11-30,542.0,-0.5504587155963248,strict_gakutto_next_open,5
8368,2024-05-20,2024-05-21,644.0,2024-06-06,666.0,3.416149068322971,strict_gakutto_next_open,12
8370,2018-02-19,2018-02-20,1788.0,2018-03-01,1734.36,-3.0000000000000027,stop_-3%,7
8370,2021-12-29,2021-12-30,1431.0,2022-01-19,1441.0,0.6988120195667413,strict_gakutto_next_open,11
8377,2018-04-05,2018-04-06,1465.0,2018-04-27,1635.0,11.604095563139927,max15_next_open,15
8377,2020-02-03,2020-02-04,1062.0,2020-02-13,1051.0,-1.0357815442561202,strict_gakutto_next_open,6
8381,2018-03-27,2018-03-28,929.0,2018-04-13,955.0,2.7987082884822323,strict_gakutto_next_open,12
8381,2021-05-07,2021-05-10,521.0,2021-05-12,505.37,-3.0000000000000027,stop_-3%,2
8381,2022-11-10,2022-11-11,719.0,2022-11-14,697.43,-3.0000000000000027,stop_-3%,1
8386,2021-12-02,2021-12-03,350.5,2021-12-15,361.8,3.2239657631954355,strict_gakutto_next_open,8
8386,2026-06-08,2026-06-09,2459.0,2026-06-19,2385.23,-3.0000000000000027,stop_-3%,8
8387,2018-05-11,2018-05-14,1521.0,2018-05-14,1475.37,-3.0000000000000027,stop_-3%,0
8388,2019-03-15,2019-03-18,2862.0,2019-03-29,2893.0,1.0831586303284402,strict_gakutto_next_open,8
8388,2019-04-25,2019-04-26,2771.0,2019-05-08,2665.0,-3.8253338145074034,strict_gakutto_next_open,2
8388,2019-05-20,2019-05-21,2707.0,2019-06-03,2601.0,-3.9157739194680463,stop_gap,9
8388,2020-08-04,2020-08-05,2391.0,2020-08-07,2319.27,-3.0000000000000027,stop_-3%,2
8388,2021-06-02,2021-06-03,2122.0,2021-06-07,2105.0,-0.8011310084825585,strict_gakutto_next_open,2
8392,2018-01-04,2018-01-05,917.0,2018-01-15,912.0,-0.5452562704471142,strict_gakutto_next_open,5
8392,2019-04-15,2019-04-16,707.0,2019-04-17,685.79,-3.0000000000000027,stop_-3%,1
8392,2019-05-07,2019-05-08,673.0,2019-05-09,652.81,-3.0000000000000027,stop_-3%,1
8392,2019-11-21,2019-11-22,576.2,2019-11-28,558.914,-3.0000000000000138,stop_-3%,4
8392,2020-07-15,2020-07-16,485.8,2020-07-27,477.8,-1.6467682173734066,strict_gakutto_next_open,5
8392,2024-04-15,2024-04-16,580.6,2024-04-16,563.182,-3.0000000000000027,stop_-3%,0
8392,2024-12-02,2024-12-03,626.0,2024-12-17,623.0,-0.4792332268370614,strict_gakutto_next_open,10
8392,2024-12-23,2024-12-24,630.0,2024-12-25,611.1,-2.9999999999999916,stop_-3%,1
8393,2017-03-06,2017-03-07,744.0,2017-03-09,730.0,-1.8817204301075252,strict_gakutto_next_open,2
8393,2018-05-31,2018-06-01,698.0,2018-06-01,677.06,-3.0000000000000027,stop_-3%,0
8393,2020-09-15,2020-09-16,489.6,2020-10-02,474.91200000000003,-3.0000000000000027,stop_-3%,9
8393,2023-03-09,2023-03-10,556.8,2023-03-10,540.0959999999999,-3.0000000000000138,stop_-3%,0
8395,2018-04-04,2018-04-05,2345.0,2018-04-23,2387.0,1.7910447761193993,strict_gakutto_next_open,12
8395,2018-06-04,2018-06-05,2460.0,2018-06-20,2468.0,0.3252032520325132,strict_gakutto_next_open,11
8395,2019-06-05,2019-06-06,1648.0,2019-06-13,1624.0,-1.4563106796116498,strict_gakutto_next_open,5
8395,2019-09-05,2019-09-06,1367.0,2019-09-30,1515.0,10.826627651792254,strict_gakutto_next_open,14
8395,2024-04-23,2024-04-24,2147.0,2024-05-09,2176.0,1.3507219375873403,strict_gakutto_next_open,8
8395,2025-02-18,2025-02-19,2293.0,2025-02-20,2224.21,-3.0000000000000027,stop_-3%,1
8399,2017-06-02,2017-06-05,1532.0,2017-06-16,1532.0,0.0,strict_gakutto_next_open,9
8399,2018-06-04,2018-06-05,1726.0,2018-06-21,1674.22,-3.0000000000000027,stop_-3%,12
8399,2023-12-27,2023-12-28,1095.0,2024-01-24,1115.0,1.82648401826484,max15_next_open,15
8399,2026-06-08,2026-06-09,2511.0,2026-06-22,2453.0,-2.3098367184388735,strict_gakutto_next_open,9
8410,2018-06-26,2018-06-27,342.0,2018-07-13,339.0,-0.8771929824561431,strict_gakutto_next_open,12
8410,2018-08-16,2018-08-17,337.0,2018-09-03,345.0,2.3738872403560762,strict_gakutto_next_open,11
8410,2021-10-06,2021-10-07,255.0,2021-10-14,247.35,-3.0000000000000027,stop_-3%,5
8410,2025-10-20,2025-10-21,287.0,2025-10-29,285.0,-0.6968641114982632,strict_gakutto_next_open,6
8411,2018-10-31,2018-11-01,1945.0,2018-11-08,1958.0,0.6683804627249268,strict_gakutto_next_open,5
8411,2023-08-22,2023-08-23,2301.5,2023-09-13,2600.5,12.991527264827285,max15_next_open,15
8411,2025-03-05,2025-03-06,4231.0,2025-03-11,3974.0,-6.074214133774525,strict_gakutto_next_open,3
8418,2018-02-01,2018-02-02,1315.0,2018-02-06,1256.0,-4.486692015209126,stop_gap,2
8418,2018-10-19,2018-10-22,1186.0,2018-10-24,1168.0,-1.5177065767284947,strict_gakutto_next_open,2
8418,2018-10-30,2018-10-31,1186.0,2018-11-21,1158.0,-2.360876897133224,max15_next_open,15
8418,2021-10-06,2021-10-07,666.0,2021-10-14,650.0,-2.4024024024024038,strict_gakutto_next_open,5
8418,2025-10-20,2025-10-21,1745.0,2025-10-30,1733.5,-0.659025787965617,strict_gakutto_next_open,7
8418,2026-06-08,2026-06-09,2830.0,2026-06-18,2880.0,1.7667844522968101,strict_gakutto_next_open,7
8424,2019-04-01,2019-04-02,1923.3,2019-04-11,1865.6009999999999,-3.0000000000000027,stop_-3%,7
8424,2020-02-04,2020-02-05,2396.7,2020-02-13,2353.3,-1.810823215254298,strict_gakutto_next_open,5
8424,2021-04-28,2021-04-30,2403.3,2021-05-20,2513.3,4.577039903466074,strict_gakutto_next_open,11
8425,2018-10-30,2018-10-31,569.0,2018-11-06,553.8,-2.6713532513181093,strict_gakutto_next_open,4
8439,2017-04-10,2017-04-11,947.5,2017-04-13,919.0749999999999,-3.0000000000000027,stop_-3%,2
8439,2018-02-16,2018-02-19,1507.5,2018-02-27,1515.0,0.4975124378109541,strict_gakutto_next_open,6
8439,2020-02-04,2020-02-05,1420.0,2020-02-06,1377.3999999999999,-3.0000000000000138,stop_-3%,1
8439,2021-06-04,2021-06-07,1650.0,2021-06-08,1600.5,-3.0000000000000027,stop_-3%,1
8439,2021-11-12,2021-11-15,1575.0,2021-11-17,1527.75,-3.0000000000000027,stop_-3%,2
8439,2022-01-24,2022-01-25,1412.5,2022-01-27,1370.125,-3.0000000000000027,stop_-3%,2
8473,2024-06-25,2024-06-26,2002.0,2024-07-10,2076.0,3.6963036963036933,strict_gakutto_next_open,10
8473,2026-02-04,2026-02-05,3634.0,2026-02-05,3524.98,-3.0000000000000027,stop_-3%,0
8473,2026-07-06,2026-07-07,2785.0,2026-07-09,2700.0,-3.052064631956908,stop_gap,2
8511,2020-05-18,2020-05-19,500.0,2020-06-02,500.0,0.0,strict_gakutto_next_open,10
8511,2022-06-21,2022-06-22,867.0,2022-07-01,850.0,-1.9607843137254943,strict_gakutto_next_open,7
8511,2022-08-10,2022-08-12,826.0,2022-08-25,842.0,1.937046004842613,strict_gakutto_next_open,9
8511,2022-09-08,2022-09-09,837.0,2022-09-16,821.0,-1.9115890083632014,strict_gakutto_next_open,5
8511,2023-10-31,2023-11-01,1516.0,2023-11-21,1470.52,-3.0000000000000027,stop_-3%,13
8511,2024-03-19,2024-03-21,1689.0,2024-03-29,1662.0,-1.5985790408525768,strict_gakutto_next_open,6
8511,2024-05-31,2024-06-03,1656.0,2024-06-12,1606.32,-3.0000000000000027,stop_-3%,7
8522,2017-03-06,2017-03-07,1403.3,2017-03-23,1365.0,-2.729280980545856,strict_gakutto_next_open,11
8522,2024-10-07,2024-10-08,2106.7,2024-10-08,2043.4989999999998,-3.0000000000000027,stop_-3%,0
8524,2022-09-08,2022-09-09,230.0,2022-09-16,226.0,-1.7391304347826098,strict_gakutto_next_open,5
8524,2026-06-04,2026-06-05,996.0,2026-06-22,1004.0,0.8032128514056325,strict_gakutto_next_open,11
8541,2017-12-13,2017-12-14,1403.0,2017-12-22,1360.9099999999999,-3.0000000000000138,stop_-3%,6
8541,2018-01-04,2018-01-05,1395.0,2018-01-18,1397.0,0.14336917562725038,strict_gakutto_next_open,8
8541,2022-03-11,2022-03-14,956.0,2022-04-01,927.0,-3.0334728033472813,stop_gap,13
8541,2023-12-22,2023-12-25,980.0,2024-01-19,1049.0,7.040816326530619,max15_next_open,15
8541,2025-10-20,2025-10-21,1200.0,2025-11-12,1252.0,4.333333333333322,max15_next_open,15
8544,2024-04-12,2024-04-15,732.0,2024-04-22,745.0,1.775956284153013,strict_gakutto_next_open,5
8550,2018-01-23,2018-01-24,460.0,2018-01-31,451.0,-1.9565217391304346,strict_gakutto_next_open,5
8550,2019-07-01,2019-07-02,179.0,2019-07-18,173.63,-3.0000000000000027,stop_-3%,11
8550,2020-10-08,2020-10-09,186.0,2020-10-13,180.42,-3.0000000000000027,stop_-3%,2
8550,2020-11-20,2020-11-24,193.0,2020-11-30,187.21,-2.9999999999999916,stop_-3%,4
8550,2022-05-19,2022-05-20,238.0,2022-06-10,268.0,12.605042016806722,max15_next_open,15
8550,2022-06-23,2022-06-24,261.0,2022-06-29,253.17,-3.0000000000000027,stop_-3%,3
8550,2024-09-03,2024-09-04,285.0,2024-09-04,276.45,-3.0000000000000027,stop_-3%,0
8550,2026-06-29,2026-06-30,939.0,2026-07-17,910.8299999999999,-3.0000000000000027,stop_-3%,13
8551,2017-06-02,2017-06-05,3135.0,2017-06-16,3190.0,1.7543859649122862,strict_gakutto_next_open,9
8551,2017-09-15,2017-09-19,3045.0,2017-10-04,3155.0,3.6124794745484357,strict_gakutto_next_open,11
8551,2021-05-07,2021-05-10,1835.0,2021-05-13,1779.95,-3.0000000000000027,stop_-3%,3
8558,2019-04-17,2019-04-18,744.0,2019-04-18,721.68,-3.0000000000000027,stop_-3%,0
8558,2019-12-10,2019-12-11,883.0,2019-12-23,894.0,1.245753114382775,strict_gakutto_next_open,8
8566,2018-09-14,2018-09-18,3675.0,2018-09-28,3745.0,1.904761904761898,strict_gakutto_next_open,7
8566,2019-03-15,2019-03-18,3560.0,2019-03-27,3453.2,-3.0000000000000027,stop_-3%,6
8566,2019-07-25,2019-07-26,3315.0,2019-08-05,3265.0,-1.5082956259426794,strict_gakutto_next_open,6
8566,2019-08-30,2019-09-02,3245.0,2019-09-25,3590.0,10.631741140215723,max15_next_open,15
8566,2026-04-28,2026-04-30,6140.0,2026-05-08,5955.8,-2.9999999999999916,stop_-3%,3
8570,2019-03-12,2019-03-13,2189.0,2019-03-26,2282.0,4.248515303791689,strict_gakutto_next_open,8
8584,2017-01-04,2017-01-05,2665.0,2017-01-10,2645.0,-0.7504690431519689,strict_gakutto_next_open,2
8584,2017-02-13,2017-02-14,2530.0,2017-02-24,2525.0,-0.19762845849802257,strict_gakutto_next_open,8
8584,2017-03-28,2017-03-29,2475.0,2017-04-03,2400.0,-3.0303030303030276,strict_gakutto_next_open,3
8584,2018-08-14,2018-08-15,2346.0,2018-09-05,2341.0,-0.2131287297527762,max15_next_open,15
8584,2020-10-21,2020-10-22,1727.0,2020-11-05,1818.0,5.26925303995367,strict_gakutto_next_open,9
8585,2017-08-07,2017-08-08,1880.0,2017-08-09,1823.6,-3.0000000000000027,stop_-3%,1
8591,2018-06-26,2018-06-27,1786.0,2018-07-03,1732.4199999999998,-3.0000000000000138,stop_-3%,4
8591,2022-02-02,2022-02-03,2410.0,2022-02-15,2370.5,-1.6390041493775986,strict_gakutto_next_open,7
8593,2019-10-09,2019-10-10,644.0,2019-11-05,677.0,5.124223602484479,max15_next_open,15
8593,2024-07-31,2024-08-01,1072.0,2024-08-02,1015.0,-5.317164179104472,stop_gap,1
8595,2018-06-05,2018-06-06,1605.0,2018-06-06,1556.85,-3.0000000000000027,stop_-3%,0
8595,2018-10-30,2018-10-31,1428.3,2018-11-21,1368.3,-4.20079815164881,max15_next_open,15
8600,2021-10-06,2021-10-07,329.0,2021-10-13,319.13,-3.0000000000000027,stop_-3%,4
8600,2022-03-11,2022-03-14,343.0,2022-03-22,340.0,-0.8746355685131157,strict_gakutto_next_open,5
8600,2024-06-24,2024-06-25,416.0,2024-07-08,413.0,-0.7211538461538436,strict_gakutto_next_open,9
8600,2025-10-20,2025-10-21,675.0,2025-10-30,676.0,0.1481481481481417,strict_gakutto_next_open,7
8601,2020-08-11,2020-08-12,478.2,2020-09-02,472.5,-1.1919698870765383,max15_next_open,15
8601,2024-06-25,2024-06-26,1230.0,2024-07-18,1310.0,6.5040650406503975,max15_next_open,15
8601,2025-03-14,2025-03-17,1052.0,2025-03-31,1000.0,-4.942965779467679,strict_gakutto_next_open,9
8601,2026-05-07,2026-05-08,1479.5,2026-05-15,1474.0,-0.371747211895912,strict_gakutto_next_open,5
8609,2018-06-28,2018-06-29,545.0,2018-07-04,537.0,-1.4678899082568808,strict_gakutto_next_open,3
8609,2020-08-25,2020-08-26,325.0,2020-08-27,315.25,-3.0000000000000027,stop_-3%,1
8609,2021-11-18,2021-11-19,382.0,2021-11-29,374.0,-2.0942408376963373,strict_gakutto_next_open,5
8609,2022-05-10,2022-05-11,355.0,2022-05-12,344.34999999999997,-3.0000000000000138,stop_-3%,1
8609,2023-10-27,2023-10-30,703.0,2023-10-30,681.91,-3.0000000000000027,stop_-3%,0
8613,2019-09-05,2019-09-06,490.0,2019-10-01,500.0,2.0408163265306145,max15_next_open,15
8613,2022-04-28,2022-05-02,494.0,2022-05-16,493.0,-0.2024291497975672,strict_gakutto_next_open,7
8613,2024-05-07,2024-05-08,1027.0,2024-05-29,1040.0,1.2658227848101333,max15_next_open,15
8614,2017-08-30,2017-08-31,245.0,2017-09-05,238.0,-2.857142857142858,strict_gakutto_next_open,3
8614,2022-03-14,2022-03-15,156.0,2022-03-30,151.32,-3.0000000000000027,stop_-3%,10
8614,2022-09-12,2022-09-13,256.0,2022-09-22,260.0,1.5625,strict_gakutto_next_open,6
8614,2025-05-09,2025-05-12,446.0,2025-05-21,452.0,1.3452914798206317,strict_gakutto_next_open,7
8616,2018-04-04,2018-04-05,749.0,2018-04-10,726.53,-3.0000000000000027,stop_-3%,3
8616,2019-10-11,2019-10-15,308.0,2019-10-17,298.76,-3.0000000000000027,stop_-3%,2
8616,2022-05-10,2022-05-11,381.0,2022-05-13,368.0,-3.4120734908136496,stop_gap,2
8616,2026-04-28,2026-04-30,720.0,2026-05-01,698.4,-3.0000000000000027,stop_-3%,1
8622,2017-01-04,2017-01-05,344.0,2017-01-06,331.0,-3.779069767441856,stop_gap,1
8622,2017-11-21,2017-11-22,410.0,2017-12-04,423.0,3.170731707317076,strict_gakutto_next_open,7
8622,2020-01-21,2020-01-22,228.0,2020-01-27,219.0,-3.9473684210526327,stop_gap,3
8622,2024-02-13,2024-02-14,459.0,2024-02-15,445.22999999999996,-3.0000000000000138,stop_-3%,1
8622,2024-12-26,2024-12-27,578.0,2025-01-08,560.66,-3.0000000000000027,stop_-3%,4
8622,2025-11-10,2025-11-11,528.0,2025-11-19,522.0,-1.1363636363636354,strict_gakutto_next_open,6
8624,2019-02-18,2019-02-19,862.0,2019-03-06,866.0,0.46403712296982924,strict_gakutto_next_open,11
8628,2018-11-02,2018-11-05,1189.0,2018-11-27,1250.0,5.130361648444071,max15_next_open,15
8628,2021-04-06,2021-04-07,919.0,2021-04-20,920.0,0.10881392818280489,strict_gakutto_next_open,9
8628,2022-05-10,2022-05-11,821.0,2022-05-19,802.0,-2.3142509135200995,strict_gakutto_next_open,6
8630,2018-09-14,2018-09-18,1492.0,2018-10-02,1616.7,8.35790884718499,strict_gakutto_next_open,9
8630,2019-02-15,2019-02-18,1374.0,2019-02-27,1371.0,-0.21834061135370675,strict_gakutto_next_open,7
8630,2022-01-04,2022-01-05,1711.7,2022-01-19,1780.3,4.007711631711164,strict_gakutto_next_open,9
8697,2017-07-20,2017-07-21,1009.0,2017-08-01,978.73,-3.0000000000000027,stop_-3%,7
8697,2020-12-18,2020-12-21,1273.5,2020-12-21,1235.295,-2.9999999999999916,stop_-3%,0
8697,2024-10-29,2024-10-30,1961.0,2024-10-30,1902.1699999999998,-3.0000000000000027,stop_-3%,0
8698,2018-01-04,2018-01-05,331.0,2018-01-19,339.0,2.4169184290030232,strict_gakutto_next_open,9
8698,2018-03-12,2018-03-13,371.0,2018-03-15,359.87,-3.0000000000000027,stop_-3%,2
8698,2020-01-06,2020-01-07,273.0,2020-01-27,274.0,0.366300366300365,strict_gakutto_next_open,13
8698,2022-09-29,2022-09-30,464.0,2022-09-30,450.08,-3.0000000000000027,stop_-3%,0
8698,2023-05-23,2023-05-24,498.0,2023-05-29,483.06,-3.0000000000000027,stop_-3%,3
8698,2023-08-23,2023-08-24,520.0,2023-09-14,561.0,7.884615384615379,max15_next_open,15
8698,2024-04-08,2024-04-09,913.0,2024-04-15,880.0,-3.6144578313253017,stop_gap,4
8698,2025-02-10,2025-02-12,898.0,2025-02-13,838.0,-6.681514476614703,stop_gap,1
8706,2017-01-04,2017-01-05,1809.0,2017-01-16,1754.73,-3.0000000000000027,stop_-3%,6
8706,2017-02-08,2017-02-09,1652.0,2017-03-02,1705.0,3.2082324455205757,max15_next_open,15
8706,2018-06-04,2018-06-05,1516.0,2018-06-12,1523.0,0.461741424802109,strict_gakutto_next_open,5
8706,2019-04-17,2019-04-18,1082.0,2019-04-24,1049.54,-3.0000000000000027,stop_-3%,4
8706,2019-07-01,2019-07-02,905.0,2019-07-09,910.0,0.5524861878453136,strict_gakutto_next_open,5
8706,2021-05-18,2021-05-19,812.0,2021-05-28,827.0,1.8472906403940836,strict_gakutto_next_open,7
8706,2024-06-19,2024-06-20,1441.0,2024-06-24,1418.0,-1.5961138098542715,strict_gakutto_next_open,2
8707,2021-04-28,2021-04-30,1741.0,2021-05-12,1721.0,-1.148765077541647,strict_gakutto_next_open,5
8707,2024-06-03,2024-06-04,2263.0,2024-06-12,2195.11,-2.9999999999999916,stop_-3%,6
8707,2024-06-19,2024-06-20,2217.0,2024-07-10,2273.0,2.5259359494812728,strict_gakutto_next_open,14
8708,2016-11-11,2016-11-14,571.0,2016-11-30,629.0,10.157618213660236,strict_gakutto_next_open,11
8708,2017-01-04,2017-01-05,683.0,2017-01-06,662.51,-3.0000000000000027,stop_-3%,1
8708,2018-03-13,2018-03-14,770.0,2018-03-20,743.0,-3.506493506493502,strict_gakutto_next_open,4
8708,2018-03-30,2018-04-02,777.0,2018-04-03,753.6899999999999,-3.0000000000000027,stop_-3%,1
8708,2019-04-15,2019-04-16,698.0,2019-04-17,670.0,-4.011461318051579,stop_gap,1
8708,2019-12-26,2019-12-27,743.0,2019-12-30,720.71,-2.9999999999999916,stop_-3%,1
8708,2025-08-05,2025-08-06,1346.0,2025-08-27,1368.0,1.634472511144125,strict_gakutto_next_open,14
8713,2017-11-30,2017-12-01,2050.0,2017-12-06,1988.5,-3.0000000000000027,stop_-3%,3
8713,2018-05-24,2018-05-25,1850.0,2018-05-30,1794.5,-3.0000000000000027,stop_-3%,3
8713,2020-11-02,2020-11-04,1060.0,2020-11-18,1110.0,4.716981132075482,strict_gakutto_next_open,10
8713,2021-06-02,2021-06-03,1240.0,2021-06-10,1220.0,-1.6129032258064502,strict_gakutto_next_open,5
8714,2023-01-27,2023-01-30,256.0,2023-02-01,248.32,-3.0000000000000027,stop_-3%,2
8714,2025-09-10,2025-09-11,643.0,2025-09-17,623.71,-2.9999999999999916,stop_-3%,3
8715,2018-02-01,2018-02-02,887.5,2018-02-05,860.875,-3.0000000000000027,stop_-3%,1
8715,2019-03-26,2019-03-27,713.0,2019-04-12,758.8,6.42356241234221,strict_gakutto_next_open,12
8715,2020-07-21,2020-07-22,1127.5,2020-07-29,1093.675,-3.0000000000000027,stop_-3%,3
8715,2021-04-14,2021-04-15,1001.0,2021-04-21,970.97,-3.0000000000000027,stop_-3%,4
8715,2024-03-15,2024-03-18,574.0,2024-03-27,568.0,-1.0452961672473893,strict_gakutto_next_open,6
8725,2019-10-15,2019-10-16,1155.3,2019-11-08,1198.0,3.696009694451652,max15_next_open,15
8729,2018-02-02,2018-02-05,2030.0,2018-02-06,1969.1,-3.0000000000000027,stop_-3%,1
8729,2018-09-10,2018-09-11,2219.0,2018-10-04,2547.0,14.781433077963047,strict_gakutto_next_open,15
8729,2026-08-10,2026-08-12,154.0,2026-08-19,155.2,0.7792207792207684,strict_gakutto_next_open,5
8739,2019-04-17,2019-04-18,1185.0,2019-04-22,1149.45,-2.9999999999999916,stop_-3%,2
8739,2019-12-09,2019-12-10,1265.0,2019-12-24,1300.0,2.7667984189723382,strict_gakutto_next_open,10
8739,2023-06-06,2023-06-07,1461.0,2023-06-23,1559.0,6.707734428473655,strict_gakutto_next_open,12
8739,2023-07-13,2023-07-14,1526.0,2023-07-24,1515.0,-0.7208387942332917,strict_gakutto_next_open,5
8739,2024-10-04,2024-10-07,1394.0,2024-10-08,1347.0,-3.371592539454804,stop_gap,1
8750,2018-10-19,2018-10-22,576.5,2018-10-24,559.205,-2.9999999999999916,stop_-3%,2
8750,2020-05-26,2020-05-27,326.1,2020-06-05,357.8,9.720944495553496,strict_gakutto_next_open,7
8750,2021-02-02,2021-02-03,418.8,2021-02-25,485.0,15.807067812798458,strict_gakutto_next_open,14
8750,2021-12-03,2021-12-06,588.0,2021-12-20,587.5,-0.08503401360544505,strict_gakutto_next_open,10
8750,2022-10-04,2022-10-05,592.4,2022-10-11,571.8,-3.4773801485482814,stop_gap,3
8750,2023-08-10,2023-08-14,688.1,2023-08-16,658.8,-4.258102020055232,stop_gap,2
8750,2023-10-27,2023-10-30,765.0,2023-11-08,742.05,-3.0000000000000027,stop_-3%,6
8750,2024-07-31,2024-08-01,1144.5,2024-08-02,1048.8,-8.361730013106161,stop_gap,1
8750,2025-03-14,2025-03-17,1144.3,2025-03-31,1109.971,-2.9999999999999916,stop_-3%,9
8766,2017-01-20,2017-01-23,1572.3,2017-01-25,1574.3,0.1272021878776286,strict_gakutto_next_open,2
8766,2018-10-19,2018-10-22,1826.7,2018-10-24,1780.3,-2.5400996332183734,strict_gakutto_next_open,2
8766,2024-12-03,2024-12-04,5911.0,2024-12-06,5733.67,-3.0000000000000027,stop_-3%,2
8771,2017-11-22,2017-11-24,837.5,2017-12-01,820.0,-2.0895522388059695,strict_gakutto_next_open,5
8771,2019-02-28,2019-03-01,1090.0,2019-03-11,1095.0,0.4587155963302836,strict_gakutto_next_open,6
8771,2022-09-09,2022-09-12,2332.0,2022-09-22,2370.0,1.6295025728988,strict_gakutto_next_open,7
8771,2023-02-16,2023-02-17,2282.0,2023-03-01,2213.54,-3.0000000000000027,stop_-3%,7
8771,2023-03-09,2023-03-10,2200.0,2023-03-14,2134.0,-3.0000000000000027,stop_-3%,2
8793,2019-08-14,2019-08-15,1958.0,2019-08-30,2039.0,4.136874361593468,strict_gakutto_next_open,11
8793,2024-04-24,2024-04-25,3750.0,2024-05-13,3810.0,1.6000000000000014,strict_gakutto_next_open,9
8795,2024-11-25,2024-11-26,2554.0,2024-11-27,2477.38,-2.9999999999999916,stop_-3%,1
8798,2017-11-13,2017-11-14,970.0,2017-11-15,940.9,-3.0000000000000027,stop_-3%,1
8798,2018-11-13,2018-11-14,1087.5,2018-11-14,1054.875,-3.0000000000000027,stop_-3%,0
8798,2018-12-13,2018-12-14,1035.0,2018-12-17,1003.9499999999999,-3.0000000000000027,stop_-3%,1
8801,2022-12-09,2022-12-12,866.7,2022-12-20,874.3,0.8768893504095931,strict_gakutto_next_open,6
8802,2018-03-27,2018-03-28,1745.5,2018-04-04,1764.5,1.0885133199656227,strict_gakutto_next_open,5
8802,2019-02-19,2019-02-20,1901.0,2019-03-07,1907.0,0.31562335612835835,strict_gakutto_next_open,11
8802,2023-12-15,2023-12-18,1960.0,2023-12-25,1954.0,-0.3061224489795955,strict_gakutto_next_open,5
8802,2024-07-31,2024-08-01,2451.0,2024-08-01,2377.47,-3.0000000000000027,stop_-3%,0
8803,2017-02-08,2017-02-09,804.5,2017-03-02,821.0,2.050963331261646,max15_next_open,15
8803,2022-06-21,2022-06-22,1982.5,2022-07-01,1923.0249999999999,-3.0000000000000027,stop_-3%,7
8803,2022-12-09,2022-12-12,1952.5,2022-12-21,1927.5,-1.2804097311139517,strict_gakutto_next_open,7
8803,2025-06-17,2025-06-18,2222.5,2025-06-25,2202.5,-0.8998875140607376,strict_gakutto_next_open,5
8804,2017-02-07,2017-02-08,1546.0,2017-02-20,1566.0,1.2936610608020649,strict_gakutto_next_open,8
8804,2017-11-30,2017-12-01,1568.0,2017-12-08,1545.0,-1.466836734693877,strict_gakutto_next_open,5
8804,2019-04-25,2019-04-26,1256.0,2019-05-08,1199.0,-4.5382165605095555,strict_gakutto_next_open,2
8804,2022-01-21,2022-01-24,1670.0,2022-02-15,1824.0,9.221556886227544,max15_next_open,15
8804,2022-06-21,2022-06-22,1805.0,2022-07-06,1861.0,3.1024930747922452,strict_gakutto_next_open,10
8804,2024-05-31,2024-06-03,2594.0,2024-06-12,2508.0,-3.3153430994602884,strict_gakutto_next_open,7
8804,2024-07-31,2024-08-01,2542.0,2024-08-01,2465.74,-3.0000000000000138,stop_-3%,0
8804,2024-12-20,2024-12-23,2559.5,2025-01-09,2489.0,-2.754444227388164,strict_gakutto_next_open,9
8818,2019-09-18,2019-09-19,623.0,2019-10-11,648.0,4.01284109149278,max15_next_open,15
8818,2022-06-21,2022-06-22,637.5,2022-06-22,618.375,-3.0000000000000027,stop_-3%,0
8818,2022-12-09,2022-12-12,636.0,2022-12-20,616.92,-3.0000000000000027,stop_-3%,6
8830,2017-01-18,2017-01-19,1570.0,2017-01-23,1522.8999999999999,-3.0000000000000138,stop_-3%,2
8830,2019-05-16,2019-05-17,2087.5,2019-05-17,2024.875,-3.0000000000000027,stop_-3%,0
8830,2022-05-17,2022-05-18,1669.0,2022-05-19,1600.0,-4.134212103055724,stop_gap,1
8830,2024-07-31,2024-08-01,2381.5,2024-08-01,2310.055,-3.0000000000000027,stop_-3%,0
8830,2025-02-26,2025-02-27,2651.5,2025-03-07,2563.5,-3.3188761078634776,stop_gap,6
8830,2026-09-09,2026-09-10,3262.0,2026-09-15,3164.14,-3.0000000000000027,stop_-3%,3
8848,2021-07-07,2021-07-08,144.0,2021-08-02,150.0,4.166666666666674,max15_next_open,15
8848,2022-07-14,2022-07-15,255.0,2022-08-04,270.0,5.882352941176472,strict_gakutto_next_open,13
8848,2024-07-29,2024-07-30,528.0,2024-08-02,505.0,-4.356060606060607,stop_gap,3
8848,2025-09-01,2025-09-02,718.0,2025-09-18,727.0,1.253481894150421,strict_gakutto_next_open,11
8850,2017-04-10,2017-04-11,2359.0,2017-04-13,2288.23,-3.0000000000000027,stop_-3%,2
8850,2018-10-30,2018-10-31,2351.0,2018-11-19,2619.0,11.399404508719702,strict_gakutto_next_open,13
8850,2021-04-07,2021-04-08,2978.0,2021-04-12,2887.0,-3.0557421087978542,strict_gakutto_next_open,2
8850,2023-10-27,2023-10-30,2797.0,2023-11-21,2774.0,-0.8223096174472699,max15_next_open,15
8850,2024-03-15,2024-03-18,3000.0,2024-03-29,3140.0,4.666666666666663,strict_gakutto_next_open,8
8850,2025-11-21,2025-11-25,4845.0,2025-12-02,4815.0,-0.6191950464396245,strict_gakutto_next_open,5
8860,2019-11-25,2019-11-26,714.0,2019-11-27,692.5799999999999,-3.0000000000000138,stop_-3%,1
8860,2024-05-31,2024-06-03,759.0,2024-06-07,736.23,-3.0000000000000027,stop_-3%,4
8860,2024-12-20,2024-12-23,789.0,2025-01-07,787.0,-0.25348542458808465,strict_gakutto_next_open,7
8860,2026-01-30,2026-02-02,825.0,2026-02-25,893.0,8.242424242424251,max15_next_open,15
8876,2019-03-06,2019-03-07,3005.0,2019-03-11,2914.85,-3.0000000000000027,stop_-3%,2
8876,2022-09-30,2022-10-03,2197.0,2022-10-21,2131.09,-2.9999999999999916,stop_-3%,13
8876,2023-03-29,2023-03-30,2098.0,2023-04-06,2010.0,-4.194470924690186,strict_gakutto_next_open,5
8876,2023-09-27,2023-09-28,1616.0,2023-10-03,1570.0,-2.846534653465349,strict_gakutto_next_open,3
8876,2025-01-22,2025-01-23,1824.0,2025-02-05,1900.0,4.166666666666674,strict_gakutto_next_open,9
8877,2018-07-09,2018-07-10,1894.0,2018-07-11,1837.1799999999998,-3.0000000000000138,stop_-3%,1
8877,2023-08-23,2023-08-24,2902.0,2023-09-14,3125.0,7.6843556168159965,strict_gakutto_next_open,15
8881,2017-02-07,2017-02-08,542.0,2017-03-01,590.0,8.856088560885599,max15_next_open,15
8881,2018-03-27,2018-03-28,774.0,2018-04-13,798.0,3.100775193798455,strict_gakutto_next_open,12
8881,2020-08-07,2020-08-11,366.0,2020-08-19,376.0,2.732240437158473,strict_gakutto_next_open,6
8881,2021-04-07,2021-04-08,502.0,2021-04-19,486.94,-3.0000000000000027,stop_-3%,7
8881,2022-03-15,2022-03-16,493.0,2022-03-28,485.0,-1.6227180527383367,strict_gakutto_next_open,7
8881,2023-11-01,2023-11-02,522.0,2023-11-07,506.34,-3.0000000000000027,stop_-3%,2
8892,2018-01-09,2018-01-10,686.0,2018-01-11,665.0,-3.0612244897959218,stop_gap,1
8892,2019-04-01,2019-04-02,760.0,2019-04-15,769.0,1.1842105263157876,strict_gakutto_next_open,9
8892,2019-06-07,2019-06-10,702.0,2019-06-13,680.9399999999999,-3.0000000000000138,stop_-3%,3
8892,2024-04-09,2024-04-10,1010.0,2024-04-17,997.0,-1.2871287128712883,strict_gakutto_next_open,5
8892,2024-12-24,2024-12-25,957.0,2025-01-22,979.0,2.298850574712641,max15_next_open,15
8897,2019-05-16,2019-05-17,360.0,2019-06-03,364.0,1.1111111111111072,strict_gakutto_next_open,11
8919,2018-03-27,2018-03-28,1580.0,2018-04-17,1732.5,9.651898734177223,strict_gakutto_next_open,14
8919,2019-10-15,2019-10-16,2175.0,2019-11-08,2350.0,8.045977011494255,max15_next_open,15
8919,2021-06-24,2021-06-25,3180.0,2021-06-29,3084.6,-3.0000000000000027,stop_-3%,2
8919,2021-10-11,2021-10-12,3995.0,2021-10-22,3985.0,-0.25031289111389077,strict_gakutto_next_open,8
8919,2024-09-18,2024-09-19,1823.0,2024-10-03,2003.0,9.873834339001641,strict_gakutto_next_open,9
8919,2025-11-07,2025-11-10,2800.0,2025-11-10,2716.0,-3.0000000000000027,stop_-3%,0
8919,2026-07-03,2026-07-06,3290.0,2026-07-13,3285.0,-0.1519756838905817,strict_gakutto_next_open,5
8923,2020-09-28,2020-09-29,494.0,2020-10-02,479.18,-3.0000000000000027,stop_-3%,2
8923,2020-11-20,2020-11-24,554.5,2020-12-15,610.0,10.009017132551845,max15_next_open,15
8923,2021-03-01,2021-03-02,523.0,2021-03-23,578.5,10.611854684512423,max15_next_open,15
8923,2023-08-10,2023-08-14,870.0,2023-08-15,843.9,-3.0000000000000027,stop_-3%,1
8923,2025-10-20,2025-10-21,1655.0,2025-10-30,1607.5,-2.8700906344410915,strict_gakutto_next_open,7
8923,2025-12-08,2025-12-09,1668.0,2025-12-23,1691.0,1.3788968824939962,strict_gakutto_next_open,10
8934,2018-05-31,2018-06-01,1339.0,2018-06-19,1315.0,-1.7923823749066425,strict_gakutto_next_open,12
8934,2018-12-12,2018-12-13,1197.0,2018-12-17,1161.09,-3.0000000000000027,stop_-3%,2
8934,2023-08-23,2023-08-24,1430.0,2023-09-12,1471.0,2.867132867132871,strict_gakutto_next_open,13
8934,2024-07-29,2024-07-30,2059.0,2024-07-31,1997.23,-3.0000000000000027,stop_-3%,1
8935,2017-06-13,2017-06-14,835.0,2017-06-23,870.0,4.191616766467066,strict_gakutto_next_open,7
8935,2017-10-27,2017-10-30,965.0,2017-11-06,935.0,-3.1088082901554404,stop_gap,4
8935,2019-03-18,2019-03-19,896.0,2019-03-27,869.12,-3.0000000000000027,stop_-3%,5
8935,2024-07-29,2024-07-30,1298.0,2024-08-01,1259.06,-3.0000000000000027,stop_-3%,2
8935,2025-02-28,2025-03-03,1201.0,2025-03-11,1201.0,0.0,strict_gakutto_next_open,6
8999,2018-01-24,2018-01-25,595.0,2018-01-30,577.15,-3.0000000000000027,stop_-3%,3
8999,2018-04-10,2018-04-11,448.0,2018-04-17,442.0,-1.3392857142857095,strict_gakutto_next_open,4
9001,2017-08-01,2017-08-02,3030.0,2017-08-10,3015.0,-0.4950495049504955,strict_gakutto_next_open,6
9001,2022-08-31,2022-09-01,3255.0,2022-09-07,3180.0,-2.304147465437789,strict_gakutto_next_open,4
9001,2024-07-31,2024-08-01,2622.0,2024-08-02,2534.5,-3.3371472158657545,stop_gap,1
9005,2017-06-15,2017-06-16,1684.0,2017-07-07,1690.0,0.3562945368170922,max15_next_open,15
9005,2020-09-28,2020-09-29,1419.0,2020-09-30,1376.43,-2.9999999999999916,stop_-3%,1
9005,2022-01-21,2022-01-24,1531.0,2022-01-27,1485.07,-3.0000000000000027,stop_-3%,3
9005,2024-04-08,2024-04-09,1874.0,2024-04-22,1880.0,0.32017075773747017,strict_gakutto_next_open,9
9005,2025-04-04,2025-04-07,1653.0,2025-04-25,1760.0,6.473079249848768,strict_gakutto_next_open,14
9006,2021-10-20,2021-10-21,1300.0,2021-10-28,1268.0,-2.4615384615384595,strict_gakutto_next_open,5
9006,2022-08-31,2022-09-01,1416.0,2022-09-05,1373.52,-3.0000000000000027,stop_-3%,2
9006,2022-09-12,2022-09-13,1423.0,2022-09-27,1449.0,1.8271257905832838,strict_gakutto_next_open,8
9007,2017-02-10,2017-02-13,2282.0,2017-02-20,2230.0,-2.2787028921998242,strict_gakutto_next_open,5
9007,2018-06-26,2018-06-27,2400.0,2018-07-02,2328.0,-3.0000000000000027,stop_-3%,3
9007,2020-12-28,2020-12-29,3195.0,2021-01-04,3099.15,-3.0000000000000027,stop_-3%,2
9007,2022-08-31,2022-09-01,1889.0,2022-09-05,1832.33,-3.0000000000000027,stop_-3%,2
9007,2023-03-17,2023-03-20,1636.0,2023-04-11,1804.0,10.268948655256715,max15_next_open,15
9007,2025-04-04,2025-04-07,1481.5,2025-04-25,1583.5,6.884913938575776,strict_gakutto_next_open,14
9008,2020-07-15,2020-07-16,1216.0,2020-07-20,1179.52,-3.0000000000000027,stop_-3%,2
9008,2021-05-18,2021-05-19,1398.0,2021-05-21,1356.06,-3.0000000000000027,stop_-3%,2
9008,2021-08-23,2021-08-24,1208.0,2021-09-01,1176.0,-2.6490066225165587,strict_gakutto_next_open,6
9009,2017-02-10,2017-02-13,901.7,2017-02-20,879.0,-2.5174670067650062,strict_gakutto_next_open,5
9009,2023-08-10,2023-08-14,1951.0,2023-08-14,1892.47,-3.0000000000000027,stop_-3%,0
9010,2019-10-04,2019-10-07,4600.0,2019-10-15,4510.0,-1.9565217391304346,strict_gakutto_next_open,5
9010,2022-12-27,2022-12-28,4865.0,2023-01-04,4719.05,-2.9999999999999916,stop_-3%,3
9010,2024-12-09,2024-12-10,2350.0,2024-12-13,2279.5,-3.0000000000000027,stop_-3%,3
9010,2025-01-21,2025-01-22,2208.0,2025-02-13,2480.0,12.318840579710155,max15_next_open,15
9010,2025-05-07,2025-05-08,2110.0,2025-05-14,2046.7,-3.0000000000000027,stop_-3%,4
9010,2026-02-05,2026-02-06,2120.0,2026-03-03,2405.0,13.443396226415105,max15_next_open,15
9020,2021-04-26,2021-04-27,2523.7,2021-05-13,2434.7,-3.5265681340888366,strict_gakutto_next_open,8
9020,2021-07-06,2021-07-07,2680.0,2021-07-14,2693.3,0.4962686567164143,strict_gakutto_next_open,5
9020,2022-01-21,2022-01-24,2253.0,2022-01-26,2236.0,-0.7545494895694671,strict_gakutto_next_open,2
9020,2022-04-14,2022-04-15,2367.7,2022-04-22,2323.0,-1.8879080964649186,strict_gakutto_next_open,5
9021,2020-12-28,2020-12-29,2660.0,2021-01-05,2580.2,-3.0000000000000027,stop_-3%,3
9021,2022-04-14,2022-04-15,2492.5,2022-04-22,2485.0,-0.30090270812437314,strict_gakutto_next_open,5
9021,2022-06-21,2022-06-22,2458.5,2022-07-04,2495.0,1.484645108806193,strict_gakutto_next_open,8
9022,2018-12-27,2018-12-28,4609.0,2019-01-25,4620.0,0.23866348448686736,max15_next_open,15
9022,2021-08-10,2021-08-11,3219.0,2021-08-18,3172.0,-1.460080770425598,strict_gakutto_next_open,5
9022,2022-06-06,2022-06-07,3296.0,2022-06-14,3174.0,-3.7014563106796072,stop_gap,5
9023,2025-11-21,2025-11-25,1631.0,2025-12-02,1606.0,-1.5328019619865074,strict_gakutto_next_open,5
9024,2020-11-05,2020-11-06,1119.0,2020-11-18,1201.0,7.327971403038425,strict_gakutto_next_open,8
9024,2021-08-24,2021-08-25,1270.0,2021-09-03,1290.0,1.5748031496062964,strict_gakutto_next_open,7
9024,2023-01-18,2023-01-19,1426.0,2023-01-30,1457.0,2.1739130434782705,strict_gakutto_next_open,7
9024,2025-02-27,2025-02-28,3205.0,2025-03-24,3654.0,14.009360374414982,max15_next_open,15
9025,2017-03-28,2017-03-29,1433.0,2017-03-31,1390.01,-3.0000000000000027,stop_-3%,2
9025,2018-08-28,2018-08-29,1795.0,2018-09-06,1800.0,0.278551532033422,strict_gakutto_next_open,6
9025,2021-11-12,2021-11-15,1232.0,2021-11-15,1195.04,-3.0000000000000027,stop_-3%,0
9025,2023-04-12,2023-04-13,1508.0,2023-05-08,1607.0,6.5649867374005355,strict_gakutto_next_open,14
9025,2024-07-31,2024-08-01,2393.0,2024-08-02,2274.0,-4.972837442540746,stop_gap,1
9031,2020-12-11,2020-12-14,2979.0,2020-12-21,2952.0,-0.9063444108761365,strict_gakutto_next_open,5
9031,2022-03-15,2022-03-16,2643.0,2022-03-30,2670.0,1.0215664018161208,strict_gakutto_next_open,9
9031,2025-02-13,2025-02-14,2328.0,2025-02-14,2258.16,-3.0000000000000027,stop_-3%,0
9037,2019-06-05,2019-06-06,932.5,2019-06-19,940.0,0.8042895442359255,strict_gakutto_next_open,9
9037,2026-03-18,2026-03-19,1836.0,2026-03-23,1761.0,-4.084967320261434,stop_gap,1
9039,2019-04-23,2019-04-24,3350.0,2019-05-07,3249.5,-3.0000000000000027,stop_-3%,3
9039,2019-06-25,2019-06-26,3235.0,2019-06-27,3137.95,-3.0000000000000027,stop_-3%,1
9039,2020-08-25,2020-08-26,2355.0,2020-08-28,2335.0,-0.849256900212314,strict_gakutto_next_open,2
9039,2021-06-22,2021-06-23,2900.0,2021-07-01,2880.0,-0.6896551724137945,strict_gakutto_next_open,6
9039,2023-09-27,2023-09-28,2555.0,2023-09-29,2478.35,-3.0000000000000027,stop_-3%,1
9041,2024-07-31,2024-08-01,3455.0,2024-08-02,3351.0,-3.0101302460202595,stop_gap,1
9041,2025-10-16,2025-10-17,3104.0,2025-10-27,3075.0,-0.9342783505154606,strict_gakutto_next_open,6
9042,2021-01-28,2021-01-29,3375.0,2021-02-02,3340.0,-1.0370370370370363,strict_gakutto_next_open,2
9042,2024-01-31,2024-02-01,4527.0,2024-02-08,4350.0,-3.9098740888005357,stop_gap,5
9042,2024-06-19,2024-06-20,4175.0,2024-07-08,4263.0,2.107784431137727,strict_gakutto_next_open,12
9042,2026-05-07,2026-05-08,4452.0,2026-05-25,4704.0,5.660377358490565,strict_gakutto_next_open,11
9044,2021-08-11,2021-08-12,2361.0,2021-08-13,2290.17,-2.9999999999999916,stop_-3%,1
9044,2021-10-20,2021-10-21,2288.0,2021-10-28,2258.0,-1.3111888111888126,strict_gakutto_next_open,5
9044,2023-08-10,2023-08-14,3008.0,2023-08-18,2917.7599999999998,-3.0000000000000027,stop_-3%,4
9044,2024-01-31,2024-02-01,2922.5,2024-02-13,2908.0,-0.4961505560307944,strict_gakutto_next_open,7
9044,2024-07-31,2024-08-01,2625.0,2024-08-01,2546.25,-3.0000000000000027,stop_-3%,0
9044,2025-10-16,2025-10-17,2770.5,2025-10-30,2789.5,0.6857967875834703,strict_gakutto_next_open,9
9044,2025-11-21,2025-11-25,2888.0,2025-12-04,2801.36,-2.9999999999999916,stop_-3%,7
9044,2026-06-25,2026-06-26,2779.0,2026-07-14,2938.5,5.739474631162289,strict_gakutto_next_open,12
9045,2019-01-04,2019-01-07,4590.0,2019-01-16,4535.0,-1.1982570806100212,strict_gakutto_next_open,6
9045,2020-09-28,2020-09-29,4545.0,2020-09-30,4408.65,-3.0000000000000027,stop_-3%,1
9045,2022-12-27,2022-12-28,3490.0,2023-01-04,3385.2999999999997,-3.0000000000000027,stop_-3%,3
9045,2024-05-10,2024-05-13,3289.0,2024-05-13,3190.33,-3.0000000000000027,stop_-3%,0
9048,2016-12-09,2016-12-12,2770.0,2016-12-28,2845.0,2.707581227436817,strict_gakutto_next_open,11
9048,2023-08-10,2023-08-14,2297.0,2023-08-14,2228.09,-2.9999999999999916,stop_-3%,0
9052,2017-10-11,2017-10-12,2797.0,2017-11-01,2860.0,2.25241329996424,strict_gakutto_next_open,14
9052,2018-10-05,2018-10-09,2530.0,2018-10-15,2486.0,-1.7391304347826098,strict_gakutto_next_open,4
9052,2018-10-30,2018-10-31,2484.0,2018-11-05,2401.0,-3.3413848631239973,stop_gap,3
9052,2019-08-30,2019-09-02,2057.0,2019-09-09,2079.0,1.0695187165775444,strict_gakutto_next_open,5
9052,2021-02-24,2021-02-25,2030.0,2021-03-01,1969.1,-3.0000000000000027,stop_-3%,2
9052,2022-06-17,2022-06-20,2125.0,2022-07-01,2166.0,1.9294117647058906,strict_gakutto_next_open,9
9064,2017-04-07,2017-04-10,2363.5,2017-04-14,2292.595,-3.0000000000000138,stop_-3%,4
9064,2018-11-21,2018-11-22,2898.0,2018-12-05,2905.5,0.25879917184266077,strict_gakutto_next_open,8
9064,2019-04-15,2019-04-16,2811.0,2019-04-18,2726.67,-3.0000000000000027,stop_-3%,2
9064,2020-01-10,2020-01-14,1885.0,2020-01-16,1844.0,-2.1750663129973424,strict_gakutto_next_open,2
9064,2021-03-10,2021-03-11,2844.0,2021-03-24,2968.0,4.360056258790435,strict_gakutto_next_open,9
9065,2018-09-12,2018-09-13,5880.0,2018-10-03,6320.0,7.48299319727892,strict_gakutto_next_open,12
9068,2017-01-24,2017-01-25,2280.0,2017-02-15,2265.0,-0.6578947368421018,max15_next_open,15
9068,2017-07-13,2017-07-14,2315.0,2017-08-07,2450.0,5.831533477321815,max15_next_open,15
9068,2018-01-04,2018-01-05,2605.0,2018-01-10,2535.0,-2.6871401151631447,strict_gakutto_next_open,2
9068,2019-01-18,2019-01-21,2667.0,2019-02-12,2764.0,3.6370453693288285,max15_next_open,15
9068,2020-07-13,2020-07-14,3135.0,2020-08-06,3210.0,2.392344497607657,strict_gakutto_next_open,15
9068,2020-09-11,2020-09-14,3295.0,2020-09-16,3275.0,-0.6069802731411222,strict_gakutto_next_open,2
9068,2021-06-08,2021-06-09,3295.0,2021-06-25,3440.0,4.400606980273136,strict_gakutto_next_open,12
9068,2021-12-07,2021-12-08,3345.0,2021-12-13,3244.65,-3.0000000000000027,stop_-3%,3
9069,2019-05-30,2019-05-31,868.0,2019-06-04,841.9599999999999,-3.0000000000000138,stop_-3%,2
9069,2022-10-04,2022-10-05,1010.0,2022-10-18,1010.0,0.0,strict_gakutto_next_open,8
9069,2026-05-07,2026-05-08,1854.5,2026-05-25,1964.0,5.904556484227563,strict_gakutto_next_open,11
9072,2022-03-10,2022-03-11,1084.0,2022-03-25,1094.0,0.9225092250922495,strict_gakutto_next_open,9
9072,2024-05-31,2024-06-03,1501.0,2024-06-10,1365.3,-9.040639573617593,strict_gakutto_next_open,5
9075,2018-08-27,2018-08-28,5410.0,2018-08-31,5247.7,-3.0000000000000027,stop_-3%,3
9075,2019-06-28,2019-07-01,3955.0,2019-07-10,4045.0,2.2756005056890016,strict_gakutto_next_open,7
9075,2021-06-17,2021-06-18,4045.0,2021-06-30,4180.0,3.3374536464771287,strict_gakutto_next_open,8
9075,2021-12-28,2021-12-29,3940.0,2022-01-07,3915.0,-0.6345177664974666,strict_gakutto_next_open,5
9075,2022-07-08,2022-07-11,3090.0,2022-07-20,3185.0,3.07443365695792,strict_gakutto_next_open,6
9075,2023-04-14,2023-04-17,3555.0,2023-05-11,3680.0,3.5161744022503605,max15_next_open,15
9075,2024-05-22,2024-05-23,3800.0,2024-05-27,3686.0,-3.0000000000000027,stop_-3%,2
9076,2019-06-28,2019-07-01,1469.0,2019-07-09,1445.0,-1.6337644656228778,strict_gakutto_next_open,6
9076,2020-08-04,2020-08-05,1369.0,2020-08-27,1614.0,17.89627465303141,max15_next_open,15
9076,2022-01-25,2022-01-26,1122.0,2022-02-17,1223.0,9.001782531194301,max15_next_open,15
9076,2023-10-10,2023-10-11,2122.5,2023-10-19,2132.5,0.4711425206124886,strict_gakutto_next_open,6
9076,2026-08-07,2026-08-10,2720.0,2026-08-20,2805.5,3.143382352941182,strict_gakutto_next_open,7
9081,2017-04-12,2017-04-13,3515.0,2017-04-20,3445.0,-1.9914651493598834,strict_gakutto_next_open,5
9081,2022-03-10,2022-03-11,3430.0,2022-03-31,3485.0,1.6034985422740622,strict_gakutto_next_open,13
9090,2016-12-13,2016-12-14,368.8,2016-12-22,357.736,-3.0000000000000027,stop_-3%,6
9090,2017-01-26,2017-01-27,349.8,2017-01-31,339.306,-3.0000000000000027,stop_-3%,2
9090,2021-04-09,2021-04-12,1937.0,2021-04-21,1900.0,-1.9101703665462044,strict_gakutto_next_open,7
9090,2023-04-14,2023-04-17,1942.0,2023-04-27,1952.0,0.5149330587023604,strict_gakutto_next_open,8
9090,2024-05-31,2024-06-03,1217.0,2024-06-07,1180.49,-3.0000000000000027,stop_-3%,4
9101,2020-07-06,2020-07-07,511.3,2020-07-08,493.7,-3.4422061412086924,stop_gap,1
9104,2017-08-15,2017-08-16,1123.3,2017-08-25,1146.7,2.0831478678892568,strict_gakutto_next_open,7
9104,2019-12-26,2019-12-27,1001.7,2020-01-06,971.649,-3.0000000000000027,stop_-3%,2
9107,2023-05-22,2023-05-23,1133.3,2023-05-25,1093.3,-3.529515573987474,stop_gap,2
9107,2024-10-17,2024-10-18,2059.0,2024-10-28,2060.0,0.048567265662935455,strict_gakutto_next_open,6
9110,2017-06-13,2017-06-14,2250.0,2017-06-15,2180.0,-3.111111111111109,stop_gap,1
9110,2017-08-17,2017-08-18,2290.0,2017-09-05,2290.0,0.0,strict_gakutto_next_open,12
9110,2018-01-04,2018-01-05,2868.0,2018-01-17,2850.0,-0.6276150627615107,strict_gakutto_next_open,7
9110,2018-03-27,2018-03-28,2078.0,2018-04-09,2015.6599999999999,-3.0000000000000027,stop_-3%,8
9110,2018-04-13,2018-04-16,2132.0,2018-05-01,2270.0,6.472795497185735,strict_gakutto_next_open,10
9110,2020-07-06,2020-07-07,1534.0,2020-07-07,1487.98,-3.0000000000000027,stop_-3%,0
9110,2022-11-24,2022-11-25,3770.0,2022-12-06,3760.0,-0.2652519893899252,strict_gakutto_next_open,7
9119,2019-06-28,2019-07-01,366.0,2019-07-09,370.0,1.0928961748633892,strict_gakutto_next_open,6
9119,2021-11-22,2021-11-24,522.0,2021-12-01,517.0,-0.9578544061302652,strict_gakutto_next_open,5
9119,2023-12-15,2023-12-18,1209.0,2023-12-26,1215.0,0.496277915632759,strict_gakutto_next_open,6
9119,2024-07-31,2024-08-01,1290.0,2024-08-02,1231.0,-4.573643410852712,stop_gap,1
9119,2025-05-28,2025-05-29,995.0,2025-06-02,965.15,-3.0000000000000027,stop_-3%,2
9142,2020-05-11,2020-05-12,2985.0,2020-05-12,2895.45,-3.0000000000000027,stop_-3%,0
9142,2021-09-21,2021-09-22,2491.0,2021-10-07,2620.0,5.178643115214765,strict_gakutto_next_open,10
9143,2018-06-26,2018-06-27,1173.0,2018-07-04,1177.0,0.34100596760442414,strict_gakutto_next_open,5
9143,2018-07-13,2018-07-17,1193.0,2018-07-24,1215.0,1.8440905280804776,strict_gakutto_next_open,5
9143,2018-10-18,2018-10-19,1460.5,2018-10-19,1416.685,-3.0000000000000027,stop_-3%,0
9143,2018-12-07,2018-12-10,1371.0,2018-12-25,1362.0,-0.6564551422319487,strict_gakutto_next_open,10
9143,2020-09-17,2020-09-18,2420.0,2020-09-24,2347.4,-2.9999999999999916,stop_-3%,2
9143,2022-08-12,2022-08-15,2311.0,2022-08-24,2326.0,0.6490696668109086,strict_gakutto_next_open,7
9201,2019-05-07,2019-05-08,3760.0,2019-05-09,3647.2,-3.0000000000000027,stop_-3%,1
9201,2021-08-24,2021-08-25,2342.0,2021-09-02,2271.74,-3.0000000000000138,stop_-3%,6
9201,2023-08-09,2023-08-10,3106.0,2023-08-18,3025.0,-2.6078557630392796,strict_gakutto_next_open,5
9229,2024-06-26,2024-06-27,2700.0,2024-07-01,2619.0,-3.0000000000000027,stop_-3%,2
9247,2022-12-14,2022-12-15,1489.0,2022-12-21,1444.33,-3.0000000000000027,stop_-3%,4
9247,2023-08-10,2023-08-14,1192.0,2023-08-16,1156.24,-3.0000000000000027,stop_-3%,2
9267,2020-11-27,2020-11-30,2102.5,2020-12-02,2039.425,-3.0000000000000027,stop_-3%,2
9267,2023-09-13,2023-09-14,2625.0,2023-10-03,2700.0,2.857142857142847,strict_gakutto_next_open,12
9267,2024-04-23,2024-04-24,3125.0,2024-04-26,2920.0,-6.559999999999999,strict_gakutto_next_open,2
9267,2024-05-27,2024-05-28,2875.0,2024-05-29,2788.75,-3.0000000000000027,stop_-3%,1
9267,2026-06-29,2026-06-30,3400.0,2026-07-01,3298.0,-3.0000000000000027,stop_-3%,1
9267,2026-08-18,2026-08-19,3580.0,2026-09-02,3472.6,-3.0000000000000027,stop_-3%,10
9274,2018-09-14,2018-09-18,380.0,2018-09-25,368.59999999999997,-3.0000000000000138,stop_-3%,4
9274,2020-02-06,2020-02-07,288.0,2020-02-13,279.36,-2.9999999999999916,stop_-3%,3
9274,2023-08-10,2023-08-14,598.0,2023-08-14,580.06,-3.0000000000000138,stop_-3%,0
9274,2023-10-27,2023-10-30,646.0,2023-11-08,626.62,-3.0000000000000027,stop_-3%,6
9274,2024-01-04,2024-01-05,698.0,2024-01-15,691.0,-1.002865329512892,strict_gakutto_next_open,5
9274,2024-10-30,2024-10-31,664.0,2024-11-05,651.0,-1.957831325301207,strict_gakutto_next_open,2
9278,2019-05-22,2019-05-23,844.0,2019-06-13,965.0,14.336492890995256,max15_next_open,15
9278,2019-12-05,2019-12-06,1108.0,2019-12-12,1074.76,-3.0000000000000027,stop_-3%,4
9278,2020-01-17,2020-01-20,1026.0,2020-01-28,995.22,-3.0000000000000027,stop_-3%,6
9279,2019-04-25,2019-04-26,473.8,2019-05-17,512.5,8.168003376952292,strict_gakutto_next_open,9
9279,2019-09-09,2019-09-10,675.0,2019-09-10,654.75,-3.0000000000000027,stop_-3%,0
9279,2023-07-03,2023-07-04,1247.5,2023-07-05,1210.075,-2.9999999999999916,stop_-3%,1
9301,2017-07-31,2017-08-01,566.4,2017-08-08,559.6,-1.2005649717514055,strict_gakutto_next_open,5
9301,2019-05-16,2019-05-17,615.0,2019-05-23,596.55,-3.0000000000000027,stop_-3%,4
9301,2021-04-30,2021-05-06,643.0,2021-05-13,641.0,-0.3110419906687367,strict_gakutto_next_open,5
9301,2022-03-03,2022-03-04,561.0,2022-03-09,544.17,-3.0000000000000027,stop_-3%,3
9302,2017-01-04,2017-01-05,590.0,2017-01-12,572.3,-3.0000000000000027,stop_-3%,4
9302,2018-08-27,2018-08-28,610.0,2018-09-19,658.3,7.918032786885232,max15_next_open,15
9302,2018-12-19,2018-12-20,626.7,2018-12-21,607.899,-3.0000000000000027,stop_-3%,1
9303,2018-03-30,2018-04-02,1442.0,2018-04-13,1470.0,1.9417475728155331,strict_gakutto_next_open,9
9304,2018-04-04,2018-04-05,453.0,2018-04-09,447.8,-1.147902869757167,strict_gakutto_next_open,2
9304,2021-10-28,2021-10-29,539.8,2021-11-10,553.8,2.593553167839935,strict_gakutto_next_open,7
9304,2022-04-13,2022-04-14,555.8,2022-04-27,539.126,-2.9999999999999916,stop_-3%,9
9304,2023-11-17,2023-11-20,700.0,2023-12-06,702.5,0.3571428571428559,strict_gakutto_next_open,11
9305,2017-01-25,2017-01-26,828.0,2017-01-26,803.16,-3.0000000000000027,stop_-3%,0
9305,2017-06-02,2017-06-05,769.0,2017-06-26,802.0,4.29128738621587,max15_next_open,15
9305,2018-09-14,2018-09-18,973.5,2018-10-04,1052.0,8.063687724704671,strict_gakutto_next_open,11
9305,2020-02-05,2020-02-06,790.0,2020-02-12,765.5,-3.1012658227848156,stop_gap,3
9305,2023-08-23,2023-08-24,917.5,2023-09-14,1020.0,11.171662125340598,max15_next_open,15
9305,2024-02-14,2024-02-15,1261.0,2024-03-08,1356.5,7.573354480570971,max15_next_open,15
9305,2026-03-18,2026-03-19,2203.0,2026-03-23,2136.91,-3.0000000000000027,stop_-3%,1
9310,2018-09-14,2018-09-18,496.0,2018-10-10,515.0,3.8306451612903247,strict_gakutto_next_open,14
9310,2025-10-06,2025-10-07,1164.0,2025-10-09,1129.08,-3.0000000000000027,stop_-3%,2
9310,2025-11-21,2025-11-25,1088.0,2025-12-04,1093.0,0.4595588235294157,strict_gakutto_next_open,7
9310,2026-05-29,2026-06-01,1142.0,2026-06-01,1107.74,-3.0000000000000027,stop_-3%,0
9319,2018-07-17,2018-07-18,1198.0,2018-07-26,1207.0,0.7512520868113493,strict_gakutto_next_open,6
9319,2020-04-24,2020-04-27,1060.0,2020-05-12,1056.0,-0.37735849056603765,strict_gakutto_next_open,7
9319,2020-05-28,2020-05-29,1025.0,2020-06-01,994.25,-3.0000000000000027,stop_-3%,1
9319,2025-03-03,2025-03-04,1464.0,2025-03-11,1430.0,-2.3224043715846965,strict_gakutto_next_open,5
9324,2017-01-04,2017-01-05,782.0,2017-01-12,758.54,-3.0000000000000027,stop_-3%,4
9324,2018-04-18,2018-04-19,1010.0,2018-05-15,980.0,-2.970297029702973,max15_next_open,15
9324,2018-05-23,2018-05-24,968.0,2018-05-28,963.0,-0.5165289256198302,strict_gakutto_next_open,2
9324,2023-12-25,2023-12-26,1156.0,2024-01-17,1228.0,6.228373702422152,strict_gakutto_next_open,12
9324,2024-07-29,2024-07-30,1601.0,2024-08-01,1552.97,-3.0000000000000027,stop_-3%,2
9324,2026-05-07,2026-05-08,2295.0,2026-05-08,2226.15,-2.9999999999999916,stop_-3%,0
9324,2026-06-08,2026-06-09,2257.0,2026-06-11,2189.29,-3.0000000000000027,stop_-3%,2
9332,2024-04-09,2024-04-10,839.0,2024-04-17,825.0,-1.6686531585220488,strict_gakutto_next_open,5
9332,2024-11-21,2024-11-22,800.0,2024-11-25,776.0,-3.0000000000000027,stop_-3%,1
9336,2023-08-02,2023-08-03,2384.0,2023-08-07,2312.0,-3.0201342281879207,stop_gap,2
9336,2024-02-08,2024-02-09,2599.0,2024-02-21,2649.0,1.9238168526356292,strict_gakutto_next_open,7
9347,2024-10-29,2024-10-30,2698.0,2024-11-05,2617.06,-3.0000000000000027,stop_-3%,3
9364,2021-08-23,2021-08-24,2274.0,2021-09-14,2467.0,8.487247141600696,max15_next_open,15
9364,2024-07-31,2024-08-01,3380.0,2024-08-02,3265.0,-3.402366863905326,stop_gap,1
9381,2020-11-20,2020-11-24,1056.0,2020-11-25,1024.32,-3.0000000000000027,stop_-3%,1
9381,2020-12-11,2020-12-14,1013.0,2020-12-17,982.61,-3.0000000000000027,stop_-3%,3
9381,2022-03-10,2022-03-11,1329.0,2022-04-04,1549.0,16.55379984951091,max15_next_open,15
9381,2023-04-12,2023-04-13,1569.0,2023-05-09,1624.0,3.505417463352445,max15_next_open,15
9381,2024-04-15,2024-04-16,1763.0,2024-04-19,1710.11,-3.0000000000000027,stop_-3%,3
9401,2017-06-01,2017-06-02,1913.0,2017-06-12,1888.0,-1.3068478829064256,strict_gakutto_next_open,6
9401,2017-07-12,2017-07-13,1972.0,2017-08-04,2210.0,12.06896551724137,max15_next_open,15
9401,2022-01-14,2022-01-17,1690.0,2022-01-27,1639.3,-3.0000000000000027,stop_-3%,8
9401,2025-09-26,2025-09-29,5436.0,2025-10-02,5272.92,-3.0000000000000027,stop_-3%,3
9401,2026-05-07,2026-05-08,5707.0,2026-05-29,5798.0,1.5945330296127658,max15_next_open,15
9405,2018-10-30,2018-10-31,769.0,2018-11-16,775.0,0.7802340702210753,strict_gakutto_next_open,12
9405,2019-05-16,2019-05-17,740.0,2019-05-27,735.0,-0.6756756756756799,strict_gakutto_next_open,6
9405,2021-11-01,2021-11-02,741.0,2021-11-08,718.77,-3.0000000000000027,stop_-3%,3
9405,2025-05-12,2025-05-13,656.0,2025-05-22,661.0,0.7621951219512146,strict_gakutto_next_open,7
9409,2019-08-20,2019-08-21,1690.0,2019-09-04,1639.3,-3.0000000000000027,stop_-3%,10
9409,2021-10-06,2021-10-07,1797.0,2021-10-14,1764.0,-1.8363939899833093,strict_gakutto_next_open,5
9409,2023-11-24,2023-11-27,1656.0,2023-12-08,1658.0,0.12077294685990392,strict_gakutto_next_open,9
9412,2018-11-01,2018-11-02,508.0,2018-11-26,547.0,7.677165354330717,max15_next_open,15
9412,2019-03-15,2019-03-18,477.0,2019-03-26,473.0,-0.8385744234800874,strict_gakutto_next_open,5
9412,2023-06-05,2023-06-06,545.0,2023-06-21,540.0,-0.917431192660545,strict_gakutto_next_open,11
9412,2023-11-14,2023-11-15,697.0,2023-11-16,676.09,-2.9999999999999916,stop_-3%,1
9413,2018-03-07,2018-03-08,2813.0,2018-03-23,2728.61,-2.9999999999999916,stop_-3%,10
9413,2018-04-18,2018-04-19,2897.0,2018-05-09,2979.0,2.8305143251639686,strict_gakutto_next_open,11
9413,2019-03-18,2019-03-19,2506.0,2019-03-22,2430.8199999999997,-3.0000000000000138,stop_-3%,2
9413,2022-08-04,2022-08-05,2040.0,2022-08-05,1978.8,-3.0000000000000027,stop_-3%,0
9413,2023-11-01,2023-11-02,2990.0,2023-11-08,2900.2999999999997,-3.0000000000000138,stop_-3%,3
9413,2025-12-12,2025-12-15,4725.0,2025-12-24,4583.25,-3.0000000000000027,stop_-3%,7
9413,2026-07-27,2026-07-28,3635.0,2026-07-31,3470.0,-4.53920220082531,stop_gap,3
9416,2018-08-09,2018-08-10,1366.7,2018-08-29,1500.0,9.753420648276867,strict_gakutto_next_open,13
9416,2022-10-07,2022-10-11,1396.0,2022-10-19,1416.0,1.4326647564469885,strict_gakutto_next_open,6
9416,2023-04-12,2023-04-13,1616.0,2023-04-20,1567.52,-3.0000000000000027,stop_-3%,5
9416,2025-09-24,2025-09-25,1258.0,2025-10-01,1220.26,-3.0000000000000027,stop_-3%,4
9418,2016-12-12,2016-12-13,181.0,2016-12-20,179.0,-1.104972375690605,strict_gakutto_next_open,5
9418,2017-04-19,2017-04-20,303.3,2017-04-24,294.201,-2.9999999999999916,stop_-3%,2
9418,2017-06-30,2017-07-03,385.7,2017-07-04,374.12899999999996,-3.0000000000000027,stop_-3%,1
9418,2022-10-03,2022-10-04,667.7,2022-10-14,636.7,-4.642803654335781,strict_gakutto_next_open,7
9418,2023-08-03,2023-08-04,1083.3,2023-08-09,1096.7,1.2369611372657685,strict_gakutto_next_open,3
9418,2025-09-09,2025-09-10,2092.0,2025-09-22,2125.0,1.5774378585086124,strict_gakutto_next_open,7
9424,2017-11-13,2017-11-14,133.0,2017-11-15,129.01,-3.0000000000000027,stop_-3%,1
9424,2020-05-08,2020-05-11,155.0,2020-06-01,174.0,12.25806451612903,max15_next_open,15
9424,2022-03-14,2022-03-15,180.0,2022-04-06,201.0,11.66666666666667,max15_next_open,15
9424,2022-12-12,2022-12-13,220.0,2022-12-20,216.0,-1.8181818181818188,strict_gakutto_next_open,5
9424,2023-03-24,2023-03-27,240.0,2023-04-14,256.0,6.666666666666665,strict_gakutto_next_open,14
9424,2023-04-26,2023-04-27,252.0,2023-05-22,284.0,12.698412698412698,strict_gakutto_next_open,14
9424,2023-07-31,2023-08-01,241.0,2023-08-03,233.76999999999998,-3.0000000000000027,stop_-3%,2
9424,2024-04-23,2024-04-24,200.0,2024-05-14,197.0,-1.5000000000000013,strict_gakutto_next_open,11
9424,2025-06-30,2025-07-01,161.0,2025-07-01,156.17,-3.0000000000000027,stop_-3%,0
9432,2020-10-07,2020-10-08,91.8,2020-10-20,89.0,-3.05010893246187,stop_gap,8
9432,2021-12-07,2021-12-08,126.6,2021-12-13,124.5,-1.6587677725118488,strict_gakutto_next_open,3
9432,2022-06-22,2022-06-23,158.0,2022-06-30,155.8,-1.3924050632911356,strict_gakutto_next_open,5
9433,2019-01-04,2019-01-07,1349.3,2019-01-29,1346.0,-0.2445712591714222,strict_gakutto_next_open,15
9434,2024-10-04,2024-10-07,195.0,2024-10-11,189.15,-2.9999999999999916,stop_-3%,4
9435,2017-07-19,2017-07-20,11690.0,2017-08-10,12450.0,6.501283147989745,max15_next_open,15
9435,2019-05-16,2019-05-17,20280.0,2019-05-28,22700.0,11.932938856015785,strict_gakutto_next_open,7
9435,2019-09-19,2019-09-20,24700.0,2019-09-20,23959.0,-3.0000000000000027,stop_-3%,0
9435,2020-10-27,2020-10-28,24220.0,2020-11-17,25930.0,7.060280759702731,strict_gakutto_next_open,13
9435,2021-08-06,2021-08-10,18850.0,2021-08-17,19000.0,0.7957559681697646,strict_gakutto_next_open,5
9435,2022-10-04,2022-10-05,17800.0,2022-10-24,17780.0,-0.11235955056180247,strict_gakutto_next_open,12
9435,2025-11-10,2025-11-11,41920.0,2025-11-19,42050.0,0.31011450381679406,strict_gakutto_next_open,6
9438,2018-04-19,2018-04-20,650.0,2018-05-01,650.0,0.0,strict_gakutto_next_open,6
9438,2018-06-04,2018-06-05,663.0,2018-06-13,660.0,-0.4524886877828038,strict_gakutto_next_open,6
9438,2019-11-05,2019-11-06,735.0,2019-11-06,712.9499999999999,-3.0000000000000138,stop_-3%,0
9438,2020-04-30,2020-05-01,582.0,2020-05-27,606.0,4.123711340206193,max15_next_open,15
9438,2021-01-05,2021-01-06,853.0,2021-01-07,827.41,-3.0000000000000027,stop_-3%,1
9438,2026-05-08,2026-05-11,620.0,2026-05-12,601.4,-3.0000000000000027,stop_-3%,1
9449,2016-12-13,2016-12-14,1510.0,2016-12-16,1464.7,-2.9999999999999916,stop_-3%,2
9449,2019-10-21,2019-10-23,1781.0,2019-11-14,2156.0,21.055586749017397,max15_next_open,15
9449,2020-01-07,2020-01-08,2107.0,2020-01-20,2199.0,4.366397721879456,strict_gakutto_next_open,7
9449,2020-07-21,2020-07-22,2945.0,2020-08-05,3080.0,4.584040747028872,strict_gakutto_next_open,8
9449,2020-12-11,2020-12-14,2951.0,2020-12-16,2862.47,-3.0000000000000027,stop_-3%,2
9449,2023-03-17,2023-03-20,2606.0,2023-03-28,2577.0,-1.112816577129705,strict_gakutto_next_open,5
9449,2024-07-29,2024-07-30,2509.0,2024-07-31,2433.73,-3.0000000000000027,stop_-3%,1
9468,2018-01-24,2018-01-25,712.0,2018-01-31,690.64,-3.0000000000000027,stop_-3%,4
9468,2019-03-22,2019-03-25,597.5,2019-03-29,579.5749999999999,-3.0000000000000138,stop_-3%,4
9468,2019-09-19,2019-09-20,781.5,2019-09-27,758.055,-3.0000000000000027,stop_-3%,4
9468,2020-10-28,2020-10-29,1421.5,2020-11-20,1550.0,9.03974674639465,max15_next_open,15
9468,2021-07-21,2021-07-26,2192.5,2021-07-28,2126.725,-3.0000000000000027,stop_-3%,2
9468,2022-10-18,2022-10-19,2673.0,2022-11-04,2486.0,-6.995884773662553,stop_gap,11
9468,2025-06-04,2025-06-05,3720.0,2025-06-12,3683.0,-0.9946236559139732,strict_gakutto_next_open,5
9470,2017-11-09,2017-11-10,825.0,2017-12-04,1056.3,28.03636363636364,max15_next_open,15
9470,2020-06-19,2020-06-22,1553.0,2020-06-23,1506.4099999999999,-3.0000000000000138,stop_-3%,1
9470,2021-05-07,2021-05-10,1410.0,2021-05-12,1394.0,-1.134751773049647,strict_gakutto_next_open,2
9470,2022-02-28,2022-03-01,1030.0,2022-03-02,999.1,-3.0000000000000027,stop_-3%,1
9474,2020-09-03,2020-09-04,1111.0,2020-09-16,1150.0,3.5103510351035094,strict_gakutto_next_open,8
9474,2021-01-27,2021-01-28,1190.0,2021-02-17,1343.0,12.857142857142856,strict_gakutto_next_open,13
9474,2021-04-12,2021-04-13,1348.0,2021-04-21,1293.0,-4.080118694362023,strict_gakutto_next_open,6
9474,2022-02-01,2022-02-02,982.0,2022-02-25,1097.0,11.710794297352333,max15_next_open,15
9474,2022-08-05,2022-08-08,956.0,2022-08-16,932.0,-2.5104602510460206,strict_gakutto_next_open,5
9474,2023-04-14,2023-04-17,837.0,2023-05-11,930.0,11.111111111111116,max15_next_open,15
9474,2025-09-03,2025-09-04,1085.0,2025-09-12,1100.0,1.382488479262678,strict_gakutto_next_open,6
9501,2024-02-16,2024-02-19,770.9,2024-03-05,782.0,1.4398754702296124,strict_gakutto_next_open,10
9501,2024-05-20,2024-05-21,984.0,2024-05-24,954.48,-3.0000000000000027,stop_-3%,3
9501,2024-08-30,2024-09-02,703.0,2024-09-04,679.9,-3.285917496443813,stop_gap,2
9501,2024-10-17,2024-10-18,659.0,2024-10-21,634.4,-3.732928679817904,stop_gap,1
9501,2025-05-27,2025-05-28,407.0,2025-05-29,394.78999999999996,-3.0000000000000138,stop_-3%,1
9502,2018-06-26,2018-06-27,1671.0,2018-07-03,1642.5,-1.7055655296229766,strict_gakutto_next_open,4
9502,2025-06-13,2025-06-16,1724.0,2025-06-24,1720.5,-0.20301624129930307,strict_gakutto_next_open,6
9503,2017-02-10,2017-02-13,1266.5,2017-02-16,1228.5049999999999,-3.0000000000000138,stop_-3%,3
9503,2018-03-13,2018-03-14,1285.0,2018-04-05,1473.5,14.669260700389097,max15_next_open,15
9503,2018-08-16,2018-08-17,1554.0,2018-09-07,1559.5,0.35392535392535507,max15_next_open,15
9503,2019-08-28,2019-08-29,1263.0,2019-09-09,1264.0,0.07917656373712667,strict_gakutto_next_open,7
9503,2019-11-21,2019-11-22,1247.5,2019-12-11,1229.5,-1.4428857715430898,strict_gakutto_next_open,13
9503,2021-09-09,2021-09-10,1116.0,2021-09-24,1133.5,1.5681003584229414,strict_gakutto_next_open,8
9503,2022-12-07,2022-12-08,1166.0,2022-12-29,1258.0,7.8902229845626115,max15_next_open,15
9504,2018-06-26,2018-06-27,1440.0,2018-07-12,1438.0,-0.1388888888888884,strict_gakutto_next_open,11
9504,2018-12-27,2018-12-28,1427.0,2019-01-25,1510.0,5.816398037841619,max15_next_open,15
9504,2020-05-12,2020-05-13,1469.0,2020-05-26,1479.0,0.6807351940095296,strict_gakutto_next_open,9
9504,2022-03-16,2022-03-17,901.0,2022-03-28,890.0,-1.220865704772478,strict_gakutto_next_open,6
9504,2022-09-09,2022-09-12,832.0,2022-09-14,800.0,-3.8461538461538436,stop_gap,2
9504,2023-07-21,2023-07-24,965.0,2023-08-03,970.0,0.5181347150259086,strict_gakutto_next_open,8
9504,2023-12-27,2023-12-28,990.3,2024-01-19,1036.5,4.665252953650412,strict_gakutto_next_open,12
9505,2018-06-26,2018-06-27,1116.0,2018-07-03,1090.0,-2.3297491039426577,strict_gakutto_next_open,4
9505,2021-06-08,2021-06-09,631.0,2021-06-18,623.0,-1.267828843106178,strict_gakutto_next_open,7
9505,2021-10-06,2021-10-07,612.0,2021-10-12,593.64,-3.0000000000000027,stop_-3%,3
9505,2022-04-11,2022-04-12,538.0,2022-04-22,540.0,0.3717472118959009,strict_gakutto_next_open,8
9505,2022-09-09,2022-09-12,511.0,2022-09-14,495.66999999999996,-3.0000000000000027,stop_-3%,2
9506,2018-03-13,2018-03-14,1393.0,2018-03-26,1351.21,-3.0000000000000027,stop_-3%,7
9506,2019-06-28,2019-07-01,1089.0,2019-07-09,1105.0,1.469237832874204,strict_gakutto_next_open,6
9506,2022-04-11,2022-04-12,730.0,2022-04-19,725.0,-0.6849315068493178,strict_gakutto_next_open,5
9506,2022-07-28,2022-07-29,742.0,2022-08-01,677.0,-8.760107816711592,stop_gap,1
9506,2023-07-21,2023-07-24,881.0,2023-08-08,956.4,8.558456299659479,strict_gakutto_next_open,11
9506,2026-04-28,2026-04-30,1139.0,2026-04-30,1104.83,-3.0000000000000027,stop_-3%,0
9507,2016-11-15,2016-11-16,1000.0,2016-12-06,1054.0,5.400000000000005,strict_gakutto_next_open,13
9507,2018-07-06,2018-07-09,1489.0,2018-07-31,1553.0,4.298186702484896,max15_next_open,15
9507,2022-02-08,2022-02-09,799.0,2022-03-04,910.0,13.892365456821022,max15_next_open,15
9507,2022-05-06,2022-05-09,783.0,2022-05-17,794.0,1.404853128991057,strict_gakutto_next_open,6
9507,2022-05-25,2022-05-26,796.0,2022-05-30,772.12,-3.0000000000000027,stop_-3%,2
9507,2023-03-24,2023-03-27,747.0,2023-03-28,724.59,-2.9999999999999916,stop_-3%,1
9507,2023-12-27,2023-12-28,1008.0,2024-01-18,1050.0,4.166666666666674,strict_gakutto_next_open,11
9508,2018-02-16,2018-02-19,1199.0,2018-02-27,1220.0,1.7514595496246788,strict_gakutto_next_open,6
9508,2018-08-16,2018-08-17,1261.0,2018-08-22,1230.0,-2.4583663758921515,strict_gakutto_next_open,3
9508,2019-01-04,2019-01-07,1330.0,2019-01-29,1354.0,1.8045112781954975,max15_next_open,15
9508,2022-03-16,2022-03-17,868.0,2022-03-31,841.0,-3.1105990783410142,stop_gap,9
9508,2023-12-27,2023-12-28,1010.5,2024-01-24,1056.5,4.5522018802572894,max15_next_open,15
9508,2026-04-28,2026-04-30,1729.5,2026-05-19,1732.0,0.14455044810639528,strict_gakutto_next_open,10
9509,2017-03-23,2017-03-24,808.0,2017-04-12,783.76,-3.0000000000000027,stop_-3%,13
9509,2017-12-29,2018-01-04,745.0,2018-01-15,732.0,-1.744966442953022,strict_gakutto_next_open,6
9509,2018-01-24,2018-01-25,731.0,2018-01-31,720.0,-1.5047879616963078,strict_gakutto_next_open,4
9509,2022-05-25,2022-05-26,504.0,2022-05-30,488.88,-3.0000000000000027,stop_-3%,2
9509,2023-03-24,2023-03-27,481.0,2023-04-17,509.0,5.8212058212058215,max15_next_open,15
9509,2023-12-27,2023-12-28,619.9,2024-01-19,653.5,5.420229069204718,strict_gakutto_next_open,12
9509,2024-08-30,2024-09-02,1014.0,2024-09-17,983.5799999999999,-3.0000000000000027,stop_-3%,10
9509,2024-12-18,2024-12-19,826.8,2024-12-20,801.996,-2.9999999999999916,stop_-3%,1
9509,2025-02-21,2025-02-25,728.3,2025-03-18,840.3,15.378278182067827,max15_next_open,15
9511,2018-01-24,2018-01-25,2136.4,2018-02-01,2116.6,-0.9267927354428052,strict_gakutto_next_open,5
9511,2018-12-27,2018-12-28,2078.1,2018-12-28,2015.7569999999998,-3.0000000000000027,stop_-3%,0
9511,2024-12-24,2024-12-25,943.0,2025-01-09,938.0,-0.5302226935312793,strict_gakutto_next_open,7
9511,2025-12-10,2025-12-11,1070.0,2025-12-11,1037.8999999999999,-3.0000000000000138,stop_-3%,0
9511,2026-06-29,2026-06-30,911.0,2026-07-14,910.0,-0.1097694840834218,strict_gakutto_next_open,10
9513,2019-07-25,2019-07-26,2468.0,2019-08-01,2393.96,-3.0000000000000027,stop_-3%,4
9517,2017-07-27,2017-07-28,983.0,2017-08-10,996.0,1.322482197355046,strict_gakutto_next_open,9
9517,2017-10-30,2017-10-31,1100.0,2017-11-09,1101.0,0.09090909090909705,strict_gakutto_next_open,6
9517,2018-02-01,2018-02-02,955.0,2018-02-05,920.0,-3.6649214659685847,stop_gap,1
9517,2019-07-25,2019-07-26,1081.0,2019-08-05,1048.57,-3.0000000000000027,stop_-3%,6
9517,2021-02-26,2021-03-01,1740.0,2021-03-02,1687.8,-3.0000000000000027,stop_-3%,1
9517,2023-05-08,2023-05-09,1791.0,2023-05-15,1371.0,-23.450586264656614,stop_gap,4
9517,2026-04-24,2026-04-27,990.0,2026-05-12,1063.0,7.373737373737366,strict_gakutto_next_open,7
9517,2026-09-07,2026-09-08,866.0,2026-09-10,840.02,-3.0000000000000027,stop_-3%,2
9519,2023-03-06,2023-03-07,2148.0,2023-03-13,2076.0,-3.3519553072625663,stop_gap,4
9519,2023-05-09,2023-05-10,1745.0,2023-05-10,1692.6499999999999,-3.0000000000000027,stop_-3%,0
9519,2025-08-05,2025-08-06,736.0,2025-08-28,888.0,20.65217391304348,max15_next_open,15
9519,2026-09-09,2026-09-10,897.0,2026-09-14,870.09,-2.9999999999999916,stop_-3%,2
9531,2017-08-30,2017-08-31,2887.0,2017-09-06,2823.0,-2.2168340838240375,strict_gakutto_next_open,4
9531,2019-04-26,2019-05-07,2830.0,2019-05-07,2745.1,-3.0000000000000027,stop_-3%,0
9531,2020-05-27,2020-05-28,2563.0,2020-06-12,2486.0,-3.0042918454935674,stop_gap,11
9531,2021-12-07,2021-12-08,2030.0,2021-12-24,2093.0,3.103448275862064,strict_gakutto_next_open,12
9531,2022-10-04,2022-10-05,2542.0,2022-10-19,2536.0,-0.2360346184106965,strict_gakutto_next_open,9
9531,2022-11-18,2022-11-21,2516.0,2022-12-01,2531.0,0.59618441971383,strict_gakutto_next_open,7
9531,2024-01-31,2024-02-01,3380.0,2024-02-06,3278.6,-3.0000000000000027,stop_-3%,3
9531,2024-02-19,2024-02-20,3253.0,2024-03-13,3315.0,1.9059329849369755,strict_gakutto_next_open,15
9531,2025-04-10,2025-04-11,4625.0,2025-04-18,4692.0,1.4486486486486427,strict_gakutto_next_open,5
9532,2018-08-07,2018-08-08,2187.0,2018-08-22,2131.0,-2.5605852766346637,strict_gakutto_next_open,10
9532,2021-06-08,2021-06-09,2084.0,2021-06-21,2051.0,-1.5834932821497172,strict_gakutto_next_open,8
9532,2022-10-04,2022-10-05,2230.0,2022-10-11,2193.0,-1.6591928251121102,strict_gakutto_next_open,3
9532,2024-05-31,2024-06-03,3572.0,2024-06-04,3464.8399999999997,-3.0000000000000138,stop_-3%,1
9532,2024-07-16,2024-07-17,3446.0,2024-07-25,3379.0,-1.9442832269297772,strict_gakutto_next_open,6
9532,2026-08-12,2026-08-13,5512.0,2026-08-20,5500.0,-0.2177068214804012,strict_gakutto_next_open,5
9533,2019-08-29,2019-08-30,1015.0,2019-09-09,998.8,-1.5960591133004964,strict_gakutto_next_open,6
9533,2021-03-05,2021-03-08,1607.5,2021-03-19,1612.5,0.3110419906687367,strict_gakutto_next_open,9
9533,2021-09-03,2021-09-06,1295.0,2021-09-29,1277.5,-1.3513513513513487,strict_gakutto_next_open,15
9533,2022-01-04,2022-01-05,756.3,2022-01-17,750.0,-0.8330027766759174,strict_gakutto_next_open,7
9533,2022-09-09,2022-09-12,780.0,2022-09-14,751.3,-3.679487179487184,stop_gap,2
9533,2022-12-28,2022-12-29,637.3,2023-01-04,618.1809999999999,-3.0000000000000027,stop_-3%,2
9533,2025-09-25,2025-09-26,1085.5,2025-10-14,1062.5,-2.1188392445877446,strict_gakutto_next_open,11
9533,2026-06-08,2026-06-09,1232.0,2026-06-18,1243.0,0.8928571428571397,strict_gakutto_next_open,7
9533,2026-06-29,2026-06-30,1224.5,2026-07-10,1216.5,-0.6533278889342631,strict_gakutto_next_open,8
9534,2019-06-27,2019-06-28,288.6,2019-07-22,294.0,1.8711018711018657,max15_next_open,15
9535,2018-03-27,2018-03-28,366.0,2018-04-03,374.0,2.1857923497267784,strict_gakutto_next_open,4
9535,2019-05-16,2019-05-17,342.0,2019-05-30,336.0,-1.7543859649122862,strict_gakutto_next_open,9
9535,2020-10-27,2020-10-28,367.0,2020-11-05,361.0,-1.6348773841961872,strict_gakutto_next_open,5
9536,2018-09-07,2018-09-10,2597.0,2018-10-02,2700.0,3.9661147477858982,strict_gakutto_next_open,14
9536,2018-10-18,2018-10-19,2601.0,2018-10-26,2582.0,-0.7304882737408702,strict_gakutto_next_open,5
9536,2019-12-13,2019-12-16,2574.0,2019-12-24,2592.0,0.6993006993007089,strict_gakutto_next_open,6
9536,2022-10-19,2022-10-20,1677.0,2022-11-02,1679.0,0.11926058437685683,strict_gakutto_next_open,9
9536,2024-10-29,2024-10-30,1771.0,2024-11-06,1751.0,-1.1293054771315592,strict_gakutto_next_open,4
9543,2019-03-15,2019-03-18,925.0,2019-03-25,897.25,-3.0000000000000027,stop_-3%,4
9543,2021-10-22,2021-10-25,1250.0,2021-10-28,1211.0,-3.1200000000000006,stop_gap,3
9543,2022-04-19,2022-04-20,893.0,2022-04-27,865.0,-3.135498320268759,stop_gap,5
9543,2023-04-13,2023-04-14,1127.0,2023-04-28,1150.0,2.0408163265306145,strict_gakutto_next_open,10
9551,2016-12-06,2016-12-07,1455.0,2016-12-15,1411.35,-3.0000000000000027,stop_-3%,6
9551,2018-10-30,2018-10-31,1436.0,2018-11-21,1532.5,6.720055710306405,max15_next_open,15
9551,2020-02-06,2020-02-07,2172.5,2020-02-10,2107.325,-3.0000000000000138,stop_-3%,1
9551,2020-07-27,2020-07-28,2340.0,2020-08-03,2269.7999999999997,-3.0000000000000138,stop_-3%,4
9551,2022-04-01,2022-04-04,2089.0,2022-04-07,2026.33,-3.0000000000000027,stop_-3%,3
9552,2024-09-19,2024-09-20,2970.0,2024-09-24,2880.9,-2.9999999999999916,stop_-3%,1
9601,2022-04-05,2022-04-06,12700.0,2022-04-06,12319.0,-3.0000000000000027,stop_-3%,0
9601,2022-04-14,2022-04-15,12470.0,2022-04-25,12990.0,4.170008019246185,strict_gakutto_next_open,6
9601,2023-06-28,2023-06-29,11180.0,2023-07-03,10844.6,-2.9999999999999916,stop_-3%,2
9601,2025-02-25,2025-02-26,11800.0,2025-03-06,11780.0,-0.16949152542372614,strict_gakutto_next_open,6
9601,2025-05-19,2025-05-20,13050.0,2025-06-10,13510.0,3.5249042145593767,max15_next_open,15
9601,2026-09-04,2026-09-07,10810.0,2026-09-16,10940.0,1.2025901942645634,strict_gakutto_next_open,7
9602,2017-09-15,2017-09-19,788.0,2017-10-11,786.0,-0.25380710659898,max15_next_open,15
9602,2020-04-08,2020-04-09,670.0,2020-04-22,695.0,3.731343283582089,strict_gakutto_next_open,9
9603,2019-12-27,2019-12-30,3120.0,2020-01-06,3026.4,-2.9999999999999916,stop_-3%,1
9603,2021-07-27,2021-07-28,2468.0,2021-07-29,2393.96,-3.0000000000000027,stop_-3%,1
9603,2022-09-08,2022-09-09,2070.0,2022-09-22,2142.0,3.4782608695652195,strict_gakutto_next_open,8
9603,2023-02-16,2023-02-17,2064.0,2023-02-27,2004.0,-2.9069767441860517,strict_gakutto_next_open,5
9603,2023-05-17,2023-05-18,2041.0,2023-05-22,1985.0,-2.7437530622243966,strict_gakutto_next_open,2
9603,2024-05-14,2024-05-15,1740.0,2024-05-22,1742.0,0.11494252873562871,strict_gakutto_next_open,5
9603,2025-05-27,2025-05-28,1618.0,2025-06-03,1569.46,-3.0000000000000027,stop_-3%,4
9603,2025-09-24,2025-09-25,1434.0,2025-10-01,1390.98,-3.0000000000000027,stop_-3%,4
9605,2016-11-11,2016-11-14,1638.0,2016-11-30,1822.0,11.233211233211238,strict_gakutto_next_open,11
9605,2017-11-08,2017-11-09,2500.0,2017-11-10,2418.0,-3.280000000000005,stop_gap,1
9605,2018-01-04,2018-01-05,2348.0,2018-01-19,2294.0,-2.2998296422487186,strict_gakutto_next_open,9
9605,2018-09-13,2018-09-14,2566.0,2018-10-10,2740.0,6.780982073265784,strict_gakutto_next_open,15
9605,2023-05-31,2023-06-01,3546.0,2023-06-13,3654.0,3.0456852791878264,strict_gakutto_next_open,8
9605,2025-05-22,2025-05-23,4835.0,2025-05-27,4880.0,0.9307135470527417,strict_gakutto_next_open,2
9612,2017-08-10,2017-08-14,2050.0,2017-08-23,2039.0,-0.536585365853659,strict_gakutto_next_open,7
9612,2026-07-02,2026-07-03,1220.0,2026-07-17,1250.0,2.4590163934426146,strict_gakutto_next_open,10
9616,2016-11-16,2016-11-17,1535.0,2016-12-05,1715.0,11.726384364820852,strict_gakutto_next_open,11
9616,2018-10-22,2018-10-23,2400.0,2018-10-25,2315.0,-3.541666666666665,stop_gap,2
9616,2019-04-11,2019-04-12,2710.0,2019-05-10,2720.0,0.36900369003689537,strict_gakutto_next_open,14
9616,2020-11-05,2020-11-06,2030.0,2020-11-09,1969.1,-3.0000000000000027,stop_-3%,1
9616,2024-04-18,2024-04-19,3380.0,2024-04-25,3278.6,-3.0000000000000027,stop_-3%,4
9616,2024-07-31,2024-08-01,2872.5,2024-08-01,2786.325,-3.0000000000000027,stop_-3%,0
9616,2025-02-27,2025-02-28,3050.0,2025-03-11,2997.0,-1.7377049180327897,strict_gakutto_next_open,7
9616,2025-03-18,2025-03-19,3164.0,2025-04-03,2978.5,-5.86283185840708,stop_gap,10
9619,2018-03-27,2018-03-28,1466.0,2018-04-12,1490.0,1.6371077762619368,strict_gakutto_next_open,11
9619,2018-09-11,2018-09-12,1480.0,2018-09-12,1435.6,-3.0000000000000027,stop_-3%,0
9619,2019-08-30,2019-09-02,1035.0,2019-09-25,1131.0,9.275362318840585,max15_next_open,15
9621,2017-08-03,2017-08-04,572.5,2017-08-08,555.3249999999999,-3.0000000000000138,stop_-3%,2
9621,2018-04-09,2018-04-10,708.5,2018-04-17,701.0,-1.0585744530698604,strict_gakutto_next_open,5
9621,2023-04-13,2023-04-14,1550.0,2023-05-10,1757.5,13.387096774193541,max15_next_open,15
9621,2024-08-26,2024-08-27,2285.0,2024-09-05,2270.0,-0.6564551422319487,strict_gakutto_next_open,7
9621,2024-11-20,2024-11-21,2362.5,2024-12-12,2560.0,8.359788359788368,max15_next_open,15
9622,2018-09-10,2018-09-11,1331.0,2018-10-02,1395.0,4.808414725770094,strict_gakutto_next_open,13
9622,2020-06-30,2020-07-01,973.0,2020-07-01,943.81,-3.0000000000000027,stop_-3%,0
9622,2021-05-20,2021-05-21,906.0,2021-06-11,932.0,2.8697571743929284,max15_next_open,15
9622,2026-03-25,2026-03-26,1572.0,2026-03-30,1497.0,-4.770992366412219,stop_gap,2
9627,2016-12-30,2017-01-04,7790.0,2017-01-18,8050.0,3.3376123234916566,strict_gakutto_next_open,9
9627,2017-11-28,2017-11-29,7330.0,2017-12-06,7110.099999999999,-3.0000000000000027,stop_-3%,5
9627,2019-05-28,2019-05-29,8490.0,2019-05-31,8235.3,-3.0000000000000138,stop_-3%,2
9627,2023-07-18,2023-07-19,5097.0,2023-07-26,5047.0,-0.9809691975671941,strict_gakutto_next_open,5
9627,2024-06-19,2024-06-20,5942.0,2024-07-02,5981.0,0.6563446650959204,strict_gakutto_next_open,8
9627,2026-01-20,2026-01-21,6621.0,2026-01-28,6578.0,-0.6494487237577395,strict_gakutto_next_open,5
9628,2020-02-04,2020-02-05,741.0,2020-02-18,774.5,4.5209176788124195,strict_gakutto_next_open,8
9628,2025-07-08,2025-07-09,1570.0,2025-07-22,1567.0,-0.19108280254777066,strict_gakutto_next_open,8
9628,2025-12-15,2025-12-16,1366.0,2026-01-09,1496.0,9.516837481698381,max15_next_open,15
9629,2022-03-16,2022-03-17,1430.0,2022-04-08,1508.0,5.454545454545445,strict_gakutto_next_open,15
9629,2022-04-27,2022-04-28,1340.0,2022-04-28,1299.8,-3.0000000000000027,stop_-3%,0
9629,2023-03-23,2023-03-24,1249.0,2023-03-28,1257.0,0.6405124099279513,strict_gakutto_next_open,2
9629,2024-09-18,2024-09-19,2076.0,2024-10-11,2197.0,5.828516377649318,max15_next_open,15
9658,2017-11-21,2017-11-22,259.5,2017-11-27,253.8,-2.196531791907508,strict_gakutto_next_open,2
9658,2018-01-23,2018-01-24,285.0,2018-02-06,276.45,-3.0000000000000027,stop_-3%,9
9658,2019-09-05,2019-09-06,415.0,2019-10-01,454.3,9.4698795180723,max15_next_open,15
9663,2021-06-15,2021-06-16,8100.0,2021-06-22,8170.0,0.8641975308641969,strict_gakutto_next_open,4
9663,2022-11-11,2022-11-14,7080.0,2022-12-01,7770.0,9.745762711864403,strict_gakutto_next_open,12
9663,2024-07-12,2024-07-16,7980.0,2024-07-22,7740.599999999999,-3.0000000000000027,stop_-3%,4
9663,2024-07-29,2024-07-30,7700.0,2024-08-01,7469.0,-3.0000000000000027,stop_-3%,2
9672,2019-06-07,2019-06-10,3365.0,2019-06-21,3425.0,1.7830609212481363,strict_gakutto_next_open,9
9672,2020-06-02,2020-06-03,3695.0,2020-06-12,3500.0,-5.277401894451961,strict_gakutto_next_open,7
9672,2023-06-02,2023-06-05,4150.0,2023-06-12,4090.0,-1.4457831325301207,strict_gakutto_next_open,5
9678,2019-08-14,2019-08-15,2640.0,2019-09-05,2643.0,0.11363636363637131,strict_gakutto_next_open,15
9682,2017-01-24,2017-01-25,317.0,2017-02-07,319.4,0.7570977917980892,strict_gakutto_next_open,9
9682,2020-10-08,2020-10-09,550.3,2020-10-13,553.0,0.49064146829003175,strict_gakutto_next_open,2
9682,2020-11-26,2020-11-27,570.3,2020-11-30,553.1909999999999,-3.0000000000000027,stop_-3%,1
9682,2022-02-02,2022-02-03,635.8,2022-02-24,667.3,4.954388172381252,strict_gakutto_next_open,13
9684,2020-02-04,2020-02-05,1853.3,2020-02-06,1797.7009999999998,-3.0000000000000138,stop_-3%,1
9684,2022-04-27,2022-04-28,1730.0,2022-05-25,2066.7,19.462427745664733,max15_next_open,15
9684,2022-08-30,2022-08-31,2050.0,2022-09-02,1988.5,-3.0000000000000027,stop_-3%,2
9684,2022-12-09,2022-12-12,2086.7,2022-12-19,2050.0,-1.758757847318726,strict_gakutto_next_open,5
9684,2025-10-01,2025-10-02,3227.0,2025-10-09,3202.0,-0.7747133560582542,strict_gakutto_next_open,5
9692,2020-07-07,2020-07-08,1736.0,2020-07-09,1683.9199999999998,-3.0000000000000138,stop_-3%,1
9692,2021-08-13,2021-08-16,1563.0,2021-08-23,1570.0,0.44785668586051486,strict_gakutto_next_open,5
9697,2016-12-09,2016-12-12,316.3,2016-12-19,309.5,-2.1498577300031685,strict_gakutto_next_open,5
9697,2017-09-12,2017-09-13,346.0,2017-09-15,335.62,-3.0000000000000027,stop_-3%,2
9697,2020-10-29,2020-10-30,1442.5,2020-10-30,1399.225,-3.0000000000000027,stop_-3%,0
9697,2020-11-09,2020-11-10,1340.0,2020-11-11,1172.5,-12.5,stop_gap,1
9697,2022-12-07,2022-12-08,2142.5,2022-12-19,2120.0,-1.0501750291715295,strict_gakutto_next_open,7
9697,2025-12-10,2025-12-11,3700.0,2025-12-15,3678.0,-0.5945945945945996,strict_gakutto_next_open,2
9697,2025-12-23,2025-12-24,3622.0,2026-01-08,3594.0,-0.7730535615681933,strict_gakutto_next_open,8
9699,2018-04-10,2018-04-11,3200.0,2018-04-18,3170.0,-0.9375000000000022,strict_gakutto_next_open,5
9699,2018-10-22,2018-10-23,3705.0,2018-10-25,3570.0,-3.6437246963562764,stop_gap,2
9699,2018-11-01,2018-11-02,3705.0,2018-11-19,3875.0,4.5883940620782715,strict_gakutto_next_open,11
9699,2026-04-28,2026-04-30,4295.0,2026-05-12,4166.15,-3.0000000000000138,stop_-3%,5
9702,2017-02-13,2017-02-14,453.0,2017-02-17,439.40999999999997,-3.0000000000000027,stop_-3%,3
9706,2017-08-31,2017-09-01,4020.0,2017-09-05,3899.4,-3.0000000000000027,stop_-3%,2
9706,2018-03-27,2018-03-28,3950.0,2018-04-16,4230.0,7.088607594936702,strict_gakutto_next_open,13
9706,2020-09-28,2020-09-29,4795.0,2020-09-30,4651.15,-3.0000000000000027,stop_-3%,1
9706,2023-09-29,2023-10-02,6396.0,2023-10-03,6204.12,-3.0000000000000027,stop_-3%,1
9706,2025-10-06,2025-10-07,4798.0,2025-10-28,4900.0,2.125885785744064,strict_gakutto_next_open,14
9715,2019-02-13,2019-02-14,2151.0,2019-02-27,2227.0,3.5332403533240297,strict_gakutto_next_open,9
9715,2019-06-05,2019-06-06,2430.0,2019-06-14,2404.0,-1.0699588477366295,strict_gakutto_next_open,6
9715,2019-08-30,2019-09-02,2510.0,2019-09-05,2495.0,-0.5976095617529875,strict_gakutto_next_open,3
9715,2025-07-29,2025-07-30,3540.0,2025-08-18,3665.0,3.5310734463276816,strict_gakutto_next_open,12
9716,2016-12-12,2016-12-13,834.0,2017-01-06,864.5,3.6570743405275774,max15_next_open,15
9716,2017-09-29,2017-10-02,1246.5,2017-10-03,1209.105,-3.0000000000000027,stop_-3%,1
9716,2019-05-28,2019-05-29,1462.0,2019-05-30,1418.1399999999999,-3.0000000000000138,stop_-3%,1
9716,2023-03-27,2023-03-28,897.0,2023-04-06,868.0,-3.2329988851727998,strict_gakutto_next_open,7
9722,2019-08-07,2019-08-08,562.6,2019-08-13,545.722,-3.0000000000000027,stop_-3%,2
9722,2021-08-10,2021-08-11,467.8,2021-08-17,453.766,-3.0000000000000027,stop_-3%,4
9729,2023-08-23,2023-08-24,1875.0,2023-09-11,1900.0,1.333333333333342,strict_gakutto_next_open,12
9729,2026-06-08,2026-06-09,2286.0,2026-06-30,2360.0,3.2370953630796118,max15_next_open,15
9729,2026-08-10,2026-08-12,2478.0,2026-09-01,2546.0,2.7441485068603777,strict_gakutto_next_open,14
9735,2020-12-29,2020-12-30,4846.0,2021-01-04,4700.62,-3.0000000000000027,stop_-3%,1
9735,2022-01-21,2022-01-24,3922.5,2022-02-15,4260.0,8.604206500956014,max15_next_open,15
9735,2023-10-10,2023-10-11,5202.5,2023-10-16,5046.425,-2.9999999999999916,stop_-3%,3
9735,2026-03-30,2026-03-31,6015.0,2026-04-13,6000.0,-0.24937655860348684,strict_gakutto_next_open,9
9739,2017-07-18,2017-07-19,1759.0,2017-07-31,1828.0,3.9226833428084085,strict_gakutto_next_open,8
9739,2020-10-23,2020-10-26,2072.0,2020-11-02,2041.0,-1.496138996138996,strict_gakutto_next_open,5
9739,2022-08-12,2022-08-15,2398.0,2022-08-18,2326.06,-3.0000000000000027,stop_-3%,3
9739,2024-04-24,2024-04-25,2964.0,2024-05-14,3020.0,1.8893387314439902,strict_gakutto_next_open,10
9740,2020-01-23,2020-01-24,6140.0,2020-01-27,5955.8,-2.9999999999999916,stop_-3%,1
9740,2022-06-20,2022-06-21,2324.0,2022-07-12,2680.0,15.3184165232358,strict_gakutto_next_open,15
9740,2022-08-01,2022-08-02,2570.0,2022-08-05,2555.0,-0.5836575875486361,strict_gakutto_next_open,3
9740,2026-05-27,2026-05-28,2587.0,2026-06-02,2495.0,-3.556242752222649,stop_gap,3
9742,2017-03-01,2017-03-02,1150.0,2017-03-09,1141.0,-0.7826086956521761,strict_gakutto_next_open,5
9742,2022-07-20,2022-07-21,1650.0,2022-07-29,1626.0,-1.4545454545454528,strict_gakutto_next_open,6
9742,2025-03-26,2025-03-27,1801.0,2025-03-31,1651.0,-8.328706274292063,strict_gakutto_next_open,2
9742,2026-06-19,2026-06-22,2135.0,2026-06-24,2070.95,-3.0000000000000138,stop_-3%,2
9743,2017-02-13,2017-02-14,880.0,2017-02-17,853.6,-3.0000000000000027,stop_-3%,3
9743,2018-10-15,2018-10-16,1142.0,2018-10-25,1083.0,-5.166374781085814,strict_gakutto_next_open,7
9743,2019-09-19,2019-09-20,1284.0,2019-09-24,1243.0,-3.1931464174454804,stop_gap,1
9743,2021-05-18,2021-05-19,843.0,2021-05-26,828.0,-1.7793594306049876,strict_gakutto_next_open,5
9743,2022-04-18,2022-04-19,781.0,2022-05-12,757.5699999999999,-3.0000000000000027,stop_-3%,13
9743,2024-06-04,2024-06-05,848.0,2024-06-26,1006.0,18.632075471698116,max15_next_open,15
9743,2026-05-07,2026-05-08,1439.0,2026-05-12,1436.0,-0.20847810979847115,strict_gakutto_next_open,2
9744,2018-06-08,2018-06-11,1696.7,2018-06-25,1683.3,-0.7897683739022887,strict_gakutto_next_open,10
9744,2023-04-12,2023-04-13,2288.0,2023-04-25,2330.0,1.8356643356643332,strict_gakutto_next_open,8
9746,2018-08-23,2018-08-24,2090.0,2018-09-14,2167.5,3.7081339712918604,max15_next_open,15
9746,2020-11-24,2020-11-25,3465.0,2020-12-07,3480.0,0.43290043290042934,strict_gakutto_next_open,8
9746,2023-05-31,2023-06-01,3685.0,2023-06-22,3910.0,6.105834464043425,max15_next_open,15
9755,2018-01-23,2018-01-24,1446.0,2018-02-06,1380.0,-4.56431535269709,strict_gakutto_next_open,9
9755,2020-04-24,2020-04-27,1236.0,2020-05-18,1256.0,1.6181229773462702,strict_gakutto_next_open,11
9755,2024-11-20,2024-11-21,2483.0,2024-11-26,2408.5099999999998,-3.0000000000000138,stop_-3%,3
9757,2018-01-16,2018-01-17,1285.5,2018-01-18,1246.935,-3.0000000000000027,stop_-3%,1
9757,2020-07-06,2020-07-07,1204.0,2020-07-09,1167.8799999999999,-3.0000000000000138,stop_-3%,2
9757,2023-03-29,2023-03-30,1342.5,2023-04-05,1302.225,-3.0000000000000027,stop_-3%,4
9757,2024-02-16,2024-02-19,1265.5,2024-03-07,1227.5349999999999,-3.0000000000000138,stop_-3%,12
9757,2025-06-25,2025-06-26,1199.0,2025-07-15,1195.5,-0.29190992493745016,strict_gakutto_next_open,13
9757,2025-11-05,2025-11-06,1248.0,2025-11-11,1210.56,-3.0000000000000027,stop_-3%,3
9759,2022-08-30,2022-08-31,2440.0,2022-09-05,2452.0,0.4918032786885185,strict_gakutto_next_open,3
9759,2023-11-17,2023-11-20,2619.0,2023-12-04,2770.0,5.765559373806806,strict_gakutto_next_open,9
9759,2023-12-27,2023-12-28,2715.0,2024-01-17,2782.0,2.4677716390423488,strict_gakutto_next_open,10
9765,2021-06-18,2021-06-21,760.0,2021-07-12,813.0,6.97368421052631,max15_next_open,15
9765,2022-02-02,2022-02-03,749.0,2022-02-07,726.53,-3.0000000000000027,stop_-3%,2
9766,2019-07-31,2019-08-01,4655.0,2019-08-01,4515.349999999999,-3.0000000000000138,stop_-3%,0
9766,2021-09-24,2021-09-27,7000.0,2021-10-01,6790.0,-3.0000000000000027,stop_-3%,4
9766,2021-11-16,2021-11-17,6380.0,2021-11-24,6260.0,-1.8808777429467072,strict_gakutto_next_open,4
9769,2018-10-30,2018-10-31,1719.0,2018-11-08,1711.0,-0.46538685282140335,strict_gakutto_next_open,6
9788,2019-04-15,2019-04-16,509.5,2019-04-18,494.215,-3.0000000000000027,stop_-3%,2
9788,2021-04-12,2021-04-13,483.0,2021-04-15,475.0,-1.65631469979296,strict_gakutto_next_open,2
9788,2022-04-07,2022-04-08,479.5,2022-04-13,465.115,-3.0000000000000027,stop_-3%,3
9790,2018-05-01,2018-05-02,2178.0,2018-05-14,2130.0,-2.203856749311295,strict_gakutto_next_open,6
9790,2020-07-07,2020-07-08,2766.0,2020-07-08,2683.02,-3.0000000000000027,stop_-3%,0
9790,2022-06-21,2022-06-22,3260.0,2022-07-13,3440.0,5.521472392638027,max15_next_open,15
9790,2022-10-04,2022-10-05,3540.0,2022-10-13,3455.0,-2.401129943502822,strict_gakutto_next_open,5
9790,2023-09-27,2023-09-28,2667.0,2023-10-02,2586.99,-3.0000000000000027,stop_-3%,2
9790,2026-06-02,2026-06-03,3165.0,2026-06-04,3070.0,-3.001579778830965,stop_gap,1
9793,2022-05-30,2022-05-31,4600.0,2022-06-07,4575.0,-0.5434782608695676,strict_gakutto_next_open,5
9793,2023-01-18,2023-01-19,4470.0,2023-01-23,4375.0,-2.1252796420581643,strict_gakutto_next_open,2
9793,2023-08-22,2023-08-23,4390.0,2023-08-30,4315.0,-1.7084282460136713,strict_gakutto_next_open,5
9793,2025-06-25,2025-06-26,3405.0,2025-07-04,3400.0,-0.1468428781204123,strict_gakutto_next_open,6
9795,2019-08-20,2019-08-21,1430.0,2019-08-28,1415.0,-1.0489510489510523,strict_gakutto_next_open,5
9795,2020-01-31,2020-02-03,1616.0,2020-02-18,1688.0,4.455445544554459,strict_gakutto_next_open,10
9795,2022-01-21,2022-01-24,1860.0,2022-01-27,1804.2,-3.0000000000000027,stop_-3%,3
9795,2022-05-19,2022-05-20,1732.0,2022-06-07,1733.0,0.05773672055426893,strict_gakutto_next_open,12
9824,2018-06-04,2018-06-05,1662.5,2018-06-05,1612.625,-3.0000000000000027,stop_-3%,0
9824,2019-08-30,2019-09-02,1295.0,2019-09-09,1286.0,-0.6949806949806958,strict_gakutto_next_open,5
9824,2021-04-13,2021-04-14,1772.5,2021-04-22,1777.5,0.28208744710860323,strict_gakutto_next_open,6
9824,2022-02-01,2022-02-02,3105.0,2022-02-15,3140.0,1.1272141706924366,strict_gakutto_next_open,8
9830,2018-07-18,2018-07-19,2669.0,2018-08-06,2755.0,3.2221805919820268,strict_gakutto_next_open,12
9830,2021-11-12,2021-11-15,2733.0,2021-11-29,2718.0,-0.5488474204171201,strict_gakutto_next_open,9
9830,2023-11-28,2023-11-29,2295.0,2023-12-11,2356.0,2.6579520697167736,strict_gakutto_next_open,8
9830,2024-07-29,2024-07-30,2420.0,2024-08-02,2316.0,-4.297520661157028,stop_gap,3
9831,2020-09-25,2020-09-28,543.0,2020-09-30,526.71,-2.9999999999999916,stop_-3%,2
9831,2021-04-19,2021-04-20,592.0,2021-04-21,565.0,-4.560810810810811,stop_gap,1
9831,2021-12-17,2021-12-20,384.0,2022-01-13,400.0,4.166666666666674,max15_next_open,15
9832,2018-12-07,2018-12-10,1754.0,2018-12-12,1701.3799999999999,-3.0000000000000027,stop_-3%,2
9832,2020-07-06,2020-07-07,1375.0,2020-07-27,1330.0,-3.2727272727272716,stop_gap,12
9837,2018-10-31,2018-11-01,846.0,2018-11-08,850.0,0.47281323877068626,strict_gakutto_next_open,5
9837,2019-06-05,2019-06-06,814.0,2019-06-13,807.0,-0.8599508599508643,strict_gakutto_next_open,5
9837,2020-10-28,2020-10-29,688.0,2020-10-30,667.36,-3.0000000000000027,stop_-3%,1
9837,2023-12-06,2023-12-07,1320.0,2023-12-08,1280.3999999999999,-3.0000000000000138,stop_-3%,1
9837,2026-03-30,2026-03-31,1837.0,2026-04-14,1922.0,4.627109417528574,strict_gakutto_next_open,10
9842,2017-04-12,2017-04-13,1350.0,2017-04-17,1309.5,-3.0000000000000027,stop_-3%,2
9842,2018-01-04,2018-01-05,1856.0,2018-01-19,1850.0,-0.3232758620689613,strict_gakutto_next_open,9
9842,2019-03-12,2019-03-13,1404.0,2019-03-26,1472.0,4.843304843304841,strict_gakutto_next_open,8
9842,2020-10-08,2020-10-09,2221.0,2020-10-21,2258.0,1.6659162539396588,strict_gakutto_next_open,8
9842,2022-01-21,2022-01-24,1550.0,2022-01-26,1554.0,0.2580645161290418,strict_gakutto_next_open,2
9843,2017-05-08,2017-05-09,2968.0,2017-05-23,3190.0,7.479784366576814,strict_gakutto_next_open,10
9843,2018-08-23,2018-08-24,3301.0,2018-09-14,3370.0,2.0902756740381667,max15_next_open,15
9843,2020-11-19,2020-11-20,4242.0,2020-12-04,4219.0,-0.5421970768505369,strict_gakutto_next_open,9
9843,2023-08-18,2023-08-21,3216.0,2023-09-11,3520.0,9.45273631840795,max15_next_open,15
9843,2024-12-27,2024-12-30,3760.0,2025-01-07,3719.0,-1.0904255319148959,strict_gakutto_next_open,2
9843,2026-02-04,2026-02-05,2871.0,2026-02-09,2784.87,-3.0000000000000027,stop_-3%,2
9861,2021-03-09,2021-03-10,2144.0,2021-03-25,2217.0,3.4048507462686617,strict_gakutto_next_open,11
9861,2021-10-28,2021-10-29,2204.0,2021-11-15,2331.0,5.762250453720519,strict_gakutto_next_open,10
9861,2021-12-07,2021-12-08,2300.0,2021-12-20,2311.0,0.47826086956521685,strict_gakutto_next_open,8
9869,2018-03-27,2018-03-28,3625.0,2018-04-12,3790.0,4.551724137931035,strict_gakutto_next_open,11
9869,2018-08-10,2018-08-13,3755.0,2018-08-14,3630.0,-3.3288948069240987,stop_gap,1
9869,2018-11-01,2018-11-02,3530.0,2018-11-12,3424.1,-3.0000000000000027,stop_-3%,6
9869,2019-06-10,2019-06-11,3505.0,2019-06-17,3399.85,-3.0000000000000027,stop_-3%,4
9869,2022-05-30,2022-05-31,3195.0,2022-06-03,3099.15,-3.0000000000000027,stop_-3%,3
9869,2022-08-05,2022-08-08,3340.0,2022-08-22,3450.0,3.293413173652704,strict_gakutto_next_open,9
9869,2023-09-27,2023-09-28,4095.0,2023-09-29,3972.15,-3.0000000000000027,stop_-3%,1
9869,2026-02-03,2026-02-04,6630.0,2026-02-09,6590.0,-0.6033182503770718,strict_gakutto_next_open,3
9880,2018-02-01,2018-02-02,1100.0,2018-02-05,1053.0,-4.2727272727272725,stop_gap,1
9880,2018-10-17,2018-10-18,1263.0,2018-10-25,1224.0,-3.0878859857482177,strict_gakutto_next_open,5
9880,2019-10-08,2019-10-09,891.0,2019-10-28,950.0,6.621773288439958,strict_gakutto_next_open,11
9880,2020-08-06,2020-08-07,1025.0,2020-08-11,994.25,-3.0000000000000027,stop_-3%,1
9880,2021-08-26,2021-08-27,1370.0,2021-09-17,1472.0,7.445255474452561,max15_next_open,15
9880,2024-02-16,2024-02-19,1850.0,2024-03-12,1995.0,7.837837837837847,strict_gakutto_next_open,15
9880,2024-04-24,2024-04-25,1823.0,2024-05-07,1817.0,-0.3291278113000562,strict_gakutto_next_open,5
9880,2025-01-20,2025-01-21,1375.0,2025-02-04,1401.0,1.8909090909090986,strict_gakutto_next_open,10
9882,2022-11-17,2022-11-18,858.0,2022-12-01,866.5,0.9906759906759932,strict_gakutto_next_open,8
9887,2018-04-04,2018-04-05,3910.0,2018-04-12,3840.0,-1.7902813299232712,strict_gakutto_next_open,5
9887,2018-07-17,2018-07-18,3690.0,2018-07-26,3650.0,-1.0840108401083959,strict_gakutto_next_open,6
9887,2020-11-27,2020-11-30,3500.0,2020-12-02,3395.0,-3.0000000000000027,stop_-3%,2
9889,2017-11-20,2017-11-21,252.5,2017-11-29,247.5,-1.980198019801982,strict_gakutto_next_open,5
9889,2018-03-15,2018-03-16,285.3,2018-03-16,276.741,-3.0000000000000138,stop_-3%,0
9889,2022-06-24,2022-06-27,397.5,2022-07-19,403.8,1.584905660377367,max15_next_open,15
9889,2024-12-23,2024-12-24,1177.5,2024-12-25,1142.175,-3.0000000000000027,stop_-3%,1
9900,2020-06-16,2020-06-17,648.0,2020-06-24,639.5,-1.3117283950617287,strict_gakutto_next_open,5
9900,2022-03-15,2022-03-16,610.5,2022-03-30,592.185,-3.0000000000000138,stop_-3%,9
9900,2025-09-19,2025-09-22,937.5,2025-10-01,925.0,-1.3333333333333308,strict_gakutto_next_open,6
9902,2018-10-22,2018-10-23,1881.0,2018-10-25,1824.57,-3.0000000000000027,stop_-3%,2
9902,2019-02-04,2019-02-05,1582.0,2019-02-08,1534.54,-3.0000000000000027,stop_-3%,3
9902,2020-11-02,2020-11-04,2232.0,2020-11-18,2338.0,4.749103942652333,strict_gakutto_next_open,10
9902,2021-01-22,2021-01-25,2237.0,2021-01-29,2169.89,-3.0000000000000027,stop_-3%,4
9902,2021-03-05,2021-03-08,2169.0,2021-03-24,2284.0,5.30198248040572,strict_gakutto_next_open,12
9902,2022-08-12,2022-08-15,1921.0,2022-08-30,1905.0,-0.8328995314940135,strict_gakutto_next_open,11
9902,2023-11-17,2023-11-20,2579.0,2023-11-20,2501.63,-2.9999999999999916,stop_-3%,0
9902,2024-07-31,2024-08-01,3425.0,2024-08-02,3322.25,-3.0000000000000027,stop_-3%,1
9902,2024-09-19,2024-09-20,3320.0,2024-10-04,3420.0,3.0120481927710774,strict_gakutto_next_open,9
9902,2024-11-19,2024-11-20,3025.0,2024-11-21,2934.25,-3.0000000000000027,stop_-3%,1
9902,2025-01-20,2025-01-21,2965.0,2025-02-04,2988.0,0.7757166947723437,strict_gakutto_next_open,10
9928,2022-11-11,2022-11-14,1411.0,2022-12-02,1475.0,4.53579021970234,strict_gakutto_next_open,13
9932,2019-03-12,2019-03-13,901.0,2019-03-14,873.97,-2.9999999999999916,stop_-3%,1
9932,2021-04-13,2021-04-14,1157.5,2021-04-28,1122.7749999999999,-3.0000000000000138,stop_-3%,10
9932,2023-03-24,2023-03-27,1000.0,2023-04-06,1000.5,0.04999999999999449,strict_gakutto_next_open,8
9932,2024-11-15,2024-11-18,1361.0,2024-11-28,1332.0,-2.1307861866274758,strict_gakutto_next_open,8
9932,2025-09-04,2025-09-05,1821.0,2025-09-22,1878.0,3.13014827018121,strict_gakutto_next_open,10
9934,2020-11-05,2020-11-06,1301.0,2020-11-13,1286.5,-1.114527286702538,strict_gakutto_next_open,5
9934,2023-06-02,2023-06-05,1592.5,2023-06-26,1655.0,3.9246467817896313,strict_gakutto_next_open,15
9934,2023-08-10,2023-08-14,1537.5,2023-09-04,1600.0,4.065040650406515,max15_next_open,15
9934,2024-04-24,2024-04-25,1775.0,2024-05-09,1802.5,1.5492957746478853,strict_gakutto_next_open,7
9936,2017-02-10,2017-02-13,1445.0,2017-02-15,1436.7,-0.5743944636678155,strict_gakutto_next_open,2
9936,2019-06-07,2019-06-10,2280.0,2019-06-18,2211.6,-3.0000000000000027,stop_-3%,6
9936,2021-10-08,2021-10-11,2006.7,2021-10-14,1966.7,-1.993322370060302,strict_gakutto_next_open,3
9936,2024-01-31,2024-02-01,2676.7,2024-02-07,2593.3,-3.1157768894534144,stop_gap,4
9946,2017-04-13,2017-04-14,2087.0,2017-04-21,2050.0,-1.772879731672261,strict_gakutto_next_open,5
9946,2018-02-19,2018-02-20,2200.0,2018-02-26,2134.0,-3.0000000000000027,stop_-3%,4
9946,2018-06-27,2018-06-28,2252.0,2018-07-02,2184.44,-3.0000000000000027,stop_-3%,2
9946,2022-03-02,2022-03-03,1459.0,2022-03-07,1415.0,-3.0157642220699055,stop_gap,2
9946,2024-10-10,2024-10-11,1618.0,2024-10-28,1679.0,3.770086526576022,strict_gakutto_next_open,10
9948,2018-08-24,2018-08-27,2787.0,2018-09-03,2733.0,-1.9375672766415497,strict_gakutto_next_open,5
9948,2019-02-04,2019-02-05,2505.0,2019-02-08,2420.0,-3.3932135728542923,stop_gap,3
9948,2019-09-05,2019-09-06,2173.0,2019-09-24,2268.0,4.371836171191901,strict_gakutto_next_open,10
9948,2022-09-08,2022-09-09,2046.0,2022-09-16,2016.0,-1.4662756598240456,strict_gakutto_next_open,5
9948,2023-12-22,2023-12-25,2782.0,2024-01-19,2966.0,6.613946800862691,max15_next_open,15
9956,2018-10-30,2018-10-31,2407.0,2018-11-21,2953.0,22.68383880348983,max15_next_open,15
9956,2022-02-28,2022-03-01,2230.0,2022-03-02,2163.1,-3.0000000000000027,stop_-3%,1
9956,2023-04-12,2023-04-13,1956.0,2023-05-09,2094.0,7.055214723926384,max15_next_open,15
9956,2026-04-30,2026-05-01,3675.0,2026-05-08,3564.75,-3.0000000000000027,stop_-3%,2
9960,2017-04-11,2017-04-12,570.0,2017-04-13,552.9,-3.0000000000000027,stop_-3%,1
9960,2020-02-06,2020-02-07,910.3,2020-02-17,893.0,-1.9004723717455763,strict_gakutto_next_open,5
9960,2020-08-11,2020-08-12,760.0,2020-08-21,742.7,-2.276315789473682,strict_gakutto_next_open,7
9960,2024-10-30,2024-10-31,2625.0,2024-11-14,2670.0,1.7142857142857126,strict_gakutto_next_open,9
9962,2019-12-26,2019-12-27,2750.0,2020-01-08,2667.5,-3.0000000000000027,stop_-3%,4
9962,2023-02-28,2023-03-01,3240.0,2023-03-14,3142.7999999999997,-3.0000000000000138,stop_-3%,9
9962,2024-12-03,2024-12-04,2502.5,2024-12-12,2522.0,0.7792207792207684,strict_gakutto_next_open,6
9962,2026-08-14,2026-08-17,3924.0,2026-08-19,3700.0,-5.708460754332312,stop_gap,2
9974,2018-04-18,2018-04-19,6100.0,2018-04-20,5917.0,-3.0000000000000027,stop_-3%,1
9974,2019-04-15,2019-04-16,5200.0,2019-04-17,5030.0,-3.2692307692307687,stop_gap,1
9974,2024-03-11,2024-03-12,6530.0,2024-04-03,6810.0,4.287901990811638,strict_gakutto_next_open,15
9974,2024-05-31,2024-06-03,7380.0,2024-06-10,7210.0,-2.303523035230348,strict_gakutto_next_open,5
9974,2025-10-22,2025-10-23,7490.0,2025-10-29,7310.0,-2.4032042723631464,strict_gakutto_next_open,4
9983,2017-09-12,2017-09-13,10650.0,2017-09-29,10980.0,3.0985915492957705,strict_gakutto_next_open,11
9983,2018-11-28,2018-11-29,19933.3,2018-12-04,19335.301,-3.0000000000000027,stop_-3%,3
9983,2019-04-03,2019-04-04,18266.7,2019-04-25,21343.3,16.842669995127736,max15_next_open,15
9983,2021-05-18,2021-05-19,29000.0,2021-05-20,28100.0,-3.103448275862064,stop_gap,1
9983,2023-10-10,2023-10-11,32750.0,2023-10-23,33940.0,3.633587786259551,strict_gakutto_next_open,8
9983,2024-01-10,2024-01-11,36600.0,2024-01-22,39120.0,6.8852459016393475,strict_gakutto_next_open,7
9983,2024-07-31,2024-08-01,40980.0,2024-08-05,39640.0,-3.2698877501220136,stop_gap,2
9983,2025-09-04,2025-09-05,48520.0,2025-09-16,48010.0,-1.0511129431162392,strict_gakutto_next_open,6
9984,2017-04-19,2017-04-20,990.9,2017-05-16,1072.9,8.275305278030087,strict_gakutto_next_open,15
9984,2017-08-07,2017-08-08,1126.0,2017-08-10,1106.1,-1.7673179396092475,strict_gakutto_next_open,2
9984,2018-09-12,2018-09-13,1330.0,2018-09-26,1369.4,2.962406015037611,strict_gakutto_next_open,7
9984,2020-02-06,2020-02-07,1276.8,2020-02-07,1238.4959999999999,-3.0000000000000027,stop_-3%,0
9984,2020-05-22,2020-05-25,1165.5,2020-06-15,1267.8,8.77734877734877,strict_gakutto_next_open,15
9984,2023-09-11,2023-09-12,1684.3,2023-09-14,1633.771,-3.0000000000000027,stop_-3%,2
9984,2023-10-10,2023-10-11,1584.3,2023-10-19,1590.8,0.41027583159756187,strict_gakutto_next_open,6
9987,2017-06-13,2017-06-14,3585.0,2017-07-05,3660.0,2.092050209205021,strict_gakutto_next_open,15
9987,2018-03-27,2018-03-28,4330.0,2018-04-13,4375.0,1.0392609699769073,strict_gakutto_next_open,12
9987,2018-10-19,2018-10-22,5260.0,2018-10-24,5220.0,-0.760456273764254,strict_gakutto_next_open,2
9987,2024-09-26,2024-09-27,5067.0,2024-09-30,4914.99,-3.0000000000000027,stop_-3%,1
9987,2025-02-12,2025-02-13,4850.0,2025-02-25,4982.0,2.7216494845360817,strict_gakutto_next_open,7
9987,2025-03-05,2025-03-06,4954.0,2025-03-28,5004.0,1.0092854259184492,max15_next_open,15
9989,2017-06-15,2017-06-16,4305.0,2017-06-23,4300.0,-0.11614401858304202,strict_gakutto_next_open,5
9989,2018-10-22,2018-10-23,3995.0,2018-10-25,3875.15,-3.0000000000000027,stop_-3%,2
9989,2021-03-29,2021-03-30,4195.0,2021-03-31,4069.15,-3.0000000000000027,stop_-3%,1
9989,2021-05-10,2021-05-11,3905.0,2021-05-12,3600.0,-7.810499359795131,stop_gap,1
9989,2022-06-22,2022-06-23,2843.0,2022-07-14,3060.0,7.632782272247618,strict_gakutto_next_open,15
9989,2023-12-22,2023-12-25,4556.0,2024-01-09,4517.0,-0.8560140474100142,strict_gakutto_next_open,7
9990,2017-06-16,2017-06-19,1193.0,2017-07-05,1228.0,2.933780385582563,strict_gakutto_next_open,12
9990,2018-07-12,2018-07-13,949.0,2018-07-25,965.0,1.6859852476290849,strict_gakutto_next_open,7
9990,2020-05-25,2020-05-26,544.0,2020-06-05,565.0,3.860294117647056,strict_gakutto_next_open,8
9990,2021-04-27,2021-04-28,604.0,2021-05-12,598.0,-0.9933774834437137,strict_gakutto_next_open,6
9990,2021-07-06,2021-07-07,632.0,2021-07-09,613.0,-3.0063291139240556,stop_gap,2
9990,2024-06-04,2024-06-05,781.0,2024-06-14,768.0,-1.6645326504481472,strict_gakutto_next_open,7
9990,2024-06-24,2024-06-25,785.0,2024-07-09,823.0,4.84076433121019,strict_gakutto_next_open,10
9991,2018-06-20,2018-06-21,1100.0,2018-06-26,1067.0,-3.0000000000000027,stop_-3%,3
9991,2018-07-04,2018-07-05,1091.0,2018-07-27,1123.0,2.933088909257564,max15_next_open,15
9991,2020-08-11,2020-08-12,914.0,2020-08-20,896.0,-1.969365426695846,strict_gakutto_next_open,6
9991,2020-11-30,2020-12-01,963.0,2020-12-01,934.11,-3.0000000000000027,stop_-3%,0
9991,2021-12-27,2021-12-28,805.0,2022-01-07,812.0,0.8695652173912993,strict_gakutto_next_open,6
9991,2023-02-09,2023-02-10,865.0,2023-02-14,861.0,-0.46242774566473965,strict_gakutto_next_open,2
9991,2025-11-07,2025-11-10,1400.0,2025-11-18,1391.0,-0.642857142857145,strict_gakutto_next_open,6
9997,2017-01-27,2017-01-30,783.0,2017-02-20,838.0,7.024265644955308,max15_next_open,15
9997,2019-08-30,2019-09-02,639.0,2019-09-19,700.0,9.546165884194057,strict_gakutto_next_open,12
9997,2021-10-11,2021-10-12,834.0,2021-10-19,835.0,0.11990407673860837,strict_gakutto_next_open,5
